case_name,worker_count,well_count,timestamp,pid,worker_slot,axis_id,step_name,phase,status,percent,completed,total
ExampleColocalization,3,24,1777974652.893216,3177381,,W001,compilation,compile,running,4.166666666666666,1,24
ExampleColocalization,3,24,1777974653.3166723,3177381,,W002,compilation,compile,running,8.333333333333332,2,24
ExampleColocalization,3,24,1777974653.7374344,3177381,,W003,compilation,compile,running,12.5,3,24
ExampleColocalization,3,24,1777974654.129086,3177381,,W004,compilation,compile,running,16.666666666666664,4,24
ExampleColocalization,3,24,1777974654.7594543,3177381,,W005,compilation,compile,running,20.833333333333336,5,24
ExampleColocalization,3,24,1777974655.1886866,3177381,,W006,compilation,compile,running,25.0,6,24
ExampleColocalization,3,24,1777974655.5966458,3177381,,W007,compilation,compile,running,29.166666666666668,7,24
ExampleColocalization,3,24,1777974655.949902,3177381,,W008,compilation,compile,running,33.33333333333333,8,24
ExampleColocalization,3,24,1777974656.2935019,3177381,,W009,compilation,compile,running,37.5,9,24
ExampleColocalization,3,24,1777974656.692078,3177381,,W010,compilation,compile,running,41.66666666666667,10,24
ExampleColocalization,3,24,1777974657.066854,3177381,,W011,compilation,compile,running,45.83333333333333,11,24
ExampleColocalization,3,24,1777974657.6486228,3177381,,W012,compilation,compile,running,50.0,12,24
ExampleColocalization,3,24,1777974658.03032,3177381,,W013,compilation,compile,running,54.166666666666664,13,24
ExampleColocalization,3,24,1777974658.4023356,3177381,,W014,compilation,compile,running,58.333333333333336,14,24
ExampleColocalization,3,24,1777974658.7986727,3177381,,W015,compilation,compile,running,62.5,15,24
ExampleColocalization,3,24,1777974659.2125928,3177381,,W016,compilation,compile,running,66.66666666666666,16,24
ExampleColocalization,3,24,1777974659.6248772,3177381,,W017,compilation,compile,running,70.83333333333334,17,24
ExampleColocalization,3,24,1777974660.036132,3177381,,W018,compilation,compile,running,75.0,18,24
ExampleColocalization,3,24,1777974660.46525,3177381,,W019,compilation,compile,running,79.16666666666666,19,24
ExampleColocalization,3,24,1777974661.06368,3177381,,W020,compilation,compile,running,83.33333333333334,20,24
ExampleColocalization,3,24,1777974661.4662974,3177381,,W021,compilation,compile,running,87.5,21,24
ExampleColocalization,3,24,1777974661.8435972,3177381,,W022,compilation,compile,running,91.66666666666666,22,24
ExampleColocalization,3,24,1777974662.2694645,3177381,,W023,compilation,compile,running,95.83333333333334,23,24
ExampleColocalization,3,24,1777974662.686381,3177381,,W024,compilation,compile,running,100.0,24,24
ExampleColocalization,3,24,1777974662.8166106,3181743,worker_0,W001,pipeline,axis_started,started,0.0,0,17
ExampleColocalization,3,24,1777974662.8173995,3181743,worker_0,W001,CorrectIlluminationCalculate,step_started,started,0.0,0,17
ExampleColocalization,3,24,1777974662.860953,3181744,worker_1,W002,pipeline,axis_started,started,0.0,0,17
ExampleColocalization,3,24,1777974662.8615823,3181744,worker_1,W002,CorrectIlluminationCalculate,step_started,started,0.0,0,17
ExampleColocalization,3,24,1777974662.8686297,3181745,worker_2,W003,pipeline,axis_started,started,0.0,0,17
ExampleColocalization,3,24,1777974662.8690457,3181745,worker_2,W003,CorrectIlluminationCalculate,step_started,started,0.0,0,17
ExampleColocalization,3,24,1777974663.0838695,3181743,worker_0,W001,CorrectIlluminationCalculate,pattern_group,running,100.0,1,1
ExampleColocalization,3,24,1777974663.084138,3181743,worker_0,W001,CorrectIlluminationCalculate,step_completed,success,5.88235294117647,1,17
ExampleColocalization,3,24,1777974663.0841813,3181743,worker_0,W001,CorrectIlluminationCalculate,step_started,started,5.88235294117647,1,17
ExampleColocalization,3,24,1777974663.1384165,3181745,worker_2,W003,CorrectIlluminationCalculate,pattern_group,running,100.0,1,1
ExampleColocalization,3,24,1777974663.139016,3181744,worker_1,W002,CorrectIlluminationCalculate,pattern_group,running,100.0,1,1
ExampleColocalization,3,24,1777974663.138507,3181745,worker_2,W003,CorrectIlluminationCalculate,step_completed,success,5.88235294117647,1,17
ExampleColocalization,3,24,1777974663.1390955,3181744,worker_1,W002,CorrectIlluminationCalculate,step_completed,success,5.88235294117647,1,17
ExampleColocalization,3,24,1777974663.1385264,3181745,worker_2,W003,CorrectIlluminationCalculate,step_started,started,5.88235294117647,1,17
ExampleColocalization,3,24,1777974663.1391149,3181744,worker_1,W002,CorrectIlluminationCalculate,step_started,started,5.88235294117647,1,17
ExampleColocalization,3,24,1777974663.2959588,3181743,worker_0,W001,CorrectIlluminationCalculate,pattern_group,running,100.0,1,1
ExampleColocalization,3,24,1777974663.296066,3181743,worker_0,W001,CorrectIlluminationCalculate,step_completed,success,11.76470588235294,2,17
ExampleColocalization,3,24,1777974663.2960854,3181743,worker_0,W001,Align,step_started,started,11.76470588235294,2,17
ExampleColocalization,3,24,1777974663.3539908,3181745,worker_2,W003,CorrectIlluminationCalculate,pattern_group,running,100.0,1,1
ExampleColocalization,3,24,1777974663.3541079,3181744,worker_1,W002,CorrectIlluminationCalculate,pattern_group,running,100.0,1,1
ExampleColocalization,3,24,1777974663.3540792,3181745,worker_2,W003,CorrectIlluminationCalculate,step_completed,success,11.76470588235294,2,17
ExampleColocalization,3,24,1777974663.3541896,3181744,worker_1,W002,CorrectIlluminationCalculate,step_completed,success,11.76470588235294,2,17
ExampleColocalization,3,24,1777974663.3540976,3181745,worker_2,W003,Align,step_started,started,11.76470588235294,2,17
ExampleColocalization,3,24,1777974663.3542078,3181744,worker_1,W002,Align,step_started,started,11.76470588235294,2,17
ExampleColocalization,3,24,1777974663.7338135,3181743,worker_0,W001,Align,pattern_group,running,100.0,1,1
ExampleColocalization,3,24,1777974663.7338734,3181743,worker_0,W001,Align,step_completed,success,17.647058823529413,3,17
ExampleColocalization,3,24,1777974663.7338915,3181743,worker_0,W001,MeasureColocalization,step_started,started,17.647058823529413,3,17
ExampleColocalization,3,24,1777974663.8209753,3181744,worker_1,W002,Align,pattern_group,running,100.0,1,1
ExampleColocalization,3,24,1777974663.8211298,3181744,worker_1,W002,Align,step_completed,success,17.647058823529413,3,17
ExampleColocalization,3,24,1777974663.82116,3181744,worker_1,W002,MeasureColocalization,step_started,started,17.647058823529413,3,17
ExampleColocalization,3,24,1777974663.82463,3181745,worker_2,W003,Align,pattern_group,running,100.0,1,1
ExampleColocalization,3,24,1777974663.8247051,3181745,worker_2,W003,Align,step_completed,success,17.647058823529413,3,17
ExampleColocalization,3,24,1777974663.824723,3181745,worker_2,W003,MeasureColocalization,step_started,started,17.647058823529413,3,17
ExampleColocalization,3,24,1777974664.1093004,3181743,worker_0,W001,MeasureColocalization,pattern_group,running,100.0,1,1
ExampleColocalization,3,24,1777974664.109438,3181743,worker_0,W001,MeasureColocalization,step_completed,success,23.52941176470588,4,17
ExampleColocalization,3,24,1777974664.1094625,3181743,worker_0,W001,IdentifyPrimaryObjects,step_started,started,23.52941176470588,4,17
ExampleColocalization,3,24,1777974664.2007115,3181745,worker_2,W003,MeasureColocalization,pattern_group,running,100.0,1,1
ExampleColocalization,3,24,1777974664.2008333,3181745,worker_2,W003,MeasureColocalization,step_completed,success,23.52941176470588,4,17
ExampleColocalization,3,24,1777974664.200856,3181745,worker_2,W003,IdentifyPrimaryObjects,step_started,started,23.52941176470588,4,17
ExampleColocalization,3,24,1777974664.2069488,3181744,worker_1,W002,MeasureColocalization,pattern_group,running,100.0,1,1
ExampleColocalization,3,24,1777974664.207063,3181744,worker_1,W002,MeasureColocalization,step_completed,success,23.52941176470588,4,17
ExampleColocalization,3,24,1777974664.2070873,3181744,worker_1,W002,IdentifyPrimaryObjects,step_started,started,23.52941176470588,4,17
ExampleColocalization,3,24,1777974664.8329117,3181743,worker_0,W001,IdentifyPrimaryObjects,pattern_group,running,100.0,1,1
ExampleColocalization,3,24,1777974664.8330388,3181743,worker_0,W001,IdentifyPrimaryObjects,step_completed,success,29.411764705882355,5,17
ExampleColocalization,3,24,1777974664.8330612,3181743,worker_0,W001,IdentifyPrimaryObjects,step_started,started,29.411764705882355,5,17
ExampleColocalization,3,24,1777974664.8686442,3181745,worker_2,W003,IdentifyPrimaryObjects,pattern_group,running,100.0,1,1
ExampleColocalization,3,24,1777974664.8687267,3181745,worker_2,W003,IdentifyPrimaryObjects,step_completed,success,29.411764705882355,5,17
ExampleColocalization,3,24,1777974664.8687506,3181745,worker_2,W003,IdentifyPrimaryObjects,step_started,started,29.411764705882355,5,17
ExampleColocalization,3,24,1777974664.9047365,3181744,worker_1,W002,IdentifyPrimaryObjects,pattern_group,running,100.0,1,1
ExampleColocalization,3,24,1777974664.904825,3181744,worker_1,W002,IdentifyPrimaryObjects,step_completed,success,29.411764705882355,5,17
ExampleColocalization,3,24,1777974664.9048457,3181744,worker_1,W002,IdentifyPrimaryObjects,step_started,started,29.411764705882355,5,17
ExampleColocalization,3,24,1777974665.5338156,3181745,worker_2,W003,IdentifyPrimaryObjects,pattern_group,running,100.0,1,1
ExampleColocalization,3,24,1777974665.533885,3181745,worker_2,W003,IdentifyPrimaryObjects,step_completed,success,35.294117647058826,6,17
ExampleColocalization,3,24,1777974665.5339074,3181745,worker_2,W003,RelateObjects,step_started,started,35.294117647058826,6,17
ExampleColocalization,3,24,1777974665.5563076,3181743,worker_0,W001,IdentifyPrimaryObjects,pattern_group,running,100.0,1,1
ExampleColocalization,3,24,1777974665.5563982,3181743,worker_0,W001,IdentifyPrimaryObjects,step_completed,success,35.294117647058826,6,17
ExampleColocalization,3,24,1777974665.5564167,3181743,worker_0,W001,RelateObjects,step_started,started,35.294117647058826,6,17
ExampleColocalization,3,24,1777974665.6006424,3181744,worker_1,W002,IdentifyPrimaryObjects,pattern_group,running,100.0,1,1
ExampleColocalization,3,24,1777974665.6007707,3181744,worker_1,W002,IdentifyPrimaryObjects,step_completed,success,35.294117647058826,6,17
ExampleColocalization,3,24,1777974665.6007957,3181744,worker_1,W002,RelateObjects,step_started,started,35.294117647058826,6,17
ExampleColocalization,3,24,1777974665.605179,3181745,worker_2,W003,RelateObjects,pattern_group,running,100.0,1,1
ExampleColocalization,3,24,1777974665.6052663,3181745,worker_2,W003,RelateObjects,step_completed,success,41.17647058823529,7,17
ExampleColocalization,3,24,1777974665.6052907,3181745,worker_2,W003,ExpandOrShrinkObjects,step_started,started,41.17647058823529,7,17
ExampleColocalization,3,24,1777974665.6274638,3181745,worker_2,W003,ExpandOrShrinkObjects,pattern_group,running,100.0,1,1
ExampleColocalization,3,24,1777974665.62754,3181745,worker_2,W003,ExpandOrShrinkObjects,step_completed,success,47.05882352941176,8,17
ExampleColocalization,3,24,1777974665.6275582,3181745,worker_2,W003,ExpandOrShrinkObjects,step_started,started,47.05882352941176,8,17
ExampleColocalization,3,24,1777974665.634759,3181743,worker_0,W001,RelateObjects,pattern_group,running,100.0,1,1
ExampleColocalization,3,24,1777974665.6348605,3181743,worker_0,W001,RelateObjects,step_completed,success,41.17647058823529,7,17
ExampleColocalization,3,24,1777974665.6348805,3181743,worker_0,W001,ExpandOrShrinkObjects,step_started,started,41.17647058823529,7,17
ExampleColocalization,3,24,1777974665.6452274,3181745,worker_2,W003,ExpandOrShrinkObjects,pattern_group,running,100.0,1,1
ExampleColocalization,3,24,1777974665.6453722,3181745,worker_2,W003,ExpandOrShrinkObjects,step_completed,success,52.94117647058824,9,17
ExampleColocalization,3,24,1777974665.6453996,3181745,worker_2,W003,ExpandOrShrinkObjects,step_started,started,52.94117647058824,9,17
ExampleColocalization,3,24,1777974665.6605387,3181743,worker_0,W001,ExpandOrShrinkObjects,pattern_group,running,100.0,1,1
ExampleColocalization,3,24,1777974665.6606402,3181743,worker_0,W001,ExpandOrShrinkObjects,step_completed,success,47.05882352941176,8,17
ExampleColocalization,3,24,1777974665.6606598,3181743,worker_0,W001,ExpandOrShrinkObjects,step_started,started,47.05882352941176,8,17
ExampleColocalization,3,24,1777974665.6843405,3181745,worker_2,W003,ExpandOrShrinkObjects,pattern_group,running,100.0,1,1
ExampleColocalization,3,24,1777974665.6844225,3181745,worker_2,W003,ExpandOrShrinkObjects,step_completed,success,58.82352941176471,10,17
ExampleColocalization,3,24,1777974665.6844404,3181745,worker_2,W003,ExpandOrShrinkObjects,step_started,started,58.82352941176471,10,17
ExampleColocalization,3,24,1777974665.6846528,3181743,worker_0,W001,ExpandOrShrinkObjects,pattern_group,running,100.0,1,1
ExampleColocalization,3,24,1777974665.6847188,3181743,worker_0,W001,ExpandOrShrinkObjects,step_completed,success,52.94117647058824,9,17
ExampleColocalization,3,24,1777974665.6847358,3181743,worker_0,W001,ExpandOrShrinkObjects,step_started,started,52.94117647058824,9,17
ExampleColocalization,3,24,1777974665.686772,3181744,worker_1,W002,RelateObjects,pattern_group,running,100.0,1,1
ExampleColocalization,3,24,1777974665.686883,3181744,worker_1,W002,RelateObjects,step_completed,success,41.17647058823529,7,17
ExampleColocalization,3,24,1777974665.6869128,3181744,worker_1,W002,ExpandOrShrinkObjects,step_started,started,41.17647058823529,7,17
ExampleColocalization,3,24,1777974665.7136002,3181744,worker_1,W002,ExpandOrShrinkObjects,pattern_group,running,100.0,1,1
ExampleColocalization,3,24,1777974665.713726,3181744,worker_1,W002,ExpandOrShrinkObjects,step_completed,success,47.05882352941176,8,17
ExampleColocalization,3,24,1777974665.7137494,3181744,worker_1,W002,ExpandOrShrinkObjects,step_started,started,47.05882352941176,8,17
ExampleColocalization,3,24,1777974665.7244844,3181743,worker_0,W001,ExpandOrShrinkObjects,pattern_group,running,100.0,1,1
ExampleColocalization,3,24,1777974665.7245684,3181743,worker_0,W001,ExpandOrShrinkObjects,step_completed,success,58.82352941176471,10,17
ExampleColocalization,3,24,1777974665.724586,3181743,worker_0,W001,ExpandOrShrinkObjects,step_started,started,58.82352941176471,10,17
ExampleColocalization,3,24,1777974665.7247488,3181745,worker_2,W003,ExpandOrShrinkObjects,pattern_group,running,100.0,1,1
ExampleColocalization,3,24,1777974665.7248218,3181745,worker_2,W003,ExpandOrShrinkObjects,step_completed,success,64.70588235294117,11,17
ExampleColocalization,3,24,1777974665.7248456,3181745,worker_2,W003,RelateObjects,step_started,started,64.70588235294117,11,17
ExampleColocalization,3,24,1777974665.742628,3181744,worker_1,W002,ExpandOrShrinkObjects,pattern_group,running,100.0,1,1
ExampleColocalization,3,24,1777974665.7427523,3181744,worker_1,W002,ExpandOrShrinkObjects,step_completed,success,52.94117647058824,9,17
ExampleColocalization,3,24,1777974665.742777,3181744,worker_1,W002,ExpandOrShrinkObjects,step_started,started,52.94117647058824,9,17
ExampleColocalization,3,24,1777974665.7692666,3181743,worker_0,W001,ExpandOrShrinkObjects,pattern_group,running,100.0,1,1
ExampleColocalization,3,24,1777974665.7693622,3181743,worker_0,W001,ExpandOrShrinkObjects,step_completed,success,64.70588235294117,11,17
ExampleColocalization,3,24,1777974665.7693808,3181743,worker_0,W001,RelateObjects,step_started,started,64.70588235294117,11,17
ExampleColocalization,3,24,1777974665.782259,3181744,worker_1,W002,ExpandOrShrinkObjects,pattern_group,running,100.0,1,1
ExampleColocalization,3,24,1777974665.7823813,3181744,worker_1,W002,ExpandOrShrinkObjects,step_completed,success,58.82352941176471,10,17
ExampleColocalization,3,24,1777974665.782405,3181744,worker_1,W002,ExpandOrShrinkObjects,step_started,started,58.82352941176471,10,17
ExampleColocalization,3,24,1777974665.8008428,3181745,worker_2,W003,RelateObjects,pattern_group,running,100.0,1,1
ExampleColocalization,3,24,1777974665.8010058,3181745,worker_2,W003,RelateObjects,step_completed,success,70.58823529411765,12,17
ExampleColocalization,3,24,1777974665.801036,3181745,worker_2,W003,ClassifyObjects,step_started,started,70.58823529411765,12,17
ExampleColocalization,3,24,1777974665.820558,3181744,worker_1,W002,ExpandOrShrinkObjects,pattern_group,running,100.0,1,1
ExampleColocalization,3,24,1777974665.8206363,3181744,worker_1,W002,ExpandOrShrinkObjects,step_completed,success,64.70588235294117,11,17
ExampleColocalization,3,24,1777974665.8206546,3181744,worker_1,W002,RelateObjects,step_started,started,64.70588235294117,11,17
ExampleColocalization,3,24,1777974665.8430176,3181743,worker_0,W001,RelateObjects,pattern_group,running,100.0,1,1
ExampleColocalization,3,24,1777974665.8431108,3181743,worker_0,W001,RelateObjects,step_completed,success,70.58823529411765,12,17
ExampleColocalization,3,24,1777974665.8431294,3181743,worker_0,W001,ClassifyObjects,step_started,started,70.58823529411765,12,17
ExampleColocalization,3,24,1777974665.8651848,3181745,worker_2,W003,ClassifyObjects,pattern_group,running,100.0,1,1
ExampleColocalization,3,24,1777974665.865288,3181745,worker_2,W003,ClassifyObjects,step_completed,success,76.47058823529412,13,17
ExampleColocalization,3,24,1777974665.8653126,3181745,worker_2,W003,FilterObjects,step_started,started,76.47058823529412,13,17
ExampleColocalization,3,24,1777974665.8847084,3181744,worker_1,W002,RelateObjects,pattern_group,running,100.0,1,1
ExampleColocalization,3,24,1777974665.884839,3181744,worker_1,W002,RelateObjects,step_completed,success,70.58823529411765,12,17
ExampleColocalization,3,24,1777974665.8848643,3181744,worker_1,W002,ClassifyObjects,step_started,started,70.58823529411765,12,17
ExampleColocalization,3,24,1777974665.9052057,3181743,worker_0,W001,ClassifyObjects,pattern_group,running,100.0,1,1
ExampleColocalization,3,24,1777974665.9052992,3181743,worker_0,W001,ClassifyObjects,step_completed,success,76.47058823529412,13,17
ExampleColocalization,3,24,1777974665.9053175,3181743,worker_0,W001,FilterObjects,step_started,started,76.47058823529412,13,17
ExampleColocalization,3,24,1777974665.9498909,3181745,worker_2,W003,FilterObjects,pattern_group,running,100.0,1,1
ExampleColocalization,3,24,1777974665.9499886,3181745,worker_2,W003,FilterObjects,step_completed,success,82.35294117647058,14,17
ExampleColocalization,3,24,1777974665.950013,3181745,worker_2,W003,MaskObjects,step_started,started,82.35294117647058,14,17
ExampleColocalization,3,24,1777974665.9499693,3181744,worker_1,W002,ClassifyObjects,pattern_group,running,100.0,1,1
ExampleColocalization,3,24,1777974665.950087,3181744,worker_1,W002,ClassifyObjects,step_completed,success,76.47058823529412,13,17
ExampleColocalization,3,24,1777974665.950109,3181744,worker_1,W002,FilterObjects,step_started,started,76.47058823529412,13,17
ExampleColocalization,3,24,1777974665.9892664,3181745,worker_2,W003,MaskObjects,pattern_group,running,100.0,1,1
ExampleColocalization,3,24,1777974665.9893887,3181745,worker_2,W003,MaskObjects,step_completed,success,88.23529411764706,15,17
ExampleColocalization,3,24,1777974665.9894104,3181745,worker_2,W003,MeasureImageAreaOccupied,step_started,started,88.23529411764706,15,17
ExampleColocalization,3,24,1777974665.9997356,3181743,worker_0,W001,FilterObjects,pattern_group,running,100.0,1,1
ExampleColocalization,3,24,1777974665.999857,3181743,worker_0,W001,FilterObjects,step_completed,success,82.35294117647058,14,17
ExampleColocalization,3,24,1777974665.9998784,3181743,worker_0,W001,MaskObjects,step_started,started,82.35294117647058,14,17
ExampleColocalization,3,24,1777974666.021709,3181745,worker_2,W003,MeasureImageAreaOccupied,pattern_group,running,100.0,1,1
ExampleColocalization,3,24,1777974666.0218093,3181745,worker_2,W003,MeasureImageAreaOccupied,step_completed,success,94.11764705882352,16,17
ExampleColocalization,3,24,1777974666.0218294,3181745,worker_2,W003,CalculateMath,step_started,started,94.11764705882352,16,17
ExampleColocalization,3,24,1777974666.0467257,3181743,worker_0,W001,MaskObjects,pattern_group,running,100.0,1,1
ExampleColocalization,3,24,1777974666.0468235,3181743,worker_0,W001,MaskObjects,step_completed,success,88.23529411764706,15,17
ExampleColocalization,3,24,1777974666.046843,3181743,worker_0,W001,MeasureImageAreaOccupied,step_started,started,88.23529411764706,15,17
ExampleColocalization,3,24,1777974666.0581598,3181744,worker_1,W002,FilterObjects,pattern_group,running,100.0,1,1
ExampleColocalization,3,24,1777974666.0582602,3181744,worker_1,W002,FilterObjects,step_completed,success,82.35294117647058,14,17
ExampleColocalization,3,24,1777974666.0582802,3181744,worker_1,W002,MaskObjects,step_started,started,82.35294117647058,14,17
ExampleColocalization,3,24,1777974666.080044,3181743,worker_0,W001,MeasureImageAreaOccupied,pattern_group,running,100.0,1,1
ExampleColocalization,3,24,1777974666.0801156,3181743,worker_0,W001,MeasureImageAreaOccupied,step_completed,success,94.11764705882352,16,17
ExampleColocalization,3,24,1777974666.0801334,3181743,worker_0,W001,CalculateMath,step_started,started,94.11764705882352,16,17
ExampleColocalization,3,24,1777974666.0853174,3181745,worker_2,W003,CalculateMath,pattern_group,running,50.0,1,2
ExampleColocalization,3,24,1777974666.106691,3181744,worker_1,W002,MaskObjects,pattern_group,running,100.0,1,1
ExampleColocalization,3,24,1777974666.10676,3181744,worker_1,W002,MaskObjects,step_completed,success,88.23529411764706,15,17
ExampleColocalization,3,24,1777974666.1067781,3181744,worker_1,W002,MeasureImageAreaOccupied,step_started,started,88.23529411764706,15,17
ExampleColocalization,3,24,1777974666.1297228,3181744,worker_1,W002,MeasureImageAreaOccupied,pattern_group,running,100.0,1,1
ExampleColocalization,3,24,1777974666.1297855,3181744,worker_1,W002,MeasureImageAreaOccupied,step_completed,success,94.11764705882352,16,17
ExampleColocalization,3,24,1777974666.1298046,3181744,worker_1,W002,CalculateMath,step_started,started,94.11764705882352,16,17
ExampleColocalization,3,24,1777974666.1437306,3181743,worker_0,W001,CalculateMath,pattern_group,running,50.0,1,2
ExampleColocalization,3,24,1777974666.1444361,3181745,worker_2,W003,CalculateMath,pattern_group,running,100.0,2,2
ExampleColocalization,3,24,1777974666.14451,3181745,worker_2,W003,CalculateMath,step_completed,success,100.0,17,17
ExampleColocalization,3,24,1777974666.1447706,3181745,worker_2,W003,pipeline,axis_completed,success,100.0,17,17
ExampleColocalization,3,24,1777974666.144796,3181745,worker_2,W006,pipeline,axis_started,started,0.0,0,17
ExampleColocalization,3,24,1777974666.1448169,3181745,worker_2,W006,CorrectIlluminationCalculate,step_started,started,0.0,0,17
ExampleColocalization,3,24,1777974666.1915536,3181744,worker_1,W002,CalculateMath,pattern_group,running,50.0,1,2
ExampleColocalization,3,24,1777974666.2012854,3181743,worker_0,W001,CalculateMath,pattern_group,running,100.0,2,2
ExampleColocalization,3,24,1777974666.2013679,3181743,worker_0,W001,CalculateMath,step_completed,success,100.0,17,17
ExampleColocalization,3,24,1777974666.2016282,3181743,worker_0,W001,pipeline,axis_completed,success,100.0,17,17
ExampleColocalization,3,24,1777974666.2016547,3181743,worker_0,W004,pipeline,axis_started,started,0.0,0,17
ExampleColocalization,3,24,1777974666.2016776,3181743,worker_0,W004,CorrectIlluminationCalculate,step_started,started,0.0,0,17
ExampleColocalization,3,24,1777974666.2535555,3181744,worker_1,W002,CalculateMath,pattern_group,running,100.0,2,2
ExampleColocalization,3,24,1777974666.253615,3181744,worker_1,W002,CalculateMath,step_completed,success,100.0,17,17
ExampleColocalization,3,24,1777974666.2538366,3181744,worker_1,W002,pipeline,axis_completed,success,100.0,17,17
ExampleColocalization,3,24,1777974666.2538614,3181744,worker_1,W005,pipeline,axis_started,started,0.0,0,17
ExampleColocalization,3,24,1777974666.2538817,3181744,worker_1,W005,CorrectIlluminationCalculate,step_started,started,0.0,0,17
ExampleColocalization,3,24,1777974666.3051276,3181745,worker_2,W006,CorrectIlluminationCalculate,pattern_group,running,100.0,1,1
ExampleColocalization,3,24,1777974666.3052135,3181745,worker_2,W006,CorrectIlluminationCalculate,step_completed,success,5.88235294117647,1,17
ExampleColocalization,3,24,1777974666.3052325,3181745,worker_2,W006,CorrectIlluminationCalculate,step_started,started,5.88235294117647,1,17
ExampleColocalization,3,24,1777974666.371413,3181743,worker_0,W004,CorrectIlluminationCalculate,pattern_group,running,100.0,1,1
ExampleColocalization,3,24,1777974666.3714774,3181743,worker_0,W004,CorrectIlluminationCalculate,step_completed,success,5.88235294117647,1,17
ExampleColocalization,3,24,1777974666.371495,3181743,worker_0,W004,CorrectIlluminationCalculate,step_started,started,5.88235294117647,1,17
ExampleColocalization,3,24,1777974666.43367,3181744,worker_1,W005,CorrectIlluminationCalculate,pattern_group,running,100.0,1,1
ExampleColocalization,3,24,1777974666.4338377,3181744,worker_1,W005,CorrectIlluminationCalculate,step_completed,success,5.88235294117647,1,17
ExampleColocalization,3,24,1777974666.4338586,3181744,worker_1,W005,CorrectIlluminationCalculate,step_started,started,5.88235294117647,1,17
ExampleColocalization,3,24,1777974666.4721446,3181745,worker_2,W006,CorrectIlluminationCalculate,pattern_group,running,100.0,1,1
ExampleColocalization,3,24,1777974666.4722283,3181745,worker_2,W006,CorrectIlluminationCalculate,step_completed,success,11.76470588235294,2,17
ExampleColocalization,3,24,1777974666.4722486,3181745,worker_2,W006,Align,step_started,started,11.76470588235294,2,17
ExampleColocalization,3,24,1777974666.5466056,3181743,worker_0,W004,CorrectIlluminationCalculate,pattern_group,running,100.0,1,1
ExampleColocalization,3,24,1777974666.5466824,3181743,worker_0,W004,CorrectIlluminationCalculate,step_completed,success,11.76470588235294,2,17
ExampleColocalization,3,24,1777974666.5467005,3181743,worker_0,W004,Align,step_started,started,11.76470588235294,2,17
ExampleColocalization,3,24,1777974666.6154654,3181744,worker_1,W005,CorrectIlluminationCalculate,pattern_group,running,100.0,1,1
ExampleColocalization,3,24,1777974666.6155717,3181744,worker_1,W005,CorrectIlluminationCalculate,step_completed,success,11.76470588235294,2,17
ExampleColocalization,3,24,1777974666.6155992,3181744,worker_1,W005,Align,step_started,started,11.76470588235294,2,17
ExampleColocalization,3,24,1777974666.938176,3181745,worker_2,W006,Align,pattern_group,running,100.0,1,1
ExampleColocalization,3,24,1777974666.9382975,3181745,worker_2,W006,Align,step_completed,success,17.647058823529413,3,17
ExampleColocalization,3,24,1777974666.9383256,3181745,worker_2,W006,MeasureColocalization,step_started,started,17.647058823529413,3,17
ExampleColocalization,3,24,1777974666.9700565,3181743,worker_0,W004,Align,pattern_group,running,100.0,1,1
ExampleColocalization,3,24,1777974666.9701548,3181743,worker_0,W004,Align,step_completed,success,17.647058823529413,3,17
ExampleColocalization,3,24,1777974666.9701743,3181743,worker_0,W004,MeasureColocalization,step_started,started,17.647058823529413,3,17
ExampleColocalization,3,24,1777974667.0474002,3181744,worker_1,W005,Align,pattern_group,running,100.0,1,1
ExampleColocalization,3,24,1777974667.0475528,3181744,worker_1,W005,Align,step_completed,success,17.647058823529413,3,17
ExampleColocalization,3,24,1777974667.0475857,3181744,worker_1,W005,MeasureColocalization,step_started,started,17.647058823529413,3,17
ExampleColocalization,3,24,1777974667.2579002,3181745,worker_2,W006,MeasureColocalization,pattern_group,running,100.0,1,1
ExampleColocalization,3,24,1777974667.2579744,3181745,worker_2,W006,MeasureColocalization,step_completed,success,23.52941176470588,4,17
ExampleColocalization,3,24,1777974667.257992,3181745,worker_2,W006,IdentifyPrimaryObjects,step_started,started,23.52941176470588,4,17
ExampleColocalization,3,24,1777974667.3346379,3181743,worker_0,W004,MeasureColocalization,pattern_group,running,100.0,1,1
ExampleColocalization,3,24,1777974667.3347206,3181743,worker_0,W004,MeasureColocalization,step_completed,success,23.52941176470588,4,17
ExampleColocalization,3,24,1777974667.3347404,3181743,worker_0,W004,IdentifyPrimaryObjects,step_started,started,23.52941176470588,4,17
ExampleColocalization,3,24,1777974667.4328494,3181744,worker_1,W005,MeasureColocalization,pattern_group,running,100.0,1,1
ExampleColocalization,3,24,1777974667.4329278,3181744,worker_1,W005,MeasureColocalization,step_completed,success,23.52941176470588,4,17
ExampleColocalization,3,24,1777974667.4329522,3181744,worker_1,W005,IdentifyPrimaryObjects,step_started,started,23.52941176470588,4,17
ExampleColocalization,3,24,1777974667.8595688,3181745,worker_2,W006,IdentifyPrimaryObjects,pattern_group,running,100.0,1,1
ExampleColocalization,3,24,1777974667.8596618,3181745,worker_2,W006,IdentifyPrimaryObjects,step_completed,success,29.411764705882355,5,17
ExampleColocalization,3,24,1777974667.8596807,3181745,worker_2,W006,IdentifyPrimaryObjects,step_started,started,29.411764705882355,5,17
ExampleColocalization,3,24,1777974667.9835281,3181743,worker_0,W004,IdentifyPrimaryObjects,pattern_group,running,100.0,1,1
ExampleColocalization,3,24,1777974667.9836142,3181743,worker_0,W004,IdentifyPrimaryObjects,step_completed,success,29.411764705882355,5,17
ExampleColocalization,3,24,1777974667.9836338,3181743,worker_0,W004,IdentifyPrimaryObjects,step_started,started,29.411764705882355,5,17
ExampleColocalization,3,24,1777974668.075217,3181744,worker_1,W005,IdentifyPrimaryObjects,pattern_group,running,100.0,1,1
ExampleColocalization,3,24,1777974668.075306,3181744,worker_1,W005,IdentifyPrimaryObjects,step_completed,success,29.411764705882355,5,17
ExampleColocalization,3,24,1777974668.07533,3181744,worker_1,W005,IdentifyPrimaryObjects,step_started,started,29.411764705882355,5,17
ExampleColocalization,3,24,1777974668.4800324,3181745,worker_2,W006,IdentifyPrimaryObjects,pattern_group,running,100.0,1,1
ExampleColocalization,3,24,1777974668.48013,3181745,worker_2,W006,IdentifyPrimaryObjects,step_completed,success,35.294117647058826,6,17
ExampleColocalization,3,24,1777974668.4801517,3181745,worker_2,W006,RelateObjects,step_started,started,35.294117647058826,6,17
ExampleColocalization,3,24,1777974668.5414379,3181745,worker_2,W006,RelateObjects,pattern_group,running,100.0,1,1
ExampleColocalization,3,24,1777974668.541506,3181745,worker_2,W006,RelateObjects,step_completed,success,41.17647058823529,7,17
ExampleColocalization,3,24,1777974668.5415232,3181745,worker_2,W006,ExpandOrShrinkObjects,step_started,started,41.17647058823529,7,17
ExampleColocalization,3,24,1777974668.563605,3181745,worker_2,W006,ExpandOrShrinkObjects,pattern_group,running,100.0,1,1
ExampleColocalization,3,24,1777974668.5636847,3181745,worker_2,W006,ExpandOrShrinkObjects,step_completed,success,47.05882352941176,8,17
ExampleColocalization,3,24,1777974668.563703,3181745,worker_2,W006,ExpandOrShrinkObjects,step_started,started,47.05882352941176,8,17
ExampleColocalization,3,24,1777974668.5804236,3181745,worker_2,W006,ExpandOrShrinkObjects,pattern_group,running,100.0,1,1
ExampleColocalization,3,24,1777974668.5805066,3181745,worker_2,W006,ExpandOrShrinkObjects,step_completed,success,52.94117647058824,9,17
ExampleColocalization,3,24,1777974668.5805247,3181745,worker_2,W006,ExpandOrShrinkObjects,step_started,started,52.94117647058824,9,17
ExampleColocalization,3,24,1777974668.6155014,3181745,worker_2,W006,ExpandOrShrinkObjects,pattern_group,running,100.0,1,1
ExampleColocalization,3,24,1777974668.615604,3181745,worker_2,W006,ExpandOrShrinkObjects,step_completed,success,58.82352941176471,10,17
ExampleColocalization,3,24,1777974668.615625,3181745,worker_2,W006,ExpandOrShrinkObjects,step_started,started,58.82352941176471,10,17
ExampleColocalization,3,24,1777974668.6492972,3181745,worker_2,W006,ExpandOrShrinkObjects,pattern_group,running,100.0,1,1
ExampleColocalization,3,24,1777974668.64941,3181745,worker_2,W006,ExpandOrShrinkObjects,step_completed,success,64.70588235294117,11,17
ExampleColocalization,3,24,1777974668.6494312,3181745,worker_2,W006,RelateObjects,step_started,started,64.70588235294117,11,17
ExampleColocalization,3,24,1777974668.703513,3181743,worker_0,W004,IdentifyPrimaryObjects,pattern_group,running,100.0,1,1
ExampleColocalization,3,24,1777974668.703618,3181743,worker_0,W004,IdentifyPrimaryObjects,step_completed,success,35.294117647058826,6,17
ExampleColocalization,3,24,1777974668.7036378,3181743,worker_0,W004,RelateObjects,step_started,started,35.294117647058826,6,17
ExampleColocalization,3,24,1777974668.7079952,3181745,worker_2,W006,RelateObjects,pattern_group,running,100.0,1,1
ExampleColocalization,3,24,1777974668.708081,3181745,worker_2,W006,RelateObjects,step_completed,success,70.58823529411765,12,17
ExampleColocalization,3,24,1777974668.7081008,3181745,worker_2,W006,ClassifyObjects,step_started,started,70.58823529411765,12,17
ExampleColocalization,3,24,1777974668.7623324,3181743,worker_0,W004,RelateObjects,pattern_group,running,100.0,1,1
ExampleColocalization,3,24,1777974668.7624323,3181743,worker_0,W004,RelateObjects,step_completed,success,41.17647058823529,7,17
ExampleColocalization,3,24,1777974668.7624516,3181743,worker_0,W004,ExpandOrShrinkObjects,step_started,started,41.17647058823529,7,17
ExampleColocalization,3,24,1777974668.7660947,3181745,worker_2,W006,ClassifyObjects,pattern_group,running,100.0,1,1
ExampleColocalization,3,24,1777974668.766168,3181745,worker_2,W006,ClassifyObjects,step_completed,success,76.47058823529412,13,17
ExampleColocalization,3,24,1777974668.7661865,3181745,worker_2,W006,FilterObjects,step_started,started,76.47058823529412,13,17
ExampleColocalization,3,24,1777974668.7736828,3181744,worker_1,W005,IdentifyPrimaryObjects,pattern_group,running,100.0,1,1
ExampleColocalization,3,24,1777974668.7738528,3181744,worker_1,W005,IdentifyPrimaryObjects,step_completed,success,35.294117647058826,6,17
ExampleColocalization,3,24,1777974668.7738824,3181744,worker_1,W005,RelateObjects,step_started,started,35.294117647058826,6,17
ExampleColocalization,3,24,1777974668.7851617,3181743,worker_0,W004,ExpandOrShrinkObjects,pattern_group,running,100.0,1,1
ExampleColocalization,3,24,1777974668.7852383,3181743,worker_0,W004,ExpandOrShrinkObjects,step_completed,success,47.05882352941176,8,17
ExampleColocalization,3,24,1777974668.7852557,3181743,worker_0,W004,ExpandOrShrinkObjects,step_started,started,47.05882352941176,8,17
ExampleColocalization,3,24,1777974668.8096147,3181743,worker_0,W004,ExpandOrShrinkObjects,pattern_group,running,100.0,1,1
ExampleColocalization,3,24,1777974668.8096933,3181743,worker_0,W004,ExpandOrShrinkObjects,step_completed,success,52.94117647058824,9,17
ExampleColocalization,3,24,1777974668.8097112,3181743,worker_0,W004,ExpandOrShrinkObjects,step_started,started,52.94117647058824,9,17
ExampleColocalization,3,24,1777974668.840961,3181743,worker_0,W004,ExpandOrShrinkObjects,pattern_group,running,100.0,1,1
ExampleColocalization,3,24,1777974668.8410816,3181743,worker_0,W004,ExpandOrShrinkObjects,step_completed,success,58.82352941176471,10,17
ExampleColocalization,3,24,1777974668.841103,3181743,worker_0,W004,ExpandOrShrinkObjects,step_started,started,58.82352941176471,10,17
ExampleColocalization,3,24,1777974668.8467364,3181745,worker_2,W006,FilterObjects,pattern_group,running,100.0,1,1
ExampleColocalization,3,24,1777974668.8468432,3181745,worker_2,W006,FilterObjects,step_completed,success,82.35294117647058,14,17
ExampleColocalization,3,24,1777974668.8468642,3181745,worker_2,W006,MaskObjects,step_started,started,82.35294117647058,14,17
ExampleColocalization,3,24,1777974668.846906,3181744,worker_1,W005,RelateObjects,pattern_group,running,100.0,1,1
ExampleColocalization,3,24,1777974668.847063,3181744,worker_1,W005,RelateObjects,step_completed,success,41.17647058823529,7,17
ExampleColocalization,3,24,1777974668.847093,3181744,worker_1,W005,ExpandOrShrinkObjects,step_started,started,41.17647058823529,7,17
ExampleColocalization,3,24,1777974668.8756895,3181744,worker_1,W005,ExpandOrShrinkObjects,pattern_group,running,100.0,1,1
ExampleColocalization,3,24,1777974668.8758018,3181744,worker_1,W005,ExpandOrShrinkObjects,step_completed,success,47.05882352941176,8,17
ExampleColocalization,3,24,1777974668.8758256,3181744,worker_1,W005,ExpandOrShrinkObjects,step_started,started,47.05882352941176,8,17
ExampleColocalization,3,24,1777974668.8813822,3181743,worker_0,W004,ExpandOrShrinkObjects,pattern_group,running,100.0,1,1
ExampleColocalization,3,24,1777974668.8814535,3181743,worker_0,W004,ExpandOrShrinkObjects,step_completed,success,64.70588235294117,11,17
ExampleColocalization,3,24,1777974668.881471,3181743,worker_0,W004,RelateObjects,step_started,started,64.70588235294117,11,17
ExampleColocalization,3,24,1777974668.8957844,3181745,worker_2,W006,MaskObjects,pattern_group,running,100.0,1,1
ExampleColocalization,3,24,1777974668.895902,3181745,worker_2,W006,MaskObjects,step_completed,success,88.23529411764706,15,17
ExampleColocalization,3,24,1777974668.8959246,3181745,worker_2,W006,MeasureImageAreaOccupied,step_started,started,88.23529411764706,15,17
ExampleColocalization,3,24,1777974668.9025388,3181744,worker_1,W005,ExpandOrShrinkObjects,pattern_group,running,100.0,1,1
ExampleColocalization,3,24,1777974668.902667,3181744,worker_1,W005,ExpandOrShrinkObjects,step_completed,success,52.94117647058824,9,17
ExampleColocalization,3,24,1777974668.9026968,3181744,worker_1,W005,ExpandOrShrinkObjects,step_started,started,52.94117647058824,9,17
ExampleColocalization,3,24,1777974668.930529,3181745,worker_2,W006,MeasureImageAreaOccupied,pattern_group,running,100.0,1,1
ExampleColocalization,3,24,1777974668.9306266,3181745,worker_2,W006,MeasureImageAreaOccupied,step_completed,success,94.11764705882352,16,17
ExampleColocalization,3,24,1777974668.9306464,3181745,worker_2,W006,CalculateMath,step_started,started,94.11764705882352,16,17
ExampleColocalization,3,24,1777974668.9443667,3181744,worker_1,W005,ExpandOrShrinkObjects,pattern_group,running,100.0,1,1
ExampleColocalization,3,24,1777974668.944449,3181744,worker_1,W005,ExpandOrShrinkObjects,step_completed,success,58.82352941176471,10,17
ExampleColocalization,3,24,1777974668.944466,3181744,worker_1,W005,ExpandOrShrinkObjects,step_started,started,58.82352941176471,10,17
ExampleColocalization,3,24,1777974668.9605982,3181743,worker_0,W004,RelateObjects,pattern_group,running,100.0,1,1
ExampleColocalization,3,24,1777974668.960739,3181743,worker_0,W004,RelateObjects,step_completed,success,70.58823529411765,12,17
ExampleColocalization,3,24,1777974668.960762,3181743,worker_0,W004,ClassifyObjects,step_started,started,70.58823529411765,12,17
ExampleColocalization,3,24,1777974668.9813218,3181744,worker_1,W005,ExpandOrShrinkObjects,pattern_group,running,100.0,1,1
ExampleColocalization,3,24,1777974668.9814773,3181744,worker_1,W005,ExpandOrShrinkObjects,step_completed,success,64.70588235294117,11,17
ExampleColocalization,3,24,1777974668.9815044,3181744,worker_1,W005,RelateObjects,step_started,started,64.70588235294117,11,17
ExampleColocalization,3,24,1777974668.9959288,3181745,worker_2,W006,CalculateMath,pattern_group,running,50.0,1,2
ExampleColocalization,3,24,1777974669.0329127,3181743,worker_0,W004,ClassifyObjects,pattern_group,running,100.0,1,1
ExampleColocalization,3,24,1777974669.0329788,3181743,worker_0,W004,ClassifyObjects,step_completed,success,76.47058823529412,13,17
ExampleColocalization,3,24,1777974669.0329967,3181743,worker_0,W004,FilterObjects,step_started,started,76.47058823529412,13,17
ExampleColocalization,3,24,1777974669.0503051,3181744,worker_1,W005,RelateObjects,pattern_group,running,100.0,1,1
ExampleColocalization,3,24,1777974669.0503967,3181744,worker_1,W005,RelateObjects,step_completed,success,70.58823529411765,12,17
ExampleColocalization,3,24,1777974669.0504203,3181744,worker_1,W005,ClassifyObjects,step_started,started,70.58823529411765,12,17
ExampleColocalization,3,24,1777974669.0637145,3181745,worker_2,W006,CalculateMath,pattern_group,running,100.0,2,2
ExampleColocalization,3,24,1777974669.0637758,3181745,worker_2,W006,CalculateMath,step_completed,success,100.0,17,17
ExampleColocalization,3,24,1777974669.0639443,3181745,worker_2,W006,pipeline,axis_completed,success,100.0,17,17
ExampleColocalization,3,24,1777974669.0639694,3181745,worker_2,W009,pipeline,axis_started,started,0.0,0,17
ExampleColocalization,3,24,1777974669.06399,3181745,worker_2,W009,CorrectIlluminationCalculate,step_started,started,0.0,0,17
ExampleColocalization,3,24,1777974669.1134162,3181744,worker_1,W005,ClassifyObjects,pattern_group,running,100.0,1,1
ExampleColocalization,3,24,1777974669.113527,3181744,worker_1,W005,ClassifyObjects,step_completed,success,76.47058823529412,13,17
ExampleColocalization,3,24,1777974669.1135466,3181744,worker_1,W005,FilterObjects,step_started,started,76.47058823529412,13,17
ExampleColocalization,3,24,1777974669.1234286,3181743,worker_0,W004,FilterObjects,pattern_group,running,100.0,1,1
ExampleColocalization,3,24,1777974669.1235087,3181743,worker_0,W004,FilterObjects,step_completed,success,82.35294117647058,14,17
ExampleColocalization,3,24,1777974669.1235328,3181743,worker_0,W004,MaskObjects,step_started,started,82.35294117647058,14,17
ExampleColocalization,3,24,1777974669.1643372,3181743,worker_0,W004,MaskObjects,pattern_group,running,100.0,1,1
ExampleColocalization,3,24,1777974669.1644058,3181743,worker_0,W004,MaskObjects,step_completed,success,88.23529411764706,15,17
ExampleColocalization,3,24,1777974669.1644235,3181743,worker_0,W004,MeasureImageAreaOccupied,step_started,started,88.23529411764706,15,17
ExampleColocalization,3,24,1777974669.2039516,3181744,worker_1,W005,FilterObjects,pattern_group,running,100.0,1,1
ExampleColocalization,3,24,1777974669.2040622,3181744,worker_1,W005,FilterObjects,step_completed,success,82.35294117647058,14,17
ExampleColocalization,3,24,1777974669.2040813,3181744,worker_1,W005,MaskObjects,step_started,started,82.35294117647058,14,17
ExampleColocalization,3,24,1777974669.2104537,3181743,worker_0,W004,MeasureImageAreaOccupied,pattern_group,running,100.0,1,1
ExampleColocalization,3,24,1777974669.2105632,3181743,worker_0,W004,MeasureImageAreaOccupied,step_completed,success,94.11764705882352,16,17
ExampleColocalization,3,24,1777974669.2105882,3181743,worker_0,W004,CalculateMath,step_started,started,94.11764705882352,16,17
ExampleColocalization,3,24,1777974669.2527328,3181744,worker_1,W005,MaskObjects,pattern_group,running,100.0,1,1
ExampleColocalization,3,24,1777974669.2527921,3181744,worker_1,W005,MaskObjects,step_completed,success,88.23529411764706,15,17
ExampleColocalization,3,24,1777974669.2528093,3181744,worker_1,W005,MeasureImageAreaOccupied,step_started,started,88.23529411764706,15,17
ExampleColocalization,3,24,1777974669.2523575,3181745,worker_2,W009,CorrectIlluminationCalculate,pattern_group,running,100.0,1,1
ExampleColocalization,3,24,1777974669.2524343,3181745,worker_2,W009,CorrectIlluminationCalculate,step_completed,success,5.88235294117647,1,17
ExampleColocalization,3,24,1777974669.252452,3181745,worker_2,W009,CorrectIlluminationCalculate,step_started,started,5.88235294117647,1,17
ExampleColocalization,3,24,1777974669.2774284,3181744,worker_1,W005,MeasureImageAreaOccupied,pattern_group,running,100.0,1,1
ExampleColocalization,3,24,1777974669.277539,3181744,worker_1,W005,MeasureImageAreaOccupied,step_completed,success,94.11764705882352,16,17
ExampleColocalization,3,24,1777974669.2775588,3181744,worker_1,W005,CalculateMath,step_started,started,94.11764705882352,16,17
ExampleColocalization,3,24,1777974669.2850034,3181743,worker_0,W004,CalculateMath,pattern_group,running,50.0,1,2
ExampleColocalization,3,24,1777974669.3371124,3181744,worker_1,W005,CalculateMath,pattern_group,running,50.0,1,2
ExampleColocalization,3,24,1777974669.3466156,3181743,worker_0,W004,CalculateMath,pattern_group,running,100.0,2,2
ExampleColocalization,3,24,1777974669.3467088,3181743,worker_0,W004,CalculateMath,step_completed,success,100.0,17,17
ExampleColocalization,3,24,1777974669.3469133,3181743,worker_0,W004,pipeline,axis_completed,success,100.0,17,17
ExampleColocalization,3,24,1777974669.3469386,3181743,worker_0,W007,pipeline,axis_started,started,0.0,0,17
ExampleColocalization,3,24,1777974669.34696,3181743,worker_0,W007,CorrectIlluminationCalculate,step_started,started,0.0,0,17
ExampleColocalization,3,24,1777974669.4024038,3181744,worker_1,W005,CalculateMath,pattern_group,running,100.0,2,2
ExampleColocalization,3,24,1777974669.402494,3181744,worker_1,W005,CalculateMath,step_completed,success,100.0,17,17
ExampleColocalization,3,24,1777974669.4026759,3181744,worker_1,W005,pipeline,axis_completed,success,100.0,17,17
ExampleColocalization,3,24,1777974669.402699,3181744,worker_1,W008,pipeline,axis_started,started,0.0,0,17
ExampleColocalization,3,24,1777974669.402718,3181744,worker_1,W008,CorrectIlluminationCalculate,step_started,started,0.0,0,17
ExampleColocalization,3,24,1777974669.4116678,3181745,worker_2,W009,CorrectIlluminationCalculate,pattern_group,running,100.0,1,1
ExampleColocalization,3,24,1777974669.4117513,3181745,worker_2,W009,CorrectIlluminationCalculate,step_completed,success,11.76470588235294,2,17
ExampleColocalization,3,24,1777974669.4117687,3181745,worker_2,W009,Align,step_started,started,11.76470588235294,2,17
ExampleColocalization,3,24,1777974669.5228367,3181743,worker_0,W007,CorrectIlluminationCalculate,pattern_group,running,100.0,1,1
ExampleColocalization,3,24,1777974669.5229425,3181743,worker_0,W007,CorrectIlluminationCalculate,step_completed,success,5.88235294117647,1,17
ExampleColocalization,3,24,1777974669.5229633,3181743,worker_0,W007,CorrectIlluminationCalculate,step_started,started,5.88235294117647,1,17
ExampleColocalization,3,24,1777974669.581506,3181744,worker_1,W008,CorrectIlluminationCalculate,pattern_group,running,100.0,1,1
ExampleColocalization,3,24,1777974669.5815637,3181744,worker_1,W008,CorrectIlluminationCalculate,step_completed,success,5.88235294117647,1,17
ExampleColocalization,3,24,1777974669.58158,3181744,worker_1,W008,CorrectIlluminationCalculate,step_started,started,5.88235294117647,1,17
ExampleColocalization,3,24,1777974669.691795,3181743,worker_0,W007,CorrectIlluminationCalculate,pattern_group,running,100.0,1,1
ExampleColocalization,3,24,1777974669.691873,3181743,worker_0,W007,CorrectIlluminationCalculate,step_completed,success,11.76470588235294,2,17
ExampleColocalization,3,24,1777974669.6918926,3181743,worker_0,W007,Align,step_started,started,11.76470588235294,2,17
ExampleColocalization,3,24,1777974669.7519686,3181744,worker_1,W008,CorrectIlluminationCalculate,pattern_group,running,100.0,1,1
ExampleColocalization,3,24,1777974669.7520304,3181744,worker_1,W008,CorrectIlluminationCalculate,step_completed,success,11.76470588235294,2,17
ExampleColocalization,3,24,1777974669.7520475,3181744,worker_1,W008,Align,step_started,started,11.76470588235294,2,17
ExampleColocalization,3,24,1777974669.839508,3181745,worker_2,W009,Align,pattern_group,running,100.0,1,1
ExampleColocalization,3,24,1777974669.8395915,3181745,worker_2,W009,Align,step_completed,success,17.647058823529413,3,17
ExampleColocalization,3,24,1777974669.8396108,3181745,worker_2,W009,MeasureColocalization,step_started,started,17.647058823529413,3,17
ExampleColocalization,3,24,1777974670.1229587,3181745,worker_2,W009,MeasureColocalization,pattern_group,running,100.0,1,1
ExampleColocalization,3,24,1777974670.1230283,3181745,worker_2,W009,MeasureColocalization,step_completed,success,23.52941176470588,4,17
ExampleColocalization,3,24,1777974670.1230462,3181745,worker_2,W009,IdentifyPrimaryObjects,step_started,started,23.52941176470588,4,17
ExampleColocalization,3,24,1777974670.1503963,3181743,worker_0,W007,Align,pattern_group,running,100.0,1,1
ExampleColocalization,3,24,1777974670.1504598,3181743,worker_0,W007,Align,step_completed,success,17.647058823529413,3,17
ExampleColocalization,3,24,1777974670.1504772,3181743,worker_0,W007,MeasureColocalization,step_started,started,17.647058823529413,3,17
ExampleColocalization,3,24,1777974670.2186806,3181744,worker_1,W008,Align,pattern_group,running,100.0,1,1
ExampleColocalization,3,24,1777974670.2188008,3181744,worker_1,W008,Align,step_completed,success,17.647058823529413,3,17
ExampleColocalization,3,24,1777974670.2188225,3181744,worker_1,W008,MeasureColocalization,step_started,started,17.647058823529413,3,17
ExampleColocalization,3,24,1777974670.4973223,3181743,worker_0,W007,MeasureColocalization,pattern_group,running,100.0,1,1
ExampleColocalization,3,24,1777974670.4974518,3181743,worker_0,W007,MeasureColocalization,step_completed,success,23.52941176470588,4,17
ExampleColocalization,3,24,1777974670.497474,3181743,worker_0,W007,IdentifyPrimaryObjects,step_started,started,23.52941176470588,4,17
ExampleColocalization,3,24,1777974670.562965,3181744,worker_1,W008,MeasureColocalization,pattern_group,running,100.0,1,1
ExampleColocalization,3,24,1777974670.5630295,3181744,worker_1,W008,MeasureColocalization,step_completed,success,23.52941176470588,4,17
ExampleColocalization,3,24,1777974670.5630474,3181744,worker_1,W008,IdentifyPrimaryObjects,step_started,started,23.52941176470588,4,17
ExampleColocalization,3,24,1777974670.7587488,3181745,worker_2,W009,IdentifyPrimaryObjects,pattern_group,running,100.0,1,1
ExampleColocalization,3,24,1777974670.7588432,3181745,worker_2,W009,IdentifyPrimaryObjects,step_completed,success,29.411764705882355,5,17
ExampleColocalization,3,24,1777974670.7588627,3181745,worker_2,W009,IdentifyPrimaryObjects,step_started,started,29.411764705882355,5,17
ExampleColocalization,3,24,1777974671.1403778,3181743,worker_0,W007,IdentifyPrimaryObjects,pattern_group,running,100.0,1,1
ExampleColocalization,3,24,1777974671.1404934,3181743,worker_0,W007,IdentifyPrimaryObjects,step_completed,success,29.411764705882355,5,17
ExampleColocalization,3,24,1777974671.140516,3181743,worker_0,W007,IdentifyPrimaryObjects,step_started,started,29.411764705882355,5,17
ExampleColocalization,3,24,1777974671.206613,3181744,worker_1,W008,IdentifyPrimaryObjects,pattern_group,running,100.0,1,1
ExampleColocalization,3,24,1777974671.20672,3181744,worker_1,W008,IdentifyPrimaryObjects,step_completed,success,29.411764705882355,5,17
ExampleColocalization,3,24,1777974671.2067425,3181744,worker_1,W008,IdentifyPrimaryObjects,step_started,started,29.411764705882355,5,17
ExampleColocalization,3,24,1777974671.4405127,3181745,worker_2,W009,IdentifyPrimaryObjects,pattern_group,running,100.0,1,1
ExampleColocalization,3,24,1777974671.4406466,3181745,worker_2,W009,IdentifyPrimaryObjects,step_completed,success,35.294117647058826,6,17
ExampleColocalization,3,24,1777974671.4406722,3181745,worker_2,W009,RelateObjects,step_started,started,35.294117647058826,6,17
ExampleColocalization,3,24,1777974671.5107582,3181745,worker_2,W009,RelateObjects,pattern_group,running,100.0,1,1
ExampleColocalization,3,24,1777974671.5108175,3181745,worker_2,W009,RelateObjects,step_completed,success,41.17647058823529,7,17
ExampleColocalization,3,24,1777974671.5108352,3181745,worker_2,W009,ExpandOrShrinkObjects,step_started,started,41.17647058823529,7,17
ExampleColocalization,3,24,1777974671.5319521,3181745,worker_2,W009,ExpandOrShrinkObjects,pattern_group,running,100.0,1,1
ExampleColocalization,3,24,1777974671.5320268,3181745,worker_2,W009,ExpandOrShrinkObjects,step_completed,success,47.05882352941176,8,17
ExampleColocalization,3,24,1777974671.5320442,3181745,worker_2,W009,ExpandOrShrinkObjects,step_started,started,47.05882352941176,8,17
ExampleColocalization,3,24,1777974671.5596118,3181745,worker_2,W009,ExpandOrShrinkObjects,pattern_group,running,100.0,1,1
ExampleColocalization,3,24,1777974671.5596995,3181745,worker_2,W009,ExpandOrShrinkObjects,step_completed,success,52.94117647058824,9,17
ExampleColocalization,3,24,1777974671.5597177,3181745,worker_2,W009,ExpandOrShrinkObjects,step_started,started,52.94117647058824,9,17
ExampleColocalization,3,24,1777974671.5974991,3181745,worker_2,W009,ExpandOrShrinkObjects,pattern_group,running,100.0,1,1
ExampleColocalization,3,24,1777974671.5975733,3181745,worker_2,W009,ExpandOrShrinkObjects,step_completed,success,58.82352941176471,10,17
ExampleColocalization,3,24,1777974671.5975916,3181745,worker_2,W009,ExpandOrShrinkObjects,step_started,started,58.82352941176471,10,17
ExampleColocalization,3,24,1777974671.6346304,3181745,worker_2,W009,ExpandOrShrinkObjects,pattern_group,running,100.0,1,1
ExampleColocalization,3,24,1777974671.634704,3181745,worker_2,W009,ExpandOrShrinkObjects,step_completed,success,64.70588235294117,11,17
ExampleColocalization,3,24,1777974671.6347225,3181745,worker_2,W009,RelateObjects,step_started,started,64.70588235294117,11,17
ExampleColocalization,3,24,1777974671.7142692,3181745,worker_2,W009,RelateObjects,pattern_group,running,100.0,1,1
ExampleColocalization,3,24,1777974671.7143407,3181745,worker_2,W009,RelateObjects,step_completed,success,70.58823529411765,12,17
ExampleColocalization,3,24,1777974671.7143636,3181745,worker_2,W009,ClassifyObjects,step_started,started,70.58823529411765,12,17
ExampleColocalization,3,24,1777974671.786647,3181745,worker_2,W009,ClassifyObjects,pattern_group,running,100.0,1,1
ExampleColocalization,3,24,1777974671.7867172,3181745,worker_2,W009,ClassifyObjects,step_completed,success,76.47058823529412,13,17
ExampleColocalization,3,24,1777974671.7867343,3181745,worker_2,W009,FilterObjects,step_started,started,76.47058823529412,13,17
ExampleColocalization,3,24,1777974671.7988315,3181743,worker_0,W007,IdentifyPrimaryObjects,pattern_group,running,100.0,1,1
ExampleColocalization,3,24,1777974671.7988927,3181743,worker_0,W007,IdentifyPrimaryObjects,step_completed,success,35.294117647058826,6,17
ExampleColocalization,3,24,1777974671.79891,3181743,worker_0,W007,RelateObjects,step_started,started,35.294117647058826,6,17
ExampleColocalization,3,24,1777974671.8551905,3181743,worker_0,W007,RelateObjects,pattern_group,running,100.0,1,1
ExampleColocalization,3,24,1777974671.8552544,3181743,worker_0,W007,RelateObjects,step_completed,success,41.17647058823529,7,17
ExampleColocalization,3,24,1777974671.855273,3181743,worker_0,W007,ExpandOrShrinkObjects,step_started,started,41.17647058823529,7,17
ExampleColocalization,3,24,1777974671.8737917,3181744,worker_1,W008,IdentifyPrimaryObjects,pattern_group,running,100.0,1,1
ExampleColocalization,3,24,1777974671.8739216,3181744,worker_1,W008,IdentifyPrimaryObjects,step_completed,success,35.294117647058826,6,17
ExampleColocalization,3,24,1777974671.873946,3181744,worker_1,W008,RelateObjects,step_started,started,35.294117647058826,6,17
ExampleColocalization,3,24,1777974671.879653,3181745,worker_2,W009,FilterObjects,pattern_group,running,100.0,1,1
ExampleColocalization,3,24,1777974671.880021,3181743,worker_0,W007,ExpandOrShrinkObjects,pattern_group,running,100.0,1,1
ExampleColocalization,3,24,1777974671.87974,3181745,worker_2,W009,FilterObjects,step_completed,success,82.35294117647058,14,17
ExampleColocalization,3,24,1777974671.8800886,3181743,worker_0,W007,ExpandOrShrinkObjects,step_completed,success,47.05882352941176,8,17
ExampleColocalization,3,24,1777974671.8797593,3181745,worker_2,W009,MaskObjects,step_started,started,82.35294117647058,14,17
ExampleColocalization,3,24,1777974671.880107,3181743,worker_0,W007,ExpandOrShrinkObjects,step_started,started,47.05882352941176,8,17
ExampleColocalization,3,24,1777974671.9037082,3181743,worker_0,W007,ExpandOrShrinkObjects,pattern_group,running,100.0,1,1
ExampleColocalization,3,24,1777974671.9038484,3181743,worker_0,W007,ExpandOrShrinkObjects,step_completed,success,52.94117647058824,9,17
ExampleColocalization,3,24,1777974671.903872,3181743,worker_0,W007,ExpandOrShrinkObjects,step_started,started,52.94117647058824,9,17
ExampleColocalization,3,24,1777974671.928511,3181745,worker_2,W009,MaskObjects,pattern_group,running,100.0,1,1
ExampleColocalization,3,24,1777974671.92859,3181745,worker_2,W009,MaskObjects,step_completed,success,88.23529411764706,15,17
ExampleColocalization,3,24,1777974671.9286087,3181745,worker_2,W009,MeasureImageAreaOccupied,step_started,started,88.23529411764706,15,17
ExampleColocalization,3,24,1777974671.9343376,3181743,worker_0,W007,ExpandOrShrinkObjects,pattern_group,running,100.0,1,1
ExampleColocalization,3,24,1777974671.934426,3181743,worker_0,W007,ExpandOrShrinkObjects,step_completed,success,58.82352941176471,10,17
ExampleColocalization,3,24,1777974671.934445,3181743,worker_0,W007,ExpandOrShrinkObjects,step_started,started,58.82352941176471,10,17
ExampleColocalization,3,24,1777974671.938816,3181744,worker_1,W008,RelateObjects,pattern_group,running,100.0,1,1
ExampleColocalization,3,24,1777974671.9389484,3181744,worker_1,W008,RelateObjects,step_completed,success,41.17647058823529,7,17
ExampleColocalization,3,24,1777974671.938973,3181744,worker_1,W008,ExpandOrShrinkObjects,step_started,started,41.17647058823529,7,17
ExampleColocalization,3,24,1777974671.9651327,3181744,worker_1,W008,ExpandOrShrinkObjects,pattern_group,running,100.0,1,1
ExampleColocalization,3,24,1777974671.9652252,3181744,worker_1,W008,ExpandOrShrinkObjects,step_completed,success,47.05882352941176,8,17
ExampleColocalization,3,24,1777974671.9652452,3181744,worker_1,W008,ExpandOrShrinkObjects,step_started,started,47.05882352941176,8,17
ExampleColocalization,3,24,1777974671.9661605,3181745,worker_2,W009,MeasureImageAreaOccupied,pattern_group,running,100.0,1,1
ExampleColocalization,3,24,1777974671.9662297,3181745,worker_2,W009,MeasureImageAreaOccupied,step_completed,success,94.11764705882352,16,17
ExampleColocalization,3,24,1777974671.9662478,3181745,worker_2,W009,CalculateMath,step_started,started,94.11764705882352,16,17
ExampleColocalization,3,24,1777974671.9738698,3181743,worker_0,W007,ExpandOrShrinkObjects,pattern_group,running,100.0,1,1
ExampleColocalization,3,24,1777974671.974005,3181743,worker_0,W007,ExpandOrShrinkObjects,step_completed,success,64.70588235294117,11,17
ExampleColocalization,3,24,1777974671.9740295,3181743,worker_0,W007,RelateObjects,step_started,started,64.70588235294117,11,17
ExampleColocalization,3,24,1777974671.9892306,3181744,worker_1,W008,ExpandOrShrinkObjects,pattern_group,running,100.0,1,1
ExampleColocalization,3,24,1777974671.9892962,3181744,worker_1,W008,ExpandOrShrinkObjects,step_completed,success,52.94117647058824,9,17
ExampleColocalization,3,24,1777974671.989314,3181744,worker_1,W008,ExpandOrShrinkObjects,step_started,started,52.94117647058824,9,17
ExampleColocalization,3,24,1777974672.0187306,3181744,worker_1,W008,ExpandOrShrinkObjects,pattern_group,running,100.0,1,1
ExampleColocalization,3,24,1777974672.018836,3181744,worker_1,W008,ExpandOrShrinkObjects,step_completed,success,58.82352941176471,10,17
ExampleColocalization,3,24,1777974672.0188565,3181744,worker_1,W008,ExpandOrShrinkObjects,step_started,started,58.82352941176471,10,17
ExampleColocalization,3,24,1777974672.03669,3181745,worker_2,W009,CalculateMath,pattern_group,running,50.0,1,2
ExampleColocalization,3,24,1777974672.039785,3181743,worker_0,W007,RelateObjects,pattern_group,running,100.0,1,1
ExampleColocalization,3,24,1777974672.0399325,3181743,worker_0,W007,RelateObjects,step_completed,success,70.58823529411765,12,17
ExampleColocalization,3,24,1777974672.039954,3181743,worker_0,W007,ClassifyObjects,step_started,started,70.58823529411765,12,17
ExampleColocalization,3,24,1777974672.0498962,3181744,worker_1,W008,ExpandOrShrinkObjects,pattern_group,running,100.0,1,1
ExampleColocalization,3,24,1777974672.049962,3181744,worker_1,W008,ExpandOrShrinkObjects,step_completed,success,64.70588235294117,11,17
ExampleColocalization,3,24,1777974672.0499794,3181744,worker_1,W008,RelateObjects,step_started,started,64.70588235294117,11,17
ExampleColocalization,3,24,1777974672.0993726,3181744,worker_1,W008,RelateObjects,pattern_group,running,100.0,1,1
ExampleColocalization,3,24,1777974672.099436,3181744,worker_1,W008,RelateObjects,step_completed,success,70.58823529411765,12,17
ExampleColocalization,3,24,1777974672.0993068,3181743,worker_0,W007,ClassifyObjects,pattern_group,running,100.0,1,1
ExampleColocalization,3,24,1777974672.0994537,3181744,worker_1,W008,ClassifyObjects,step_started,started,70.58823529411765,12,17
ExampleColocalization,3,24,1777974672.0993898,3181743,worker_0,W007,ClassifyObjects,step_completed,success,76.47058823529412,13,17
ExampleColocalization,3,24,1777974672.0994115,3181743,worker_0,W007,FilterObjects,step_started,started,76.47058823529412,13,17
ExampleColocalization,3,24,1777974672.0982728,3181745,worker_2,W009,CalculateMath,pattern_group,running,100.0,2,2
ExampleColocalization,3,24,1777974672.0983613,3181745,worker_2,W009,CalculateMath,step_completed,success,100.0,17,17
ExampleColocalization,3,24,1777974672.0985591,3181745,worker_2,W009,pipeline,axis_completed,success,100.0,17,17
ExampleColocalization,3,24,1777974672.0985847,3181745,worker_2,W012,pipeline,axis_started,started,0.0,0,17
ExampleColocalization,3,24,1777974672.098608,3181745,worker_2,W012,CorrectIlluminationCalculate,step_started,started,0.0,0,17
ExampleColocalization,3,24,1777974672.1561399,3181744,worker_1,W008,ClassifyObjects,pattern_group,running,100.0,1,1
ExampleColocalization,3,24,1777974672.1561952,3181744,worker_1,W008,ClassifyObjects,step_completed,success,76.47058823529412,13,17
ExampleColocalization,3,24,1777974672.1562123,3181744,worker_1,W008,FilterObjects,step_started,started,76.47058823529412,13,17
ExampleColocalization,3,24,1777974672.1781828,3181743,worker_0,W007,FilterObjects,pattern_group,running,100.0,1,1
ExampleColocalization,3,24,1777974672.1783097,3181743,worker_0,W007,FilterObjects,step_completed,success,82.35294117647058,14,17
ExampleColocalization,3,24,1777974672.1783354,3181743,worker_0,W007,MaskObjects,step_started,started,82.35294117647058,14,17
ExampleColocalization,3,24,1777974672.2215524,3181743,worker_0,W007,MaskObjects,pattern_group,running,100.0,1,1
ExampleColocalization,3,24,1777974672.2216327,3181743,worker_0,W007,MaskObjects,step_completed,success,88.23529411764706,15,17
ExampleColocalization,3,24,1777974672.2216516,3181743,worker_0,W007,MeasureImageAreaOccupied,step_started,started,88.23529411764706,15,17
ExampleColocalization,3,24,1777974672.2413583,3181744,worker_1,W008,FilterObjects,pattern_group,running,100.0,1,1
ExampleColocalization,3,24,1777974672.2414799,3181744,worker_1,W008,FilterObjects,step_completed,success,82.35294117647058,14,17
ExampleColocalization,3,24,1777974672.2415009,3181744,worker_1,W008,MaskObjects,step_started,started,82.35294117647058,14,17
ExampleColocalization,3,24,1777974672.2673428,3181743,worker_0,W007,MeasureImageAreaOccupied,pattern_group,running,100.0,1,1
ExampleColocalization,3,24,1777974672.2674468,3181743,worker_0,W007,MeasureImageAreaOccupied,step_completed,success,94.11764705882352,16,17
ExampleColocalization,3,24,1777974672.2674687,3181743,worker_0,W007,CalculateMath,step_started,started,94.11764705882352,16,17
ExampleColocalization,3,24,1777974672.283972,3181745,worker_2,W012,CorrectIlluminationCalculate,pattern_group,running,100.0,1,1
ExampleColocalization,3,24,1777974672.2840345,3181745,worker_2,W012,CorrectIlluminationCalculate,step_completed,success,5.88235294117647,1,17
ExampleColocalization,3,24,1777974672.2840512,3181745,worker_2,W012,CorrectIlluminationCalculate,step_started,started,5.88235294117647,1,17
ExampleColocalization,3,24,1777974672.292509,3181744,worker_1,W008,MaskObjects,pattern_group,running,100.0,1,1
ExampleColocalization,3,24,1777974672.2925744,3181744,worker_1,W008,MaskObjects,step_completed,success,88.23529411764706,15,17
ExampleColocalization,3,24,1777974672.2925925,3181744,worker_1,W008,MeasureImageAreaOccupied,step_started,started,88.23529411764706,15,17
ExampleColocalization,3,24,1777974672.3213954,3181744,worker_1,W008,MeasureImageAreaOccupied,pattern_group,running,100.0,1,1
ExampleColocalization,3,24,1777974672.3214862,3181744,worker_1,W008,MeasureImageAreaOccupied,step_completed,success,94.11764705882352,16,17
ExampleColocalization,3,24,1777974672.321508,3181744,worker_1,W008,CalculateMath,step_started,started,94.11764705882352,16,17
ExampleColocalization,3,24,1777974672.3357449,3181743,worker_0,W007,CalculateMath,pattern_group,running,50.0,1,2
ExampleColocalization,3,24,1777974672.3783896,3181744,worker_1,W008,CalculateMath,pattern_group,running,50.0,1,2
ExampleColocalization,3,24,1777974672.3948007,3181743,worker_0,W007,CalculateMath,pattern_group,running,100.0,2,2
ExampleColocalization,3,24,1777974672.3949053,3181743,worker_0,W007,CalculateMath,step_completed,success,100.0,17,17
ExampleColocalization,3,24,1777974672.3951197,3181743,worker_0,W007,pipeline,axis_completed,success,100.0,17,17
ExampleColocalization,3,24,1777974672.3951485,3181743,worker_0,W010,pipeline,axis_started,started,0.0,0,17
ExampleColocalization,3,24,1777974672.3951714,3181743,worker_0,W010,CorrectIlluminationCalculate,step_started,started,0.0,0,17
ExampleColocalization,3,24,1777974672.4408753,3181745,worker_2,W012,CorrectIlluminationCalculate,pattern_group,running,100.0,1,1
ExampleColocalization,3,24,1777974672.440955,3181745,worker_2,W012,CorrectIlluminationCalculate,step_completed,success,11.76470588235294,2,17
ExampleColocalization,3,24,1777974672.4409733,3181745,worker_2,W012,Align,step_started,started,11.76470588235294,2,17
ExampleColocalization,3,24,1777974672.4438484,3181744,worker_1,W008,CalculateMath,pattern_group,running,100.0,2,2
ExampleColocalization,3,24,1777974672.443927,3181744,worker_1,W008,CalculateMath,step_completed,success,100.0,17,17
ExampleColocalization,3,24,1777974672.4441352,3181744,worker_1,W008,pipeline,axis_completed,success,100.0,17,17
ExampleColocalization,3,24,1777974672.444162,3181744,worker_1,W011,pipeline,axis_started,started,0.0,0,17
ExampleColocalization,3,24,1777974672.4441833,3181744,worker_1,W011,CorrectIlluminationCalculate,step_started,started,0.0,0,17
ExampleColocalization,3,24,1777974672.571728,3181743,worker_0,W010,CorrectIlluminationCalculate,pattern_group,running,100.0,1,1
ExampleColocalization,3,24,1777974672.5718477,3181743,worker_0,W010,CorrectIlluminationCalculate,step_completed,success,5.88235294117647,1,17
ExampleColocalization,3,24,1777974672.5718703,3181743,worker_0,W010,CorrectIlluminationCalculate,step_started,started,5.88235294117647,1,17
ExampleColocalization,3,24,1777974672.6336124,3181744,worker_1,W011,CorrectIlluminationCalculate,pattern_group,running,100.0,1,1
ExampleColocalization,3,24,1777974672.633732,3181744,worker_1,W011,CorrectIlluminationCalculate,step_completed,success,5.88235294117647,1,17
ExampleColocalization,3,24,1777974672.6337562,3181744,worker_1,W011,CorrectIlluminationCalculate,step_started,started,5.88235294117647,1,17
ExampleColocalization,3,24,1777974672.7352762,3181743,worker_0,W010,CorrectIlluminationCalculate,pattern_group,running,100.0,1,1
ExampleColocalization,3,24,1777974672.7353973,3181743,worker_0,W010,CorrectIlluminationCalculate,step_completed,success,11.76470588235294,2,17
ExampleColocalization,3,24,1777974672.7354176,3181743,worker_0,W010,Align,step_started,started,11.76470588235294,2,17
ExampleColocalization,3,24,1777974672.8132074,3181744,worker_1,W011,CorrectIlluminationCalculate,pattern_group,running,100.0,1,1
ExampleColocalization,3,24,1777974672.8132737,3181744,worker_1,W011,CorrectIlluminationCalculate,step_completed,success,11.76470588235294,2,17
ExampleColocalization,3,24,1777974672.813291,3181744,worker_1,W011,Align,step_started,started,11.76470588235294,2,17
ExampleColocalization,3,24,1777974672.882742,3181745,worker_2,W012,Align,pattern_group,running,100.0,1,1
ExampleColocalization,3,24,1777974672.8828795,3181745,worker_2,W012,Align,step_completed,success,17.647058823529413,3,17
ExampleColocalization,3,24,1777974672.8829033,3181745,worker_2,W012,MeasureColocalization,step_started,started,17.647058823529413,3,17
ExampleColocalization,3,24,1777974673.171082,3181743,worker_0,W010,Align,pattern_group,running,100.0,1,1
ExampleColocalization,3,24,1777974673.1712182,3181743,worker_0,W010,Align,step_completed,success,17.647058823529413,3,17
ExampleColocalization,3,24,1777974673.1712437,3181743,worker_0,W010,MeasureColocalization,step_started,started,17.647058823529413,3,17
ExampleColocalization,3,24,1777974673.1859374,3181745,worker_2,W012,MeasureColocalization,pattern_group,running,100.0,1,1
ExampleColocalization,3,24,1777974673.1860197,3181745,worker_2,W012,MeasureColocalization,step_completed,success,23.52941176470588,4,17
ExampleColocalization,3,24,1777974673.1860387,3181745,worker_2,W012,IdentifyPrimaryObjects,step_started,started,23.52941176470588,4,17
ExampleColocalization,3,24,1777974673.2847495,3181744,worker_1,W011,Align,pattern_group,running,100.0,1,1
ExampleColocalization,3,24,1777974673.2848413,3181744,worker_1,W011,Align,step_completed,success,17.647058823529413,3,17
ExampleColocalization,3,24,1777974673.2848606,3181744,worker_1,W011,MeasureColocalization,step_started,started,17.647058823529413,3,17
ExampleColocalization,3,24,1777974673.5184414,3181743,worker_0,W010,MeasureColocalization,pattern_group,running,100.0,1,1
ExampleColocalization,3,24,1777974673.5185902,3181743,worker_0,W010,MeasureColocalization,step_completed,success,23.52941176470588,4,17
ExampleColocalization,3,24,1777974673.5186214,3181743,worker_0,W010,IdentifyPrimaryObjects,step_started,started,23.52941176470588,4,17
ExampleColocalization,3,24,1777974673.6277776,3181744,worker_1,W011,MeasureColocalization,pattern_group,running,100.0,1,1
ExampleColocalization,3,24,1777974673.6278427,3181744,worker_1,W011,MeasureColocalization,step_completed,success,23.52941176470588,4,17
ExampleColocalization,3,24,1777974673.6278603,3181744,worker_1,W011,IdentifyPrimaryObjects,step_started,started,23.52941176470588,4,17
ExampleColocalization,3,24,1777974673.8584592,3181745,worker_2,W012,IdentifyPrimaryObjects,pattern_group,running,100.0,1,1
ExampleColocalization,3,24,1777974673.8585389,3181745,worker_2,W012,IdentifyPrimaryObjects,step_completed,success,29.411764705882355,5,17
ExampleColocalization,3,24,1777974673.8585572,3181745,worker_2,W012,IdentifyPrimaryObjects,step_started,started,29.411764705882355,5,17
ExampleColocalization,3,24,1777974674.1748247,3181743,worker_0,W010,IdentifyPrimaryObjects,pattern_group,running,100.0,1,1
ExampleColocalization,3,24,1777974674.1749372,3181743,worker_0,W010,IdentifyPrimaryObjects,step_completed,success,29.411764705882355,5,17
ExampleColocalization,3,24,1777974674.1749606,3181743,worker_0,W010,IdentifyPrimaryObjects,step_started,started,29.411764705882355,5,17
ExampleColocalization,3,24,1777974674.2803078,3181744,worker_1,W011,IdentifyPrimaryObjects,pattern_group,running,100.0,1,1
ExampleColocalization,3,24,1777974674.280474,3181744,worker_1,W011,IdentifyPrimaryObjects,step_completed,success,29.411764705882355,5,17
ExampleColocalization,3,24,1777974674.2804968,3181744,worker_1,W011,IdentifyPrimaryObjects,step_started,started,29.411764705882355,5,17
ExampleColocalization,3,24,1777974674.5353763,3181745,worker_2,W012,IdentifyPrimaryObjects,pattern_group,running,100.0,1,1
ExampleColocalization,3,24,1777974674.535433,3181745,worker_2,W012,IdentifyPrimaryObjects,step_completed,success,35.294117647058826,6,17
ExampleColocalization,3,24,1777974674.5354505,3181745,worker_2,W012,RelateObjects,step_started,started,35.294117647058826,6,17
ExampleColocalization,3,24,1777974674.6070018,3181745,worker_2,W012,RelateObjects,pattern_group,running,100.0,1,1
ExampleColocalization,3,24,1777974674.6071415,3181745,worker_2,W012,RelateObjects,step_completed,success,41.17647058823529,7,17
ExampleColocalization,3,24,1777974674.6071694,3181745,worker_2,W012,ExpandOrShrinkObjects,step_started,started,41.17647058823529,7,17
ExampleColocalization,3,24,1777974674.6269996,3181745,worker_2,W012,ExpandOrShrinkObjects,pattern_group,running,100.0,1,1
ExampleColocalization,3,24,1777974674.6270607,3181745,worker_2,W012,ExpandOrShrinkObjects,step_completed,success,47.05882352941176,8,17
ExampleColocalization,3,24,1777974674.6270778,3181745,worker_2,W012,ExpandOrShrinkObjects,step_started,started,47.05882352941176,8,17
ExampleColocalization,3,24,1777974674.6483068,3181745,worker_2,W012,ExpandOrShrinkObjects,pattern_group,running,100.0,1,1
ExampleColocalization,3,24,1777974674.6485422,3181745,worker_2,W012,ExpandOrShrinkObjects,step_completed,success,52.94117647058824,9,17
ExampleColocalization,3,24,1777974674.6485853,3181745,worker_2,W012,ExpandOrShrinkObjects,step_started,started,52.94117647058824,9,17
ExampleColocalization,3,24,1777974674.6934404,3181745,worker_2,W012,ExpandOrShrinkObjects,pattern_group,running,100.0,1,1
ExampleColocalization,3,24,1777974674.6935344,3181745,worker_2,W012,ExpandOrShrinkObjects,step_completed,success,58.82352941176471,10,17
ExampleColocalization,3,24,1777974674.6935544,3181745,worker_2,W012,ExpandOrShrinkObjects,step_started,started,58.82352941176471,10,17
ExampleColocalization,3,24,1777974674.7325625,3181745,worker_2,W012,ExpandOrShrinkObjects,pattern_group,running,100.0,1,1
ExampleColocalization,3,24,1777974674.732661,3181745,worker_2,W012,ExpandOrShrinkObjects,step_completed,success,64.70588235294117,11,17
ExampleColocalization,3,24,1777974674.7326813,3181745,worker_2,W012,RelateObjects,step_started,started,64.70588235294117,11,17
ExampleColocalization,3,24,1777974674.7989872,3181745,worker_2,W012,RelateObjects,pattern_group,running,100.0,1,1
ExampleColocalization,3,24,1777974674.799053,3181745,worker_2,W012,RelateObjects,step_completed,success,70.58823529411765,12,17
ExampleColocalization,3,24,1777974674.7990713,3181745,worker_2,W012,ClassifyObjects,step_started,started,70.58823529411765,12,17
ExampleColocalization,3,24,1777974674.8241928,3181743,worker_0,W010,IdentifyPrimaryObjects,pattern_group,running,100.0,1,1
ExampleColocalization,3,24,1777974674.824288,3181743,worker_0,W010,IdentifyPrimaryObjects,step_completed,success,35.294117647058826,6,17
ExampleColocalization,3,24,1777974674.824311,3181743,worker_0,W010,RelateObjects,step_started,started,35.294117647058826,6,17
ExampleColocalization,3,24,1777974674.863591,3181745,worker_2,W012,ClassifyObjects,pattern_group,running,100.0,1,1
ExampleColocalization,3,24,1777974674.8637002,3181745,worker_2,W012,ClassifyObjects,step_completed,success,76.47058823529412,13,17
ExampleColocalization,3,24,1777974674.8637216,3181745,worker_2,W012,FilterObjects,step_started,started,76.47058823529412,13,17
ExampleColocalization,3,24,1777974674.8888097,3181743,worker_0,W010,RelateObjects,pattern_group,running,100.0,1,1
ExampleColocalization,3,24,1777974674.8889337,3181743,worker_0,W010,RelateObjects,step_completed,success,41.17647058823529,7,17
ExampleColocalization,3,24,1777974674.8889544,3181743,worker_0,W010,ExpandOrShrinkObjects,step_started,started,41.17647058823529,7,17
ExampleColocalization,3,24,1777974674.9144876,3181743,worker_0,W010,ExpandOrShrinkObjects,pattern_group,running,100.0,1,1
ExampleColocalization,3,24,1777974674.9145648,3181743,worker_0,W010,ExpandOrShrinkObjects,step_completed,success,47.05882352941176,8,17
ExampleColocalization,3,24,1777974674.9145858,3181743,worker_0,W010,ExpandOrShrinkObjects,step_started,started,47.05882352941176,8,17
ExampleColocalization,3,24,1777974674.937016,3181743,worker_0,W010,ExpandOrShrinkObjects,pattern_group,running,100.0,1,1
ExampleColocalization,3,24,1777974674.937137,3181743,worker_0,W010,ExpandOrShrinkObjects,step_completed,success,52.94117647058824,9,17
ExampleColocalization,3,24,1777974674.937159,3181743,worker_0,W010,ExpandOrShrinkObjects,step_started,started,52.94117647058824,9,17
ExampleColocalization,3,24,1777974674.9432197,3181744,worker_1,W011,IdentifyPrimaryObjects,pattern_group,running,100.0,1,1
ExampleColocalization,3,24,1777974674.9432979,3181744,worker_1,W011,IdentifyPrimaryObjects,step_completed,success,35.294117647058826,6,17
ExampleColocalization,3,24,1777974674.9433162,3181744,worker_1,W011,RelateObjects,step_started,started,35.294117647058826,6,17
ExampleColocalization,3,24,1777974674.9569502,3181745,worker_2,W012,FilterObjects,pattern_group,running,100.0,1,1
ExampleColocalization,3,24,1777974674.9570513,3181745,worker_2,W012,FilterObjects,step_completed,success,82.35294117647058,14,17
ExampleColocalization,3,24,1777974674.95707,3181745,worker_2,W012,MaskObjects,step_started,started,82.35294117647058,14,17
ExampleColocalization,3,24,1777974674.9729314,3181743,worker_0,W010,ExpandOrShrinkObjects,pattern_group,running,100.0,1,1
ExampleColocalization,3,24,1777974674.973033,3181743,worker_0,W010,ExpandOrShrinkObjects,step_completed,success,58.82352941176471,10,17
ExampleColocalization,3,24,1777974674.973055,3181743,worker_0,W010,ExpandOrShrinkObjects,step_started,started,58.82352941176471,10,17
ExampleColocalization,3,24,1777974675.0097492,3181745,worker_2,W012,MaskObjects,pattern_group,running,100.0,1,1
ExampleColocalization,3,24,1777974675.009844,3181745,worker_2,W012,MaskObjects,step_completed,success,88.23529411764706,15,17
ExampleColocalization,3,24,1777974675.009867,3181745,worker_2,W012,MeasureImageAreaOccupied,step_started,started,88.23529411764706,15,17
ExampleColocalization,3,24,1777974675.0110054,3181743,worker_0,W010,ExpandOrShrinkObjects,pattern_group,running,100.0,1,1
ExampleColocalization,3,24,1777974675.0111327,3181743,worker_0,W010,ExpandOrShrinkObjects,step_completed,success,64.70588235294117,11,17
ExampleColocalization,3,24,1777974675.0111582,3181743,worker_0,W010,RelateObjects,step_started,started,64.70588235294117,11,17
ExampleColocalization,3,24,1777974675.018082,3181744,worker_1,W011,RelateObjects,pattern_group,running,100.0,1,1
ExampleColocalization,3,24,1777974675.018257,3181744,worker_1,W011,RelateObjects,step_completed,success,41.17647058823529,7,17
ExampleColocalization,3,24,1777974675.0182848,3181744,worker_1,W011,ExpandOrShrinkObjects,step_started,started,41.17647058823529,7,17
ExampleColocalization,3,24,1777974675.0462174,3181744,worker_1,W011,ExpandOrShrinkObjects,pattern_group,running,100.0,1,1
ExampleColocalization,3,24,1777974675.0463414,3181744,worker_1,W011,ExpandOrShrinkObjects,step_completed,success,47.05882352941176,8,17
ExampleColocalization,3,24,1777974675.0463734,3181744,worker_1,W011,ExpandOrShrinkObjects,step_started,started,47.05882352941176,8,17
ExampleColocalization,3,24,1777974675.065508,3181745,worker_2,W012,MeasureImageAreaOccupied,pattern_group,running,100.0,1,1
ExampleColocalization,3,24,1777974675.0656493,3181745,worker_2,W012,MeasureImageAreaOccupied,step_completed,success,94.11764705882352,16,17
ExampleColocalization,3,24,1777974675.0656753,3181745,worker_2,W012,CalculateMath,step_started,started,94.11764705882352,16,17
ExampleColocalization,3,24,1777974675.0725045,3181744,worker_1,W011,ExpandOrShrinkObjects,pattern_group,running,100.0,1,1
ExampleColocalization,3,24,1777974675.0726063,3181744,worker_1,W011,ExpandOrShrinkObjects,step_completed,success,52.94117647058824,9,17
ExampleColocalization,3,24,1777974675.0726266,3181744,worker_1,W011,ExpandOrShrinkObjects,step_started,started,52.94117647058824,9,17
ExampleColocalization,3,24,1777974675.0909746,3181743,worker_0,W010,RelateObjects,pattern_group,running,100.0,1,1
ExampleColocalization,3,24,1777974675.0910723,3181743,worker_0,W010,RelateObjects,step_completed,success,70.58823529411765,12,17
ExampleColocalization,3,24,1777974675.0910919,3181743,worker_0,W010,ClassifyObjects,step_started,started,70.58823529411765,12,17
ExampleColocalization,3,24,1777974675.1020236,3181744,worker_1,W011,ExpandOrShrinkObjects,pattern_group,running,100.0,1,1
ExampleColocalization,3,24,1777974675.1021893,3181744,worker_1,W011,ExpandOrShrinkObjects,step_completed,success,58.82352941176471,10,17
ExampleColocalization,3,24,1777974675.1022265,3181744,worker_1,W011,ExpandOrShrinkObjects,step_started,started,58.82352941176471,10,17
ExampleColocalization,3,24,1777974675.1394558,3181744,worker_1,W011,ExpandOrShrinkObjects,pattern_group,running,100.0,1,1
ExampleColocalization,3,24,1777974675.1395352,3181744,worker_1,W011,ExpandOrShrinkObjects,step_completed,success,64.70588235294117,11,17
ExampleColocalization,3,24,1777974675.1395538,3181744,worker_1,W011,RelateObjects,step_started,started,64.70588235294117,11,17
ExampleColocalization,3,24,1777974675.1530042,3181745,worker_2,W012,CalculateMath,pattern_group,running,50.0,1,2
ExampleColocalization,3,24,1777974675.161501,3181743,worker_0,W010,ClassifyObjects,pattern_group,running,100.0,1,1
ExampleColocalization,3,24,1777974675.1616168,3181743,worker_0,W010,ClassifyObjects,step_completed,success,76.47058823529412,13,17
ExampleColocalization,3,24,1777974675.1616385,3181743,worker_0,W010,FilterObjects,step_started,started,76.47058823529412,13,17
ExampleColocalization,3,24,1777974675.2032871,3181744,worker_1,W011,RelateObjects,pattern_group,running,100.0,1,1
ExampleColocalization,3,24,1777974675.2034316,3181744,worker_1,W011,RelateObjects,step_completed,success,70.58823529411765,12,17
ExampleColocalization,3,24,1777974675.2034564,3181744,worker_1,W011,ClassifyObjects,step_started,started,70.58823529411765,12,17
ExampleColocalization,3,24,1777974675.228781,3181745,worker_2,W012,CalculateMath,pattern_group,running,100.0,2,2
ExampleColocalization,3,24,1777974675.2288742,3181745,worker_2,W012,CalculateMath,step_completed,success,100.0,17,17
ExampleColocalization,3,24,1777974675.229072,3181745,worker_2,W012,pipeline,axis_completed,success,100.0,17,17
ExampleColocalization,3,24,1777974675.2290974,3181745,worker_2,W015,pipeline,axis_started,started,0.0,0,17
ExampleColocalization,3,24,1777974675.229121,3181745,worker_2,W015,CorrectIlluminationCalculate,step_started,started,0.0,0,17
ExampleColocalization,3,24,1777974675.2550068,3181743,worker_0,W010,FilterObjects,pattern_group,running,100.0,1,1
ExampleColocalization,3,24,1777974675.2550812,3181743,worker_0,W010,FilterObjects,step_completed,success,82.35294117647058,14,17
ExampleColocalization,3,24,1777974675.2550995,3181743,worker_0,W010,MaskObjects,step_started,started,82.35294117647058,14,17
ExampleColocalization,3,24,1777974675.2700417,3181744,worker_1,W011,ClassifyObjects,pattern_group,running,100.0,1,1
ExampleColocalization,3,24,1777974675.2701209,3181744,worker_1,W011,ClassifyObjects,step_completed,success,76.47058823529412,13,17
ExampleColocalization,3,24,1777974675.2701392,3181744,worker_1,W011,FilterObjects,step_started,started,76.47058823529412,13,17
ExampleColocalization,3,24,1777974675.295001,3181743,worker_0,W010,MaskObjects,pattern_group,running,100.0,1,1
ExampleColocalization,3,24,1777974675.2950664,3181743,worker_0,W010,MaskObjects,step_completed,success,88.23529411764706,15,17
ExampleColocalization,3,24,1777974675.2950845,3181743,worker_0,W010,MeasureImageAreaOccupied,step_started,started,88.23529411764706,15,17
ExampleColocalization,3,24,1777974675.3224998,3181743,worker_0,W010,MeasureImageAreaOccupied,pattern_group,running,100.0,1,1
ExampleColocalization,3,24,1777974675.3225613,3181743,worker_0,W010,MeasureImageAreaOccupied,step_completed,success,94.11764705882352,16,17
ExampleColocalization,3,24,1777974675.322579,3181743,worker_0,W010,CalculateMath,step_started,started,94.11764705882352,16,17
ExampleColocalization,3,24,1777974675.351061,3181744,worker_1,W011,FilterObjects,pattern_group,running,100.0,1,1
ExampleColocalization,3,24,1777974675.3511207,3181744,worker_1,W011,FilterObjects,step_completed,success,82.35294117647058,14,17
ExampleColocalization,3,24,1777974675.3511376,3181744,worker_1,W011,MaskObjects,step_started,started,82.35294117647058,14,17
ExampleColocalization,3,24,1777974675.3878574,3181743,worker_0,W010,CalculateMath,pattern_group,running,50.0,1,2
ExampleColocalization,3,24,1777974675.4057646,3181744,worker_1,W011,MaskObjects,pattern_group,running,100.0,1,1
ExampleColocalization,3,24,1777974675.4058743,3181744,worker_1,W011,MaskObjects,step_completed,success,88.23529411764706,15,17
ExampleColocalization,3,24,1777974675.405893,3181744,worker_1,W011,MeasureImageAreaOccupied,step_started,started,88.23529411764706,15,17
ExampleColocalization,3,24,1777974675.4145815,3181745,worker_2,W015,CorrectIlluminationCalculate,pattern_group,running,100.0,1,1
ExampleColocalization,3,24,1777974675.4146738,3181745,worker_2,W015,CorrectIlluminationCalculate,step_completed,success,5.88235294117647,1,17
ExampleColocalization,3,24,1777974675.414693,3181745,worker_2,W015,CorrectIlluminationCalculate,step_started,started,5.88235294117647,1,17
ExampleColocalization,3,24,1777974675.4331021,3181744,worker_1,W011,MeasureImageAreaOccupied,pattern_group,running,100.0,1,1
ExampleColocalization,3,24,1777974675.4331644,3181744,worker_1,W011,MeasureImageAreaOccupied,step_completed,success,94.11764705882352,16,17
ExampleColocalization,3,24,1777974675.4331818,3181744,worker_1,W011,CalculateMath,step_started,started,94.11764705882352,16,17
ExampleColocalization,3,24,1777974675.4524796,3181743,worker_0,W010,CalculateMath,pattern_group,running,100.0,2,2
ExampleColocalization,3,24,1777974675.4525762,3181743,worker_0,W010,CalculateMath,step_completed,success,100.0,17,17
ExampleColocalization,3,24,1777974675.4527984,3181743,worker_0,W010,pipeline,axis_completed,success,100.0,17,17
ExampleColocalization,3,24,1777974675.4528294,3181743,worker_0,W013,pipeline,axis_started,started,0.0,0,17
ExampleColocalization,3,24,1777974675.4528568,3181743,worker_0,W013,CorrectIlluminationCalculate,step_started,started,0.0,0,17
ExampleColocalization,3,24,1777974675.4889405,3181744,worker_1,W011,CalculateMath,pattern_group,running,50.0,1,2
ExampleColocalization,3,24,1777974675.551187,3181744,worker_1,W011,CalculateMath,pattern_group,running,100.0,2,2
ExampleColocalization,3,24,1777974675.5512676,3181744,worker_1,W011,CalculateMath,step_completed,success,100.0,17,17
ExampleColocalization,3,24,1777974675.5514584,3181744,worker_1,W011,pipeline,axis_completed,success,100.0,17,17
ExampleColocalization,3,24,1777974675.5514832,3181744,worker_1,W014,pipeline,axis_started,started,0.0,0,17
ExampleColocalization,3,24,1777974675.551504,3181744,worker_1,W014,CorrectIlluminationCalculate,step_started,started,0.0,0,17
ExampleColocalization,3,24,1777974675.564184,3181745,worker_2,W015,CorrectIlluminationCalculate,pattern_group,running,100.0,1,1
ExampleColocalization,3,24,1777974675.5642946,3181745,worker_2,W015,CorrectIlluminationCalculate,step_completed,success,11.76470588235294,2,17
ExampleColocalization,3,24,1777974675.564315,3181745,worker_2,W015,Align,step_started,started,11.76470588235294,2,17
ExampleColocalization,3,24,1777974675.6312075,3181743,worker_0,W013,CorrectIlluminationCalculate,pattern_group,running,100.0,1,1
ExampleColocalization,3,24,1777974675.6312702,3181743,worker_0,W013,CorrectIlluminationCalculate,step_completed,success,5.88235294117647,1,17
ExampleColocalization,3,24,1777974675.631287,3181743,worker_0,W013,CorrectIlluminationCalculate,step_started,started,5.88235294117647,1,17
ExampleColocalization,3,24,1777974675.73707,3181744,worker_1,W014,CorrectIlluminationCalculate,pattern_group,running,100.0,1,1
ExampleColocalization,3,24,1777974675.7371917,3181744,worker_1,W014,CorrectIlluminationCalculate,step_completed,success,5.88235294117647,1,17
ExampleColocalization,3,24,1777974675.7372124,3181744,worker_1,W014,CorrectIlluminationCalculate,step_started,started,5.88235294117647,1,17
ExampleColocalization,3,24,1777974675.7971869,3181743,worker_0,W013,CorrectIlluminationCalculate,pattern_group,running,100.0,1,1
ExampleColocalization,3,24,1777974675.797287,3181743,worker_0,W013,CorrectIlluminationCalculate,step_completed,success,11.76470588235294,2,17
ExampleColocalization,3,24,1777974675.7973063,3181743,worker_0,W013,Align,step_started,started,11.76470588235294,2,17
ExampleColocalization,3,24,1777974675.90831,3181744,worker_1,W014,CorrectIlluminationCalculate,pattern_group,running,100.0,1,1
ExampleColocalization,3,24,1777974675.9084198,3181744,worker_1,W014,CorrectIlluminationCalculate,step_completed,success,11.76470588235294,2,17
ExampleColocalization,3,24,1777974675.9084394,3181744,worker_1,W014,Align,step_started,started,11.76470588235294,2,17
ExampleColocalization,3,24,1777974675.9883747,3181745,worker_2,W015,Align,pattern_group,running,100.0,1,1
ExampleColocalization,3,24,1777974675.9885256,3181745,worker_2,W015,Align,step_completed,success,17.647058823529413,3,17
ExampleColocalization,3,24,1777974675.9885566,3181745,worker_2,W015,MeasureColocalization,step_started,started,17.647058823529413,3,17
ExampleColocalization,3,24,1777974676.222018,3181743,worker_0,W013,Align,pattern_group,running,100.0,1,1
ExampleColocalization,3,24,1777974676.2221327,3181743,worker_0,W013,Align,step_completed,success,17.647058823529413,3,17
ExampleColocalization,3,24,1777974676.2221532,3181743,worker_0,W013,MeasureColocalization,step_started,started,17.647058823529413,3,17
ExampleColocalization,3,24,1777974676.3075845,3181745,worker_2,W015,MeasureColocalization,pattern_group,running,100.0,1,1
ExampleColocalization,3,24,1777974676.307653,3181745,worker_2,W015,MeasureColocalization,step_completed,success,23.52941176470588,4,17
ExampleColocalization,3,24,1777974676.3076713,3181745,worker_2,W015,IdentifyPrimaryObjects,step_started,started,23.52941176470588,4,17
ExampleColocalization,3,24,1777974676.3909447,3181744,worker_1,W014,Align,pattern_group,running,100.0,1,1
ExampleColocalization,3,24,1777974676.3910625,3181744,worker_1,W014,Align,step_completed,success,17.647058823529413,3,17
ExampleColocalization,3,24,1777974676.3910878,3181744,worker_1,W014,MeasureColocalization,step_started,started,17.647058823529413,3,17
ExampleColocalization,3,24,1777974676.5425856,3181743,worker_0,W013,MeasureColocalization,pattern_group,running,100.0,1,1
ExampleColocalization,3,24,1777974676.542674,3181743,worker_0,W013,MeasureColocalization,step_completed,success,23.52941176470588,4,17
ExampleColocalization,3,24,1777974676.5426927,3181743,worker_0,W013,IdentifyPrimaryObjects,step_started,started,23.52941176470588,4,17
ExampleColocalization,3,24,1777974676.7401357,3181744,worker_1,W014,MeasureColocalization,pattern_group,running,100.0,1,1
ExampleColocalization,3,24,1777974676.7402024,3181744,worker_1,W014,MeasureColocalization,step_completed,success,23.52941176470588,4,17
ExampleColocalization,3,24,1777974676.7402208,3181744,worker_1,W014,IdentifyPrimaryObjects,step_started,started,23.52941176470588,4,17
ExampleColocalization,3,24,1777974676.9837632,3181745,worker_2,W015,IdentifyPrimaryObjects,pattern_group,running,100.0,1,1
ExampleColocalization,3,24,1777974676.9838364,3181745,worker_2,W015,IdentifyPrimaryObjects,step_completed,success,29.411764705882355,5,17
ExampleColocalization,3,24,1777974676.9838562,3181745,worker_2,W015,IdentifyPrimaryObjects,step_started,started,29.411764705882355,5,17
ExampleColocalization,3,24,1777974677.1495173,3181743,worker_0,W013,IdentifyPrimaryObjects,pattern_group,running,100.0,1,1
ExampleColocalization,3,24,1777974677.1496065,3181743,worker_0,W013,IdentifyPrimaryObjects,step_completed,success,29.411764705882355,5,17
ExampleColocalization,3,24,1777974677.1496248,3181743,worker_0,W013,IdentifyPrimaryObjects,step_started,started,29.411764705882355,5,17
ExampleColocalization,3,24,1777974677.3963869,3181744,worker_1,W014,IdentifyPrimaryObjects,pattern_group,running,100.0,1,1
ExampleColocalization,3,24,1777974677.3964689,3181744,worker_1,W014,IdentifyPrimaryObjects,step_completed,success,29.411764705882355,5,17
ExampleColocalization,3,24,1777974677.3964877,3181744,worker_1,W014,IdentifyPrimaryObjects,step_started,started,29.411764705882355,5,17
ExampleColocalization,3,24,1777974677.693856,3181745,worker_2,W015,IdentifyPrimaryObjects,pattern_group,running,100.0,1,1
ExampleColocalization,3,24,1777974677.6940222,3181745,worker_2,W015,IdentifyPrimaryObjects,step_completed,success,35.294117647058826,6,17
ExampleColocalization,3,24,1777974677.6940458,3181745,worker_2,W015,RelateObjects,step_started,started,35.294117647058826,6,17
ExampleColocalization,3,24,1777974677.759971,3181745,worker_2,W015,RelateObjects,pattern_group,running,100.0,1,1
ExampleColocalization,3,24,1777974677.7600727,3181745,worker_2,W015,RelateObjects,step_completed,success,41.17647058823529,7,17
ExampleColocalization,3,24,1777974677.760097,3181745,worker_2,W015,ExpandOrShrinkObjects,step_started,started,41.17647058823529,7,17
ExampleColocalization,3,24,1777974677.7709806,3181743,worker_0,W013,IdentifyPrimaryObjects,pattern_group,running,100.0,1,1
ExampleColocalization,3,24,1777974677.771098,3181743,worker_0,W013,IdentifyPrimaryObjects,step_completed,success,35.294117647058826,6,17
ExampleColocalization,3,24,1777974677.7711217,3181743,worker_0,W013,RelateObjects,step_started,started,35.294117647058826,6,17
ExampleColocalization,3,24,1777974677.7887375,3181745,worker_2,W015,ExpandOrShrinkObjects,pattern_group,running,100.0,1,1
ExampleColocalization,3,24,1777974677.7888176,3181745,worker_2,W015,ExpandOrShrinkObjects,step_completed,success,47.05882352941176,8,17
ExampleColocalization,3,24,1777974677.7888358,3181745,worker_2,W015,ExpandOrShrinkObjects,step_started,started,47.05882352941176,8,17
ExampleColocalization,3,24,1777974677.8147056,3181745,worker_2,W015,ExpandOrShrinkObjects,pattern_group,running,100.0,1,1
ExampleColocalization,3,24,1777974677.8148324,3181745,worker_2,W015,ExpandOrShrinkObjects,step_completed,success,52.94117647058824,9,17
ExampleColocalization,3,24,1777974677.814853,3181745,worker_2,W015,ExpandOrShrinkObjects,step_started,started,52.94117647058824,9,17
ExampleColocalization,3,24,1777974677.8353474,3181743,worker_0,W013,RelateObjects,pattern_group,running,100.0,1,1
ExampleColocalization,3,24,1777974677.8354995,3181743,worker_0,W013,RelateObjects,step_completed,success,41.17647058823529,7,17
ExampleColocalization,3,24,1777974677.835525,3181743,worker_0,W013,ExpandOrShrinkObjects,step_started,started,41.17647058823529,7,17
ExampleColocalization,3,24,1777974677.855285,3181745,worker_2,W015,ExpandOrShrinkObjects,pattern_group,running,100.0,1,1
ExampleColocalization,3,24,1777974677.8553782,3181745,worker_2,W015,ExpandOrShrinkObjects,step_completed,success,58.82352941176471,10,17
ExampleColocalization,3,24,1777974677.855398,3181745,worker_2,W015,ExpandOrShrinkObjects,step_started,started,58.82352941176471,10,17
ExampleColocalization,3,24,1777974677.8590033,3181743,worker_0,W013,ExpandOrShrinkObjects,pattern_group,running,100.0,1,1
ExampleColocalization,3,24,1777974677.8590713,3181743,worker_0,W013,ExpandOrShrinkObjects,step_completed,success,47.05882352941176,8,17
ExampleColocalization,3,24,1777974677.859089,3181743,worker_0,W013,ExpandOrShrinkObjects,step_started,started,47.05882352941176,8,17
ExampleColocalization,3,24,1777974677.882456,3181743,worker_0,W013,ExpandOrShrinkObjects,pattern_group,running,100.0,1,1
ExampleColocalization,3,24,1777974677.8825567,3181743,worker_0,W013,ExpandOrShrinkObjects,step_completed,success,52.94117647058824,9,17
ExampleColocalization,3,24,1777974677.8825767,3181743,worker_0,W013,ExpandOrShrinkObjects,step_started,started,52.94117647058824,9,17
ExampleColocalization,3,24,1777974677.8881848,3181745,worker_2,W015,ExpandOrShrinkObjects,pattern_group,running,100.0,1,1
ExampleColocalization,3,24,1777974677.88826,3181745,worker_2,W015,ExpandOrShrinkObjects,step_completed,success,64.70588235294117,11,17
ExampleColocalization,3,24,1777974677.888278,3181745,worker_2,W015,RelateObjects,step_started,started,64.70588235294117,11,17
ExampleColocalization,3,24,1777974677.92243,3181743,worker_0,W013,ExpandOrShrinkObjects,pattern_group,running,100.0,1,1
ExampleColocalization,3,24,1777974677.9225066,3181743,worker_0,W013,ExpandOrShrinkObjects,step_completed,success,58.82352941176471,10,17
ExampleColocalization,3,24,1777974677.9225245,3181743,worker_0,W013,ExpandOrShrinkObjects,step_started,started,58.82352941176471,10,17
ExampleColocalization,3,24,1777974677.9558883,3181745,worker_2,W015,RelateObjects,pattern_group,running,100.0,1,1
ExampleColocalization,3,24,1777974677.9559908,3181745,worker_2,W015,RelateObjects,step_completed,success,70.58823529411765,12,17
ExampleColocalization,3,24,1777974677.9560125,3181745,worker_2,W015,ClassifyObjects,step_started,started,70.58823529411765,12,17
ExampleColocalization,3,24,1777974677.9576924,3181743,worker_0,W013,ExpandOrShrinkObjects,pattern_group,running,100.0,1,1
ExampleColocalization,3,24,1777974677.957796,3181743,worker_0,W013,ExpandOrShrinkObjects,step_completed,success,64.70588235294117,11,17
ExampleColocalization,3,24,1777974677.957817,3181743,worker_0,W013,RelateObjects,step_started,started,64.70588235294117,11,17
ExampleColocalization,3,24,1777974678.0159066,3181743,worker_0,W013,RelateObjects,pattern_group,running,100.0,1,1
ExampleColocalization,3,24,1777974678.0159853,3181743,worker_0,W013,RelateObjects,step_completed,success,70.58823529411765,12,17
ExampleColocalization,3,24,1777974678.0160038,3181743,worker_0,W013,ClassifyObjects,step_started,started,70.58823529411765,12,17
ExampleColocalization,3,24,1777974678.0221725,3181745,worker_2,W015,ClassifyObjects,pattern_group,running,100.0,1,1
ExampleColocalization,3,24,1777974678.0222392,3181745,worker_2,W015,ClassifyObjects,step_completed,success,76.47058823529412,13,17
ExampleColocalization,3,24,1777974678.022257,3181745,worker_2,W015,FilterObjects,step_started,started,76.47058823529412,13,17
ExampleColocalization,3,24,1777974678.075059,3181744,worker_1,W014,IdentifyPrimaryObjects,pattern_group,running,100.0,1,1
ExampleColocalization,3,24,1777974678.0751178,3181744,worker_1,W014,IdentifyPrimaryObjects,step_completed,success,35.294117647058826,6,17
ExampleColocalization,3,24,1777974678.0751352,3181744,worker_1,W014,RelateObjects,step_started,started,35.294117647058826,6,17
ExampleColocalization,3,24,1777974678.0766354,3181743,worker_0,W013,ClassifyObjects,pattern_group,running,100.0,1,1
ExampleColocalization,3,24,1777974678.0767152,3181743,worker_0,W013,ClassifyObjects,step_completed,success,76.47058823529412,13,17
ExampleColocalization,3,24,1777974678.0767334,3181743,worker_0,W013,FilterObjects,step_started,started,76.47058823529412,13,17
ExampleColocalization,3,24,1777974678.1054106,3181745,worker_2,W015,FilterObjects,pattern_group,running,100.0,1,1
ExampleColocalization,3,24,1777974678.1054845,3181745,worker_2,W015,FilterObjects,step_completed,success,82.35294117647058,14,17
ExampleColocalization,3,24,1777974678.105502,3181745,worker_2,W015,MaskObjects,step_started,started,82.35294117647058,14,17
ExampleColocalization,3,24,1777974678.1400611,3181744,worker_1,W014,RelateObjects,pattern_group,running,100.0,1,1
ExampleColocalization,3,24,1777974678.140176,3181744,worker_1,W014,RelateObjects,step_completed,success,41.17647058823529,7,17
ExampleColocalization,3,24,1777974678.1401985,3181744,worker_1,W014,ExpandOrShrinkObjects,step_started,started,41.17647058823529,7,17
ExampleColocalization,3,24,1777974678.1558928,3181745,worker_2,W015,MaskObjects,pattern_group,running,100.0,1,1
ExampleColocalization,3,24,1777974678.1559632,3181745,worker_2,W015,MaskObjects,step_completed,success,88.23529411764706,15,17
ExampleColocalization,3,24,1777974678.1559825,3181745,worker_2,W015,MeasureImageAreaOccupied,step_started,started,88.23529411764706,15,17
ExampleColocalization,3,24,1777974678.1567736,3181743,worker_0,W013,FilterObjects,pattern_group,running,100.0,1,1
ExampleColocalization,3,24,1777974678.1568604,3181743,worker_0,W013,FilterObjects,step_completed,success,82.35294117647058,14,17
ExampleColocalization,3,24,1777974678.1568778,3181743,worker_0,W013,MaskObjects,step_started,started,82.35294117647058,14,17
ExampleColocalization,3,24,1777974678.16301,3181744,worker_1,W014,ExpandOrShrinkObjects,pattern_group,running,100.0,1,1
ExampleColocalization,3,24,1777974678.1631432,3181744,worker_1,W014,ExpandOrShrinkObjects,step_completed,success,47.05882352941176,8,17
ExampleColocalization,3,24,1777974678.163167,3181744,worker_1,W014,ExpandOrShrinkObjects,step_started,started,47.05882352941176,8,17
ExampleColocalization,3,24,1777974678.1926978,3181744,worker_1,W014,ExpandOrShrinkObjects,pattern_group,running,100.0,1,1
ExampleColocalization,3,24,1777974678.1927958,3181744,worker_1,W014,ExpandOrShrinkObjects,step_completed,success,52.94117647058824,9,17
ExampleColocalization,3,24,1777974678.192816,3181744,worker_1,W014,ExpandOrShrinkObjects,step_started,started,52.94117647058824,9,17
ExampleColocalization,3,24,1777974678.197808,3181745,worker_2,W015,MeasureImageAreaOccupied,pattern_group,running,100.0,1,1
ExampleColocalization,3,24,1777974678.1978793,3181745,worker_2,W015,MeasureImageAreaOccupied,step_completed,success,94.11764705882352,16,17
ExampleColocalization,3,24,1777974678.1978996,3181745,worker_2,W015,CalculateMath,step_started,started,94.11764705882352,16,17
ExampleColocalization,3,24,1777974678.2048612,3181743,worker_0,W013,MaskObjects,pattern_group,running,100.0,1,1
ExampleColocalization,3,24,1777974678.204973,3181743,worker_0,W013,MaskObjects,step_completed,success,88.23529411764706,15,17
ExampleColocalization,3,24,1777974678.2049942,3181743,worker_0,W013,MeasureImageAreaOccupied,step_started,started,88.23529411764706,15,17
ExampleColocalization,3,24,1777974678.228609,3181744,worker_1,W014,ExpandOrShrinkObjects,pattern_group,running,100.0,1,1
ExampleColocalization,3,24,1777974678.228674,3181744,worker_1,W014,ExpandOrShrinkObjects,step_completed,success,58.82352941176471,10,17
ExampleColocalization,3,24,1777974678.2286913,3181744,worker_1,W014,ExpandOrShrinkObjects,step_started,started,58.82352941176471,10,17
ExampleColocalization,3,24,1777974678.2404237,3181743,worker_0,W013,MeasureImageAreaOccupied,pattern_group,running,100.0,1,1
ExampleColocalization,3,24,1777974678.2404988,3181743,worker_0,W013,MeasureImageAreaOccupied,step_completed,success,94.11764705882352,16,17
ExampleColocalization,3,24,1777974678.2405183,3181743,worker_0,W013,CalculateMath,step_started,started,94.11764705882352,16,17
ExampleColocalization,3,24,1777974678.2596374,3181744,worker_1,W014,ExpandOrShrinkObjects,pattern_group,running,100.0,1,1
ExampleColocalization,3,24,1777974678.2597282,3181744,worker_1,W014,ExpandOrShrinkObjects,step_completed,success,64.70588235294117,11,17
ExampleColocalization,3,24,1777974678.259748,3181744,worker_1,W014,RelateObjects,step_started,started,64.70588235294117,11,17
ExampleColocalization,3,24,1777974678.2688293,3181745,worker_2,W015,CalculateMath,pattern_group,running,50.0,1,2
ExampleColocalization,3,24,1777974678.3027122,3181743,worker_0,W013,CalculateMath,pattern_group,running,50.0,1,2
ExampleColocalization,3,24,1777974678.3157237,3181744,worker_1,W014,RelateObjects,pattern_group,running,100.0,1,1
ExampleColocalization,3,24,1777974678.3158374,3181744,worker_1,W014,RelateObjects,step_completed,success,70.58823529411765,12,17
ExampleColocalization,3,24,1777974678.3158581,3181744,worker_1,W014,ClassifyObjects,step_started,started,70.58823529411765,12,17
ExampleColocalization,3,24,1777974678.330079,3181745,worker_2,W015,CalculateMath,pattern_group,running,100.0,2,2
ExampleColocalization,3,24,1777974678.3301368,3181745,worker_2,W015,CalculateMath,step_completed,success,100.0,17,17
ExampleColocalization,3,24,1777974678.3302824,3181745,worker_2,W015,pipeline,axis_completed,success,100.0,17,17
ExampleColocalization,3,24,1777974678.3303037,3181745,worker_2,W018,pipeline,axis_started,started,0.0,0,17
ExampleColocalization,3,24,1777974678.3303216,3181745,worker_2,W018,CorrectIlluminationCalculate,step_started,started,0.0,0,17
ExampleColocalization,3,24,1777974678.3585951,3181743,worker_0,W013,CalculateMath,pattern_group,running,100.0,2,2
ExampleColocalization,3,24,1777974678.3587022,3181743,worker_0,W013,CalculateMath,step_completed,success,100.0,17,17
ExampleColocalization,3,24,1777974678.358939,3181743,worker_0,W013,pipeline,axis_completed,success,100.0,17,17
ExampleColocalization,3,24,1777974678.3589697,3181743,worker_0,W016,pipeline,axis_started,started,0.0,0,17
ExampleColocalization,3,24,1777974678.3589993,3181743,worker_0,W016,CorrectIlluminationCalculate,step_started,started,0.0,0,17
ExampleColocalization,3,24,1777974678.3725069,3181744,worker_1,W014,ClassifyObjects,pattern_group,running,100.0,1,1
ExampleColocalization,3,24,1777974678.3726068,3181744,worker_1,W014,ClassifyObjects,step_completed,success,76.47058823529412,13,17
ExampleColocalization,3,24,1777974678.372628,3181744,worker_1,W014,FilterObjects,step_started,started,76.47058823529412,13,17
ExampleColocalization,3,24,1777974678.4496322,3181744,worker_1,W014,FilterObjects,pattern_group,running,100.0,1,1
ExampleColocalization,3,24,1777974678.4496977,3181744,worker_1,W014,FilterObjects,step_completed,success,82.35294117647058,14,17
ExampleColocalization,3,24,1777974678.449715,3181744,worker_1,W014,MaskObjects,step_started,started,82.35294117647058,14,17
ExampleColocalization,3,24,1777974678.5086281,3181744,worker_1,W014,MaskObjects,pattern_group,running,100.0,1,1
ExampleColocalization,3,24,1777974678.5087147,3181744,worker_1,W014,MaskObjects,step_completed,success,88.23529411764706,15,17
ExampleColocalization,3,24,1777974678.508734,3181744,worker_1,W014,MeasureImageAreaOccupied,step_started,started,88.23529411764706,15,17
ExampleColocalization,3,24,1777974678.5235834,3181745,worker_2,W018,CorrectIlluminationCalculate,pattern_group,running,100.0,1,1
ExampleColocalization,3,24,1777974678.5236905,3181745,worker_2,W018,CorrectIlluminationCalculate,step_completed,success,5.88235294117647,1,17
ExampleColocalization,3,24,1777974678.5237105,3181745,worker_2,W018,CorrectIlluminationCalculate,step_started,started,5.88235294117647,1,17
ExampleColocalization,3,24,1777974678.5423892,3181744,worker_1,W014,MeasureImageAreaOccupied,pattern_group,running,100.0,1,1
ExampleColocalization,3,24,1777974678.5424879,3181744,worker_1,W014,MeasureImageAreaOccupied,step_completed,success,94.11764705882352,16,17
ExampleColocalization,3,24,1777974678.5425072,3181744,worker_1,W014,CalculateMath,step_started,started,94.11764705882352,16,17
ExampleColocalization,3,24,1777974678.5545669,3181743,worker_0,W016,CorrectIlluminationCalculate,pattern_group,running,100.0,1,1
ExampleColocalization,3,24,1777974678.5546567,3181743,worker_0,W016,CorrectIlluminationCalculate,step_completed,success,5.88235294117647,1,17
ExampleColocalization,3,24,1777974678.5546746,3181743,worker_0,W016,CorrectIlluminationCalculate,step_started,started,5.88235294117647,1,17
ExampleColocalization,3,24,1777974678.6022182,3181744,worker_1,W014,CalculateMath,pattern_group,running,50.0,1,2
ExampleColocalization,3,24,1777974678.663668,3181744,worker_1,W014,CalculateMath,pattern_group,running,100.0,2,2
ExampleColocalization,3,24,1777974678.663789,3181744,worker_1,W014,CalculateMath,step_completed,success,100.0,17,17
ExampleColocalization,3,24,1777974678.6640143,3181744,worker_1,W014,pipeline,axis_completed,success,100.0,17,17
ExampleColocalization,3,24,1777974678.6640432,3181744,worker_1,W017,pipeline,axis_started,started,0.0,0,17
ExampleColocalization,3,24,1777974678.6640677,3181744,worker_1,W017,CorrectIlluminationCalculate,step_started,started,0.0,0,17
ExampleColocalization,3,24,1777974678.6793,3181745,worker_2,W018,CorrectIlluminationCalculate,pattern_group,running,100.0,1,1
ExampleColocalization,3,24,1777974678.6793752,3181745,worker_2,W018,CorrectIlluminationCalculate,step_completed,success,11.76470588235294,2,17
ExampleColocalization,3,24,1777974678.679394,3181745,worker_2,W018,Align,step_started,started,11.76470588235294,2,17
ExampleColocalization,3,24,1777974678.7117593,3181743,worker_0,W016,CorrectIlluminationCalculate,pattern_group,running,100.0,1,1
ExampleColocalization,3,24,1777974678.71184,3181743,worker_0,W016,CorrectIlluminationCalculate,step_completed,success,11.76470588235294,2,17
ExampleColocalization,3,24,1777974678.7118676,3181743,worker_0,W016,Align,step_started,started,11.76470588235294,2,17
ExampleColocalization,3,24,1777974678.8528872,3181744,worker_1,W017,CorrectIlluminationCalculate,pattern_group,running,100.0,1,1
ExampleColocalization,3,24,1777974678.852951,3181744,worker_1,W017,CorrectIlluminationCalculate,step_completed,success,5.88235294117647,1,17
ExampleColocalization,3,24,1777974678.852968,3181744,worker_1,W017,CorrectIlluminationCalculate,step_started,started,5.88235294117647,1,17
ExampleColocalization,3,24,1777974679.0513372,3181744,worker_1,W017,CorrectIlluminationCalculate,pattern_group,running,100.0,1,1
ExampleColocalization,3,24,1777974679.0514355,3181744,worker_1,W017,CorrectIlluminationCalculate,step_completed,success,11.76470588235294,2,17
ExampleColocalization,3,24,1777974679.0514555,3181744,worker_1,W017,Align,step_started,started,11.76470588235294,2,17
ExampleColocalization,3,24,1777974679.1272976,3181745,worker_2,W018,Align,pattern_group,running,100.0,1,1
ExampleColocalization,3,24,1777974679.1273963,3181745,worker_2,W018,Align,step_completed,success,17.647058823529413,3,17
ExampleColocalization,3,24,1777974679.1274164,3181745,worker_2,W018,MeasureColocalization,step_started,started,17.647058823529413,3,17
ExampleColocalization,3,24,1777974679.1371632,3181743,worker_0,W016,Align,pattern_group,running,100.0,1,1
ExampleColocalization,3,24,1777974679.1372502,3181743,worker_0,W016,Align,step_completed,success,17.647058823529413,3,17
ExampleColocalization,3,24,1777974679.1372685,3181743,worker_0,W016,MeasureColocalization,step_started,started,17.647058823529413,3,17
ExampleColocalization,3,24,1777974679.4665966,3181745,worker_2,W018,MeasureColocalization,pattern_group,running,100.0,1,1
ExampleColocalization,3,24,1777974679.4667113,3181745,worker_2,W018,MeasureColocalization,step_completed,success,23.52941176470588,4,17
ExampleColocalization,3,24,1777974679.466733,3181745,worker_2,W018,IdentifyPrimaryObjects,step_started,started,23.52941176470588,4,17
ExampleColocalization,3,24,1777974679.4859667,3181743,worker_0,W016,MeasureColocalization,pattern_group,running,100.0,1,1
ExampleColocalization,3,24,1777974679.48602,3181743,worker_0,W016,MeasureColocalization,step_completed,success,23.52941176470588,4,17
ExampleColocalization,3,24,1777974679.4860375,3181743,worker_0,W016,IdentifyPrimaryObjects,step_started,started,23.52941176470588,4,17
ExampleColocalization,3,24,1777974679.5683439,3181744,worker_1,W017,Align,pattern_group,running,100.0,1,1
ExampleColocalization,3,24,1777974679.5684292,3181744,worker_1,W017,Align,step_completed,success,17.647058823529413,3,17
ExampleColocalization,3,24,1777974679.5684478,3181744,worker_1,W017,MeasureColocalization,step_started,started,17.647058823529413,3,17
ExampleColocalization,3,24,1777974679.9179544,3181744,worker_1,W017,MeasureColocalization,pattern_group,running,100.0,1,1
ExampleColocalization,3,24,1777974679.9180832,3181744,worker_1,W017,MeasureColocalization,step_completed,success,23.52941176470588,4,17
ExampleColocalization,3,24,1777974679.9181046,3181744,worker_1,W017,IdentifyPrimaryObjects,step_started,started,23.52941176470588,4,17
ExampleColocalization,3,24,1777974680.032485,3181745,worker_2,W018,IdentifyPrimaryObjects,pattern_group,running,100.0,1,1
ExampleColocalization,3,24,1777974680.0325713,3181745,worker_2,W018,IdentifyPrimaryObjects,step_completed,success,29.411764705882355,5,17
ExampleColocalization,3,24,1777974680.032595,3181745,worker_2,W018,IdentifyPrimaryObjects,step_started,started,29.411764705882355,5,17
ExampleColocalization,3,24,1777974680.1486516,3181743,worker_0,W016,IdentifyPrimaryObjects,pattern_group,running,100.0,1,1
ExampleColocalization,3,24,1777974680.1487334,3181743,worker_0,W016,IdentifyPrimaryObjects,step_completed,success,29.411764705882355,5,17
ExampleColocalization,3,24,1777974680.1487563,3181743,worker_0,W016,IdentifyPrimaryObjects,step_started,started,29.411764705882355,5,17
ExampleColocalization,3,24,1777974680.574633,3181744,worker_1,W017,IdentifyPrimaryObjects,pattern_group,running,100.0,1,1
ExampleColocalization,3,24,1777974680.5747104,3181744,worker_1,W017,IdentifyPrimaryObjects,step_completed,success,29.411764705882355,5,17
ExampleColocalization,3,24,1777974680.574729,3181744,worker_1,W017,IdentifyPrimaryObjects,step_started,started,29.411764705882355,5,17
ExampleColocalization,3,24,1777974680.7093437,3181745,worker_2,W018,IdentifyPrimaryObjects,pattern_group,running,100.0,1,1
ExampleColocalization,3,24,1777974680.7094119,3181745,worker_2,W018,IdentifyPrimaryObjects,step_completed,success,35.294117647058826,6,17
ExampleColocalization,3,24,1777974680.7094295,3181745,worker_2,W018,RelateObjects,step_started,started,35.294117647058826,6,17
ExampleColocalization,3,24,1777974680.7760468,3181745,worker_2,W018,RelateObjects,pattern_group,running,100.0,1,1
ExampleColocalization,3,24,1777974680.776175,3181745,worker_2,W018,RelateObjects,step_completed,success,41.17647058823529,7,17
ExampleColocalization,3,24,1777974680.7761977,3181745,worker_2,W018,ExpandOrShrinkObjects,step_started,started,41.17647058823529,7,17
ExampleColocalization,3,24,1777974680.7991095,3181745,worker_2,W018,ExpandOrShrinkObjects,pattern_group,running,100.0,1,1
ExampleColocalization,3,24,1777974680.799182,3181745,worker_2,W018,ExpandOrShrinkObjects,step_completed,success,47.05882352941176,8,17
ExampleColocalization,3,24,1777974680.7992003,3181745,worker_2,W018,ExpandOrShrinkObjects,step_started,started,47.05882352941176,8,17
ExampleColocalization,3,24,1777974680.8233135,3181745,worker_2,W018,ExpandOrShrinkObjects,pattern_group,running,100.0,1,1
ExampleColocalization,3,24,1777974680.823408,3181745,worker_2,W018,ExpandOrShrinkObjects,step_completed,success,52.94117647058824,9,17
ExampleColocalization,3,24,1777974680.8234277,3181745,worker_2,W018,ExpandOrShrinkObjects,step_started,started,52.94117647058824,9,17
ExampleColocalization,3,24,1777974680.8392758,3181743,worker_0,W016,IdentifyPrimaryObjects,pattern_group,running,100.0,1,1
ExampleColocalization,3,24,1777974680.8394244,3181743,worker_0,W016,IdentifyPrimaryObjects,step_completed,success,35.294117647058826,6,17
ExampleColocalization,3,24,1777974680.8394449,3181743,worker_0,W016,RelateObjects,step_started,started,35.294117647058826,6,17
ExampleColocalization,3,24,1777974680.856938,3181745,worker_2,W018,ExpandOrShrinkObjects,pattern_group,running,100.0,1,1
ExampleColocalization,3,24,1777974680.8570051,3181745,worker_2,W018,ExpandOrShrinkObjects,step_completed,success,58.82352941176471,10,17
ExampleColocalization,3,24,1777974680.8570235,3181745,worker_2,W018,ExpandOrShrinkObjects,step_started,started,58.82352941176471,10,17
ExampleColocalization,3,24,1777974680.8974247,3181745,worker_2,W018,ExpandOrShrinkObjects,pattern_group,running,100.0,1,1
ExampleColocalization,3,24,1777974680.8975484,3181745,worker_2,W018,ExpandOrShrinkObjects,step_completed,success,64.70588235294117,11,17
ExampleColocalization,3,24,1777974680.8975704,3181745,worker_2,W018,RelateObjects,step_started,started,64.70588235294117,11,17
ExampleColocalization,3,24,1777974680.907465,3181743,worker_0,W016,RelateObjects,pattern_group,running,100.0,1,1
ExampleColocalization,3,24,1777974680.9075449,3181743,worker_0,W016,RelateObjects,step_completed,success,41.17647058823529,7,17
ExampleColocalization,3,24,1777974680.9075627,3181743,worker_0,W016,ExpandOrShrinkObjects,step_started,started,41.17647058823529,7,17
ExampleColocalization,3,24,1777974680.9274201,3181743,worker_0,W016,ExpandOrShrinkObjects,pattern_group,running,100.0,1,1
ExampleColocalization,3,24,1777974680.9275453,3181743,worker_0,W016,ExpandOrShrinkObjects,step_completed,success,47.05882352941176,8,17
ExampleColocalization,3,24,1777974680.9275692,3181743,worker_0,W016,ExpandOrShrinkObjects,step_started,started,47.05882352941176,8,17
ExampleColocalization,3,24,1777974680.952651,3181743,worker_0,W016,ExpandOrShrinkObjects,pattern_group,running,100.0,1,1
ExampleColocalization,3,24,1777974680.9527376,3181743,worker_0,W016,ExpandOrShrinkObjects,step_completed,success,52.94117647058824,9,17
ExampleColocalization,3,24,1777974680.95276,3181743,worker_0,W016,ExpandOrShrinkObjects,step_started,started,52.94117647058824,9,17
ExampleColocalization,3,24,1777974680.9674494,3181745,worker_2,W018,RelateObjects,pattern_group,running,100.0,1,1
ExampleColocalization,3,24,1777974680.9675763,3181745,worker_2,W018,RelateObjects,step_completed,success,70.58823529411765,12,17
ExampleColocalization,3,24,1777974680.9675994,3181745,worker_2,W018,ClassifyObjects,step_started,started,70.58823529411765,12,17
ExampleColocalization,3,24,1777974680.9843802,3181743,worker_0,W016,ExpandOrShrinkObjects,pattern_group,running,100.0,1,1
ExampleColocalization,3,24,1777974680.9844553,3181743,worker_0,W016,ExpandOrShrinkObjects,step_completed,success,58.82352941176471,10,17
ExampleColocalization,3,24,1777974680.984478,3181743,worker_0,W016,ExpandOrShrinkObjects,step_started,started,58.82352941176471,10,17
ExampleColocalization,3,24,1777974681.0170536,3181743,worker_0,W016,ExpandOrShrinkObjects,pattern_group,running,100.0,1,1
ExampleColocalization,3,24,1777974681.017173,3181743,worker_0,W016,ExpandOrShrinkObjects,step_completed,success,64.70588235294117,11,17
ExampleColocalization,3,24,1777974681.0171957,3181743,worker_0,W016,RelateObjects,step_started,started,64.70588235294117,11,17
ExampleColocalization,3,24,1777974681.035911,3181745,worker_2,W018,ClassifyObjects,pattern_group,running,100.0,1,1
ExampleColocalization,3,24,1777974681.0360122,3181745,worker_2,W018,ClassifyObjects,step_completed,success,76.47058823529412,13,17
ExampleColocalization,3,24,1777974681.036032,3181745,worker_2,W018,FilterObjects,step_started,started,76.47058823529412,13,17
ExampleColocalization,3,24,1777974681.076292,3181743,worker_0,W016,RelateObjects,pattern_group,running,100.0,1,1
ExampleColocalization,3,24,1777974681.0763829,3181743,worker_0,W016,RelateObjects,step_completed,success,70.58823529411765,12,17
ExampleColocalization,3,24,1777974681.076402,3181743,worker_0,W016,ClassifyObjects,step_started,started,70.58823529411765,12,17
ExampleColocalization,3,24,1777974681.1233811,3181745,worker_2,W018,FilterObjects,pattern_group,running,100.0,1,1
ExampleColocalization,3,24,1777974681.12349,3181745,worker_2,W018,FilterObjects,step_completed,success,82.35294117647058,14,17
ExampleColocalization,3,24,1777974681.123511,3181745,worker_2,W018,MaskObjects,step_started,started,82.35294117647058,14,17
ExampleColocalization,3,24,1777974681.139768,3181743,worker_0,W016,ClassifyObjects,pattern_group,running,100.0,1,1
ExampleColocalization,3,24,1777974681.1398294,3181743,worker_0,W016,ClassifyObjects,step_completed,success,76.47058823529412,13,17
ExampleColocalization,3,24,1777974681.1398463,3181743,worker_0,W016,FilterObjects,step_started,started,76.47058823529412,13,17
ExampleColocalization,3,24,1777974681.1644871,3181745,worker_2,W018,MaskObjects,pattern_group,running,100.0,1,1
ExampleColocalization,3,24,1777974681.164612,3181745,worker_2,W018,MaskObjects,step_completed,success,88.23529411764706,15,17
ExampleColocalization,3,24,1777974681.1646366,3181745,worker_2,W018,MeasureImageAreaOccupied,step_started,started,88.23529411764706,15,17
ExampleColocalization,3,24,1777974681.1973321,3181745,worker_2,W018,MeasureImageAreaOccupied,pattern_group,running,100.0,1,1
ExampleColocalization,3,24,1777974681.1974711,3181745,worker_2,W018,MeasureImageAreaOccupied,step_completed,success,94.11764705882352,16,17
ExampleColocalization,3,24,1777974681.1974962,3181745,worker_2,W018,CalculateMath,step_started,started,94.11764705882352,16,17
ExampleColocalization,3,24,1777974681.220888,3181743,worker_0,W016,FilterObjects,pattern_group,running,100.0,1,1
ExampleColocalization,3,24,1777974681.2209578,3181743,worker_0,W016,FilterObjects,step_completed,success,82.35294117647058,14,17
ExampleColocalization,3,24,1777974681.2209756,3181743,worker_0,W016,MaskObjects,step_started,started,82.35294117647058,14,17
ExampleColocalization,3,24,1777974681.2468028,3181744,worker_1,W017,IdentifyPrimaryObjects,pattern_group,running,100.0,1,1
ExampleColocalization,3,24,1777974681.2468724,3181744,worker_1,W017,IdentifyPrimaryObjects,step_completed,success,35.294117647058826,6,17
ExampleColocalization,3,24,1777974681.246891,3181744,worker_1,W017,RelateObjects,step_started,started,35.294117647058826,6,17
ExampleColocalization,3,24,1777974681.2602763,3181743,worker_0,W016,MaskObjects,pattern_group,running,100.0,1,1
ExampleColocalization,3,24,1777974681.2603679,3181743,worker_0,W016,MaskObjects,step_completed,success,88.23529411764706,15,17
ExampleColocalization,3,24,1777974681.260389,3181743,worker_0,W016,MeasureImageAreaOccupied,step_started,started,88.23529411764706,15,17
ExampleColocalization,3,24,1777974681.2651043,3181745,worker_2,W018,CalculateMath,pattern_group,running,50.0,1,2
ExampleColocalization,3,24,1777974681.294942,3181743,worker_0,W016,MeasureImageAreaOccupied,pattern_group,running,100.0,1,1
ExampleColocalization,3,24,1777974681.295038,3181743,worker_0,W016,MeasureImageAreaOccupied,step_completed,success,94.11764705882352,16,17
ExampleColocalization,3,24,1777974681.295057,3181743,worker_0,W016,CalculateMath,step_started,started,94.11764705882352,16,17
ExampleColocalization,3,24,1777974681.3106225,3181744,worker_1,W017,RelateObjects,pattern_group,running,100.0,1,1
ExampleColocalization,3,24,1777974681.310682,3181744,worker_1,W017,RelateObjects,step_completed,success,41.17647058823529,7,17
ExampleColocalization,3,24,1777974681.3106992,3181744,worker_1,W017,ExpandOrShrinkObjects,step_started,started,41.17647058823529,7,17
ExampleColocalization,3,24,1777974681.3285952,3181744,worker_1,W017,ExpandOrShrinkObjects,pattern_group,running,100.0,1,1
ExampleColocalization,3,24,1777974681.3286731,3181744,worker_1,W017,ExpandOrShrinkObjects,step_completed,success,47.05882352941176,8,17
ExampleColocalization,3,24,1777974681.328691,3181744,worker_1,W017,ExpandOrShrinkObjects,step_started,started,47.05882352941176,8,17
ExampleColocalization,3,24,1777974681.333838,3181745,worker_2,W018,CalculateMath,pattern_group,running,100.0,2,2
ExampleColocalization,3,24,1777974681.3339071,3181745,worker_2,W018,CalculateMath,step_completed,success,100.0,17,17
ExampleColocalization,3,24,1777974681.3340743,3181745,worker_2,W018,pipeline,axis_completed,success,100.0,17,17
ExampleColocalization,3,24,1777974681.3340976,3181745,worker_2,W021,pipeline,axis_started,started,0.0,0,17
ExampleColocalization,3,24,1777974681.3341167,3181745,worker_2,W021,CorrectIlluminationCalculate,step_started,started,0.0,0,17
ExampleColocalization,3,24,1777974681.346407,3181744,worker_1,W017,ExpandOrShrinkObjects,pattern_group,running,100.0,1,1
ExampleColocalization,3,24,1777974681.3464968,3181744,worker_1,W017,ExpandOrShrinkObjects,step_completed,success,52.94117647058824,9,17
ExampleColocalization,3,24,1777974681.3465183,3181744,worker_1,W017,ExpandOrShrinkObjects,step_started,started,52.94117647058824,9,17
ExampleColocalization,3,24,1777974681.3536706,3181743,worker_0,W016,CalculateMath,pattern_group,running,50.0,1,2
ExampleColocalization,3,24,1777974681.3734832,3181744,worker_1,W017,ExpandOrShrinkObjects,pattern_group,running,100.0,1,1
ExampleColocalization,3,24,1777974681.37359,3181744,worker_1,W017,ExpandOrShrinkObjects,step_completed,success,58.82352941176471,10,17
ExampleColocalization,3,24,1777974681.3736112,3181744,worker_1,W017,ExpandOrShrinkObjects,step_started,started,58.82352941176471,10,17
ExampleColocalization,3,24,1777974681.4044309,3181744,worker_1,W017,ExpandOrShrinkObjects,pattern_group,running,100.0,1,1
ExampleColocalization,3,24,1777974681.4045033,3181744,worker_1,W017,ExpandOrShrinkObjects,step_completed,success,64.70588235294117,11,17
ExampleColocalization,3,24,1777974681.404526,3181744,worker_1,W017,RelateObjects,step_started,started,64.70588235294117,11,17
ExampleColocalization,3,24,1777974681.4137473,3181743,worker_0,W016,CalculateMath,pattern_group,running,100.0,2,2
ExampleColocalization,3,24,1777974681.4138033,3181743,worker_0,W016,CalculateMath,step_completed,success,100.0,17,17
ExampleColocalization,3,24,1777974681.4139524,3181743,worker_0,W016,pipeline,axis_completed,success,100.0,17,17
ExampleColocalization,3,24,1777974681.4139745,3181743,worker_0,W019,pipeline,axis_started,started,0.0,0,17
ExampleColocalization,3,24,1777974681.4139924,3181743,worker_0,W019,CorrectIlluminationCalculate,step_started,started,0.0,0,17
ExampleColocalization,3,24,1777974681.4597538,3181744,worker_1,W017,RelateObjects,pattern_group,running,100.0,1,1
ExampleColocalization,3,24,1777974681.4598544,3181744,worker_1,W017,RelateObjects,step_completed,success,70.58823529411765,12,17
ExampleColocalization,3,24,1777974681.4598815,3181744,worker_1,W017,ClassifyObjects,step_started,started,70.58823529411765,12,17
ExampleColocalization,3,24,1777974681.5123982,3181745,worker_2,W021,CorrectIlluminationCalculate,pattern_group,running,100.0,1,1
ExampleColocalization,3,24,1777974681.5124707,3181745,worker_2,W021,CorrectIlluminationCalculate,step_completed,success,5.88235294117647,1,17
ExampleColocalization,3,24,1777974681.5124888,3181745,worker_2,W021,CorrectIlluminationCalculate,step_started,started,5.88235294117647,1,17
ExampleColocalization,3,24,1777974681.5272448,3181744,worker_1,W017,ClassifyObjects,pattern_group,running,100.0,1,1
ExampleColocalization,3,24,1777974681.5273306,3181744,worker_1,W017,ClassifyObjects,step_completed,success,76.47058823529412,13,17
ExampleColocalization,3,24,1777974681.5273547,3181744,worker_1,W017,FilterObjects,step_started,started,76.47058823529412,13,17
ExampleColocalization,3,24,1777974681.5859756,3181743,worker_0,W019,CorrectIlluminationCalculate,pattern_group,running,100.0,1,1
ExampleColocalization,3,24,1777974681.5860364,3181743,worker_0,W019,CorrectIlluminationCalculate,step_completed,success,5.88235294117647,1,17
ExampleColocalization,3,24,1777974681.5860558,3181743,worker_0,W019,CorrectIlluminationCalculate,step_started,started,5.88235294117647,1,17
ExampleColocalization,3,24,1777974681.6092923,3181744,worker_1,W017,FilterObjects,pattern_group,running,100.0,1,1
ExampleColocalization,3,24,1777974681.60937,3181744,worker_1,W017,FilterObjects,step_completed,success,82.35294117647058,14,17
ExampleColocalization,3,24,1777974681.6093886,3181744,worker_1,W017,MaskObjects,step_started,started,82.35294117647058,14,17
ExampleColocalization,3,24,1777974681.658617,3181744,worker_1,W017,MaskObjects,pattern_group,running,100.0,1,1
ExampleColocalization,3,24,1777974681.6587007,3181744,worker_1,W017,MaskObjects,step_completed,success,88.23529411764706,15,17
ExampleColocalization,3,24,1777974681.6587198,3181744,worker_1,W017,MeasureImageAreaOccupied,step_started,started,88.23529411764706,15,17
ExampleColocalization,3,24,1777974681.6866388,3181745,worker_2,W021,CorrectIlluminationCalculate,pattern_group,running,100.0,1,1
ExampleColocalization,3,24,1777974681.6867592,3181745,worker_2,W021,CorrectIlluminationCalculate,step_completed,success,11.76470588235294,2,17
ExampleColocalization,3,24,1777974681.6867795,3181745,worker_2,W021,Align,step_started,started,11.76470588235294,2,17
ExampleColocalization,3,24,1777974681.6998923,3181744,worker_1,W017,MeasureImageAreaOccupied,pattern_group,running,100.0,1,1
ExampleColocalization,3,24,1777974681.6999831,3181744,worker_1,W017,MeasureImageAreaOccupied,step_completed,success,94.11764705882352,16,17
ExampleColocalization,3,24,1777974681.7000017,3181744,worker_1,W017,CalculateMath,step_started,started,94.11764705882352,16,17
ExampleColocalization,3,24,1777974681.745615,3181743,worker_0,W019,CorrectIlluminationCalculate,pattern_group,running,100.0,1,1
ExampleColocalization,3,24,1777974681.7456775,3181743,worker_0,W019,CorrectIlluminationCalculate,step_completed,success,11.76470588235294,2,17
ExampleColocalization,3,24,1777974681.7456946,3181743,worker_0,W019,Align,step_started,started,11.76470588235294,2,17
ExampleColocalization,3,24,1777974681.7601538,3181744,worker_1,W017,CalculateMath,pattern_group,running,50.0,1,2
ExampleColocalization,3,24,1777974681.8250923,3181744,worker_1,W017,CalculateMath,pattern_group,running,100.0,2,2
ExampleColocalization,3,24,1777974681.825154,3181744,worker_1,W017,CalculateMath,step_completed,success,100.0,17,17
ExampleColocalization,3,24,1777974681.825305,3181744,worker_1,W017,pipeline,axis_completed,success,100.0,17,17
ExampleColocalization,3,24,1777974681.8253279,3181744,worker_1,W020,pipeline,axis_started,started,0.0,0,17
ExampleColocalization,3,24,1777974681.825346,3181744,worker_1,W020,CorrectIlluminationCalculate,step_started,started,0.0,0,17
ExampleColocalization,3,24,1777974682.0257428,3181744,worker_1,W020,CorrectIlluminationCalculate,pattern_group,running,100.0,1,1
ExampleColocalization,3,24,1777974682.025839,3181744,worker_1,W020,CorrectIlluminationCalculate,step_completed,success,5.88235294117647,1,17
ExampleColocalization,3,24,1777974682.025859,3181744,worker_1,W020,CorrectIlluminationCalculate,step_started,started,5.88235294117647,1,17
ExampleColocalization,3,24,1777974682.0968082,3181745,worker_2,W021,Align,pattern_group,running,100.0,1,1
ExampleColocalization,3,24,1777974682.0969577,3181745,worker_2,W021,Align,step_completed,success,17.647058823529413,3,17
ExampleColocalization,3,24,1777974682.0969892,3181745,worker_2,W021,MeasureColocalization,step_started,started,17.647058823529413,3,17
ExampleColocalization,3,24,1777974682.179734,3181743,worker_0,W019,Align,pattern_group,running,100.0,1,1
ExampleColocalization,3,24,1777974682.179826,3181743,worker_0,W019,Align,step_completed,success,17.647058823529413,3,17
ExampleColocalization,3,24,1777974682.1798456,3181743,worker_0,W019,MeasureColocalization,step_started,started,17.647058823529413,3,17
ExampleColocalization,3,24,1777974682.2259393,3181744,worker_1,W020,CorrectIlluminationCalculate,pattern_group,running,100.0,1,1
ExampleColocalization,3,24,1777974682.2260501,3181744,worker_1,W020,CorrectIlluminationCalculate,step_completed,success,11.76470588235294,2,17
ExampleColocalization,3,24,1777974682.226069,3181744,worker_1,W020,Align,step_started,started,11.76470588235294,2,17
ExampleColocalization,3,24,1777974682.4259098,3181745,worker_2,W021,MeasureColocalization,pattern_group,running,100.0,1,1
ExampleColocalization,3,24,1777974682.425981,3181745,worker_2,W021,MeasureColocalization,step_completed,success,23.52941176470588,4,17
ExampleColocalization,3,24,1777974682.426,3181745,worker_2,W021,IdentifyPrimaryObjects,step_started,started,23.52941176470588,4,17
ExampleColocalization,3,24,1777974682.5083375,3181743,worker_0,W019,MeasureColocalization,pattern_group,running,100.0,1,1
ExampleColocalization,3,24,1777974682.5084772,3181743,worker_0,W019,MeasureColocalization,step_completed,success,23.52941176470588,4,17
ExampleColocalization,3,24,1777974682.5085013,3181743,worker_0,W019,IdentifyPrimaryObjects,step_started,started,23.52941176470588,4,17
ExampleColocalization,3,24,1777974682.7018516,3181744,worker_1,W020,Align,pattern_group,running,100.0,1,1
ExampleColocalization,3,24,1777974682.7019172,3181744,worker_1,W020,Align,step_completed,success,17.647058823529413,3,17
ExampleColocalization,3,24,1777974682.7019346,3181744,worker_1,W020,MeasureColocalization,step_started,started,17.647058823529413,3,17
ExampleColocalization,3,24,1777974683.037633,3181744,worker_1,W020,MeasureColocalization,pattern_group,running,100.0,1,1
ExampleColocalization,3,24,1777974683.0377393,3181744,worker_1,W020,MeasureColocalization,step_completed,success,23.52941176470588,4,17
ExampleColocalization,3,24,1777974683.0377612,3181744,worker_1,W020,IdentifyPrimaryObjects,step_started,started,23.52941176470588,4,17
ExampleColocalization,3,24,1777974683.0555854,3181745,worker_2,W021,IdentifyPrimaryObjects,pattern_group,running,100.0,1,1
ExampleColocalization,3,24,1777974683.0556722,3181745,worker_2,W021,IdentifyPrimaryObjects,step_completed,success,29.411764705882355,5,17
ExampleColocalization,3,24,1777974683.0556917,3181745,worker_2,W021,IdentifyPrimaryObjects,step_started,started,29.411764705882355,5,17
ExampleColocalization,3,24,1777974683.1594558,3181743,worker_0,W019,IdentifyPrimaryObjects,pattern_group,running,100.0,1,1
ExampleColocalization,3,24,1777974683.1595297,3181743,worker_0,W019,IdentifyPrimaryObjects,step_completed,success,29.411764705882355,5,17
ExampleColocalization,3,24,1777974683.1595485,3181743,worker_0,W019,IdentifyPrimaryObjects,step_started,started,29.411764705882355,5,17
ExampleColocalization,3,24,1777974683.69123,3181744,worker_1,W020,IdentifyPrimaryObjects,pattern_group,running,100.0,1,1
ExampleColocalization,3,24,1777974683.6912951,3181744,worker_1,W020,IdentifyPrimaryObjects,step_completed,success,29.411764705882355,5,17
ExampleColocalization,3,24,1777974683.6913128,3181744,worker_1,W020,IdentifyPrimaryObjects,step_started,started,29.411764705882355,5,17
ExampleColocalization,3,24,1777974683.7253444,3181745,worker_2,W021,IdentifyPrimaryObjects,pattern_group,running,100.0,1,1
ExampleColocalization,3,24,1777974683.7254105,3181745,worker_2,W021,IdentifyPrimaryObjects,step_completed,success,35.294117647058826,6,17
ExampleColocalization,3,24,1777974683.725429,3181745,worker_2,W021,RelateObjects,step_started,started,35.294117647058826,6,17
ExampleColocalization,3,24,1777974683.7837305,3181745,worker_2,W021,RelateObjects,pattern_group,running,100.0,1,1
ExampleColocalization,3,24,1777974683.7838044,3181745,worker_2,W021,RelateObjects,step_completed,success,41.17647058823529,7,17
ExampleColocalization,3,24,1777974683.7838237,3181745,worker_2,W021,ExpandOrShrinkObjects,step_started,started,41.17647058823529,7,17
ExampleColocalization,3,24,1777974683.805074,3181745,worker_2,W021,ExpandOrShrinkObjects,pattern_group,running,100.0,1,1
ExampleColocalization,3,24,1777974683.80521,3181745,worker_2,W021,ExpandOrShrinkObjects,step_completed,success,47.05882352941176,8,17
ExampleColocalization,3,24,1777974683.8052375,3181745,worker_2,W021,ExpandOrShrinkObjects,step_started,started,47.05882352941176,8,17
ExampleColocalization,3,24,1777974683.8265564,3181745,worker_2,W021,ExpandOrShrinkObjects,pattern_group,running,100.0,1,1
ExampleColocalization,3,24,1777974683.8266327,3181745,worker_2,W021,ExpandOrShrinkObjects,step_completed,success,52.94117647058824,9,17
ExampleColocalization,3,24,1777974683.8266509,3181745,worker_2,W021,ExpandOrShrinkObjects,step_started,started,52.94117647058824,9,17
ExampleColocalization,3,24,1777974683.857343,3181745,worker_2,W021,ExpandOrShrinkObjects,pattern_group,running,100.0,1,1
ExampleColocalization,3,24,1777974683.8574233,3181745,worker_2,W021,ExpandOrShrinkObjects,step_completed,success,58.82352941176471,10,17
ExampleColocalization,3,24,1777974683.8574448,3181745,worker_2,W021,ExpandOrShrinkObjects,step_started,started,58.82352941176471,10,17
ExampleColocalization,3,24,1777974683.8583224,3181743,worker_0,W019,IdentifyPrimaryObjects,pattern_group,running,100.0,1,1
ExampleColocalization,3,24,1777974683.8583877,3181743,worker_0,W019,IdentifyPrimaryObjects,step_completed,success,35.294117647058826,6,17
ExampleColocalization,3,24,1777974683.8584082,3181743,worker_0,W019,RelateObjects,step_started,started,35.294117647058826,6,17
ExampleColocalization,3,24,1777974683.8962734,3181745,worker_2,W021,ExpandOrShrinkObjects,pattern_group,running,100.0,1,1
ExampleColocalization,3,24,1777974683.8964074,3181745,worker_2,W021,ExpandOrShrinkObjects,step_completed,success,64.70588235294117,11,17
ExampleColocalization,3,24,1777974683.8964314,3181745,worker_2,W021,RelateObjects,step_started,started,64.70588235294117,11,17
ExampleColocalization,3,24,1777974683.9291513,3181743,worker_0,W019,RelateObjects,pattern_group,running,100.0,1,1
ExampleColocalization,3,24,1777974683.9292116,3181743,worker_0,W019,RelateObjects,step_completed,success,41.17647058823529,7,17
ExampleColocalization,3,24,1777974683.9292293,3181743,worker_0,W019,ExpandOrShrinkObjects,step_started,started,41.17647058823529,7,17
ExampleColocalization,3,24,1777974683.952055,3181743,worker_0,W019,ExpandOrShrinkObjects,pattern_group,running,100.0,1,1
ExampleColocalization,3,24,1777974683.952175,3181743,worker_0,W019,ExpandOrShrinkObjects,step_completed,success,47.05882352941176,8,17
ExampleColocalization,3,24,1777974683.9521976,3181743,worker_0,W019,ExpandOrShrinkObjects,step_started,started,47.05882352941176,8,17
ExampleColocalization,3,24,1777974683.9650202,3181745,worker_2,W021,RelateObjects,pattern_group,running,100.0,1,1
ExampleColocalization,3,24,1777974683.965147,3181745,worker_2,W021,RelateObjects,step_completed,success,70.58823529411765,12,17
ExampleColocalization,3,24,1777974683.9651759,3181745,worker_2,W021,ClassifyObjects,step_started,started,70.58823529411765,12,17
ExampleColocalization,3,24,1777974683.9743652,3181743,worker_0,W019,ExpandOrShrinkObjects,pattern_group,running,100.0,1,1
ExampleColocalization,3,24,1777974683.9744306,3181743,worker_0,W019,ExpandOrShrinkObjects,step_completed,success,52.94117647058824,9,17
ExampleColocalization,3,24,1777974683.9744484,3181743,worker_0,W019,ExpandOrShrinkObjects,step_started,started,52.94117647058824,9,17
ExampleColocalization,3,24,1777974684.0085192,3181743,worker_0,W019,ExpandOrShrinkObjects,pattern_group,running,100.0,1,1
ExampleColocalization,3,24,1777974684.008593,3181743,worker_0,W019,ExpandOrShrinkObjects,step_completed,success,58.82352941176471,10,17
ExampleColocalization,3,24,1777974684.0086114,3181743,worker_0,W019,ExpandOrShrinkObjects,step_started,started,58.82352941176471,10,17
ExampleColocalization,3,24,1777974684.034279,3181745,worker_2,W021,ClassifyObjects,pattern_group,running,100.0,1,1
ExampleColocalization,3,24,1777974684.0343864,3181745,worker_2,W021,ClassifyObjects,step_completed,success,76.47058823529412,13,17
ExampleColocalization,3,24,1777974684.0344071,3181745,worker_2,W021,FilterObjects,step_started,started,76.47058823529412,13,17
ExampleColocalization,3,24,1777974684.0441267,3181743,worker_0,W019,ExpandOrShrinkObjects,pattern_group,running,100.0,1,1
ExampleColocalization,3,24,1777974684.0441916,3181743,worker_0,W019,ExpandOrShrinkObjects,step_completed,success,64.70588235294117,11,17
ExampleColocalization,3,24,1777974684.0442097,3181743,worker_0,W019,RelateObjects,step_started,started,64.70588235294117,11,17
ExampleColocalization,3,24,1777974684.1141253,3181743,worker_0,W019,RelateObjects,pattern_group,running,100.0,1,1
ExampleColocalization,3,24,1777974684.1142023,3181743,worker_0,W019,RelateObjects,step_completed,success,70.58823529411765,12,17
ExampleColocalization,3,24,1777974684.1142204,3181743,worker_0,W019,ClassifyObjects,step_started,started,70.58823529411765,12,17
ExampleColocalization,3,24,1777974684.1161683,3181745,worker_2,W021,FilterObjects,pattern_group,running,100.0,1,1
ExampleColocalization,3,24,1777974684.116279,3181745,worker_2,W021,FilterObjects,step_completed,success,82.35294117647058,14,17
ExampleColocalization,3,24,1777974684.1163,3181745,worker_2,W021,MaskObjects,step_started,started,82.35294117647058,14,17
ExampleColocalization,3,24,1777974684.1598613,3181745,worker_2,W021,MaskObjects,pattern_group,running,100.0,1,1
ExampleColocalization,3,24,1777974684.1599848,3181745,worker_2,W021,MaskObjects,step_completed,success,88.23529411764706,15,17
ExampleColocalization,3,24,1777974684.1600063,3181745,worker_2,W021,MeasureImageAreaOccupied,step_started,started,88.23529411764706,15,17
ExampleColocalization,3,24,1777974684.1864374,3181743,worker_0,W019,ClassifyObjects,pattern_group,running,100.0,1,1
ExampleColocalization,3,24,1777974684.186496,3181743,worker_0,W019,ClassifyObjects,step_completed,success,76.47058823529412,13,17
ExampleColocalization,3,24,1777974684.1865141,3181743,worker_0,W019,FilterObjects,step_started,started,76.47058823529412,13,17
ExampleColocalization,3,24,1777974684.1902657,3181745,worker_2,W021,MeasureImageAreaOccupied,pattern_group,running,100.0,1,1
ExampleColocalization,3,24,1777974684.190338,3181745,worker_2,W021,MeasureImageAreaOccupied,step_completed,success,94.11764705882352,16,17
ExampleColocalization,3,24,1777974684.1903627,3181745,worker_2,W021,CalculateMath,step_started,started,94.11764705882352,16,17
ExampleColocalization,3,24,1777974684.251684,3181745,worker_2,W021,CalculateMath,pattern_group,running,50.0,1,2
ExampleColocalization,3,24,1777974684.2770686,3181743,worker_0,W019,FilterObjects,pattern_group,running,100.0,1,1
ExampleColocalization,3,24,1777974684.2771351,3181743,worker_0,W019,FilterObjects,step_completed,success,82.35294117647058,14,17
ExampleColocalization,3,24,1777974684.277153,3181743,worker_0,W019,MaskObjects,step_started,started,82.35294117647058,14,17
ExampleColocalization,3,24,1777974684.3090172,3181745,worker_2,W021,CalculateMath,pattern_group,running,100.0,2,2
ExampleColocalization,3,24,1777974684.3091178,3181745,worker_2,W021,CalculateMath,step_completed,success,100.0,17,17
ExampleColocalization,3,24,1777974684.3093112,3181745,worker_2,W021,pipeline,axis_completed,success,100.0,17,17
ExampleColocalization,3,24,1777974684.309336,3181745,worker_2,W024,pipeline,axis_started,started,0.0,0,17
ExampleColocalization,3,24,1777974684.3093622,3181745,worker_2,W024,CorrectIlluminationCalculate,step_started,started,0.0,0,17
ExampleColocalization,3,24,1777974684.3258936,3181743,worker_0,W019,MaskObjects,pattern_group,running,100.0,1,1
ExampleColocalization,3,24,1777974684.3260055,3181743,worker_0,W019,MaskObjects,step_completed,success,88.23529411764706,15,17
ExampleColocalization,3,24,1777974684.326027,3181743,worker_0,W019,MeasureImageAreaOccupied,step_started,started,88.23529411764706,15,17
ExampleColocalization,3,24,1777974684.353136,3181743,worker_0,W019,MeasureImageAreaOccupied,pattern_group,running,100.0,1,1
ExampleColocalization,3,24,1777974684.353257,3181743,worker_0,W019,MeasureImageAreaOccupied,step_completed,success,94.11764705882352,16,17
ExampleColocalization,3,24,1777974684.3532774,3181743,worker_0,W019,CalculateMath,step_started,started,94.11764705882352,16,17
ExampleColocalization,3,24,1777974684.3709188,3181744,worker_1,W020,IdentifyPrimaryObjects,pattern_group,running,100.0,1,1
ExampleColocalization,3,24,1777974684.3709853,3181744,worker_1,W020,IdentifyPrimaryObjects,step_completed,success,35.294117647058826,6,17
ExampleColocalization,3,24,1777974684.3710034,3181744,worker_1,W020,RelateObjects,step_started,started,35.294117647058826,6,17
ExampleColocalization,3,24,1777974684.4264362,3181743,worker_0,W019,CalculateMath,pattern_group,running,50.0,1,2
ExampleColocalization,3,24,1777974684.4281046,3181744,worker_1,W020,RelateObjects,pattern_group,running,100.0,1,1
ExampleColocalization,3,24,1777974684.4281847,3181744,worker_1,W020,RelateObjects,step_completed,success,41.17647058823529,7,17
ExampleColocalization,3,24,1777974684.4282036,3181744,worker_1,W020,ExpandOrShrinkObjects,step_started,started,41.17647058823529,7,17
ExampleColocalization,3,24,1777974684.4515612,3181744,worker_1,W020,ExpandOrShrinkObjects,pattern_group,running,100.0,1,1
ExampleColocalization,3,24,1777974684.4516642,3181744,worker_1,W020,ExpandOrShrinkObjects,step_completed,success,47.05882352941176,8,17
ExampleColocalization,3,24,1777974684.4516857,3181744,worker_1,W020,ExpandOrShrinkObjects,step_started,started,47.05882352941176,8,17
ExampleColocalization,3,24,1777974684.4750679,3181744,worker_1,W020,ExpandOrShrinkObjects,pattern_group,running,100.0,1,1
ExampleColocalization,3,24,1777974684.4751444,3181744,worker_1,W020,ExpandOrShrinkObjects,step_completed,success,52.94117647058824,9,17
ExampleColocalization,3,24,1777974684.4751625,3181744,worker_1,W020,ExpandOrShrinkObjects,step_started,started,52.94117647058824,9,17
ExampleColocalization,3,24,1777974684.4738119,3181745,worker_2,W024,CorrectIlluminationCalculate,pattern_group,running,100.0,1,1
ExampleColocalization,3,24,1777974684.4739218,3181745,worker_2,W024,CorrectIlluminationCalculate,step_completed,success,5.88235294117647,1,17
ExampleColocalization,3,24,1777974684.4739416,3181745,worker_2,W024,CorrectIlluminationCalculate,step_started,started,5.88235294117647,1,17
ExampleColocalization,3,24,1777974684.5024097,3181744,worker_1,W020,ExpandOrShrinkObjects,pattern_group,running,100.0,1,1
ExampleColocalization,3,24,1777974684.5024729,3181744,worker_1,W020,ExpandOrShrinkObjects,step_completed,success,58.82352941176471,10,17
ExampleColocalization,3,24,1777974684.5024903,3181744,worker_1,W020,ExpandOrShrinkObjects,step_started,started,58.82352941176471,10,17
ExampleColocalization,3,24,1777974684.5013883,3181743,worker_0,W019,CalculateMath,pattern_group,running,100.0,2,2
ExampleColocalization,3,24,1777974684.5015144,3181743,worker_0,W019,CalculateMath,step_completed,success,100.0,17,17
ExampleColocalization,3,24,1777974684.501739,3181743,worker_0,W019,pipeline,axis_completed,success,100.0,17,17
ExampleColocalization,3,24,1777974684.501765,3181743,worker_0,W022,pipeline,axis_started,started,0.0,0,17
ExampleColocalization,3,24,1777974684.5017881,3181743,worker_0,W022,CorrectIlluminationCalculate,step_started,started,0.0,0,17
ExampleColocalization,3,24,1777974684.5318706,3181744,worker_1,W020,ExpandOrShrinkObjects,pattern_group,running,100.0,1,1
ExampleColocalization,3,24,1777974684.5319288,3181744,worker_1,W020,ExpandOrShrinkObjects,step_completed,success,64.70588235294117,11,17
ExampleColocalization,3,24,1777974684.5319467,3181744,worker_1,W020,RelateObjects,step_started,started,64.70588235294117,11,17
ExampleColocalization,3,24,1777974684.5859587,3181744,worker_1,W020,RelateObjects,pattern_group,running,100.0,1,1
ExampleColocalization,3,24,1777974684.5860493,3181744,worker_1,W020,RelateObjects,step_completed,success,70.58823529411765,12,17
ExampleColocalization,3,24,1777974684.5860698,3181744,worker_1,W020,ClassifyObjects,step_started,started,70.58823529411765,12,17
ExampleColocalization,3,24,1777974684.646323,3181745,worker_2,W024,CorrectIlluminationCalculate,pattern_group,running,100.0,1,1
ExampleColocalization,3,24,1777974684.6464162,3181745,worker_2,W024,CorrectIlluminationCalculate,step_completed,success,11.76470588235294,2,17
ExampleColocalization,3,24,1777974684.6464338,3181745,worker_2,W024,Align,step_started,started,11.76470588235294,2,17
ExampleColocalization,3,24,1777974684.6555035,3181744,worker_1,W020,ClassifyObjects,pattern_group,running,100.0,1,1
ExampleColocalization,3,24,1777974684.6556015,3181744,worker_1,W020,ClassifyObjects,step_completed,success,76.47058823529412,13,17
ExampleColocalization,3,24,1777974684.655624,3181744,worker_1,W020,FilterObjects,step_started,started,76.47058823529412,13,17
ExampleColocalization,3,24,1777974684.678159,3181743,worker_0,W022,CorrectIlluminationCalculate,pattern_group,running,100.0,1,1
ExampleColocalization,3,24,1777974684.678257,3181743,worker_0,W022,CorrectIlluminationCalculate,step_completed,success,5.88235294117647,1,17
ExampleColocalization,3,24,1777974684.678276,3181743,worker_0,W022,CorrectIlluminationCalculate,step_started,started,5.88235294117647,1,17
ExampleColocalization,3,24,1777974684.733872,3181744,worker_1,W020,FilterObjects,pattern_group,running,100.0,1,1
ExampleColocalization,3,24,1777974684.7339318,3181744,worker_1,W020,FilterObjects,step_completed,success,82.35294117647058,14,17
ExampleColocalization,3,24,1777974684.7339506,3181744,worker_1,W020,MaskObjects,step_started,started,82.35294117647058,14,17
ExampleColocalization,3,24,1777974684.7927985,3181744,worker_1,W020,MaskObjects,pattern_group,running,100.0,1,1
ExampleColocalization,3,24,1777974684.7929268,3181744,worker_1,W020,MaskObjects,step_completed,success,88.23529411764706,15,17
ExampleColocalization,3,24,1777974684.792947,3181744,worker_1,W020,MeasureImageAreaOccupied,step_started,started,88.23529411764706,15,17
ExampleColocalization,3,24,1777974684.8410363,3181744,worker_1,W020,MeasureImageAreaOccupied,pattern_group,running,100.0,1,1
ExampleColocalization,3,24,1777974684.84113,3181744,worker_1,W020,MeasureImageAreaOccupied,step_completed,success,94.11764705882352,16,17
ExampleColocalization,3,24,1777974684.8411527,3181744,worker_1,W020,CalculateMath,step_started,started,94.11764705882352,16,17
ExampleColocalization,3,24,1777974684.86126,3181743,worker_0,W022,CorrectIlluminationCalculate,pattern_group,running,100.0,1,1
ExampleColocalization,3,24,1777974684.8613384,3181743,worker_0,W022,CorrectIlluminationCalculate,step_completed,success,11.76470588235294,2,17
ExampleColocalization,3,24,1777974684.8613682,3181743,worker_0,W022,Align,step_started,started,11.76470588235294,2,17
ExampleColocalization,3,24,1777974684.9062703,3181744,worker_1,W020,CalculateMath,pattern_group,running,50.0,1,2
ExampleColocalization,3,24,1777974684.9680004,3181744,worker_1,W020,CalculateMath,pattern_group,running,100.0,2,2
ExampleColocalization,3,24,1777974684.9680922,3181744,worker_1,W020,CalculateMath,step_completed,success,100.0,17,17
ExampleColocalization,3,24,1777974684.968306,3181744,worker_1,W020,pipeline,axis_completed,success,100.0,17,17
ExampleColocalization,3,24,1777974684.9683342,3181744,worker_1,W023,pipeline,axis_started,started,0.0,0,17
ExampleColocalization,3,24,1777974684.968371,3181744,worker_1,W023,CorrectIlluminationCalculate,step_started,started,0.0,0,17
ExampleColocalization,3,24,1777974685.0546787,3181745,worker_2,W024,Align,pattern_group,running,100.0,1,1
ExampleColocalization,3,24,1777974685.054749,3181745,worker_2,W024,Align,step_completed,success,17.647058823529413,3,17
ExampleColocalization,3,24,1777974685.0547674,3181745,worker_2,W024,MeasureColocalization,step_started,started,17.647058823529413,3,17
ExampleColocalization,3,24,1777974685.1771092,3181744,worker_1,W023,CorrectIlluminationCalculate,pattern_group,running,100.0,1,1
ExampleColocalization,3,24,1777974685.1772246,3181744,worker_1,W023,CorrectIlluminationCalculate,step_completed,success,5.88235294117647,1,17
ExampleColocalization,3,24,1777974685.1772482,3181744,worker_1,W023,CorrectIlluminationCalculate,step_started,started,5.88235294117647,1,17
ExampleColocalization,3,24,1777974685.295267,3181743,worker_0,W022,Align,pattern_group,running,100.0,1,1
ExampleColocalization,3,24,1777974685.2954144,3181743,worker_0,W022,Align,step_completed,success,17.647058823529413,3,17
ExampleColocalization,3,24,1777974685.2954383,3181743,worker_0,W022,MeasureColocalization,step_started,started,17.647058823529413,3,17
ExampleColocalization,3,24,1777974685.3659592,3181745,worker_2,W024,MeasureColocalization,pattern_group,running,100.0,1,1
ExampleColocalization,3,24,1777974685.3660748,3181745,worker_2,W024,MeasureColocalization,step_completed,success,23.52941176470588,4,17
ExampleColocalization,3,24,1777974685.3660975,3181745,worker_2,W024,IdentifyPrimaryObjects,step_started,started,23.52941176470588,4,17
ExampleColocalization,3,24,1777974685.3885314,3181744,worker_1,W023,CorrectIlluminationCalculate,pattern_group,running,100.0,1,1
ExampleColocalization,3,24,1777974685.388651,3181744,worker_1,W023,CorrectIlluminationCalculate,step_completed,success,11.76470588235294,2,17
ExampleColocalization,3,24,1777974685.3886716,3181744,worker_1,W023,Align,step_started,started,11.76470588235294,2,17
ExampleColocalization,3,24,1777974685.6230166,3181743,worker_0,W022,MeasureColocalization,pattern_group,running,100.0,1,1
ExampleColocalization,3,24,1777974685.623084,3181743,worker_0,W022,MeasureColocalization,step_completed,success,23.52941176470588,4,17
ExampleColocalization,3,24,1777974685.6231062,3181743,worker_0,W022,IdentifyPrimaryObjects,step_started,started,23.52941176470588,4,17
ExampleColocalization,3,24,1777974685.8526964,3181744,worker_1,W023,Align,pattern_group,running,100.0,1,1
ExampleColocalization,3,24,1777974685.8527853,3181744,worker_1,W023,Align,step_completed,success,17.647058823529413,3,17
ExampleColocalization,3,24,1777974685.8528051,3181744,worker_1,W023,MeasureColocalization,step_started,started,17.647058823529413,3,17
ExampleColocalization,3,24,1777974685.9729953,3181745,worker_2,W024,IdentifyPrimaryObjects,pattern_group,running,100.0,1,1
ExampleColocalization,3,24,1777974685.9730766,3181745,worker_2,W024,IdentifyPrimaryObjects,step_completed,success,29.411764705882355,5,17
ExampleColocalization,3,24,1777974685.9730961,3181745,worker_2,W024,IdentifyPrimaryObjects,step_started,started,29.411764705882355,5,17
ExampleColocalization,3,24,1777974686.1957078,3181744,worker_1,W023,MeasureColocalization,pattern_group,running,100.0,1,1
ExampleColocalization,3,24,1777974686.1957753,3181744,worker_1,W023,MeasureColocalization,step_completed,success,23.52941176470588,4,17
ExampleColocalization,3,24,1777974686.195793,3181744,worker_1,W023,IdentifyPrimaryObjects,step_started,started,23.52941176470588,4,17
ExampleColocalization,3,24,1777974686.2884598,3181743,worker_0,W022,IdentifyPrimaryObjects,pattern_group,running,100.0,1,1
ExampleColocalization,3,24,1777974686.2885506,3181743,worker_0,W022,IdentifyPrimaryObjects,step_completed,success,29.411764705882355,5,17
ExampleColocalization,3,24,1777974686.2885737,3181743,worker_0,W022,IdentifyPrimaryObjects,step_started,started,29.411764705882355,5,17
ExampleColocalization,3,24,1777974686.6438205,3181745,worker_2,W024,IdentifyPrimaryObjects,pattern_group,running,100.0,1,1
ExampleColocalization,3,24,1777974686.6438985,3181745,worker_2,W024,IdentifyPrimaryObjects,step_completed,success,35.294117647058826,6,17
ExampleColocalization,3,24,1777974686.6439168,3181745,worker_2,W024,RelateObjects,step_started,started,35.294117647058826,6,17
ExampleColocalization,3,24,1777974686.7091217,3181745,worker_2,W024,RelateObjects,pattern_group,running,100.0,1,1
ExampleColocalization,3,24,1777974686.7092502,3181745,worker_2,W024,RelateObjects,step_completed,success,41.17647058823529,7,17
ExampleColocalization,3,24,1777974686.7092743,3181745,worker_2,W024,ExpandOrShrinkObjects,step_started,started,41.17647058823529,7,17
ExampleColocalization,3,24,1777974686.7301936,3181745,worker_2,W024,ExpandOrShrinkObjects,pattern_group,running,100.0,1,1
ExampleColocalization,3,24,1777974686.7302594,3181745,worker_2,W024,ExpandOrShrinkObjects,step_completed,success,47.05882352941176,8,17
ExampleColocalization,3,24,1777974686.7302775,3181745,worker_2,W024,ExpandOrShrinkObjects,step_started,started,47.05882352941176,8,17
ExampleColocalization,3,24,1777974686.7543926,3181745,worker_2,W024,ExpandOrShrinkObjects,pattern_group,running,100.0,1,1
ExampleColocalization,3,24,1777974686.7544718,3181745,worker_2,W024,ExpandOrShrinkObjects,step_completed,success,52.94117647058824,9,17
ExampleColocalization,3,24,1777974686.7544906,3181745,worker_2,W024,ExpandOrShrinkObjects,step_started,started,52.94117647058824,9,17
ExampleColocalization,3,24,1777974686.7904058,3181745,worker_2,W024,ExpandOrShrinkObjects,pattern_group,running,100.0,1,1
ExampleColocalization,3,24,1777974686.7905152,3181745,worker_2,W024,ExpandOrShrinkObjects,step_completed,success,58.82352941176471,10,17
ExampleColocalization,3,24,1777974686.7905354,3181745,worker_2,W024,ExpandOrShrinkObjects,step_started,started,58.82352941176471,10,17
ExampleColocalization,3,24,1777974686.8271112,3181745,worker_2,W024,ExpandOrShrinkObjects,pattern_group,running,100.0,1,1
ExampleColocalization,3,24,1777974686.8271961,3181745,worker_2,W024,ExpandOrShrinkObjects,step_completed,success,64.70588235294117,11,17
ExampleColocalization,3,24,1777974686.8272154,3181745,worker_2,W024,RelateObjects,step_started,started,64.70588235294117,11,17
ExampleColocalization,3,24,1777974686.8458214,3181744,worker_1,W023,IdentifyPrimaryObjects,pattern_group,running,100.0,1,1
ExampleColocalization,3,24,1777974686.8459017,3181744,worker_1,W023,IdentifyPrimaryObjects,step_completed,success,29.411764705882355,5,17
ExampleColocalization,3,24,1777974686.8459215,3181744,worker_1,W023,IdentifyPrimaryObjects,step_started,started,29.411764705882355,5,17
ExampleColocalization,3,24,1777974686.8951552,3181745,worker_2,W024,RelateObjects,pattern_group,running,100.0,1,1
ExampleColocalization,3,24,1777974686.895286,3181745,worker_2,W024,RelateObjects,step_completed,success,70.58823529411765,12,17
ExampleColocalization,3,24,1777974686.8953085,3181745,worker_2,W024,ClassifyObjects,step_started,started,70.58823529411765,12,17
ExampleColocalization,3,24,1777974686.9606051,3181745,worker_2,W024,ClassifyObjects,pattern_group,running,100.0,1,1
ExampleColocalization,3,24,1777974686.9607344,3181745,worker_2,W024,ClassifyObjects,step_completed,success,76.47058823529412,13,17
ExampleColocalization,3,24,1777974686.960761,3181745,worker_2,W024,FilterObjects,step_started,started,76.47058823529412,13,17
ExampleColocalization,3,24,1777974687.0112305,3181743,worker_0,W022,IdentifyPrimaryObjects,pattern_group,running,100.0,1,1
ExampleColocalization,3,24,1777974687.0113752,3181743,worker_0,W022,IdentifyPrimaryObjects,step_completed,success,35.294117647058826,6,17
ExampleColocalization,3,24,1777974687.011398,3181743,worker_0,W022,RelateObjects,step_started,started,35.294117647058826,6,17
ExampleColocalization,3,24,1777974687.0442421,3181745,worker_2,W024,FilterObjects,pattern_group,running,100.0,1,1
ExampleColocalization,3,24,1777974687.04437,3181745,worker_2,W024,FilterObjects,step_completed,success,82.35294117647058,14,17
ExampleColocalization,3,24,1777974687.0443945,3181745,worker_2,W024,MaskObjects,step_started,started,82.35294117647058,14,17
ExampleColocalization,3,24,1777974687.0752494,3181743,worker_0,W022,RelateObjects,pattern_group,running,100.0,1,1
ExampleColocalization,3,24,1777974687.0753949,3181743,worker_0,W022,RelateObjects,step_completed,success,41.17647058823529,7,17
ExampleColocalization,3,24,1777974687.0754178,3181743,worker_0,W022,ExpandOrShrinkObjects,step_started,started,41.17647058823529,7,17
ExampleColocalization,3,24,1777974687.0888007,3181745,worker_2,W024,MaskObjects,pattern_group,running,100.0,1,1
ExampleColocalization,3,24,1777974687.0889354,3181745,worker_2,W024,MaskObjects,step_completed,success,88.23529411764706,15,17
ExampleColocalization,3,24,1777974687.0889661,3181745,worker_2,W024,MeasureImageAreaOccupied,step_started,started,88.23529411764706,15,17
ExampleColocalization,3,24,1777974687.100168,3181743,worker_0,W022,ExpandOrShrinkObjects,pattern_group,running,100.0,1,1
ExampleColocalization,3,24,1777974687.1003222,3181743,worker_0,W022,ExpandOrShrinkObjects,step_completed,success,47.05882352941176,8,17
ExampleColocalization,3,24,1777974687.1003587,3181743,worker_0,W022,ExpandOrShrinkObjects,step_started,started,47.05882352941176,8,17
ExampleColocalization,3,24,1777974687.1225574,3181743,worker_0,W022,ExpandOrShrinkObjects,pattern_group,running,100.0,1,1
ExampleColocalization,3,24,1777974687.1226256,3181743,worker_0,W022,ExpandOrShrinkObjects,step_completed,success,52.94117647058824,9,17
ExampleColocalization,3,24,1777974687.122643,3181743,worker_0,W022,ExpandOrShrinkObjects,step_started,started,52.94117647058824,9,17
ExampleColocalization,3,24,1777974687.123228,3181745,worker_2,W024,MeasureImageAreaOccupied,pattern_group,running,100.0,1,1
ExampleColocalization,3,24,1777974687.1232908,3181745,worker_2,W024,MeasureImageAreaOccupied,step_completed,success,94.11764705882352,16,17
ExampleColocalization,3,24,1777974687.1233077,3181745,worker_2,W024,CalculateMath,step_started,started,94.11764705882352,16,17
ExampleColocalization,3,24,1777974687.1607735,3181743,worker_0,W022,ExpandOrShrinkObjects,pattern_group,running,100.0,1,1
ExampleColocalization,3,24,1777974687.160874,3181743,worker_0,W022,ExpandOrShrinkObjects,step_completed,success,58.82352941176471,10,17
ExampleColocalization,3,24,1777974687.160899,3181743,worker_0,W022,ExpandOrShrinkObjects,step_started,started,58.82352941176471,10,17
ExampleColocalization,3,24,1777974687.185678,3181745,worker_2,W024,CalculateMath,pattern_group,running,50.0,1,2
ExampleColocalization,3,24,1777974687.193125,3181743,worker_0,W022,ExpandOrShrinkObjects,pattern_group,running,100.0,1,1
ExampleColocalization,3,24,1777974687.1932838,3181743,worker_0,W022,ExpandOrShrinkObjects,step_completed,success,64.70588235294117,11,17
ExampleColocalization,3,24,1777974687.1933136,3181743,worker_0,W022,RelateObjects,step_started,started,64.70588235294117,11,17
ExampleColocalization,3,24,1777974687.2537453,3181745,worker_2,W024,CalculateMath,pattern_group,running,100.0,2,2
ExampleColocalization,3,24,1777974687.2538147,3181745,worker_2,W024,CalculateMath,step_completed,success,100.0,17,17
ExampleColocalization,3,24,1777974687.253978,3181745,worker_2,W024,pipeline,axis_completed,success,100.0,17,17
ExampleColocalization,3,24,1777974687.2606413,3181743,worker_0,W022,RelateObjects,pattern_group,running,100.0,1,1
ExampleColocalization,3,24,1777974687.2607136,3181743,worker_0,W022,RelateObjects,step_completed,success,70.58823529411765,12,17
ExampleColocalization,3,24,1777974687.2607362,3181743,worker_0,W022,ClassifyObjects,step_started,started,70.58823529411765,12,17
ExampleColocalization,3,24,1777974687.3253973,3181743,worker_0,W022,ClassifyObjects,pattern_group,running,100.0,1,1
ExampleColocalization,3,24,1777974687.3255525,3181743,worker_0,W022,ClassifyObjects,step_completed,success,76.47058823529412,13,17
ExampleColocalization,3,24,1777974687.3255868,3181743,worker_0,W022,FilterObjects,step_started,started,76.47058823529412,13,17
ExampleColocalization,3,24,1777974687.4087586,3181743,worker_0,W022,FilterObjects,pattern_group,running,100.0,1,1
ExampleColocalization,3,24,1777974687.4088352,3181743,worker_0,W022,FilterObjects,step_completed,success,82.35294117647058,14,17
ExampleColocalization,3,24,1777974687.4088573,3181743,worker_0,W022,MaskObjects,step_started,started,82.35294117647058,14,17
ExampleColocalization,3,24,1777974687.4562984,3181743,worker_0,W022,MaskObjects,pattern_group,running,100.0,1,1
ExampleColocalization,3,24,1777974687.456375,3181743,worker_0,W022,MaskObjects,step_completed,success,88.23529411764706,15,17
ExampleColocalization,3,24,1777974687.4563968,3181743,worker_0,W022,MeasureImageAreaOccupied,step_started,started,88.23529411764706,15,17
ExampleColocalization,3,24,1777974687.483274,3181743,worker_0,W022,MeasureImageAreaOccupied,pattern_group,running,100.0,1,1
ExampleColocalization,3,24,1777974687.483409,3181743,worker_0,W022,MeasureImageAreaOccupied,step_completed,success,94.11764705882352,16,17
ExampleColocalization,3,24,1777974687.4834347,3181743,worker_0,W022,CalculateMath,step_started,started,94.11764705882352,16,17
ExampleColocalization,3,24,1777974687.4879239,3181744,worker_1,W023,IdentifyPrimaryObjects,pattern_group,running,100.0,1,1
ExampleColocalization,3,24,1777974687.4880397,3181744,worker_1,W023,IdentifyPrimaryObjects,step_completed,success,35.294117647058826,6,17
ExampleColocalization,3,24,1777974687.4880686,3181744,worker_1,W023,RelateObjects,step_started,started,35.294117647058826,6,17
ExampleColocalization,3,24,1777974687.5385773,3181744,worker_1,W023,RelateObjects,pattern_group,running,100.0,1,1
ExampleColocalization,3,24,1777974687.5386665,3181744,worker_1,W023,RelateObjects,step_completed,success,41.17647058823529,7,17
ExampleColocalization,3,24,1777974687.5386853,3181744,worker_1,W023,ExpandOrShrinkObjects,step_started,started,41.17647058823529,7,17
ExampleColocalization,3,24,1777974687.543482,3181743,worker_0,W022,CalculateMath,pattern_group,running,50.0,1,2
ExampleColocalization,3,24,1777974687.555854,3181744,worker_1,W023,ExpandOrShrinkObjects,pattern_group,running,100.0,1,1
ExampleColocalization,3,24,1777974687.555911,3181744,worker_1,W023,ExpandOrShrinkObjects,step_completed,success,47.05882352941176,8,17
ExampleColocalization,3,24,1777974687.5559285,3181744,worker_1,W023,ExpandOrShrinkObjects,step_started,started,47.05882352941176,8,17
ExampleColocalization,3,24,1777974687.569148,3181744,worker_1,W023,ExpandOrShrinkObjects,pattern_group,running,100.0,1,1
ExampleColocalization,3,24,1777974687.5692093,3181744,worker_1,W023,ExpandOrShrinkObjects,step_completed,success,52.94117647058824,9,17
ExampleColocalization,3,24,1777974687.5692267,3181744,worker_1,W023,ExpandOrShrinkObjects,step_started,started,52.94117647058824,9,17
ExampleColocalization,3,24,1777974687.5940926,3181744,worker_1,W023,ExpandOrShrinkObjects,pattern_group,running,100.0,1,1
ExampleColocalization,3,24,1777974687.5941536,3181744,worker_1,W023,ExpandOrShrinkObjects,step_completed,success,58.82352941176471,10,17
ExampleColocalization,3,24,1777974687.594171,3181744,worker_1,W023,ExpandOrShrinkObjects,step_started,started,58.82352941176471,10,17
ExampleColocalization,3,24,1777974687.6057644,3181743,worker_0,W022,CalculateMath,pattern_group,running,100.0,2,2
ExampleColocalization,3,24,1777974687.6058726,3181743,worker_0,W022,CalculateMath,step_completed,success,100.0,17,17
ExampleColocalization,3,24,1777974687.6060882,3181743,worker_0,W022,pipeline,axis_completed,success,100.0,17,17
ExampleColocalization,3,24,1777974687.622786,3181744,worker_1,W023,ExpandOrShrinkObjects,pattern_group,running,100.0,1,1
ExampleColocalization,3,24,1777974687.6228483,3181744,worker_1,W023,ExpandOrShrinkObjects,step_completed,success,64.70588235294117,11,17
ExampleColocalization,3,24,1777974687.6228657,3181744,worker_1,W023,RelateObjects,step_started,started,64.70588235294117,11,17
ExampleColocalization,3,24,1777974687.673539,3181744,worker_1,W023,RelateObjects,pattern_group,running,100.0,1,1
ExampleColocalization,3,24,1777974687.6736145,3181744,worker_1,W023,RelateObjects,step_completed,success,70.58823529411765,12,17
ExampleColocalization,3,24,1777974687.6736326,3181744,worker_1,W023,ClassifyObjects,step_started,started,70.58823529411765,12,17
ExampleColocalization,3,24,1777974687.7286975,3181744,worker_1,W023,ClassifyObjects,pattern_group,running,100.0,1,1
ExampleColocalization,3,24,1777974687.7287545,3181744,worker_1,W023,ClassifyObjects,step_completed,success,76.47058823529412,13,17
ExampleColocalization,3,24,1777974687.7287712,3181744,worker_1,W023,FilterObjects,step_started,started,76.47058823529412,13,17
ExampleColocalization,3,24,1777974687.7973967,3181744,worker_1,W023,FilterObjects,pattern_group,running,100.0,1,1
ExampleColocalization,3,24,1777974687.7974515,3181744,worker_1,W023,FilterObjects,step_completed,success,82.35294117647058,14,17
ExampleColocalization,3,24,1777974687.7974677,3181744,worker_1,W023,MaskObjects,step_started,started,82.35294117647058,14,17
ExampleColocalization,3,24,1777974687.8381371,3181744,worker_1,W023,MaskObjects,pattern_group,running,100.0,1,1
ExampleColocalization,3,24,1777974687.8381927,3181744,worker_1,W023,MaskObjects,step_completed,success,88.23529411764706,15,17
ExampleColocalization,3,24,1777974687.8382094,3181744,worker_1,W023,MeasureImageAreaOccupied,step_started,started,88.23529411764706,15,17
ExampleColocalization,3,24,1777974687.864023,3181744,worker_1,W023,MeasureImageAreaOccupied,pattern_group,running,100.0,1,1
ExampleColocalization,3,24,1777974687.86408,3181744,worker_1,W023,MeasureImageAreaOccupied,step_completed,success,94.11764705882352,16,17
ExampleColocalization,3,24,1777974687.8640962,3181744,worker_1,W023,CalculateMath,step_started,started,94.11764705882352,16,17
ExampleColocalization,3,24,1777974687.9183993,3181744,worker_1,W023,CalculateMath,pattern_group,running,50.0,1,2
ExampleColocalization,3,24,1777974687.9716468,3181744,worker_1,W023,CalculateMath,pattern_group,running,100.0,2,2
ExampleColocalization,3,24,1777974687.9716997,3181744,worker_1,W023,CalculateMath,step_completed,success,100.0,17,17
ExampleColocalization,3,24,1777974687.971847,3181744,worker_1,W023,pipeline,axis_completed,success,100.0,17,17
