method,engine_id,pdb_id,target_name,center_x,center_y,center_z,box_x,box_y,box_z,ligand_atoms,pocket_atoms,score_name,score,top_rmsd,best_mode_rmsd,time_s,pose_pdb,gap_proof,native_rank,energy_gap,receptor_pdb,native_ligand_pdb,status,error
DQ-Dock,dq_dock,1hk4,HUMAN SERUM ALBUMIN COMPLEXED WITH THYROXINE,20.921291666666672,11.52725,26.298791666666663,12.0,12.0,12.0,24,164,energy,-4.962478160858154,0.17910124361515045,0.17910124361515045,18.43653154373169,benchmark_results_170/pdb_redocking_20260320_182518_poses/1hk4_dq_dock_pose.pdb,proved,7,0.06927919387817383,benchmark_results_170/pdb_redocking_20260320_182518_poses/1hk4_receptor.pdb,benchmark_results_170/pdb_redocking_20260320_182518_poses/1hk4_native_ligand.pdb,success,
DQ-Dock,dq_dock,1gni,HUMAN SERUM ALBUMIN COMPLEXED WITH CIS-9-OCTADECENOIC ACID,11.39145,1.0988000000000002,22.17425,12.0,12.0,12.0,20,220,energy,-4.645695209503174,0.7095267176628113,0.7095267176628113,19.537463426589966,benchmark_results_170/pdb_redocking_20260320_182518_poses/1gni_dq_dock_pose.pdb,proved,93,0.2140045166015625,benchmark_results_170/pdb_redocking_20260320_182518_poses/1gni_receptor.pdb,benchmark_results_170/pdb_redocking_20260320_182518_poses/1gni_native_ligand.pdb,success,
DQ-Dock,dq_dock,1nhu,HEPATITIS C VIRUS RNA POLYMERASE IN COMPLEX WITH,9.102878787878788,33.06924242424242,77.70760606060607,12.0,12.0,12.0,33,120,energy,-4.610044956207275,0.4493561387062073,0.4493561387062073,18.81152892112732,benchmark_results_170/pdb_redocking_20260320_182518_poses/1nhu_dq_dock_pose.pdb,proved,1,0.009938716888427734,benchmark_results_170/pdb_redocking_20260320_182518_poses/1nhu_receptor.pdb,benchmark_results_170/pdb_redocking_20260320_182518_poses/1nhu_native_ligand.pdb,success,
DQ-Dock,dq_dock,2d3z,X-RAY CRYSTAL STRUCTURE OF HEPATITIS C VIRUS RNA-DEPENDENT,9.101653846153846,33.23038461538461,75.07757692307692,12.0,12.0,12.0,26,155,energy,-5.407583713531494,0.40823128819465637,0.40823128819465637,18.489930152893066,benchmark_results_170/pdb_redocking_20260320_182518_poses/2d3z_dq_dock_pose.pdb,proved,20,0.24244976043701172,benchmark_results_170/pdb_redocking_20260320_182518_poses/2d3z_receptor.pdb,benchmark_results_170/pdb_redocking_20260320_182518_poses/2d3z_native_ligand.pdb,success,
DQ-Dock,dq_dock,2d3u,X-RAY CRYSTAL STRUCTURE OF HEPATITIS C VIRUS RNA DEPENDENT,9.227185185185185,32.80062962962963,75.04985185185186,12.0,12.0,12.0,27,155,energy,-5.938568592071533,0.4899197816848755,0.4899197816848755,19.51109743118286,benchmark_results_170/pdb_redocking_20260320_182518_poses/2d3u_dq_dock_pose.pdb,proved,65,0.45312976837158203,benchmark_results_170/pdb_redocking_20260320_182518_poses/2d3u_receptor.pdb,benchmark_results_170/pdb_redocking_20260320_182518_poses/2d3u_native_ligand.pdb,success,
DQ-Dock,dq_dock,1ajp,"PENICILLIN ACYLASE COMPLEXED WITH 2,5-DIHYDROXYPHENYLACETIC",11.839166666666666,36.45483333333333,34.5015,12.0,12.0,12.0,12,203,energy,-3.8464643955230713,1.072787880897522,1.072787880897522,19.709794282913208,benchmark_results_170/pdb_redocking_20260320_182518_poses/1ajp_dq_dock_pose.pdb,proved,52,0.14702105522155762,benchmark_results_170/pdb_redocking_20260320_182518_poses/1ajp_receptor.pdb,benchmark_results_170/pdb_redocking_20260320_182518_poses/1ajp_native_ligand.pdb,success,
DQ-Dock,dq_dock,1ai5,PENICILLIN ACYLASE COMPLEXED WITH M-NITROPHENYLACETIC ACID,12.108076923076926,36.458615384615385,34.487923076923074,12.0,12.0,12.0,13,210,energy,-3.9827728271484375,0.5974417924880981,0.5974417924880981,19.711368083953857,benchmark_results_170/pdb_redocking_20260320_182518_poses/1ai5_dq_dock_pose.pdb,proved,63,0.2341468334197998,benchmark_results_170/pdb_redocking_20260320_182518_poses/1ai5_receptor.pdb,benchmark_results_170/pdb_redocking_20260320_182518_poses/1ai5_native_ligand.pdb,success,
DQ-Dock,dq_dock,1ajq,PENICILLIN ACYLASE COMPLEXED WITH THIOPHENEACETIC ACID,11.727999999999998,36.681,34.18066666666667,12.0,12.0,12.0,9,223,energy,-3.260068655014038,0.3357986807823181,0.3357986807823181,19.150357484817505,benchmark_results_170/pdb_redocking_20260320_182518_poses/1ajq_dq_dock_pose.pdb,proved,28,0.2151350975036621,benchmark_results_170/pdb_redocking_20260320_182518_poses/1ajq_receptor.pdb,benchmark_results_170/pdb_redocking_20260320_182518_poses/1ajq_native_ligand.pdb,success,
DQ-Dock,dq_dock,1gpk,STRUCTURE OF ACETYLCHOLINESTERASE COMPLEX WITH,2.841833333333334,67.45194444444445,63.05377777777778,12.0,12.0,12.0,18,233,energy,-5.782873630523682,0.2744768559932709,0.2744768559932709,19.45591950416565,benchmark_results_170/pdb_redocking_20260320_182518_poses/1gpk_dq_dock_pose.pdb,proved,21,0.11082267761230469,benchmark_results_170/pdb_redocking_20260320_182518_poses/1gpk_receptor.pdb,benchmark_results_170/pdb_redocking_20260320_182518_poses/1gpk_native_ligand.pdb,success,
DQ-Dock,dq_dock,1h23,STRUCTURE OF ACETYLCHOLINESTERASE (E.C. 3.1.1.7) COMPLEXED,2.5771666666666664,63.77041666666667,68.63872222222223,12.0,12.0,12.0,36,196,energy,-7.771501064300537,0.31704452633857727,0.31704452633857727,20.049546003341675,benchmark_results_170/pdb_redocking_20260320_182518_poses/1h23_dq_dock_pose.pdb,proved,1,0.01810741424560547,benchmark_results_170/pdb_redocking_20260320_182518_poses/1h23_receptor.pdb,benchmark_results_170/pdb_redocking_20260320_182518_poses/1h23_native_ligand.pdb,success,
DQ-Dock,dq_dock,1e66,STRUCTURE OF ACETYLCHOLINESTERASE COMPLEXED WITH,4.397380952380952,68.63257142857144,65.5042380952381,12.0,12.0,12.0,21,208,energy,-7.366549015045166,0.20883925259113312,0.20883925259113312,18.97627878189087,benchmark_results_170/pdb_redocking_20260320_182518_poses/1e66_dq_dock_pose.pdb,proved,1,0.06218910217285156,benchmark_results_170/pdb_redocking_20260320_182518_poses/1e66_receptor.pdb,benchmark_results_170/pdb_redocking_20260320_182518_poses/1e66_native_ligand.pdb,success,
DQ-Dock,dq_dock,2rkm,STRUCTURE OF OPPA COMPLEXED WITH LYS-LYS,4.7893,21.6791,17.5984,12.0,12.0,12.0,10,217,energy,-2.8646864891052246,0.45728200674057007,0.45728200674057007,18.101967096328735,benchmark_results_170/pdb_redocking_20260320_182518_poses/2rkm_dq_dock_pose.pdb,proved,21,0.0455470085144043,benchmark_results_170/pdb_redocking_20260320_182518_poses/2rkm_receptor.pdb,benchmark_results_170/pdb_redocking_20260320_182518_poses/2rkm_native_ligand.pdb,success,
DQ-Dock,dq_dock,1u33,IN SITU EXTENSION AS AN APPROACH FOR IDENTIFYING NOVEL,13.829222222222223,15.455694444444443,39.18902777777779,12.0,12.0,12.0,36,168,energy,-6.1372480392456055,0.39630112051963806,0.39630112051963806,19.436684131622314,benchmark_results_170/pdb_redocking_20260320_182518_poses/1u33_dq_dock_pose.pdb,proved,41,1.2982196807861328,benchmark_results_170/pdb_redocking_20260320_182518_poses/1u33_receptor.pdb,benchmark_results_170/pdb_redocking_20260320_182518_poses/1u33_native_ligand.pdb,success,
DQ-Dock,dq_dock,1xd1,ACARBOSE REARRANGEMENT MECHANISM IMPLIED BY THE KINETIC AND,8.764318181818181,16.375212121212122,40.43363636363637,12.0,12.0,12.0,66,145,energy,-7.355757713317871,0.3154456317424774,0.3154456317424774,20.62081503868103,benchmark_results_170/pdb_redocking_20260320_182518_poses/1xd1_dq_dock_pose.pdb,proved,3,0.09478950500488281,benchmark_results_170/pdb_redocking_20260320_182518_poses/1xd1_receptor.pdb,benchmark_results_170/pdb_redocking_20260320_182518_poses/1xd1_native_ligand.pdb,success,
DQ-Dock,dq_dock,1uwt,STRUCTURE OF BETA-GLYCOSIDASE FROM SULFOLOBUS SOLFATARICUS,119.84200000000001,38.88753846153847,63.638461538461534,12.0,12.0,12.0,13,233,energy,-3.843698501586914,0.3265525698661804,0.3265525698661804,18.28628134727478,benchmark_results_170/pdb_redocking_20260320_182518_poses/1uwt_dq_dock_pose.pdb,proved,17,0.4785730838775635,benchmark_results_170/pdb_redocking_20260320_182518_poses/1uwt_receptor.pdb,benchmark_results_170/pdb_redocking_20260320_182518_poses/1uwt_native_ligand.pdb,success,
DQ-Dock,dq_dock,2ceq,BETA-GLYCOSIDASE FROM SULFOLOBUS SOLFATARICUS IN COMPLEX,119.63578571428572,39.12407142857143,62.38664285714286,12.0,12.0,12.0,14,226,energy,-4.489261627197266,0.5192362666130066,0.5192362666130066,20.02367353439331,benchmark_results_170/pdb_redocking_20260320_182518_poses/2ceq_dq_dock_pose.pdb,proved,23,0.5713655948638916,benchmark_results_170/pdb_redocking_20260320_182518_poses/2ceq_receptor.pdb,benchmark_results_170/pdb_redocking_20260320_182518_poses/2ceq_native_ligand.pdb,success,
DQ-Dock,dq_dock,2cer,BETA-GLYCOSIDASE FROM SULFOLOBUS SOLFATARICUS IN COMPLEX,63.5390909090909,-69.13377272727273,5.484818181818181,12.0,12.0,12.0,22,218,energy,-5.594006538391113,0.49445000290870667,0.49445000290870667,19.11923384666443,benchmark_results_170/pdb_redocking_20260320_182518_poses/2cer_dq_dock_pose.pdb,proved,4,0.17372608184814453,benchmark_results_170/pdb_redocking_20260320_182518_poses/2cer_receptor.pdb,benchmark_results_170/pdb_redocking_20260320_182518_poses/2cer_native_ligand.pdb,success,
DQ-Dock,dq_dock,2qwb,THE X-RAY STRUCTURE OF A COMPLEX OF SIALIC ACID AND A DRUG,26.17828571428571,17.950380952380954,63.212380952380954,12.0,12.0,12.0,21,173,energy,-3.711261034011841,0.6034529209136963,0.6034529209136963,19.10050368309021,benchmark_results_170/pdb_redocking_20260320_182518_poses/2qwb_dq_dock_pose.pdb,proved,27,0.451519250869751,benchmark_results_170/pdb_redocking_20260320_182518_poses/2qwb_receptor.pdb,benchmark_results_170/pdb_redocking_20260320_182518_poses/2qwb_native_ligand.pdb,success,
DQ-Dock,dq_dock,2qwd,THE X-RAY STRUCTURE OF A COMPLEX OF 4-AMINO-NEU5AC2EN AND A,26.112600000000004,17.89495,63.09375,12.0,12.0,12.0,20,175,energy,-3.5711605548858643,0.7473254799842834,0.7473254799842834,18.538582801818848,benchmark_results_170/pdb_redocking_20260320_182518_poses/2qwd_dq_dock_pose.pdb,proved,661,0.8098955154418945,benchmark_results_170/pdb_redocking_20260320_182518_poses/2qwd_receptor.pdb,benchmark_results_170/pdb_redocking_20260320_182518_poses/2qwd_native_ligand.pdb,success,
DQ-Dock,dq_dock,2qwe,THE X-RAY STRUCTURE OF A COMPLEX OF 4-GUANIDINO-NEU5AC2EN,25.91034782608695,17.370304347826085,62.871913043478266,12.0,12.0,12.0,23,179,energy,-4.568259239196777,0.5860838890075684,0.5860838890075684,18.622068166732788,benchmark_results_170/pdb_redocking_20260320_182518_poses/2qwe_dq_dock_pose.pdb,proved,3,0.15080523490905762,benchmark_results_170/pdb_redocking_20260320_182518_poses/2qwe_receptor.pdb,benchmark_results_170/pdb_redocking_20260320_182518_poses/2qwe_native_ligand.pdb,success,
DQ-Dock,dq_dock,2j77,BETA-GLUCOSIDASE FROM THERMOTOGA MARITIMA IN COMPLEX WITH,-1.2500909090909091,10.767999999999999,9.08609090909091,12.0,12.0,12.0,11,227,energy,-3.4596354961395264,0.5005393028259277,0.5005393028259277,18.693177223205566,benchmark_results_170/pdb_redocking_20260320_182518_poses/2j77_dq_dock_pose.pdb,proved,144,0.6278271675109863,benchmark_results_170/pdb_redocking_20260320_182518_poses/2j77_receptor.pdb,benchmark_results_170/pdb_redocking_20260320_182518_poses/2j77_native_ligand.pdb,success,
DQ-Dock,dq_dock,2j78,BETA-GLUCOSIDASE FROM THERMOTOGA MARITIMA IN COMPLEX WITH,-0.19230769230769232,11.332076923076924,9.053923076923079,12.0,12.0,12.0,13,222,energy,-3.9157660007476807,0.5266261696815491,0.5266261696815491,18.263169765472412,benchmark_results_170/pdb_redocking_20260320_182518_poses/2j78_dq_dock_pose.pdb,proved,10,0.3185310363769531,benchmark_results_170/pdb_redocking_20260320_182518_poses/2j78_receptor.pdb,benchmark_results_170/pdb_redocking_20260320_182518_poses/2j78_native_ligand.pdb,success,
DQ-Dock,dq_dock,2cet,BETA-GLUCOSIDASE FROM THERMOTOGA MARITIMA IN COMPLEX WITH,-0.6183181818181817,9.064318181818182,10.290045454545456,12.0,12.0,12.0,22,204,energy,-5.43646240234375,0.6261179447174072,0.6261179447174072,18.762598276138306,benchmark_results_170/pdb_redocking_20260320_182518_poses/2cet_dq_dock_pose.pdb,proved,4,0.13362550735473633,benchmark_results_170/pdb_redocking_20260320_182518_poses/2cet_receptor.pdb,benchmark_results_170/pdb_redocking_20260320_182518_poses/2cet_native_ligand.pdb,success,
DQ-Dock,dq_dock,2g94,CRYSTAL STRUCTURE OF BETA-SECRETASE BOUND TO A POTENT AND,-4.265955555555555,-3.6737111111111114,31.35746666666667,12.0,12.0,12.0,45,165,energy,-8.384161949157715,0.3622295558452606,0.3622295558452606,18.81258749961853,benchmark_results_170/pdb_redocking_20260320_182518_poses/2g94_dq_dock_pose.pdb,proved,20,0.6728277206420898,benchmark_results_170/pdb_redocking_20260320_182518_poses/2g94_receptor.pdb,benchmark_results_170/pdb_redocking_20260320_182518_poses/2g94_native_ligand.pdb,success,
DQ-Dock,dq_dock,1n2v,CRYSTAL STRUCTURE OF TGT IN COMPLEX WITH,16.22866666666667,17.404266666666665,20.8774,12.0,12.0,12.0,15,193,energy,-4.1953911781311035,0.5877795815467834,0.5877795815467834,18.7793288230896,benchmark_results_170/pdb_redocking_20260320_182518_poses/1n2v_dq_dock_pose.pdb,proved,164,0.33626508712768555,benchmark_results_170/pdb_redocking_20260320_182518_poses/1n2v_receptor.pdb,benchmark_results_170/pdb_redocking_20260320_182518_poses/1n2v_native_ligand.pdb,success,
DQ-Dock,dq_dock,1k4g,CRYSTAL STRUCTURE OF TRNA-GUANINE TRANSGLYCOSYLASE (TGT),16.3548,16.88325,19.5911,12.0,12.0,12.0,20,181,energy,-5.0997467041015625,1.3566923141479492,1.3566923141479492,18.891658544540405,benchmark_results_170/pdb_redocking_20260320_182518_poses/1k4g_dq_dock_pose.pdb,proved,238,0.35357046127319336,benchmark_results_170/pdb_redocking_20260320_182518_poses/1k4g_receptor.pdb,benchmark_results_170/pdb_redocking_20260320_182518_poses/1k4g_native_ligand.pdb,success,
DQ-Dock,dq_dock,1s39,CRYSTAL STRUCTURE OF TGT IN COMPLEX WITH,16.730083333333337,17.075000000000003,21.69441666666667,12.0,12.0,12.0,12,206,energy,-3.9985239505767822,0.4723118245601654,0.4723118245601654,18.783111572265625,benchmark_results_170/pdb_redocking_20260320_182518_poses/1s39_dq_dock_pose.pdb,proved,4,0.027337312698364258,benchmark_results_170/pdb_redocking_20260320_182518_poses/1s39_receptor.pdb,benchmark_results_170/pdb_redocking_20260320_182518_poses/1s39_native_ligand.pdb,success,
DQ-Dock,dq_dock,2bak,P38ALPHA MAP KINASE BOUND TO MPAQ,-2.066790697674419,1.7892093023255808,19.72158139534884,12.0,12.0,12.0,43,171,energy,-8.542752265930176,0.38309788703918457,0.38309788703918457,19.573864936828613,benchmark_results_170/pdb_redocking_20260320_182518_poses/2bak_dq_dock_pose.pdb,proved,6,0.0933980941772461,benchmark_results_170/pdb_redocking_20260320_182518_poses/2bak_receptor.pdb,benchmark_results_170/pdb_redocking_20260320_182518_poses/2bak_native_ligand.pdb,success,
DQ-Dock,dq_dock,2baj,P38ALPHA BOUND TO PYRAZOLOUREA,12.431370370370367,-0.7558888888888889,30.497999999999994,12.0,12.0,12.0,27,186,energy,-7.428549766540527,0.35846930742263794,0.35846930742263794,19.931392431259155,benchmark_results_170/pdb_redocking_20260320_182518_poses/2baj_dq_dock_pose.pdb,proved,10,0.10023021697998047,benchmark_results_170/pdb_redocking_20260320_182518_poses/2baj_receptor.pdb,benchmark_results_170/pdb_redocking_20260320_182518_poses/2baj_native_ligand.pdb,success,
DQ-Dock,dq_dock,1ndw,CRYSTAL STRUCTURE OF ADENOSINE DEAMINASE COMPLEXED WITH,49.03884210526316,55.43105263157895,20.959,12.0,12.0,12.0,19,197,energy,-4.934902667999268,0.5538448691368103,0.5538448691368103,18.860798597335815,benchmark_results_170/pdb_redocking_20260320_182518_poses/1ndw_dq_dock_pose.pdb,proved,51,0.3002948760986328,benchmark_results_170/pdb_redocking_20260320_182518_poses/1ndw_receptor.pdb,benchmark_results_170/pdb_redocking_20260320_182518_poses/1ndw_native_ligand.pdb,success,
DQ-Dock,dq_dock,1ndy,CRYSTAL STRUCTURE OF ADENOSINE DEAMINASE COMPLEXED WITH,49.394652173913045,54.96521739130435,19.78430434782609,12.0,12.0,12.0,23,199,energy,-5.726559638977051,0.2261638343334198,0.2261638343334198,19.0572566986084,benchmark_results_170/pdb_redocking_20260320_182518_poses/1ndy_dq_dock_pose.pdb,proved,7,0.09368228912353516,benchmark_results_170/pdb_redocking_20260320_182518_poses/1ndy_receptor.pdb,benchmark_results_170/pdb_redocking_20260320_182518_poses/1ndy_native_ligand.pdb,success,
DQ-Dock,dq_dock,1ndz,CRYSTAL STRUCTURE OF ADENOSINE DEAMINASE COMPLEXED WITH,48.48859459459459,52.61837837837838,19.260027027027025,12.0,12.0,12.0,37,184,energy,-8.136627197265625,0.47031542658805847,0.47031542658805847,19.64771318435669,benchmark_results_170/pdb_redocking_20260320_182518_poses/1ndz_dq_dock_pose.pdb,proved,114,1.0074644088745117,benchmark_results_170/pdb_redocking_20260320_182518_poses/1ndz_receptor.pdb,benchmark_results_170/pdb_redocking_20260320_182518_poses/1ndz_native_ligand.pdb,success,
DQ-Dock,dq_dock,1l2s,X-RAY CRYSTAL STRUCTURE OF AMPC BETA-LACTAMASE FROM E. COLI,23.556736842105266,5.735105263157895,14.399105263157892,12.0,12.0,12.0,19,165,energy,-3.944260835647583,0.778343915939331,0.778343915939331,18.19708228111267,benchmark_results_170/pdb_redocking_20260320_182518_poses/1l2s_dq_dock_pose.pdb,proved,9,0.10636091232299805,benchmark_results_170/pdb_redocking_20260320_182518_poses/1l2s_receptor.pdb,benchmark_results_170/pdb_redocking_20260320_182518_poses/1l2s_native_ligand.pdb,success,
DQ-Dock,dq_dock,1xgj,AMPC BETA-LACTAMASE IN COMPLEX WITH 3-(4-CARBOXY-2-HYDROXY-,-58.09881818181817,5.772272727272727,58.09222727272727,12.0,12.0,12.0,22,152,energy,-3.8980636596679688,0.8044193983078003,0.8044193983078003,18.62547206878662,benchmark_results_170/pdb_redocking_20260320_182518_poses/1xgj_dq_dock_pose.pdb,proved,1045,1.1009926795959473,benchmark_results_170/pdb_redocking_20260320_182518_poses/1xgj_receptor.pdb,benchmark_results_170/pdb_redocking_20260320_182518_poses/1xgj_native_ligand.pdb,success,
DQ-Dock,dq_dock,1q8t,THE CATALYTIC SUBUNIT OF CAMP-DEPENDENT PROTEIN KINASE,8.667555555555557,9.133611111111113,3.1005,12.0,12.0,12.0,18,204,energy,-4.3559770584106445,1.1843442916870117,1.1843442916870117,19.43344807624817,benchmark_results_170/pdb_redocking_20260320_182518_poses/1q8t_dq_dock_pose.pdb,proved,21,0.09007787704467773,benchmark_results_170/pdb_redocking_20260320_182518_poses/1q8t_receptor.pdb,benchmark_results_170/pdb_redocking_20260320_182518_poses/1q8t_native_ligand.pdb,success,
DQ-Dock,dq_dock,1ydt,"STRUCTURE OF CAMP-DEPENDENT PROTEIN KINASE, ALPHA-CATALYTIC",9.236703703703702,10.365407407407409,2.562740740740741,12.0,12.0,12.0,27,201,energy,-6.820609092712402,0.24982939660549164,0.24982939660549164,19.79387927055359,benchmark_results_170/pdb_redocking_20260320_182518_poses/1ydt_dq_dock_pose.pdb,proved,3,0.009023189544677734,benchmark_results_170/pdb_redocking_20260320_182518_poses/1ydt_receptor.pdb,benchmark_results_170/pdb_redocking_20260320_182518_poses/1ydt_native_ligand.pdb,success,
DQ-Dock,dq_dock,1re8,CRYSTAL STRUCTURE OF CAMP-DEPENDENT PROTEIN KINASE,8.794685714285716,41.859971428571434,17.067285714285717,12.0,12.0,12.0,35,178,energy,-7.989536762237549,0.4091747999191284,0.4091747999191284,19.94447159767151,benchmark_results_170/pdb_redocking_20260320_182518_poses/1re8_dq_dock_pose.pdb,proved,4,0.09383630752563477,benchmark_results_170/pdb_redocking_20260320_182518_poses/1re8_receptor.pdb,benchmark_results_170/pdb_redocking_20260320_182518_poses/1re8_native_ligand.pdb,success,
DQ-Dock,dq_dock,1m2q,"CRYSTAL STRUCTURE OF 1,8-DI-HYDROXY-4-NITRO-XANTEN-9-ONE/CK2",25.05675,6.4116,15.89095,12.0,12.0,12.0,20,212,energy,-5.599687099456787,0.38310909271240234,0.38310909271240234,19.936672687530518,benchmark_results_170/pdb_redocking_20260320_182518_poses/1m2q_dq_dock_pose.pdb,proved,8,0.050490379333496094,benchmark_results_170/pdb_redocking_20260320_182518_poses/1m2q_receptor.pdb,benchmark_results_170/pdb_redocking_20260320_182518_poses/1m2q_native_ligand.pdb,success,
DQ-Dock,dq_dock,1om1,CRYSTAL STRUCTURE OF MAIZE CK2 ALPHA IN COMPLEX WITH IQA,22.455227272727274,7.511181818181819,18.688045454545453,12.0,12.0,12.0,22,203,energy,-6.130013465881348,0.5849882960319519,0.5849882960319519,20.321222066879272,benchmark_results_170/pdb_redocking_20260320_182518_poses/1om1_dq_dock_pose.pdb,proved,145,0.8732810020446777,benchmark_results_170/pdb_redocking_20260320_182518_poses/1om1_receptor.pdb,benchmark_results_170/pdb_redocking_20260320_182518_poses/1om1_native_ligand.pdb,success,
DQ-Dock,dq_dock,1zoe,CRYSTAL STRUCTURE OF PROTEIN KINASE CK2 IN COMPLEX WITH,22.961374999999997,6.781625,19.40375,12.0,12.0,12.0,16,199,energy,-4.202929496765137,0.616995632648468,0.616995632648468,19.767778635025024,benchmark_results_170/pdb_redocking_20260320_182518_poses/1zoe_dq_dock_pose.pdb,proved,2,0.0029153823852539062,benchmark_results_170/pdb_redocking_20260320_182518_poses/1zoe_receptor.pdb,benchmark_results_170/pdb_redocking_20260320_182518_poses/1zoe_native_ligand.pdb,success,
DQ-Dock,dq_dock,2azr,CRYSTAL STRUCTURE OF PTP1B WITH BICYCLIC THIOPHENE INHIBITOR,45.75629411764705,14.780470588235293,2.5229411764705882,12.0,12.0,12.0,17,173,energy,-4.825256824493408,0.2825556695461273,0.2825556695461273,18.81342601776123,benchmark_results_170/pdb_redocking_20260320_182518_poses/2azr_dq_dock_pose.pdb,proved,27,0.19840192794799805,benchmark_results_170/pdb_redocking_20260320_182518_poses/2azr_receptor.pdb,benchmark_results_170/pdb_redocking_20260320_182518_poses/2azr_native_ligand.pdb,success,
DQ-Dock,dq_dock,1g7f,HUMAN PTP1B CATALYTIC DOMAIN COMPLEXED WITH PNU177496,9.662384615384614,18.383205128205123,9.115051282051281,12.0,12.0,12.0,39,97,energy,-5.500308036804199,0.3883013129234314,0.3883013129234314,21.261645317077637,benchmark_results_170/pdb_redocking_20260320_182518_poses/1g7f_dq_dock_pose.pdb,proved,21,0.2602062225341797,benchmark_results_170/pdb_redocking_20260320_182518_poses/1g7f_receptor.pdb,benchmark_results_170/pdb_redocking_20260320_182518_poses/1g7f_native_ligand.pdb,success,
DQ-Dock,dq_dock,1nny,"POTENT, SELECTIVE PROTEIN TYROSINE PHOSPHATASE 1B INHIBITOR",31.15167924528302,28.65728301886791,21.49262264150944,12.0,12.0,12.0,53,132,energy,-7.2084126472473145,0.4580530524253845,0.4580530524253845,19.156200408935547,benchmark_results_170/pdb_redocking_20260320_182518_poses/1nny_dq_dock_pose.pdb,proved,22,0.33802270889282227,benchmark_results_170/pdb_redocking_20260320_182518_poses/1nny_receptor.pdb,benchmark_results_170/pdb_redocking_20260320_182518_poses/1nny_native_ligand.pdb,success,
DQ-Dock,dq_dock,5er1,A RATIONAL APPROACH TO THE DESIGN OF ANTIHYPERTENSIVES.,37.98086486486486,-12.83162162162162,5.06927027027027,12.0,12.0,12.0,37,135,energy,-6.123359203338623,0.4579567313194275,0.4579567313194275,20.310340404510498,benchmark_results_170/pdb_redocking_20260320_182518_poses/5er1_dq_dock_pose.pdb,proved,11,0.14017486572265625,benchmark_results_170/pdb_redocking_20260320_182518_poses/5er1_receptor.pdb,benchmark_results_170/pdb_redocking_20260320_182518_poses/5er1_native_ligand.pdb,success,
DQ-Dock,dq_dock,4tln,BINDING OF HYDROXAMIC ACID INHIBITORS TO CRYSTALLINE,36.480999999999995,42.3499,-4.3102,12.0,12.0,12.0,10,188,energy,-2.7974650859832764,1.3331550359725952,1.3331550359725952,19.272417783737183,benchmark_results_170/pdb_redocking_20260320_182518_poses/4tln_dq_dock_pose.pdb,proved,27988,1.70441734790802,benchmark_results_170/pdb_redocking_20260320_182518_poses/4tln_receptor.pdb,benchmark_results_170/pdb_redocking_20260320_182518_poses/4tln_native_ligand.pdb,success,
DQ-Dock,dq_dock,1tmn,BINDING OF N-CARBOXYMETHYL DIPEPTIDE INHIBITORS TO,37.04977142857143,39.22222857142856,-4.230342857142856,12.0,12.0,12.0,35,144,energy,-6.014732837677002,0.3005872368812561,0.3005872368812561,18.88817071914673,benchmark_results_170/pdb_redocking_20260320_182518_poses/1tmn_dq_dock_pose.pdb,proved,1,0.11404609680175781,benchmark_results_170/pdb_redocking_20260320_182518_poses/1tmn_receptor.pdb,benchmark_results_170/pdb_redocking_20260320_182518_poses/1tmn_native_ligand.pdb,success,
DQ-Dock,dq_dock,1fh9,CRYSTAL STRUCTURE OF THE XYLANASE CEX WITH,19.888727272727273,67.7741818181818,36.773272727272726,12.0,12.0,12.0,11,214,energy,-3.5231852531433105,0.5506704449653625,0.5506704449653625,19.978014707565308,benchmark_results_170/pdb_redocking_20260320_182518_poses/1fh9_dq_dock_pose.pdb,proved,1598,1.2445296049118042,benchmark_results_170/pdb_redocking_20260320_182518_poses/1fh9_receptor.pdb,benchmark_results_170/pdb_redocking_20260320_182518_poses/1fh9_native_ligand.pdb,success,
DQ-Dock,dq_dock,2ctc,THE HIGH RESOLUTION CRYSTAL STRUCTURE OF THE COMPLEX,-1.95275,29.711250000000003,-10.32475,12.0,12.0,12.0,12,227,energy,-3.045637369155884,0.6355481743812561,0.6355481743812561,19.137868404388428,benchmark_results_170/pdb_redocking_20260320_182518_poses/2ctc_dq_dock_pose.pdb,proved,92,0.7551044225692749,benchmark_results_170/pdb_redocking_20260320_182518_poses/2ctc_receptor.pdb,benchmark_results_170/pdb_redocking_20260320_182518_poses/2ctc_native_ligand.pdb,success,
DQ-Dock,dq_dock,1e1v,HUMAN CYCLIN DEPENDENT KINASE 2 COMPLEXED WITH THE,1.1616111111111111,28.393333333333334,8.569833333333333,12.0,12.0,12.0,18,211,energy,-4.8840203285217285,0.9478722810745239,0.9478722810745239,19.344606637954712,benchmark_results_170/pdb_redocking_20260320_182518_poses/1e1v_dq_dock_pose.pdb,proved,675,1.91572904586792,benchmark_results_170/pdb_redocking_20260320_182518_poses/1e1v_receptor.pdb,benchmark_results_170/pdb_redocking_20260320_182518_poses/1e1v_native_ligand.pdb,success,
DQ-Dock,dq_dock,1pxo,HUMAN CYCLIN DEPENDENT KINASE 2 COMPLEXED WITH THE,13.4995,-8.222857142857142,13.031714285714285,12.0,12.0,12.0,14,210,energy,-3.7366628646850586,0.5721659660339355,0.5721659660339355,19.663516521453857,benchmark_results_170/pdb_redocking_20260320_182518_poses/1pxo_dq_dock_pose.pdb,proved,5,0.03924059867858887,benchmark_results_170/pdb_redocking_20260320_182518_poses/1pxo_receptor.pdb,benchmark_results_170/pdb_redocking_20260320_182518_poses/1pxo_native_ligand.pdb,success,
DQ-Dock,dq_dock,1vzq,COMPLEX OF THROMBIN WITH DESIGNED INHIBITOR 7165,17.375757575757575,-12.367606060606061,21.671212121212122,12.0,12.0,12.0,33,167,energy,-7.764224052429199,0.4733392596244812,0.4733392596244812,19.543766736984253,benchmark_results_170/pdb_redocking_20260320_182518_poses/1vzq_dq_dock_pose.pdb,proved,99,1.1975979804992676,benchmark_results_170/pdb_redocking_20260320_182518_poses/1vzq_receptor.pdb,benchmark_results_170/pdb_redocking_20260320_182518_poses/1vzq_native_ligand.pdb,success,
DQ-Dock,dq_dock,1sl3,CRYSTAL STRUCTUE OF THROMBIN IN COMPLEX WITH A POTENT P1,16.59213513513514,-14.009324324324322,22.807405405405405,12.0,12.0,12.0,37,161,energy,-9.00989055633545,0.22932277619838715,0.22932277619838715,19.120899200439453,benchmark_results_170/pdb_redocking_20260320_182518_poses/1sl3_dq_dock_pose.pdb,proved,1,0.12047672271728516,benchmark_results_170/pdb_redocking_20260320_182518_poses/1sl3_receptor.pdb,benchmark_results_170/pdb_redocking_20260320_182518_poses/1sl3_native_ligand.pdb,success,
DQ-Dock,dq_dock,2brb,STRUCTURE-BASED DESIGN OF NOVEL CHK1 INHIBITORS: INSIGHTS,17.147280000000002,-2.4228799999999997,10.187879999999998,12.0,12.0,12.0,25,181,energy,-5.814347743988037,0.26598551869392395,0.26598551869392395,19.38252329826355,benchmark_results_170/pdb_redocking_20260320_182518_poses/2brb_dq_dock_pose.pdb,proved,5,0.030630111694335938,benchmark_results_170/pdb_redocking_20260320_182518_poses/2brb_receptor.pdb,benchmark_results_170/pdb_redocking_20260320_182518_poses/2brb_native_ligand.pdb,success,
DQ-Dock,dq_dock,2brm,STRUCTURE-BASED DESIGN OF NOVEL CHK1 INHIBITORS: INSIGHTS,3.2541200000000003,-4.996160000000001,18.812800000000003,12.0,12.0,12.0,25,186,energy,-5.598959445953369,0.55162513256073,0.55162513256073,19.135299682617188,benchmark_results_170/pdb_redocking_20260320_182518_poses/2brm_dq_dock_pose.pdb,proved,7,0.03952741622924805,benchmark_results_170/pdb_redocking_20260320_182518_poses/2brm_receptor.pdb,benchmark_results_170/pdb_redocking_20260320_182518_poses/2brm_native_ligand.pdb,success,
DQ-Dock,dq_dock,1nvq,THE COMPLEX STRUCTURE OF CHECKPOINT KINASE CHK1/UCN-01,5.06263888888889,6.464194444444446,16.85761111111112,12.0,12.0,12.0,36,185,energy,-7.947332382202148,0.4359184801578522,0.4359184801578522,19.96150016784668,benchmark_results_170/pdb_redocking_20260320_182518_poses/1nvq_dq_dock_pose.pdb,proved,30,0.3242049217224121,benchmark_results_170/pdb_redocking_20260320_182518_poses/1nvq_receptor.pdb,benchmark_results_170/pdb_redocking_20260320_182518_poses/1nvq_native_ligand.pdb,success,
DQ-Dock,dq_dock,1jqd,CRYSTAL STRUCTURE ANALYSIS OF HUMAN HISTAMINE,39.96338461538461,-26.132384615384623,3.0556153846153844,12.0,12.0,12.0,26,174,energy,-5.673362731933594,0.6247517466545105,0.6247517466545105,19.086491346359253,benchmark_results_170/pdb_redocking_20260320_182518_poses/1jqd_dq_dock_pose.pdb,proved,75,0.551537036895752,benchmark_results_170/pdb_redocking_20260320_182518_poses/1jqd_receptor.pdb,benchmark_results_170/pdb_redocking_20260320_182518_poses/1jqd_native_ligand.pdb,success,
DQ-Dock,dq_dock,2aov,HISTAMINE METHYLTRANSFERASE COMPLEXED WITH THE ANTIFOLATE,41.99270588235294,-35.08511764705882,-3.3348235294117656,12.0,12.0,12.0,17,207,energy,-4.799754619598389,0.7686980962753296,0.7686980962753296,19.14265489578247,benchmark_results_170/pdb_redocking_20260320_182518_poses/2aov_dq_dock_pose.pdb,proved,104,0.3813810348510742,benchmark_results_170/pdb_redocking_20260320_182518_poses/2aov_receptor.pdb,benchmark_results_170/pdb_redocking_20260320_182518_poses/2aov_native_ligand.pdb,success,
DQ-Dock,dq_dock,2aou,HISTAMINE METHYLTRANSFERASE COMPLEXED WITH THE ANTIMALARIAL,43.01569565217392,-31.654347826086966,0.3944782608695652,12.0,12.0,12.0,23,187,energy,-6.445558547973633,0.28647086024284363,0.28647086024284363,18.981592416763306,benchmark_results_170/pdb_redocking_20260320_182518_poses/2aou_dq_dock_pose.pdb,proved,18,0.2115187644958496,benchmark_results_170/pdb_redocking_20260320_182518_poses/2aou_receptor.pdb,benchmark_results_170/pdb_redocking_20260320_182518_poses/2aou_native_ligand.pdb,success,
DQ-Dock,dq_dock,1pbq,CRYSTAL STRUCTURE OF THE NR1 LIGAND BINDING CORE IN COMPLEX,5.637625,37.816874999999996,-17.061562499999994,12.0,12.0,12.0,16,184,energy,-4.627338886260986,0.3497183620929718,0.3497183620929718,17.912307739257812,benchmark_results_170/pdb_redocking_20260320_182518_poses/1pbq_dq_dock_pose.pdb,proved,1,0.0023140907287597656,benchmark_results_170/pdb_redocking_20260320_182518_poses/1pbq_receptor.pdb,benchmark_results_170/pdb_redocking_20260320_182518_poses/1pbq_native_ligand.pdb,success,
DQ-Dock,dq_dock,1vfn,PURINE NUCLEOSIDE PHOSPHORYLASE,73.4531,48.22359999999999,49.996,12.0,12.0,12.0,10,206,energy,-3.3400163650512695,0.6277860403060913,0.6277860403060913,19.68618130683899,benchmark_results_170/pdb_redocking_20260320_182518_poses/1vfn_dq_dock_pose.pdb,proved,878,0.808168888092041,benchmark_results_170/pdb_redocking_20260320_182518_poses/1vfn_receptor.pdb,benchmark_results_170/pdb_redocking_20260320_182518_poses/1vfn_native_ligand.pdb,success,
DQ-Dock,dq_dock,1b8o,PURINE NUCLEOSIDE PHOSPHORYLASE,22.39047368421053,89.13984210526318,73.58826315789474,12.0,12.0,12.0,19,213,energy,-5.807699680328369,0.39897456765174866,0.39897456765174866,18.854279041290283,benchmark_results_170/pdb_redocking_20260320_182518_poses/1b8o_dq_dock_pose.pdb,proved,6,0.055364131927490234,benchmark_results_170/pdb_redocking_20260320_182518_poses/1b8o_receptor.pdb,benchmark_results_170/pdb_redocking_20260320_182518_poses/1b8o_native_ligand.pdb,success,
DQ-Dock,dq_dock,1p1q,CRYSTAL STRUCTURE OF THE GLUR2 LIGAND BINDING CORE (S1S2J),76.82807692307694,27.027153846153848,41.40400000000001,12.0,12.0,12.0,13,233,energy,-4.488706588745117,0.36018669605255127,0.36018669605255127,20.108383178710938,benchmark_results_170/pdb_redocking_20260320_182518_poses/1p1q_dq_dock_pose.pdb,proved,25,0.25761890411376953,benchmark_results_170/pdb_redocking_20260320_182518_poses/1p1q_receptor.pdb,benchmark_results_170/pdb_redocking_20260320_182518_poses/1p1q_native_ligand.pdb,success,
DQ-Dock,dq_dock,1syh,X-RAY STRUCTURE OF THE GLUR2 LIGAND-BINDING CORE (S1S2J) IN,21.941235294117647,13.80405882352941,23.325176470588232,12.0,12.0,12.0,17,215,energy,-5.47946834564209,0.31128403544425964,0.31128403544425964,18.954257488250732,benchmark_results_170/pdb_redocking_20260320_182518_poses/1syh_dq_dock_pose.pdb,proved,14,0.28012704849243164,benchmark_results_170/pdb_redocking_20260320_182518_poses/1syh_receptor.pdb,benchmark_results_170/pdb_redocking_20260320_182518_poses/1syh_native_ligand.pdb,success,
DQ-Dock,dq_dock,1ftm,CRYSTAL STRUCTURE OF THE GLUR2 LIGAND BINDING CORE (S1S2J),76.75323076923075,26.86053846153846,41.594307692307694,12.0,12.0,12.0,13,236,energy,-4.573927402496338,0.3633354604244232,0.3633354604244232,18.8871967792511,benchmark_results_170/pdb_redocking_20260320_182518_poses/1ftm_dq_dock_pose.pdb,proved,25,0.25539255142211914,benchmark_results_170/pdb_redocking_20260320_182518_poses/1ftm_receptor.pdb,benchmark_results_170/pdb_redocking_20260320_182518_poses/1ftm_native_ligand.pdb,success,
DQ-Dock,dq_dock,1fcx,ISOTYPE SELECTIVITY OF THE HUMAN RETINOIC ACID NUCLEAR,43.30320000000001,26.25094285714286,95.92874285714286,12.0,12.0,12.0,35,80,energy,-2.703054428100586,2.0061421394348145,2.0061421394348145,18.578702926635742,benchmark_results_170/pdb_redocking_20260320_182518_poses/1fcx_dq_dock_pose.pdb,proved,512,0.5828589200973511,benchmark_results_170/pdb_redocking_20260320_182518_poses/1fcx_receptor.pdb,benchmark_results_170/pdb_redocking_20260320_182518_poses/1fcx_native_ligand.pdb,success,
DQ-Dock,dq_dock,1fd0,ISOTYPE SELECTIVITY OF THE HUMAN RETINOIC ACID NUCLEAR,40.1126,15.309200000000002,84.45313333333333,12.0,12.0,12.0,30,212,energy,-8.338987350463867,0.3485147953033447,0.3485147953033447,19.374305248260498,benchmark_results_170/pdb_redocking_20260320_182518_poses/1fd0_dq_dock_pose.pdb,proved,1,0.022876739501953125,benchmark_results_170/pdb_redocking_20260320_182518_poses/1fd0_receptor.pdb,benchmark_results_170/pdb_redocking_20260320_182518_poses/1fd0_native_ligand.pdb,success,
DQ-Dock,dq_dock,1fcz,ISOTYPE SELECTIVITY OF THE HUMAN RETINOIC ACID NUCLEAR,43.23608571428572,26.452428571428573,96.17982857142857,12.0,12.0,12.0,35,81,energy,-2.8416755199432373,1.8515888452529907,1.8515888452529907,18.501155138015747,benchmark_results_170/pdb_redocking_20260320_182518_poses/1fcz_dq_dock_pose.pdb,proved,489,0.711641788482666,benchmark_results_170/pdb_redocking_20260320_182518_poses/1fcz_receptor.pdb,benchmark_results_170/pdb_redocking_20260320_182518_poses/1fcz_native_ligand.pdb,success,
DQ-Dock,dq_dock,1f4e,CRYSTAL STRUCTURE OF E. COLI THYMIDYLATE SYNTHASE COMPLEXED,36.137888888888895,59.545722222222224,81.24744444444444,12.0,12.0,12.0,18,168,energy,-3.9240894317626953,1.0674551725387573,1.0674551725387573,18.502288341522217,benchmark_results_170/pdb_redocking_20260320_182518_poses/1f4e_dq_dock_pose.pdb,proved,72,0.16684269905090332,benchmark_results_170/pdb_redocking_20260320_182518_poses/1f4e_receptor.pdb,benchmark_results_170/pdb_redocking_20260320_182518_poses/1f4e_native_ligand.pdb,success,
DQ-Dock,dq_dock,1f4f,CRYSTAL STRUCTURE OF E. COLI THYMIDYLATE SYNTHASE COMPLEXED,45.402620689655166,40.56651724137932,21.738344827586204,12.0,12.0,12.0,29,159,energy,-5.173280715942383,0.5175971984863281,0.5175971984863281,18.933311700820923,benchmark_results_170/pdb_redocking_20260320_182518_poses/1f4f_dq_dock_pose.pdb,proved,41,0.13411951065063477,benchmark_results_170/pdb_redocking_20260320_182518_poses/1f4f_receptor.pdb,benchmark_results_170/pdb_redocking_20260320_182518_poses/1f4f_native_ligand.pdb,success,
DQ-Dock,dq_dock,1f4g,CRYSTAL STRUCTURE OF E. COLI THYMIDYLATE SYNTHASE COMPLEXED,15.108411764705883,14.920529411764706,34.64867647058823,12.0,12.0,12.0,34,173,energy,-6.238015651702881,0.3225224018096924,0.3225224018096924,18.847601175308228,benchmark_results_170/pdb_redocking_20260320_182518_poses/1f4g_dq_dock_pose.pdb,proved,7,0.061898231506347656,benchmark_results_170/pdb_redocking_20260320_182518_poses/1f4g_receptor.pdb,benchmark_results_170/pdb_redocking_20260320_182518_poses/1f4g_native_ligand.pdb,success,
DQ-Dock,dq_dock,1sqa,SUBSTITUTED 2-NAPHTHAMIDINE INHIBITORS OF UROKINASE,23.388258064516126,16.340838709677417,33.38151612903226,12.0,12.0,12.0,31,157,energy,-6.431546688079834,0.20989085733890533,0.20989085733890533,19.360810041427612,benchmark_results_170/pdb_redocking_20260320_182518_poses/1sqa_dq_dock_pose.pdb,proved,2,0.00235748291015625,benchmark_results_170/pdb_redocking_20260320_182518_poses/1sqa_receptor.pdb,benchmark_results_170/pdb_redocking_20260320_182518_poses/1sqa_native_ligand.pdb,success,
DQ-Dock,dq_dock,2b1v,HUMAN ESTROGEN RECEPTOR ALPHA LIGAND-BINDING DOMAIN IN,4.062473684210526,4.107052631578947,-6.091157894736842,12.0,12.0,12.0,19,220,energy,-5.007952690124512,0.5683214068412781,0.5683214068412781,18.270766496658325,benchmark_results_170/pdb_redocking_20260320_182518_poses/2b1v_dq_dock_pose.pdb,proved,82,0.4832320213317871,benchmark_results_170/pdb_redocking_20260320_182518_poses/2b1v_receptor.pdb,benchmark_results_170/pdb_redocking_20260320_182518_poses/2b1v_native_ligand.pdb,success,
DQ-Dock,dq_dock,2fai,HUMAN ESTROGEN RECEPTOR ALPHA LIGAND-BINDING DOMAIN IN,-1.8991499999999988,-7.692699999999999,22.201300000000003,12.0,12.0,12.0,20,217,energy,-5.114526271820068,0.866655170917511,0.866655170917511,20.127805471420288,benchmark_results_170/pdb_redocking_20260320_182518_poses/2fai_dq_dock_pose.pdb,proved,272,1.1776459217071533,benchmark_results_170/pdb_redocking_20260320_182518_poses/2fai_receptor.pdb,benchmark_results_170/pdb_redocking_20260320_182518_poses/2fai_native_ligand.pdb,success,
DQ-Dock,dq_dock,2ayr,A SERM DESIGNED FOR THE TREATMENT OF UTERINE LEIOMYOMA WITH,31.79745945945946,-1.2207027027027026,25.493891891891895,12.0,12.0,12.0,37,191,energy,-8.341267585754395,0.3481560945510864,0.3481560945510864,20.062366247177124,benchmark_results_170/pdb_redocking_20260320_182518_poses/2ayr_dq_dock_pose.pdb,proved,29,0.3920454978942871,benchmark_results_170/pdb_redocking_20260320_182518_poses/2ayr_receptor.pdb,benchmark_results_170/pdb_redocking_20260320_182518_poses/2ayr_native_ligand.pdb,success,
DQ-Dock,dq_dock,1ttm,HUMAN CARBONIC ANHYDRASE II COMPLEXED WITH 667-COUMATE,22.043761904761908,30.78833333333333,20.272761904761904,12.0,12.0,12.0,21,184,energy,-4.2652130126953125,0.8318325877189636,0.8318325877189636,20.104662656784058,benchmark_results_170/pdb_redocking_20260320_182518_poses/1ttm_dq_dock_pose.pdb,proved,115,0.7083680629730225,benchmark_results_170/pdb_redocking_20260320_182518_poses/1ttm_receptor.pdb,benchmark_results_170/pdb_redocking_20260320_182518_poses/1ttm_native_ligand.pdb,success,
DQ-Dock,dq_dock,1if7,CARBONIC ANHYDRASE II COMPLEXED WITH,-3.3592307692307695,5.52796153846154,14.382038461538464,12.0,12.0,12.0,26,146,energy,-4.245200157165527,0.9474974274635315,0.9474974274635315,19.468459129333496,benchmark_results_170/pdb_redocking_20260320_182518_poses/1if7_dq_dock_pose.pdb,proved,121,0.4555187225341797,benchmark_results_170/pdb_redocking_20260320_182518_poses/1if7_receptor.pdb,benchmark_results_170/pdb_redocking_20260320_182518_poses/1if7_native_ligand.pdb,success,
DQ-Dock,dq_dock,2bok,FACTOR XA - CATION,-4.30548275862069,10.081931034482755,22.54255172413793,12.0,12.0,12.0,29,156,energy,-7.017796039581299,0.5668590068817139,0.5668590068817139,21.162304401397705,benchmark_results_170/pdb_redocking_20260320_182518_poses/2bok_dq_dock_pose.pdb,proved,5,0.07662677764892578,benchmark_results_170/pdb_redocking_20260320_182518_poses/2bok_receptor.pdb,benchmark_results_170/pdb_redocking_20260320_182518_poses/2bok_native_ligand.pdb,success,
DQ-Dock,dq_dock,1nfy,CRYSTAL STRUCTURE OF HUMAN COAGULATION FACTOR XA COMPLEXED,7.805533333333333,5.563566666666667,22.40363333333333,12.0,12.0,12.0,30,155,energy,-7.762408256530762,0.23961851000785828,0.23961851000785828,20.02199387550354,benchmark_results_170/pdb_redocking_20260320_182518_poses/1nfy_dq_dock_pose.pdb,proved,1,0.023162364959716797,benchmark_results_170/pdb_redocking_20260320_182518_poses/1nfy_receptor.pdb,benchmark_results_170/pdb_redocking_20260320_182518_poses/1nfy_native_ligand.pdb,success,
DQ-Dock,dq_dock,1mq6,CRYSTAL STRUCTURE OF 3-CHLORO-N-[4-CHLORO-2-[[(5-CHLORO-2-PY,7.384250000000002,5.739722222222221,21.969166666666663,12.0,12.0,12.0,36,139,energy,-8.535978317260742,0.17802178859710693,0.17802178859710693,19.813836336135864,benchmark_results_170/pdb_redocking_20260320_182518_poses/1mq6_dq_dock_pose.pdb,proved,1,0.022220611572265625,benchmark_results_170/pdb_redocking_20260320_182518_poses/1mq6_receptor.pdb,benchmark_results_170/pdb_redocking_20260320_182518_poses/1mq6_native_ligand.pdb,success,
DQ-Dock,dq_dock,2usn,CRYSTAL STRUCTURE OF THE CATALYTIC DOMAIN OF HUMAN,26.280142857142856,43.37975000000001,47.809642857142855,12.0,12.0,12.0,28,154,energy,-5.640149116516113,0.9256391525268555,0.9256391525268555,19.64856243133545,benchmark_results_170/pdb_redocking_20260320_182518_poses/2usn_dq_dock_pose.pdb,proved,88,0.35489988327026367,benchmark_results_170/pdb_redocking_20260320_182518_poses/2usn_receptor.pdb,benchmark_results_170/pdb_redocking_20260320_182518_poses/2usn_native_ligand.pdb,success,
DQ-Dock,dq_dock,2d1o,STROMELYSIN-1 (MMP-3) COMPLEXED TO A HYDROXAMIC ACID,28.76160606060606,6.733151515151515,14.320303030303027,12.0,12.0,12.0,33,176,energy,-6.499747276306152,0.3427148163318634,0.3427148163318634,19.93326735496521,benchmark_results_170/pdb_redocking_20260320_182518_poses/2d1o_dq_dock_pose.pdb,proved,2,0.02010488510131836,benchmark_results_170/pdb_redocking_20260320_182518_poses/2d1o_receptor.pdb,benchmark_results_170/pdb_redocking_20260320_182518_poses/2d1o_native_ligand.pdb,success,
DQ-Dock,dq_dock,1hfs,CRYSTAL STRUCTURE OF THE CATALYTIC DOMAIN OF HUMAN,35.338730769230786,36.095519230769234,24.535961538461528,12.0,12.0,12.0,52,163,energy,-9.483251571655273,0.4101893901824951,0.4101893901824951,19.704774379730225,benchmark_results_170/pdb_redocking_20260320_182518_poses/1hfs_dq_dock_pose.pdb,proved,1,0.03953742980957031,benchmark_results_170/pdb_redocking_20260320_182518_poses/1hfs_receptor.pdb,benchmark_results_170/pdb_redocking_20260320_182518_poses/1hfs_native_ligand.pdb,success,
DQ-Dock,dq_dock,2flb,DISCOVERY OF A NOVEL HYDROXY PYRAZOLE BASED FACTOR IXA,9.881208333333332,7.338249999999999,51.15820833333334,12.0,12.0,12.0,24,155,energy,-5.2421064376831055,0.6741988658905029,0.6741988658905029,20.570023775100708,benchmark_results_170/pdb_redocking_20260320_182518_poses/2flb_dq_dock_pose.pdb,proved,72143,7.014327764511108,benchmark_results_170/pdb_redocking_20260320_182518_poses/2flb_receptor.pdb,benchmark_results_170/pdb_redocking_20260320_182518_poses/2flb_native_ligand.pdb,success,
DQ-Dock,dq_dock,2b7d,"FACTOR VIIA INHIBITORS: CHEMICAL OPTIMIZATION, PRECLINICAL",-13.692435897435894,4.42997435897436,10.010076923076923,12.0,12.0,12.0,39,137,energy,-6.487207889556885,0.37291863560676575,0.37291863560676575,20.22247886657715,benchmark_results_170/pdb_redocking_20260320_182518_poses/2b7d_dq_dock_pose.pdb,proved,6,0.11306619644165039,benchmark_results_170/pdb_redocking_20260320_182518_poses/2b7d_receptor.pdb,benchmark_results_170/pdb_redocking_20260320_182518_poses/2b7d_native_ligand.pdb,success,
DQ-Dock,dq_dock,1j17,FACTOR XA SPECIFIC INHIBITOR IN COMPLEX WITH RAT TRYPSIN,10.616235294117647,49.49079411764706,59.5550294117647,12.0,12.0,12.0,34,134,energy,-8.045263290405273,0.2891461253166199,0.2891461253166199,19.429378509521484,benchmark_results_170/pdb_redocking_20260320_182518_poses/1j17_dq_dock_pose.pdb,proved,7,0.08119821548461914,benchmark_results_170/pdb_redocking_20260320_182518_poses/1j17_receptor.pdb,benchmark_results_170/pdb_redocking_20260320_182518_poses/1j17_native_ligand.pdb,success,
DQ-Dock,dq_dock,1v2o,TRYPSIN INHIBITOR IN COMPLEX WITH BOVINE TRYPSIN VARIANT,-1.2995333333333332,19.621566666666663,17.227266666666665,12.0,12.0,12.0,30,113,energy,-4.693850994110107,0.4835451543331146,0.4835451543331146,18.379154920578003,benchmark_results_170/pdb_redocking_20260320_182518_poses/1v2o_dq_dock_pose.pdb,proved,18,0.15767955780029297,benchmark_results_170/pdb_redocking_20260320_182518_poses/1v2o_receptor.pdb,benchmark_results_170/pdb_redocking_20260320_182518_poses/1v2o_native_ligand.pdb,success,
DQ-Dock,dq_dock,1jys,CRYSTAL STRUCTURE OF E. COLI MTA/ADOHCY NUCLEOSIDASE,-5.6331999999999995,-37.2485,-0.04630000000000012,12.0,12.0,12.0,10,175,energy,-3.3189666271209717,0.7426503896713257,0.7426503896713257,20.023420572280884,benchmark_results_170/pdb_redocking_20260320_182518_poses/1jys_dq_dock_pose.pdb,proved,100,0.12034440040588379,benchmark_results_170/pdb_redocking_20260320_182518_poses/1jys_receptor.pdb,benchmark_results_170/pdb_redocking_20260320_182518_poses/1jys_native_ligand.pdb,success,
DQ-Dock,dq_dock,1nc1,CRYSTAL STRUCTURE OF E. COLI MTA/ADOHCY NUCLEOSIDASE,56.09855,73.21419999999998,20.585199999999997,12.0,12.0,12.0,20,223,energy,-6.601680278778076,0.4545569121837616,0.4545569121837616,19.08349633216858,benchmark_results_170/pdb_redocking_20260320_182518_poses/1nc1_dq_dock_pose.pdb,proved,45,1.0891170501708984,benchmark_results_170/pdb_redocking_20260320_182518_poses/1nc1_receptor.pdb,benchmark_results_170/pdb_redocking_20260320_182518_poses/1nc1_native_ligand.pdb,success,
DQ-Dock,dq_dock,1y6q,CYRSTAL STRUCTURE OF MTA/ADOHCY NUCLEOSIDASE COMPLEXED WITH,56.31579999999999,73.0299,20.8522,12.0,12.0,12.0,20,222,energy,-7.081202030181885,0.30741819739341736,0.30741819739341736,19.40887188911438,benchmark_results_170/pdb_redocking_20260320_182518_poses/1y6q_dq_dock_pose.pdb,proved,1,0.019390583038330078,benchmark_results_170/pdb_redocking_20260320_182518_poses/1y6q_receptor.pdb,benchmark_results_170/pdb_redocking_20260320_182518_poses/1y6q_native_ligand.pdb,success,
DQ-Dock,dq_dock,1bma,BENZYL METHYL AMINIMIDE INHIBITOR COMPLEXED TO PORCINE,37.998000000000005,20.38845945945946,37.56989189189189,12.0,12.0,12.0,37,130,energy,-7.470226764678955,0.24975252151489258,0.24975252151489258,20.174400329589844,benchmark_results_170/pdb_redocking_20260320_182518_poses/1bma_dq_dock_pose.pdb,proved,1,0.0527491569519043,benchmark_results_170/pdb_redocking_20260320_182518_poses/1bma_receptor.pdb,benchmark_results_170/pdb_redocking_20260320_182518_poses/1bma_native_ligand.pdb,success,
DQ-Dock,dq_dock,1ela,ANALOGOUS INHIBITORS OF ELASTASE DO NOT ALWAYS BIND,38.62825,19.671937500000002,38.34618749999999,12.0,12.0,12.0,32,134,energy,-6.1762261390686035,0.25096023082733154,0.25096023082733154,19.707236766815186,benchmark_results_170/pdb_redocking_20260320_182518_poses/1ela_dq_dock_pose.pdb,proved,2,0.04109382629394531,benchmark_results_170/pdb_redocking_20260320_182518_poses/1ela_receptor.pdb,benchmark_results_170/pdb_redocking_20260320_182518_poses/1ela_native_ligand.pdb,success,
DQ-Dock,dq_dock,1elb,ANALOGOUS INHIBITORS OF ELASTASE DO NOT ALWAYS BIND,40.17381818181818,19.89439393939394,37.447090909090896,12.0,12.0,12.0,33,133,energy,-5.809006690979004,0.20175623893737793,0.20175623893737793,19.092668056488037,benchmark_results_170/pdb_redocking_20260320_182518_poses/1elb_dq_dock_pose.pdb,proved,3,0.03171396255493164,benchmark_results_170/pdb_redocking_20260320_182518_poses/1elb_receptor.pdb,benchmark_results_170/pdb_redocking_20260320_182518_poses/1elb_native_ligand.pdb,success,
DQ-Dock,dq_dock,1a69,PURINE NUCLEOSIDE PHOSPHORYLASE IN COMPLEX WITH FORMYCIN B,-18.284368421052633,70.95347368421054,68.21189473684211,12.0,12.0,12.0,19,209,energy,-5.573389053344727,0.6672269701957703,0.6672269701957703,20.0828640460968,benchmark_results_170/pdb_redocking_20260320_182518_poses/1a69_dq_dock_pose.pdb,proved,30,0.7310831546783447,benchmark_results_170/pdb_redocking_20260320_182518_poses/1a69_receptor.pdb,benchmark_results_170/pdb_redocking_20260320_182518_poses/1a69_native_ligand.pdb,success,
DQ-Dock,dq_dock,1k9s,PURINE NUCLEOSIDE PHOSPHORYLASE FROM E. COLI IN COMPLEX,144.68470000000002,66.9345,63.693900000000006,12.0,12.0,12.0,20,209,energy,-6.050339221954346,0.49286949634552,0.49286949634552,17.921894311904907,benchmark_results_170/pdb_redocking_20260320_182518_poses/1k9s_dq_dock_pose.pdb,proved,27,0.4024028778076172,benchmark_results_170/pdb_redocking_20260320_182518_poses/1k9s_receptor.pdb,benchmark_results_170/pdb_redocking_20260320_182518_poses/1k9s_native_ligand.pdb,success,
DQ-Dock,dq_dock,3pce,"STRUCTURE OF PROTOCATECHUATE 3,4-DIOXYGENASE COMPLEXED WITH",23.36909090909091,11.406181818181818,37.20663636363636,12.0,12.0,12.0,11,208,energy,-3.4678940773010254,0.48762962222099304,0.48762962222099304,19.028637886047363,benchmark_results_170/pdb_redocking_20260320_182518_poses/3pce_dq_dock_pose.pdb,proved,813,1.2911064624786377,benchmark_results_170/pdb_redocking_20260320_182518_poses/3pce_receptor.pdb,benchmark_results_170/pdb_redocking_20260320_182518_poses/3pce_native_ligand.pdb,success,
DQ-Dock,dq_dock,3pch,"STRUCTURE OF PROTOCATECHUATE 3,4-DIOXYGENASE COMPLEXED WITH",23.601090909090907,11.691545454545455,36.10481818181818,12.0,12.0,12.0,11,220,energy,-3.284297227859497,1.7599265575408936,1.7599265575408936,18.43492341041565,benchmark_results_170/pdb_redocking_20260320_182518_poses/3pch_dq_dock_pose.pdb,proved,27585,7.943010568618774,benchmark_results_170/pdb_redocking_20260320_182518_poses/3pch_receptor.pdb,benchmark_results_170/pdb_redocking_20260320_182518_poses/3pch_native_ligand.pdb,success,
DQ-Dock,dq_dock,3pcj,"STRUCTURE OF PROTOCATECHUATE 3,4-DIOXYGENASE COMPLEXED WITH",23.40563636363636,11.147636363636364,36.37490909090909,12.0,12.0,12.0,11,221,energy,-3.485506772994995,0.6341968774795532,0.6341968774795532,19.04499340057373,benchmark_results_170/pdb_redocking_20260320_182518_poses/3pcj_dq_dock_pose.pdb,proved,969,1.3470416069030762,benchmark_results_170/pdb_redocking_20260320_182518_poses/3pcj_receptor.pdb,benchmark_results_170/pdb_redocking_20260320_182518_poses/3pcj_native_ligand.pdb,success,
DQ-Dock,dq_dock,2cgr,LOCAL AND TRANSMITTED CONFORMATIONAL CHANGES ON,-9.897034482758619,39.6259655172414,17.342655172413796,12.0,12.0,12.0,29,156,energy,-7.293597221374512,0.30948808789253235,0.30948808789253235,19.426985025405884,benchmark_results_170/pdb_redocking_20260320_182518_poses/2cgr_dq_dock_pose.pdb,proved,1,0.0035982131958007812,benchmark_results_170/pdb_redocking_20260320_182518_poses/2cgr_receptor.pdb,benchmark_results_170/pdb_redocking_20260320_182518_poses/2cgr_native_ligand.pdb,success,
DQ-Dock,dq_dock,1flr,4-4-20 FAB FRAGMENT,25.2496,23.104159999999997,41.04592,12.0,12.0,12.0,25,178,energy,-7.756218433380127,0.3454558551311493,0.3454558551311493,18.471604585647583,benchmark_results_170/pdb_redocking_20260320_182518_poses/1flr_dq_dock_pose.pdb,proved,47,0.4334564208984375,benchmark_results_170/pdb_redocking_20260320_182518_poses/1flr_receptor.pdb,benchmark_results_170/pdb_redocking_20260320_182518_poses/1flr_native_ligand.pdb,success,
DQ-Dock,dq_dock,2gss,HUMAN GLUTATHIONE S-TRANSFERASE P1-1 IN COMPLEX WITH,7.214736842105264,3.4391578947368417,27.186157894736844,12.0,12.0,12.0,19,143,energy,-3.531632900238037,0.6780679225921631,0.6780679225921631,19.020931482315063,benchmark_results_170/pdb_redocking_20260320_182518_poses/2gss_dq_dock_pose.pdb,proved,56,0.1700270175933838,benchmark_results_170/pdb_redocking_20260320_182518_poses/2gss_receptor.pdb,benchmark_results_170/pdb_redocking_20260320_182518_poses/2gss_native_ligand.pdb,success,
DQ-Dock,dq_dock,3gss,HUMAN GLUTATHIONE S-TRANSFERASE P1-1 IN COMPLEX WITH,11.094,8.434949999999999,27.032149999999994,12.0,12.0,12.0,20,139,energy,-3.978806257247925,0.2976835072040558,0.2976835072040558,18.126317977905273,benchmark_results_170/pdb_redocking_20260320_182518_poses/3gss_dq_dock_pose.pdb,proved,24,0.27941107749938965,benchmark_results_170/pdb_redocking_20260320_182518_poses/3gss_receptor.pdb,benchmark_results_170/pdb_redocking_20260320_182518_poses/3gss_native_ligand.pdb,success,
DQ-Dock,dq_dock,10gs,"HUMAN GLUTATHIONE S-TRANSFERASE P1-1, COMPLEX WITH TER117",9.826515151515151,6.737060606060607,28.122545454545456,12.0,12.0,12.0,33,130,energy,-5.9233293533325195,0.3699781000614166,0.3699781000614166,19.204964876174927,benchmark_results_170/pdb_redocking_20260320_182518_poses/10gs_dq_dock_pose.pdb,proved,27,0.3061518669128418,benchmark_results_170/pdb_redocking_20260320_182518_poses/10gs_receptor.pdb,benchmark_results_170/pdb_redocking_20260320_182518_poses/10gs_native_ligand.pdb,success,
DQ-Dock,dq_dock,2std,SCYTALONE DEHYDRATASE COMPLEXED WITH TIGHT-BINDING,29.592399999999998,37.312599999999996,22.4937,12.0,12.0,12.0,20,221,energy,-5.286425590515137,0.363343745470047,0.363343745470047,18.63557744026184,benchmark_results_170/pdb_redocking_20260320_182518_poses/2std_dq_dock_pose.pdb,proved,2,0.0021758079528808594,benchmark_results_170/pdb_redocking_20260320_182518_poses/2std_receptor.pdb,benchmark_results_170/pdb_redocking_20260320_182518_poses/2std_native_ligand.pdb,success,
DQ-Dock,dq_dock,3std,SCYTALONE DEHYDRATASE AND CYANOCINNOLINE INHIBITOR,27.484999999999992,10.88860714285714,33.49939285714286,12.0,12.0,12.0,28,207,energy,-7.608761787414551,0.2615978419780731,0.2615978419780731,19.51632285118103,benchmark_results_170/pdb_redocking_20260320_182518_poses/3std_dq_dock_pose.pdb,proved,1,0.008519172668457031,benchmark_results_170/pdb_redocking_20260320_182518_poses/3std_receptor.pdb,benchmark_results_170/pdb_redocking_20260320_182518_poses/3std_native_ligand.pdb,success,
DQ-Dock,dq_dock,2d0k,METHIONINE-FREE MUTANT OF ESCHERICHIA COLI DIHYDROFOLATE,29.194906249999995,4.269968749999999,4.7145937500000015,12.0,12.0,12.0,32,149,energy,-6.155888080596924,0.5312899351119995,0.5312899351119995,18.898968935012817,benchmark_results_170/pdb_redocking_20260320_182518_poses/2d0k_dq_dock_pose.pdb,proved,7,0.06824874877929688,benchmark_results_170/pdb_redocking_20260320_182518_poses/2d0k_receptor.pdb,benchmark_results_170/pdb_redocking_20260320_182518_poses/2d0k_native_ligand.pdb,success,
DQ-Dock,dq_dock,1dhi,LONG-RANGE STRUCTURAL EFFECTS IN A SECOND-SITE REVERTANT OF,19.666454545454542,62.687969696969695,24.893878787878787,12.0,12.0,12.0,33,159,energy,-6.027543544769287,0.3067684471607208,0.3067684471607208,19.32914137840271,benchmark_results_170/pdb_redocking_20260320_182518_poses/1dhi_dq_dock_pose.pdb,proved,29,0.18155956268310547,benchmark_results_170/pdb_redocking_20260320_182518_poses/1dhi_receptor.pdb,benchmark_results_170/pdb_redocking_20260320_182518_poses/1dhi_native_ligand.pdb,success,
DQ-Dock,dq_dock,2drc,INVESTIGATION OF THE FUNCTIONAL ROLE OF TRYPTOPHAN-22 IN,19.738121212121218,62.38812121212123,24.893606060606057,12.0,12.0,12.0,33,158,energy,-6.1287522315979,0.46300461888313293,0.46300461888313293,19.809484720230103,benchmark_results_170/pdb_redocking_20260320_182518_poses/2drc_dq_dock_pose.pdb,proved,1,0.009130001068115234,benchmark_results_170/pdb_redocking_20260320_182518_poses/2drc_receptor.pdb,benchmark_results_170/pdb_redocking_20260320_182518_poses/2drc_native_ligand.pdb,success,
DQ-Dock,dq_dock,1df8,S45A MUTANT OF STREPTAVIDIN IN COMPLEX WITH BIOTIN,29.527249999999995,14.7803125,12.32825,12.0,12.0,12.0,16,200,energy,-4.832134246826172,0.34293755888938904,0.34293755888938904,19.897900342941284,benchmark_results_170/pdb_redocking_20260320_182518_poses/1df8_dq_dock_pose.pdb,proved,17,0.14342975616455078,benchmark_results_170/pdb_redocking_20260320_182518_poses/1df8_receptor.pdb,benchmark_results_170/pdb_redocking_20260320_182518_poses/1df8_native_ligand.pdb,success,
DQ-Dock,dq_dock,2f01,EPI-BIOTIN COMPLEX WITH CORE STREPTAVIDIN,29.6338125,14.8331875,12.392124999999998,12.0,12.0,12.0,16,202,energy,-4.901591777801514,0.3638974726200104,0.3638974726200104,18.548930168151855,benchmark_results_170/pdb_redocking_20260320_182518_poses/2f01_dq_dock_pose.pdb,proved,24,0.2008838653564453,benchmark_results_170/pdb_redocking_20260320_182518_poses/2f01_receptor.pdb,benchmark_results_170/pdb_redocking_20260320_182518_poses/2f01_native_ligand.pdb,success,
DQ-Dock,dq_dock,2g8r,THE CRYSTAL STRUCTURE OF THE RNASE A-,36.41628000000001,-8.4832,16.357039999999998,12.0,12.0,12.0,25,94,energy,-3.201690196990967,0.5631775856018066,0.5631775856018066,20.016170740127563,benchmark_results_170/pdb_redocking_20260320_182518_poses/2g8r_dq_dock_pose.pdb,proved,16,0.0811612606048584,benchmark_results_170/pdb_redocking_20260320_182518_poses/2g8r_receptor.pdb,benchmark_results_170/pdb_redocking_20260320_182518_poses/2g8r_native_ligand.pdb,success,
DQ-Dock,dq_dock,1tyr,TRANSTHYRETIN COMPLEX WITH RETINOIC ACID,23.02136363636363,43.26509090909091,39.1255,12.0,12.0,12.0,22,106,energy,-2.721663475036621,5.809603691101074,5.809603691101074,19.31925058364868,benchmark_results_170/pdb_redocking_20260320_182518_poses/1tyr_dq_dock_pose.pdb,proved,4191,1.0778613090515137,benchmark_results_170/pdb_redocking_20260320_182518_poses/1tyr_receptor.pdb,benchmark_results_170/pdb_redocking_20260320_182518_poses/1tyr_native_ligand.pdb,success,
DQ-Dock,dq_dock,1e5a,STRUCTURE OF HUMAN TRANSTHYRETIN COMPLEXED WITH,42.484500000000004,0.16599999999999998,27.4865,12.0,12.0,12.0,10,100,energy,-1.9415380954742432,3.660799026489258,3.660799026489258,19.56864881515503,benchmark_results_170/pdb_redocking_20260320_182518_poses/1e5a_dq_dock_pose.pdb,proved,1741,0.5661334991455078,benchmark_results_170/pdb_redocking_20260320_182518_poses/1e5a_receptor.pdb,benchmark_results_170/pdb_redocking_20260320_182518_poses/1e5a_native_ligand.pdb,success,
DQ-Dock,dq_dock,2g5u,HUMAN TRANSTHYRETIN (TTR) COMPLEXED WITH HYDROXYLATED,21.520611111111112,42.87755555555555,6.454611111111111,12.0,12.0,12.0,18,99,energy,-2.58219051361084,2.9310336112976074,2.9310336112976074,18.477038860321045,benchmark_results_170/pdb_redocking_20260320_182518_poses/2g5u_dq_dock_pose.pdb,proved,312,0.2733159065246582,benchmark_results_170/pdb_redocking_20260320_182518_poses/2g5u_receptor.pdb,benchmark_results_170/pdb_redocking_20260320_182518_poses/2g5u_native_ligand.pdb,success,
DQ-Dock,dq_dock,1sv3,STRUCTURE OF THE COMPLEX FORMED BETWEEN PHOSPHOLIPASE A2,48.90954545454545,31.49481818181818,4.721636363636364,12.0,12.0,12.0,11,188,energy,-3.2234597206115723,0.6937947273254395,0.6937947273254395,20.113208770751953,benchmark_results_170/pdb_redocking_20260320_182518_poses/1sv3_dq_dock_pose.pdb,proved,35,0.15374231338500977,benchmark_results_170/pdb_redocking_20260320_182518_poses/1sv3_receptor.pdb,benchmark_results_170/pdb_redocking_20260320_182518_poses/1sv3_native_ligand.pdb,success,
DQ-Dock,dq_dock,1q7a,CRYSTAL STRUCTURE OF THE COMPLEX FORMED BETWEEN RUSSELL'S,8.12008333333333,22.79370833333334,-7.487333333333335,12.0,12.0,12.0,24,140,energy,-4.617259979248047,0.6960639357566833,0.6960639357566833,19.294557809829712,benchmark_results_170/pdb_redocking_20260320_182518_poses/1q7a_dq_dock_pose.pdb,proved,1,0.009829044342041016,benchmark_results_170/pdb_redocking_20260320_182518_poses/1q7a_receptor.pdb,benchmark_results_170/pdb_redocking_20260320_182518_poses/1q7a_native_ligand.pdb,success,
DQ-Dock,dq_dock,2f80,HIV-1 PROTEASE MUTANT D30N COMPLEXED WITH INHIBITOR TMC114,15.749789473684206,22.53442105263158,16.78321052631579,12.0,12.0,12.0,38,204,energy,-7.967483997344971,0.3003139793872833,0.3003139793872833,20.12010645866394,benchmark_results_170/pdb_redocking_20260320_182518_poses/2f80_dq_dock_pose.pdb,proved,16,0.4680771827697754,benchmark_results_170/pdb_redocking_20260320_182518_poses/2f80_receptor.pdb,benchmark_results_170/pdb_redocking_20260320_182518_poses/2f80_native_ligand.pdb,success,
DQ-Dock,dq_dock,2i0d,CRYSTAL STRUCTURE OF AD-81 COMPLEXED WITH WILD TYPE HIV-1,19.03697777777777,29.475799999999996,12.62084444444445,12.0,12.0,12.0,45,185,energy,-7.967916488647461,1.2372304201126099,1.2372304201126099,19.70841121673584,benchmark_results_170/pdb_redocking_20260320_182518_poses/2i0d_dq_dock_pose.pdb,proved,72,0.5315499305725098,benchmark_results_170/pdb_redocking_20260320_182518_poses/2i0d_receptor.pdb,benchmark_results_170/pdb_redocking_20260320_182518_poses/2i0d_native_ligand.pdb,success,
DQ-Dock,dq_dock,1d7j,FKBP COMPLEXED WITH 4-HYDROXY-2-BUTANONE,60.29566666666667,-4.825666666666667,-0.9243333333333333,12.0,12.0,12.0,6,182,energy,-2.2101447582244873,3.2138864994049072,3.2138864994049072,18.809197187423706,benchmark_results_170/pdb_redocking_20260320_182518_poses/1d7j_dq_dock_pose.pdb,proved,114,0.2069101333618164,benchmark_results_170/pdb_redocking_20260320_182518_poses/1d7j_receptor.pdb,benchmark_results_170/pdb_redocking_20260320_182518_poses/1d7j_native_ligand.pdb,success,
GNINA,gnina,1hk4,HUMAN SERUM ALBUMIN COMPLEXED WITH THYROXINE,20.921291666666672,11.52725,26.298791666666663,12.0,12.0,12.0,,,affinity,-6.13,6.312450885772705,5.963896751403809,30.767632484436035,benchmark_results_170/pdb_redocking_20260320_182518_poses/1hk4_gnina_pose.pdb,,,,,,success,
GNINA,gnina,1gni,HUMAN SERUM ALBUMIN COMPLEXED WITH CIS-9-OCTADECENOIC ACID,11.39145,1.0988000000000002,22.17425,12.0,12.0,12.0,,,affinity,-6.77,10.993158340454102,4.78298807144165,41.10417723655701,benchmark_results_170/pdb_redocking_20260320_182518_poses/1gni_gnina_pose.pdb,,,,,,success,
GNINA,gnina,1nhu,HEPATITIS C VIRUS RNA POLYMERASE IN COMPLEX WITH,9.102878787878788,33.06924242424242,77.70760606060607,12.0,12.0,12.0,,,affinity,-7.09,3.666720390319824,3.521496534347534,77.62454628944397,benchmark_results_170/pdb_redocking_20260320_182518_poses/1nhu_gnina_pose.pdb,,,,,,success,
GNINA,gnina,2d3z,X-RAY CRYSTAL STRUCTURE OF HEPATITIS C VIRUS RNA-DEPENDENT,9.101653846153846,33.23038461538461,75.07757692307692,12.0,12.0,12.0,,,affinity,-8.61,3.8197081089019775,3.6108052730560303,40.655832290649414,benchmark_results_170/pdb_redocking_20260320_182518_poses/2d3z_gnina_pose.pdb,,,,,,success,
GNINA,gnina,2d3u,X-RAY CRYSTAL STRUCTURE OF HEPATITIS C VIRUS RNA DEPENDENT,9.227185185185185,32.80062962962963,75.04985185185186,12.0,12.0,12.0,,,affinity,-8.54,3.4902029037475586,3.4139459133148193,50.001999855041504,benchmark_results_170/pdb_redocking_20260320_182518_poses/2d3u_gnina_pose.pdb,,,,,,success,
GNINA,gnina,1ajp,"PENICILLIN ACYLASE COMPLEXED WITH 2,5-DIHYDROXYPHENYLACETIC",11.839166666666666,36.45483333333333,34.5015,12.0,12.0,12.0,,,affinity,-5.92,2.9252424240112305,2.6141152381896973,8.196575403213501,benchmark_results_170/pdb_redocking_20260320_182518_poses/1ajp_gnina_pose.pdb,,,,,,success,
GNINA,gnina,1ai5,PENICILLIN ACYLASE COMPLEXED WITH M-NITROPHENYLACETIC ACID,12.108076923076926,36.458615384615385,34.487923076923074,12.0,12.0,12.0,,,affinity,-6.87,2.8622958660125732,2.7268733978271484,9.914972066879272,benchmark_results_170/pdb_redocking_20260320_182518_poses/1ai5_gnina_pose.pdb,,,,,,success,
GNINA,gnina,1ajq,PENICILLIN ACYLASE COMPLEXED WITH THIOPHENEACETIC ACID,11.727999999999998,36.681,34.18066666666667,12.0,12.0,12.0,,,affinity,-5.28,0.5449153780937195,0.5449153780937195,7.047253608703613,benchmark_results_170/pdb_redocking_20260320_182518_poses/1ajq_gnina_pose.pdb,,,,,,success,
GNINA,gnina,1gpk,STRUCTURE OF ACETYLCHOLINESTERASE COMPLEX WITH,2.841833333333334,67.45194444444445,63.05377777777778,12.0,12.0,12.0,,,affinity,-10.58,0.35737380385398865,0.35737380385398865,10.168780326843262,benchmark_results_170/pdb_redocking_20260320_182518_poses/1gpk_gnina_pose.pdb,,,,,,success,
GNINA,gnina,1h23,STRUCTURE OF ACETYLCHOLINESTERASE (E.C. 3.1.1.7) COMPLEXED,2.5771666666666664,63.77041666666667,68.63872222222223,12.0,12.0,12.0,,,affinity,,,,90.1140251159668,,,,,,,failure,timeout after 90.0s
GNINA,gnina,1e66,STRUCTURE OF ACETYLCHOLINESTERASE COMPLEXED WITH,4.397380952380952,68.63257142857144,65.5042380952381,12.0,12.0,12.0,,,affinity,-12.79,2.3271799087524414,2.3271799087524414,15.044468402862549,benchmark_results_170/pdb_redocking_20260320_182518_poses/1e66_gnina_pose.pdb,,,,,,success,
GNINA,gnina,2rkm,STRUCTURE OF OPPA COMPLEXED WITH LYS-LYS,4.7893,21.6791,17.5984,12.0,12.0,12.0,,,affinity,-5.19,3.337608814239502,2.8713417053222656,9.990330934524536,benchmark_results_170/pdb_redocking_20260320_182518_poses/2rkm_gnina_pose.pdb,,,,,,success,
GNINA,gnina,1u33,IN SITU EXTENSION AS AN APPROACH FOR IDENTIFYING NOVEL,13.829222222222223,15.455694444444443,39.18902777777779,12.0,12.0,12.0,,,affinity,,,,90.10342669487,,,,,,,failure,timeout after 90.0s
GNINA,gnina,1xd1,ACARBOSE REARRANGEMENT MECHANISM IMPLIED BY THE KINETIC AND,8.764318181818181,16.375212121212122,40.43363636363637,12.0,12.0,12.0,,,affinity,,,,90.12227821350098,,,,,,,failure,timeout after 90.0s
GNINA,gnina,1uwt,STRUCTURE OF BETA-GLYCOSIDASE FROM SULFOLOBUS SOLFATARICUS,119.84200000000001,38.88753846153847,63.638461538461534,12.0,12.0,12.0,,,affinity,-7.92,2.8433749675750732,2.8433749675750732,9.70067834854126,benchmark_results_170/pdb_redocking_20260320_182518_poses/1uwt_gnina_pose.pdb,,,,,,success,
GNINA,gnina,2ceq,BETA-GLYCOSIDASE FROM SULFOLOBUS SOLFATARICUS IN COMPLEX,119.63578571428572,39.12407142857143,62.38664285714286,12.0,12.0,12.0,,,affinity,-8.06,2.4997522830963135,2.4997522830963135,8.961053133010864,benchmark_results_170/pdb_redocking_20260320_182518_poses/2ceq_gnina_pose.pdb,,,,,,success,
GNINA,gnina,2cer,BETA-GLYCOSIDASE FROM SULFOLOBUS SOLFATARICUS IN COMPLEX,63.5390909090909,-69.13377272727273,5.484818181818181,12.0,12.0,12.0,,,affinity,-10.2,3.1329123973846436,2.455524444580078,24.874431133270264,benchmark_results_170/pdb_redocking_20260320_182518_poses/2cer_gnina_pose.pdb,,,,,,success,
GNINA,gnina,2qwb,THE X-RAY STRUCTURE OF A COMPLEX OF SIALIC ACID AND A DRUG,26.17828571428571,17.950380952380954,63.212380952380954,12.0,12.0,12.0,,,affinity,-7.63,3.1404170989990234,3.1359195709228516,25.7228102684021,benchmark_results_170/pdb_redocking_20260320_182518_poses/2qwb_gnina_pose.pdb,,,,,,success,
GNINA,gnina,2qwd,THE X-RAY STRUCTURE OF A COMPLEX OF 4-AMINO-NEU5AC2EN AND A,26.112600000000004,17.89495,63.09375,12.0,12.0,12.0,,,affinity,-7.17,3.089134931564331,3.089134931564331,26.17817974090576,benchmark_results_170/pdb_redocking_20260320_182518_poses/2qwd_gnina_pose.pdb,,,,,,success,
GNINA,gnina,2qwe,THE X-RAY STRUCTURE OF A COMPLEX OF 4-GUANIDINO-NEU5AC2EN,25.91034782608695,17.370304347826085,62.871913043478266,12.0,12.0,12.0,,,affinity,-8.0,4.715915203094482,4.187060832977295,36.97552728652954,benchmark_results_170/pdb_redocking_20260320_182518_poses/2qwe_gnina_pose.pdb,,,,,,success,
GNINA,gnina,2j77,BETA-GLUCOSIDASE FROM THERMOTOGA MARITIMA IN COMPLEX WITH,-1.2500909090909091,10.767999999999999,9.08609090909091,12.0,12.0,12.0,,,affinity,-6.91,0.24724486470222473,0.24724486470222473,6.92351222038269,benchmark_results_170/pdb_redocking_20260320_182518_poses/2j77_gnina_pose.pdb,,,,,,success,
GNINA,gnina,2j78,BETA-GLUCOSIDASE FROM THERMOTOGA MARITIMA IN COMPLEX WITH,-0.19230769230769232,11.332076923076924,9.053923076923079,12.0,12.0,12.0,,,affinity,-8.23,2.948557138442993,2.948557138442993,9.489665746688843,benchmark_results_170/pdb_redocking_20260320_182518_poses/2j78_gnina_pose.pdb,,,,,,success,
GNINA,gnina,2cet,BETA-GLUCOSIDASE FROM THERMOTOGA MARITIMA IN COMPLEX WITH,-0.6183181818181817,9.064318181818182,10.290045454545456,12.0,12.0,12.0,,,affinity,-10.29,3.381304979324341,2.5325539112091064,29.48359966278076,benchmark_results_170/pdb_redocking_20260320_182518_poses/2cet_gnina_pose.pdb,,,,,,success,
GNINA,gnina,2g94,CRYSTAL STRUCTURE OF BETA-SECRETASE BOUND TO A POTENT AND,-4.265955555555555,-3.6737111111111114,31.35746666666667,12.0,12.0,12.0,,,affinity,,,,90.12876534461975,,,,,,,failure,timeout after 90.0s
GNINA,gnina,1n2v,CRYSTAL STRUCTURE OF TGT IN COMPLEX WITH,16.22866666666667,17.404266666666665,20.8774,12.0,12.0,12.0,,,affinity,-6.49,5.315513610839844,4.644495010375977,9.757755517959595,benchmark_results_170/pdb_redocking_20260320_182518_poses/1n2v_gnina_pose.pdb,,,,,,success,
GNINA,gnina,1k4g,CRYSTAL STRUCTURE OF TRNA-GUANINE TRANSGLYCOSYLASE (TGT),16.3548,16.88325,19.5911,12.0,12.0,12.0,,,affinity,-9.24,2.298494815826416,2.0103392601013184,19.696247100830078,benchmark_results_170/pdb_redocking_20260320_182518_poses/1k4g_gnina_pose.pdb,,,,,,success,
GNINA,gnina,1s39,CRYSTAL STRUCTURE OF TGT IN COMPLEX WITH,16.730083333333337,17.075000000000003,21.69441666666667,12.0,12.0,12.0,,,affinity,-8.56,0.24844211339950562,0.24844211339950562,6.338455438613892,benchmark_results_170/pdb_redocking_20260320_182518_poses/1s39_gnina_pose.pdb,,,,,,success,
GNINA,gnina,2bak,P38ALPHA MAP KINASE BOUND TO MPAQ,-2.066790697674419,1.7892093023255808,19.72158139534884,12.0,12.0,12.0,,,affinity,,,,90.11686587333679,,,,,,,failure,timeout after 90.0s
GNINA,gnina,2baj,P38ALPHA BOUND TO PYRAZOLOUREA,12.431370370370367,-0.7558888888888889,30.497999999999994,12.0,12.0,12.0,,,affinity,-11.79,6.129142761230469,5.4667558670043945,57.50333333015442,benchmark_results_170/pdb_redocking_20260320_182518_poses/2baj_gnina_pose.pdb,,,,,,success,
GNINA,gnina,1ndw,CRYSTAL STRUCTURE OF ADENOSINE DEAMINASE COMPLEXED WITH,49.03884210526316,55.43105263157895,20.959,12.0,12.0,12.0,,,affinity,-7.76,2.290393114089966,2.0767667293548584,25.022719860076904,benchmark_results_170/pdb_redocking_20260320_182518_poses/1ndw_gnina_pose.pdb,,,,,,success,
GNINA,gnina,1ndy,CRYSTAL STRUCTURE OF ADENOSINE DEAMINASE COMPLEXED WITH,49.394652173913045,54.96521739130435,19.78430434782609,12.0,12.0,12.0,,,affinity,-8.22,2.8056488037109375,1.6838880777359009,34.316162109375,benchmark_results_170/pdb_redocking_20260320_182518_poses/1ndy_gnina_pose.pdb,,,,,,success,
GNINA,gnina,1ndz,CRYSTAL STRUCTURE OF ADENOSINE DEAMINASE COMPLEXED WITH,48.48859459459459,52.61837837837838,19.260027027027025,12.0,12.0,12.0,,,affinity,,,,90.11134552955627,,,,,,,failure,timeout after 90.0s
GNINA,gnina,1l2s,X-RAY CRYSTAL STRUCTURE OF AMPC BETA-LACTAMASE FROM E. COLI,23.556736842105266,5.735105263157895,14.399105263157892,12.0,12.0,12.0,,,affinity,-7.91,5.919571876525879,3.5583746433258057,19.634878396987915,benchmark_results_170/pdb_redocking_20260320_182518_poses/1l2s_gnina_pose.pdb,,,,,,success,
GNINA,gnina,1xgj,AMPC BETA-LACTAMASE IN COMPLEX WITH 3-(4-CARBOXY-2-HYDROXY-,-58.09881818181817,5.772272727272727,58.09222727272727,12.0,12.0,12.0,,,affinity,-7.31,6.56614351272583,3.2423346042633057,32.79799222946167,benchmark_results_170/pdb_redocking_20260320_182518_poses/1xgj_gnina_pose.pdb,,,,,,success,
GNINA,gnina,1q8t,THE CATALYTIC SUBUNIT OF CAMP-DEPENDENT PROTEIN KINASE,8.667555555555557,9.133611111111113,3.1005,12.0,12.0,12.0,,,affinity,-7.47,2.9462928771972656,2.9462928771972656,14.959985494613647,benchmark_results_170/pdb_redocking_20260320_182518_poses/1q8t_gnina_pose.pdb,,,,,,success,
GNINA,gnina,1ydt,"STRUCTURE OF CAMP-DEPENDENT PROTEIN KINASE, ALPHA-CATALYTIC",9.236703703703702,10.365407407407409,2.562740740740741,12.0,12.0,12.0,,,affinity,-9.29,3.270512819290161,1.9373664855957031,63.60315227508545,benchmark_results_170/pdb_redocking_20260320_182518_poses/1ydt_gnina_pose.pdb,,,,,,success,
GNINA,gnina,1re8,CRYSTAL STRUCTURE OF CAMP-DEPENDENT PROTEIN KINASE,8.794685714285716,41.859971428571434,17.067285714285717,12.0,12.0,12.0,,,affinity,-13.01,4.696958541870117,3.734191656112671,72.08713626861572,benchmark_results_170/pdb_redocking_20260320_182518_poses/1re8_gnina_pose.pdb,,,,,,success,
GNINA,gnina,1m2q,"CRYSTAL STRUCTURE OF 1,8-DI-HYDROXY-4-NITRO-XANTEN-9-ONE/CK2",25.05675,6.4116,15.89095,12.0,12.0,12.0,,,affinity,-10.15,4.8731608390808105,0.20548757910728455,15.726738929748535,benchmark_results_170/pdb_redocking_20260320_182518_poses/1m2q_gnina_pose.pdb,,,,,,success,
GNINA,gnina,1om1,CRYSTAL STRUCTURE OF MAIZE CK2 ALPHA IN COMPLEX WITH IQA,22.455227272727274,7.511181818181819,18.688045454545453,12.0,12.0,12.0,,,affinity,-9.81,3.603564739227295,3.284971237182617,14.31583285331726,benchmark_results_170/pdb_redocking_20260320_182518_poses/1om1_gnina_pose.pdb,,,,,,success,
GNINA,gnina,1zoe,CRYSTAL STRUCTURE OF PROTEIN KINASE CK2 IN COMPLEX WITH,22.961374999999997,6.781625,19.40375,12.0,12.0,12.0,,,affinity,-7.25,3.8901925086975098,3.7768149375915527,7.9289891719818115,benchmark_results_170/pdb_redocking_20260320_182518_poses/1zoe_gnina_pose.pdb,,,,,,success,
GNINA,gnina,2azr,CRYSTAL STRUCTURE OF PTP1B WITH BICYCLIC THIOPHENE INHIBITOR,45.75629411764705,14.780470588235293,2.5229411764705882,12.0,12.0,12.0,,,affinity,-7.11,1.492948055267334,1.492948055267334,15.174919128417969,benchmark_results_170/pdb_redocking_20260320_182518_poses/2azr_gnina_pose.pdb,,,,,,success,
GNINA,gnina,1g7f,HUMAN PTP1B CATALYTIC DOMAIN COMPLEXED WITH PNU177496,9.662384615384614,18.383205128205123,9.115051282051281,12.0,12.0,12.0,,,affinity,,,,90.113924741745,,,,,,,failure,timeout after 90.0s
GNINA,gnina,1nny,"POTENT, SELECTIVE PROTEIN TYROSINE PHOSPHATASE 1B INHIBITOR",31.15167924528302,28.65728301886791,21.49262264150944,12.0,12.0,12.0,,,affinity,,,,90.11927485466003,,,,,,,failure,timeout after 90.0s
GNINA,gnina,5er1,A RATIONAL APPROACH TO THE DESIGN OF ANTIHYPERTENSIVES.,37.98086486486486,-12.83162162162162,5.06927027027027,12.0,12.0,12.0,,,affinity,,,,90.10850858688354,,,,,,,failure,timeout after 90.0s
GNINA,gnina,4tln,BINDING OF HYDROXAMIC ACID INHIBITORS TO CRYSTALLINE,36.480999999999995,42.3499,-4.3102,12.0,12.0,12.0,,,affinity,-5.9,3.9807186126708984,3.1899914741516113,7.916528701782227,benchmark_results_170/pdb_redocking_20260320_182518_poses/4tln_gnina_pose.pdb,,,,,,success,
GNINA,gnina,1tmn,BINDING OF N-CARBOXYMETHYL DIPEPTIDE INHIBITORS TO,37.04977142857143,39.22222857142856,-4.230342857142856,12.0,12.0,12.0,,,affinity,,,,90.11293482780457,,,,,,,failure,timeout after 90.0s
GNINA,gnina,1fh9,CRYSTAL STRUCTURE OF THE XYLANASE CEX WITH,19.888727272727273,67.7741818181818,36.773272727272726,12.0,12.0,12.0,,,affinity,-6.48,3.385608196258545,2.8115720748901367,6.26705265045166,benchmark_results_170/pdb_redocking_20260320_182518_poses/1fh9_gnina_pose.pdb,,,,,,success,
GNINA,gnina,2ctc,THE HIGH RESOLUTION CRYSTAL STRUCTURE OF THE COMPLEX,-1.95275,29.711250000000003,-10.32475,12.0,12.0,12.0,,,affinity,-7.02,2.7381081581115723,2.2571372985839844,9.82194995880127,benchmark_results_170/pdb_redocking_20260320_182518_poses/2ctc_gnina_pose.pdb,,,,,,success,
GNINA,gnina,1e1v,HUMAN CYCLIN DEPENDENT KINASE 2 COMPLEXED WITH THE,1.1616111111111111,28.393333333333334,8.569833333333333,12.0,12.0,12.0,,,affinity,-7.06,2.8656764030456543,2.8656764030456543,14.680492162704468,benchmark_results_170/pdb_redocking_20260320_182518_poses/1e1v_gnina_pose.pdb,,,,,,success,
GNINA,gnina,1pxo,HUMAN CYCLIN DEPENDENT KINASE 2 COMPLEXED WITH THE,13.4995,-8.222857142857142,13.031714285714285,12.0,12.0,12.0,,,affinity,-6.08,2.3519465923309326,1.4996322393417358,9.58979606628418,benchmark_results_170/pdb_redocking_20260320_182518_poses/1pxo_gnina_pose.pdb,,,,,,success,
GNINA,gnina,1vzq,COMPLEX OF THROMBIN WITH DESIGNED INHIBITOR 7165,17.375757575757575,-12.367606060606061,21.671212121212122,12.0,12.0,12.0,,,affinity,-12.07,5.396226406097412,5.390249252319336,69.46636366844177,benchmark_results_170/pdb_redocking_20260320_182518_poses/1vzq_gnina_pose.pdb,,,,,,success,
GNINA,gnina,1sl3,CRYSTAL STRUCTUE OF THROMBIN IN COMPLEX WITH A POTENT P1,16.59213513513514,-14.009324324324322,22.807405405405405,12.0,12.0,12.0,,,affinity,,,,90.11043524742126,,,,,,,failure,timeout after 90.0s
GNINA,gnina,2brb,STRUCTURE-BASED DESIGN OF NOVEL CHK1 INHIBITORS: INSIGHTS,17.147280000000002,-2.4228799999999997,10.187879999999998,12.0,12.0,12.0,,,affinity,-8.3,4.874660491943359,4.467897415161133,34.50522017478943,benchmark_results_170/pdb_redocking_20260320_182518_poses/2brb_gnina_pose.pdb,,,,,,success,
GNINA,gnina,2brm,STRUCTURE-BASED DESIGN OF NOVEL CHK1 INHIBITORS: INSIGHTS,3.2541200000000003,-4.996160000000001,18.812800000000003,12.0,12.0,12.0,,,affinity,-8.08,5.05049467086792,4.492390155792236,38.57053351402283,benchmark_results_170/pdb_redocking_20260320_182518_poses/2brm_gnina_pose.pdb,,,,,,success,
GNINA,gnina,1nvq,THE COMPLEX STRUCTURE OF CHECKPOINT KINASE CHK1/UCN-01,5.06263888888889,6.464194444444446,16.85761111111112,12.0,12.0,12.0,,,affinity,-14.04,1.4442445039749146,1.4442445039749146,36.465200901031494,benchmark_results_170/pdb_redocking_20260320_182518_poses/1nvq_gnina_pose.pdb,,,,,,success,
GNINA,gnina,1jqd,CRYSTAL STRUCTURE ANALYSIS OF HUMAN HISTAMINE,39.96338461538461,-26.132384615384623,3.0556153846153844,12.0,12.0,12.0,,,affinity,-8.53,7.783708095550537,7.5147809982299805,45.64029860496521,benchmark_results_170/pdb_redocking_20260320_182518_poses/1jqd_gnina_pose.pdb,,,,,,success,
GNINA,gnina,2aov,HISTAMINE METHYLTRANSFERASE COMPLEXED WITH THE ANTIFOLATE,41.99270588235294,-35.08511764705882,-3.3348235294117656,12.0,12.0,12.0,,,affinity,-8.62,3.5819852352142334,3.5819852352142334,12.86574125289917,benchmark_results_170/pdb_redocking_20260320_182518_poses/2aov_gnina_pose.pdb,,,,,,success,
GNINA,gnina,2aou,HISTAMINE METHYLTRANSFERASE COMPLEXED WITH THE ANTIMALARIAL,43.01569565217392,-31.654347826086966,0.3944782608695652,12.0,12.0,12.0,,,affinity,-9.41,2.675699234008789,2.675699234008789,27.317330598831177,benchmark_results_170/pdb_redocking_20260320_182518_poses/2aou_gnina_pose.pdb,,,,,,success,
GNINA,gnina,1pbq,CRYSTAL STRUCTURE OF THE NR1 LIGAND BINDING CORE IN COMPLEX,5.637625,37.816874999999996,-17.061562499999994,12.0,12.0,12.0,,,affinity,-8.45,3.55888295173645,3.402015447616577,8.711447715759277,benchmark_results_170/pdb_redocking_20260320_182518_poses/1pbq_gnina_pose.pdb,,,,,,success,
GNINA,gnina,1vfn,PURINE NUCLEOSIDE PHOSPHORYLASE,73.4531,48.22359999999999,49.996,12.0,12.0,12.0,,,affinity,-5.68,0.5978180766105652,0.5978180766105652,5.15623664855957,benchmark_results_170/pdb_redocking_20260320_182518_poses/1vfn_gnina_pose.pdb,,,,,,success,
GNINA,gnina,1b8o,PURINE NUCLEOSIDE PHOSPHORYLASE,22.39047368421053,89.13984210526318,73.58826315789474,12.0,12.0,12.0,,,affinity,-8.74,2.9153261184692383,2.825355291366577,22.60705804824829,benchmark_results_170/pdb_redocking_20260320_182518_poses/1b8o_gnina_pose.pdb,,,,,,success,
GNINA,gnina,1p1q,CRYSTAL STRUCTURE OF THE GLUR2 LIGAND BINDING CORE (S1S2J),76.82807692307694,27.027153846153848,41.40400000000001,12.0,12.0,12.0,,,affinity,-7.62,4.411661624908447,2.8267149925231934,10.480029821395874,benchmark_results_170/pdb_redocking_20260320_182518_poses/1p1q_gnina_pose.pdb,,,,,,success,
GNINA,gnina,1syh,X-RAY STRUCTURE OF THE GLUR2 LIGAND-BINDING CORE (S1S2J) IN,21.941235294117647,13.80405882352941,23.325176470588232,12.0,12.0,12.0,,,affinity,-9.53,2.6531150341033936,2.623159885406494,14.457549095153809,benchmark_results_170/pdb_redocking_20260320_182518_poses/1syh_gnina_pose.pdb,,,,,,success,
GNINA,gnina,1ftm,CRYSTAL STRUCTURE OF THE GLUR2 LIGAND BINDING CORE (S1S2J),76.75323076923075,26.86053846153846,41.594307692307694,12.0,12.0,12.0,,,affinity,-8.03,4.492417335510254,3.739881753921509,10.121328592300415,benchmark_results_170/pdb_redocking_20260320_182518_poses/1ftm_gnina_pose.pdb,,,,,,success,
GNINA,gnina,1fcx,ISOTYPE SELECTIVITY OF THE HUMAN RETINOIC ACID NUCLEAR,43.30320000000001,26.25094285714286,95.92874285714286,12.0,12.0,12.0,,,affinity,,,,90.11174297332764,,,,,,,failure,timeout after 90.0s
GNINA,gnina,1fd0,ISOTYPE SELECTIVITY OF THE HUMAN RETINOIC ACID NUCLEAR,40.1126,15.309200000000002,84.45313333333333,12.0,12.0,12.0,,,affinity,-16.53,5.646830081939697,5.544434547424316,43.83357310295105,benchmark_results_170/pdb_redocking_20260320_182518_poses/1fd0_gnina_pose.pdb,,,,,,success,
GNINA,gnina,1fcz,ISOTYPE SELECTIVITY OF THE HUMAN RETINOIC ACID NUCLEAR,43.23608571428572,26.452428571428573,96.17982857142857,12.0,12.0,12.0,,,affinity,,,,90.11003756523132,,,,,,,failure,timeout after 90.0s
GNINA,gnina,1f4e,CRYSTAL STRUCTURE OF E. COLI THYMIDYLATE SYNTHASE COMPLEXED,36.137888888888895,59.545722222222224,81.24744444444444,12.0,12.0,12.0,,,affinity,-7.24,2.9649035930633545,2.9649035930633545,14.27721095085144,benchmark_results_170/pdb_redocking_20260320_182518_poses/1f4e_gnina_pose.pdb,,,,,,success,
GNINA,gnina,1f4f,CRYSTAL STRUCTURE OF E. COLI THYMIDYLATE SYNTHASE COMPLEXED,45.402620689655166,40.56651724137932,21.738344827586204,12.0,12.0,12.0,,,affinity,-7.9,8.47109603881836,8.017532348632812,63.514509201049805,benchmark_results_170/pdb_redocking_20260320_182518_poses/1f4f_gnina_pose.pdb,,,,,,success,
GNINA,gnina,1f4g,CRYSTAL STRUCTURE OF E. COLI THYMIDYLATE SYNTHASE COMPLEXED,15.108411764705883,14.920529411764706,34.64867647058823,12.0,12.0,12.0,,,affinity,,,,90.1122055053711,,,,,,,failure,timeout after 90.0s
GNINA,gnina,1sqa,SUBSTITUTED 2-NAPHTHAMIDINE INHIBITORS OF UROKINASE,23.388258064516126,16.340838709677417,33.38151612903226,12.0,12.0,12.0,,,affinity,-9.36,8.035593032836914,7.052266597747803,56.31175875663757,benchmark_results_170/pdb_redocking_20260320_182518_poses/1sqa_gnina_pose.pdb,,,,,,success,
GNINA,gnina,2b1v,HUMAN ESTROGEN RECEPTOR ALPHA LIGAND-BINDING DOMAIN IN,4.062473684210526,4.107052631578947,-6.091157894736842,12.0,12.0,12.0,,,affinity,-8.92,3.279499053955078,3.279499053955078,21.232952117919922,benchmark_results_170/pdb_redocking_20260320_182518_poses/2b1v_gnina_pose.pdb,,,,,,success,
GNINA,gnina,2fai,HUMAN ESTROGEN RECEPTOR ALPHA LIGAND-BINDING DOMAIN IN,-1.8991499999999988,-7.692699999999999,22.201300000000003,12.0,12.0,12.0,,,affinity,-9.71,3.3231077194213867,3.2830286026000977,21.527840614318848,benchmark_results_170/pdb_redocking_20260320_182518_poses/2fai_gnina_pose.pdb,,,,,,success,
GNINA,gnina,2ayr,A SERM DESIGNED FOR THE TREATMENT OF UTERINE LEIOMYOMA WITH,31.79745945945946,-1.2207027027027026,25.493891891891895,12.0,12.0,12.0,,,affinity,,,,90.10685420036316,,,,,,,failure,timeout after 90.0s
GNINA,gnina,1ttm,HUMAN CARBONIC ANHYDRASE II COMPLEXED WITH 667-COUMATE,22.043761904761908,30.78833333333333,20.272761904761904,12.0,12.0,12.0,,,affinity,-7.87,5.346968650817871,5.307011604309082,14.31238603591919,benchmark_results_170/pdb_redocking_20260320_182518_poses/1ttm_gnina_pose.pdb,,,,,,success,
GNINA,gnina,1if7,CARBONIC ANHYDRASE II COMPLEXED WITH,-3.3592307692307695,5.52796153846154,14.382038461538464,12.0,12.0,12.0,,,affinity,-7.93,4.688410758972168,4.023251533508301,36.59733557701111,benchmark_results_170/pdb_redocking_20260320_182518_poses/1if7_gnina_pose.pdb,,,,,,success,
GNINA,gnina,2bok,FACTOR XA - CATION,-4.30548275862069,10.081931034482755,22.54255172413793,12.0,12.0,12.0,,,affinity,-9.4,6.550858020782471,6.229214191436768,65.15981364250183,benchmark_results_170/pdb_redocking_20260320_182518_poses/2bok_gnina_pose.pdb,,,,,,success,
GNINA,gnina,1nfy,CRYSTAL STRUCTURE OF HUMAN COAGULATION FACTOR XA COMPLEXED,7.805533333333333,5.563566666666667,22.40363333333333,12.0,12.0,12.0,,,affinity,-10.53,7.754231929779053,5.752948760986328,52.2978298664093,benchmark_results_170/pdb_redocking_20260320_182518_poses/1nfy_gnina_pose.pdb,,,,,,success,
GNINA,gnina,1mq6,CRYSTAL STRUCTURE OF 3-CHLORO-N-[4-CHLORO-2-[[(5-CHLORO-2-PY,7.384250000000002,5.739722222222221,21.969166666666663,12.0,12.0,12.0,,,affinity,,,,90.10709190368652,,,,,,,failure,timeout after 90.0s
GNINA,gnina,2usn,CRYSTAL STRUCTURE OF THE CATALYTIC DOMAIN OF HUMAN,26.280142857142856,43.37975000000001,47.809642857142855,12.0,12.0,12.0,,,affinity,-7.93,6.770800590515137,5.53624153137207,58.417134523391724,benchmark_results_170/pdb_redocking_20260320_182518_poses/2usn_gnina_pose.pdb,,,,,,success,
GNINA,gnina,2d1o,STROMELYSIN-1 (MMP-3) COMPLEXED TO A HYDROXAMIC ACID,28.76160606060606,6.733151515151515,14.320303030303027,12.0,12.0,12.0,,,affinity,,,,90.1084349155426,,,,,,,failure,timeout after 90.0s
GNINA,gnina,1hfs,CRYSTAL STRUCTURE OF THE CATALYTIC DOMAIN OF HUMAN,35.338730769230786,36.095519230769234,24.535961538461528,12.0,12.0,12.0,,,affinity,,,,90.10508847236633,,,,,,,failure,timeout after 90.0s
GNINA,gnina,2flb,DISCOVERY OF A NOVEL HYDROXY PYRAZOLE BASED FACTOR IXA,9.881208333333332,7.338249999999999,51.15820833333334,12.0,12.0,12.0,,,affinity,-9.11,5.494324207305908,5.478400707244873,26.64104199409485,benchmark_results_170/pdb_redocking_20260320_182518_poses/2flb_gnina_pose.pdb,,,,,,success,
GNINA,gnina,2b7d,"FACTOR VIIA INHIBITORS: CHEMICAL OPTIMIZATION, PRECLINICAL",-13.692435897435894,4.42997435897436,10.010076923076923,12.0,12.0,12.0,,,affinity,,,,90.10975074768066,,,,,,,failure,timeout after 90.0s
GNINA,gnina,1j17,FACTOR XA SPECIFIC INHIBITOR IN COMPLEX WITH RAT TRYPSIN,10.616235294117647,49.49079411764706,59.5550294117647,12.0,12.0,12.0,,,affinity,-9.38,5.594761848449707,5.187798500061035,65.88899326324463,benchmark_results_170/pdb_redocking_20260320_182518_poses/1j17_gnina_pose.pdb,,,,,,success,
GNINA,gnina,1v2o,TRYPSIN INHIBITOR IN COMPLEX WITH BOVINE TRYPSIN VARIANT,-1.2995333333333332,19.621566666666663,17.227266666666665,12.0,12.0,12.0,,,affinity,-7.39,8.090059280395508,7.527900695800781,79.35450458526611,benchmark_results_170/pdb_redocking_20260320_182518_poses/1v2o_gnina_pose.pdb,,,,,,success,
GNINA,gnina,1jys,CRYSTAL STRUCTURE OF E. COLI MTA/ADOHCY NUCLEOSIDASE,-5.6331999999999995,-37.2485,-0.04630000000000012,12.0,12.0,12.0,,,affinity,-5.09,3.0001862049102783,0.8616713285446167,4.750169515609741,benchmark_results_170/pdb_redocking_20260320_182518_poses/1jys_gnina_pose.pdb,,,,,,success,
GNINA,gnina,1nc1,CRYSTAL STRUCTURE OF E. COLI MTA/ADOHCY NUCLEOSIDASE,56.09855,73.21419999999998,20.585199999999997,12.0,12.0,12.0,,,affinity,-9.11,3.811033248901367,3.336329460144043,26.40858554840088,benchmark_results_170/pdb_redocking_20260320_182518_poses/1nc1_gnina_pose.pdb,,,,,,success,
GNINA,gnina,1y6q,CYRSTAL STRUCTURE OF MTA/ADOHCY NUCLEOSIDASE COMPLEXED WITH,56.31579999999999,73.0299,20.8522,12.0,12.0,12.0,,,affinity,-9.28,4.923243045806885,4.054758071899414,30.781864166259766,benchmark_results_170/pdb_redocking_20260320_182518_poses/1y6q_gnina_pose.pdb,,,,,,success,
GNINA,gnina,1bma,BENZYL METHYL AMINIMIDE INHIBITOR COMPLEXED TO PORCINE,37.998000000000005,20.38845945945946,37.56989189189189,12.0,12.0,12.0,,,affinity,,,,90.19596695899963,,,,,,,failure,timeout after 90.0s
GNINA,gnina,1ela,ANALOGOUS INHIBITORS OF ELASTASE DO NOT ALWAYS BIND,38.62825,19.671937500000002,38.34618749999999,12.0,12.0,12.0,,,affinity,-8.12,6.756161212921143,5.979662895202637,86.92238688468933,benchmark_results_170/pdb_redocking_20260320_182518_poses/1ela_gnina_pose.pdb,,,,,,success,
GNINA,gnina,1elb,ANALOGOUS INHIBITORS OF ELASTASE DO NOT ALWAYS BIND,40.17381818181818,19.89439393939394,37.447090909090896,12.0,12.0,12.0,,,affinity,,,,90.19013690948486,,,,,,,failure,timeout after 90.0s
GNINA,gnina,1a69,PURINE NUCLEOSIDE PHOSPHORYLASE IN COMPLEX WITH FORMYCIN B,-18.284368421052633,70.95347368421054,68.21189473684211,12.0,12.0,12.0,,,affinity,-9.27,4.9278645515441895,4.582315444946289,21.29191827774048,benchmark_results_170/pdb_redocking_20260320_182518_poses/1a69_gnina_pose.pdb,,,,,,success,
GNINA,gnina,1k9s,PURINE NUCLEOSIDE PHOSPHORYLASE FROM E. COLI IN COMPLEX,144.68470000000002,66.9345,63.693900000000006,12.0,12.0,12.0,,,affinity,-10.3,2.5121421813964844,2.5121421813964844,23.815165281295776,benchmark_results_170/pdb_redocking_20260320_182518_poses/1k9s_gnina_pose.pdb,,,,,,success,
GNINA,gnina,3pce,"STRUCTURE OF PROTOCATECHUATE 3,4-DIOXYGENASE COMPLEXED WITH",23.36909090909091,11.406181818181818,37.20663636363636,12.0,12.0,12.0,,,affinity,-6.34,4.151635646820068,2.706376552581787,10.305861949920654,benchmark_results_170/pdb_redocking_20260320_182518_poses/3pce_gnina_pose.pdb,,,,,,success,
GNINA,gnina,3pch,"STRUCTURE OF PROTOCATECHUATE 3,4-DIOXYGENASE COMPLEXED WITH",23.601090909090907,11.691545454545455,36.10481818181818,12.0,12.0,12.0,,,affinity,-5.9,2.41074800491333,2.41074800491333,10.146223068237305,benchmark_results_170/pdb_redocking_20260320_182518_poses/3pch_gnina_pose.pdb,,,,,,success,
GNINA,gnina,3pcj,"STRUCTURE OF PROTOCATECHUATE 3,4-DIOXYGENASE COMPLEXED WITH",23.40563636363636,11.147636363636364,36.37490909090909,12.0,12.0,12.0,,,affinity,-6.25,3.473339319229126,2.6868226528167725,11.155953645706177,benchmark_results_170/pdb_redocking_20260320_182518_poses/3pcj_gnina_pose.pdb,,,,,,success,
GNINA,gnina,2cgr,LOCAL AND TRANSMITTED CONFORMATIONAL CHANGES ON,-9.897034482758619,39.6259655172414,17.342655172413796,12.0,12.0,12.0,,,affinity,-9.04,2.8159713745117188,2.682335615158081,70.44378876686096,benchmark_results_170/pdb_redocking_20260320_182518_poses/2cgr_gnina_pose.pdb,,,,,,success,
GNINA,gnina,1flr,4-4-20 FAB FRAGMENT,25.2496,23.104159999999997,41.04592,12.0,12.0,12.0,,,affinity,-9.44,4.4952263832092285,0.6829443573951721,32.44923782348633,benchmark_results_170/pdb_redocking_20260320_182518_poses/1flr_gnina_pose.pdb,,,,,,success,
GNINA,gnina,2gss,HUMAN GLUTATHIONE S-TRANSFERASE P1-1 IN COMPLEX WITH,7.214736842105264,3.4391578947368417,27.186157894736844,12.0,12.0,12.0,,,affinity,-5.88,2.972533941268921,2.972533941268921,20.974990367889404,benchmark_results_170/pdb_redocking_20260320_182518_poses/2gss_gnina_pose.pdb,,,,,,success,
GNINA,gnina,3gss,HUMAN GLUTATHIONE S-TRANSFERASE P1-1 IN COMPLEX WITH,11.094,8.434949999999999,27.032149999999994,12.0,12.0,12.0,,,affinity,-5.94,4.115387439727783,4.115387439727783,38.04156279563904,benchmark_results_170/pdb_redocking_20260320_182518_poses/3gss_gnina_pose.pdb,,,,,,success,
GNINA,gnina,10gs,"HUMAN GLUTATHIONE S-TRANSFERASE P1-1, COMPLEX WITH TER117",9.826515151515151,6.737060606060607,28.122545454545456,12.0,12.0,12.0,,,affinity,,,,90.1153621673584,,,,,,,failure,timeout after 90.0s
GNINA,gnina,2std,SCYTALONE DEHYDRATASE COMPLEXED WITH TIGHT-BINDING,29.592399999999998,37.312599999999996,22.4937,12.0,12.0,12.0,,,affinity,-9.25,6.210241794586182,3.294541597366333,22.131565809249878,benchmark_results_170/pdb_redocking_20260320_182518_poses/2std_gnina_pose.pdb,,,,,,success,
GNINA,gnina,3std,SCYTALONE DEHYDRATASE AND CYANOCINNOLINE INHIBITOR,27.484999999999992,10.88860714285714,33.49939285714286,12.0,12.0,12.0,,,affinity,-12.54,3.241518497467041,3.214317798614502,55.99222183227539,benchmark_results_170/pdb_redocking_20260320_182518_poses/3std_gnina_pose.pdb,,,,,,success,
GNINA,gnina,2d0k,METHIONINE-FREE MUTANT OF ESCHERICHIA COLI DIHYDROFOLATE,29.194906249999995,4.269968749999999,4.7145937500000015,12.0,12.0,12.0,,,affinity,,,,90.12418723106384,,,,,,,failure,timeout after 90.0s
GNINA,gnina,1dhi,LONG-RANGE STRUCTURAL EFFECTS IN A SECOND-SITE REVERTANT OF,19.666454545454542,62.687969696969695,24.893878787878787,12.0,12.0,12.0,,,affinity,-9.15,8.650177955627441,7.584592342376709,85.79132795333862,benchmark_results_170/pdb_redocking_20260320_182518_poses/1dhi_gnina_pose.pdb,,,,,,success,
GNINA,gnina,2drc,INVESTIGATION OF THE FUNCTIONAL ROLE OF TRYPTOPHAN-22 IN,19.738121212121218,62.38812121212123,24.893606060606057,12.0,12.0,12.0,,,affinity,,,,90.11595225334167,,,,,,,failure,timeout after 90.0s
GNINA,gnina,1df8,S45A MUTANT OF STREPTAVIDIN IN COMPLEX WITH BIOTIN,29.527249999999995,14.7803125,12.32825,12.0,12.0,12.0,,,affinity,-7.49,6.48470401763916,3.266622543334961,16.443353414535522,benchmark_results_170/pdb_redocking_20260320_182518_poses/1df8_gnina_pose.pdb,,,,,,success,
GNINA,gnina,2f01,EPI-BIOTIN COMPLEX WITH CORE STREPTAVIDIN,29.6338125,14.8331875,12.392124999999998,12.0,12.0,12.0,,,affinity,-7.92,6.503820896148682,5.663362979888916,18.763317584991455,benchmark_results_170/pdb_redocking_20260320_182518_poses/2f01_gnina_pose.pdb,,,,,,success,
GNINA,gnina,2g8r,THE CRYSTAL STRUCTURE OF THE RNASE A-,36.41628000000001,-8.4832,16.357039999999998,12.0,12.0,12.0,,,affinity,-4.94,4.381175994873047,4.381175994873047,40.73072552680969,benchmark_results_170/pdb_redocking_20260320_182518_poses/2g8r_gnina_pose.pdb,,,,,,success,
GNINA,gnina,1tyr,TRANSTHYRETIN COMPLEX WITH RETINOIC ACID,23.02136363636363,43.26509090909091,39.1255,12.0,12.0,12.0,,,affinity,-4.78,7.035511493682861,6.466917037963867,36.285131216049194,benchmark_results_170/pdb_redocking_20260320_182518_poses/1tyr_gnina_pose.pdb,,,,,,success,
GNINA,gnina,1e5a,STRUCTURE OF HUMAN TRANSTHYRETIN COMPLEXED WITH,42.484500000000004,0.16599999999999998,27.4865,12.0,12.0,12.0,,,affinity,-2.68,1.1606385707855225,1.1606385707855225,5.588959455490112,benchmark_results_170/pdb_redocking_20260320_182518_poses/1e5a_gnina_pose.pdb,,,,,,success,
GNINA,gnina,2g5u,HUMAN TRANSTHYRETIN (TTR) COMPLEXED WITH HYDROXYLATED,21.520611111111112,42.87755555555555,6.454611111111111,12.0,12.0,12.0,,,affinity,-4.63,0.7095431089401245,0.7095431089401245,17.771425485610962,benchmark_results_170/pdb_redocking_20260320_182518_poses/2g5u_gnina_pose.pdb,,,,,,success,
GNINA,gnina,1sv3,STRUCTURE OF THE COMPLEX FORMED BETWEEN PHOSPHOLIPASE A2,48.90954545454545,31.49481818181818,4.721636363636364,12.0,12.0,12.0,,,affinity,-6.2,4.167214393615723,3.8533782958984375,7.497031211853027,benchmark_results_170/pdb_redocking_20260320_182518_poses/1sv3_gnina_pose.pdb,,,,,,success,
GNINA,gnina,1q7a,CRYSTAL STRUCTURE OF THE COMPLEX FORMED BETWEEN RUSSELL'S,8.12008333333333,22.79370833333334,-7.487333333333335,12.0,12.0,12.0,,,affinity,-7.52,4.460213661193848,4.460213661193848,29.204445600509644,benchmark_results_170/pdb_redocking_20260320_182518_poses/1q7a_gnina_pose.pdb,,,,,,success,
GNINA,gnina,2f80,HIV-1 PROTEASE MUTANT D30N COMPLEXED WITH INHIBITOR TMC114,15.749789473684206,22.53442105263158,16.78321052631579,12.0,12.0,12.0,,,affinity,,,,90.13057899475098,,,,,,,failure,timeout after 90.0s
GNINA,gnina,2i0d,CRYSTAL STRUCTURE OF AD-81 COMPLEXED WITH WILD TYPE HIV-1,19.03697777777777,29.475799999999996,12.62084444444445,12.0,12.0,12.0,,,affinity,,,,90.12855553627014,,,,,,,failure,timeout after 90.0s
GNINA,gnina,1d7j,FKBP COMPLEXED WITH 4-HYDROXY-2-BUTANONE,60.29566666666667,-4.825666666666667,-0.9243333333333333,12.0,12.0,12.0,,,affinity,-3.69,2.084059715270996,1.6131173372268677,5.362028121948242,benchmark_results_170/pdb_redocking_20260320_182518_poses/1d7j_gnina_pose.pdb,,,,,,success,
Vina,smina,1hk4,HUMAN SERUM ALBUMIN COMPLEXED WITH THYROXINE,20.921291666666672,11.52725,26.298791666666663,12.0,12.0,12.0,,,affinity,-5.6,5.99176025390625,5.687291622161865,53.546817779541016,benchmark_results_170/pdb_redocking_20260320_182518_poses/1hk4_smina_pose.pdb,,,,,,success,
Vina,smina,1gni,HUMAN SERUM ALBUMIN COMPLEXED WITH CIS-9-OCTADECENOIC ACID,11.39145,1.0988000000000002,22.17425,12.0,12.0,12.0,,,affinity,-7.2,4.761699199676514,3.9101998805999756,78.06007647514343,benchmark_results_170/pdb_redocking_20260320_182518_poses/1gni_smina_pose.pdb,,,,,,success,
Vina,smina,1nhu,HEPATITIS C VIRUS RNA POLYMERASE IN COMPLEX WITH,9.102878787878788,33.06924242424242,77.70760606060607,12.0,12.0,12.0,,,affinity,,,,90.0195369720459,,,,,,,failure,timeout after 90.0s
Vina,smina,2d3z,X-RAY CRYSTAL STRUCTURE OF HEPATITIS C VIRUS RNA-DEPENDENT,9.101653846153846,33.23038461538461,75.07757692307692,12.0,12.0,12.0,,,affinity,-8.7,3.64369535446167,3.6171481609344482,49.99026656150818,benchmark_results_170/pdb_redocking_20260320_182518_poses/2d3z_smina_pose.pdb,,,,,,success,
Vina,smina,2d3u,X-RAY CRYSTAL STRUCTURE OF HEPATITIS C VIRUS RNA DEPENDENT,9.227185185185185,32.80062962962963,75.04985185185186,12.0,12.0,12.0,,,affinity,-8.8,3.4987831115722656,3.494335412979126,66.74322772026062,benchmark_results_170/pdb_redocking_20260320_182518_poses/2d3u_smina_pose.pdb,,,,,,success,
Vina,smina,1ajp,"PENICILLIN ACYLASE COMPLEXED WITH 2,5-DIHYDROXYPHENYLACETIC",11.839166666666666,36.45483333333333,34.5015,12.0,12.0,12.0,,,affinity,-6.5,2.662710189819336,2.662710189819336,7.445537567138672,benchmark_results_170/pdb_redocking_20260320_182518_poses/1ajp_smina_pose.pdb,,,,,,success,
Vina,smina,1ai5,PENICILLIN ACYLASE COMPLEXED WITH M-NITROPHENYLACETIC ACID,12.108076923076926,36.458615384615385,34.487923076923074,12.0,12.0,12.0,,,affinity,-6.9,2.9070005416870117,2.8484714031219482,9.458833456039429,benchmark_results_170/pdb_redocking_20260320_182518_poses/1ai5_smina_pose.pdb,,,,,,success,
Vina,smina,1ajq,PENICILLIN ACYLASE COMPLEXED WITH THIOPHENEACETIC ACID,11.727999999999998,36.681,34.18066666666667,12.0,12.0,12.0,,,affinity,-5.5,1.5273083448410034,0.5452755093574524,6.104552984237671,benchmark_results_170/pdb_redocking_20260320_182518_poses/1ajq_smina_pose.pdb,,,,,,success,
Vina,smina,1gpk,STRUCTURE OF ACETYLCHOLINESTERASE COMPLEX WITH,2.841833333333334,67.45194444444445,63.05377777777778,12.0,12.0,12.0,,,affinity,-10.8,0.207527756690979,0.207527756690979,6.650904893875122,benchmark_results_170/pdb_redocking_20260320_182518_poses/1gpk_smina_pose.pdb,,,,,,success,
Vina,smina,1h23,STRUCTURE OF ACETYLCHOLINESTERASE (E.C. 3.1.1.7) COMPLEXED,2.5771666666666664,63.77041666666667,68.63872222222223,12.0,12.0,12.0,,,affinity,,,,90.01286792755127,,,,,,,failure,timeout after 90.0s
Vina,smina,1e66,STRUCTURE OF ACETYLCHOLINESTERASE COMPLEXED WITH,4.397380952380952,68.63257142857144,65.5042380952381,12.0,12.0,12.0,,,affinity,-12.8,2.3179640769958496,2.3179640769958496,13.168309926986694,benchmark_results_170/pdb_redocking_20260320_182518_poses/1e66_smina_pose.pdb,,,,,,success,
Vina,smina,2rkm,STRUCTURE OF OPPA COMPLEXED WITH LYS-LYS,4.7893,21.6791,17.5984,12.0,12.0,12.0,,,affinity,-5.6,4.603056907653809,2.6138763427734375,8.379295110702515,benchmark_results_170/pdb_redocking_20260320_182518_poses/2rkm_smina_pose.pdb,,,,,,success,
Vina,smina,1u33,IN SITU EXTENSION AS AN APPROACH FOR IDENTIFYING NOVEL,13.829222222222223,15.455694444444443,39.18902777777779,12.0,12.0,12.0,,,affinity,,,,90.01188373565674,,,,,,,failure,timeout after 90.0s
Vina,smina,1xd1,ACARBOSE REARRANGEMENT MECHANISM IMPLIED BY THE KINETIC AND,8.764318181818181,16.375212121212122,40.43363636363637,12.0,12.0,12.0,,,affinity,,,,90.03863072395325,,,,,,,failure,timeout after 90.0s
Vina,smina,1uwt,STRUCTURE OF BETA-GLYCOSIDASE FROM SULFOLOBUS SOLFATARICUS,119.84200000000001,38.88753846153847,63.638461538461534,12.0,12.0,12.0,,,affinity,-8.3,2.8656489849090576,2.8656489849090576,6.494971513748169,benchmark_results_170/pdb_redocking_20260320_182518_poses/1uwt_smina_pose.pdb,,,,,,success,
Vina,smina,2ceq,BETA-GLYCOSIDASE FROM SULFOLOBUS SOLFATARICUS IN COMPLEX,119.63578571428572,39.12407142857143,62.38664285714286,12.0,12.0,12.0,,,affinity,-7.9,2.574707508087158,2.574707508087158,6.07333517074585,benchmark_results_170/pdb_redocking_20260320_182518_poses/2ceq_smina_pose.pdb,,,,,,success,
Vina,smina,2cer,BETA-GLYCOSIDASE FROM SULFOLOBUS SOLFATARICUS IN COMPLEX,63.5390909090909,-69.13377272727273,5.484818181818181,12.0,12.0,12.0,,,affinity,-10.2,2.8259661197662354,2.8259661197662354,31.306362867355347,benchmark_results_170/pdb_redocking_20260320_182518_poses/2cer_smina_pose.pdb,,,,,,success,
Vina,smina,2qwb,THE X-RAY STRUCTURE OF A COMPLEX OF SIALIC ACID AND A DRUG,26.17828571428571,17.950380952380954,63.212380952380954,12.0,12.0,12.0,,,affinity,-7.5,4.756710052490234,2.961035966873169,23.36300039291382,benchmark_results_170/pdb_redocking_20260320_182518_poses/2qwb_smina_pose.pdb,,,,,,success,
Vina,smina,2qwd,THE X-RAY STRUCTURE OF A COMPLEX OF 4-AMINO-NEU5AC2EN AND A,26.112600000000004,17.89495,63.09375,12.0,12.0,12.0,,,affinity,-7.5,4.100603103637695,3.027153968811035,22.99792194366455,benchmark_results_170/pdb_redocking_20260320_182518_poses/2qwd_smina_pose.pdb,,,,,,success,
Vina,smina,2qwe,THE X-RAY STRUCTURE OF A COMPLEX OF 4-GUANIDINO-NEU5AC2EN,25.91034782608695,17.370304347826085,62.871913043478266,12.0,12.0,12.0,,,affinity,-7.9,4.974266052246094,4.101215839385986,39.65024518966675,benchmark_results_170/pdb_redocking_20260320_182518_poses/2qwe_smina_pose.pdb,,,,,,success,
Vina,smina,2j77,BETA-GLUCOSIDASE FROM THERMOTOGA MARITIMA IN COMPLEX WITH,-1.2500909090909091,10.767999999999999,9.08609090909091,12.0,12.0,12.0,,,affinity,-6.9,0.2410670667886734,0.2410670667886734,5.1000285148620605,benchmark_results_170/pdb_redocking_20260320_182518_poses/2j77_smina_pose.pdb,,,,,,success,
Vina,smina,2j78,BETA-GLUCOSIDASE FROM THERMOTOGA MARITIMA IN COMPLEX WITH,-0.19230769230769232,11.332076923076924,9.053923076923079,12.0,12.0,12.0,,,affinity,-8.5,2.954596996307373,2.954596996307373,7.08764123916626,benchmark_results_170/pdb_redocking_20260320_182518_poses/2j78_smina_pose.pdb,,,,,,success,
Vina,smina,2cet,BETA-GLUCOSIDASE FROM THERMOTOGA MARITIMA IN COMPLEX WITH,-0.6183181818181817,9.064318181818182,10.290045454545456,12.0,12.0,12.0,,,affinity,-10.2,3.3861472606658936,2.5141899585723877,31.94168448448181,benchmark_results_170/pdb_redocking_20260320_182518_poses/2cet_smina_pose.pdb,,,,,,success,
Vina,smina,2g94,CRYSTAL STRUCTURE OF BETA-SECRETASE BOUND TO A POTENT AND,-4.265955555555555,-3.6737111111111114,31.35746666666667,12.0,12.0,12.0,,,affinity,,,,90.02492260932922,,,,,,,failure,timeout after 90.0s
Vina,smina,1n2v,CRYSTAL STRUCTURE OF TGT IN COMPLEX WITH,16.22866666666667,17.404266666666665,20.8774,12.0,12.0,12.0,,,affinity,-6.8,4.731783866882324,4.184781551361084,8.218027114868164,benchmark_results_170/pdb_redocking_20260320_182518_poses/1n2v_smina_pose.pdb,,,,,,success,
Vina,smina,1k4g,CRYSTAL STRUCTURE OF TRNA-GUANINE TRANSGLYCOSYLASE (TGT),16.3548,16.88325,19.5911,12.0,12.0,12.0,,,affinity,-8.8,2.03786563873291,2.03786563873291,15.558609962463379,benchmark_results_170/pdb_redocking_20260320_182518_poses/1k4g_smina_pose.pdb,,,,,,success,
Vina,smina,1s39,CRYSTAL STRUCTURE OF TGT IN COMPLEX WITH,16.730083333333337,17.075000000000003,21.69441666666667,12.0,12.0,12.0,,,affinity,-7.4,0.295143723487854,0.295143723487854,4.6135125160217285,benchmark_results_170/pdb_redocking_20260320_182518_poses/1s39_smina_pose.pdb,,,,,,success,
Vina,smina,2bak,P38ALPHA MAP KINASE BOUND TO MPAQ,-2.066790697674419,1.7892093023255808,19.72158139534884,12.0,12.0,12.0,,,affinity,,,,90.01252555847168,,,,,,,failure,timeout after 90.0s
Vina,smina,2baj,P38ALPHA BOUND TO PYRAZOLOUREA,12.431370370370367,-0.7558888888888889,30.497999999999994,12.0,12.0,12.0,,,affinity,-12.1,6.077873706817627,5.498998641967773,54.60669159889221,benchmark_results_170/pdb_redocking_20260320_182518_poses/2baj_smina_pose.pdb,,,,,,success,
Vina,smina,1ndw,CRYSTAL STRUCTURE OF ADENOSINE DEAMINASE COMPLEXED WITH,49.03884210526316,55.43105263157895,20.959,12.0,12.0,12.0,,,affinity,-7.8,2.3687949180603027,2.0543243885040283,34.93872618675232,benchmark_results_170/pdb_redocking_20260320_182518_poses/1ndw_smina_pose.pdb,,,,,,success,
Vina,smina,1ndy,CRYSTAL STRUCTURE OF ADENOSINE DEAMINASE COMPLEXED WITH,49.394652173913045,54.96521739130435,19.78430434782609,12.0,12.0,12.0,,,affinity,-8.1,1.8313894271850586,1.8313894271850586,43.60325312614441,benchmark_results_170/pdb_redocking_20260320_182518_poses/1ndy_smina_pose.pdb,,,,,,success,
Vina,smina,1ndz,CRYSTAL STRUCTURE OF ADENOSINE DEAMINASE COMPLEXED WITH,48.48859459459459,52.61837837837838,19.260027027027025,12.0,12.0,12.0,,,affinity,,,,90.01341772079468,,,,,,,failure,timeout after 90.0s
Vina,smina,1l2s,X-RAY CRYSTAL STRUCTURE OF AMPC BETA-LACTAMASE FROM E. COLI,23.556736842105266,5.735105263157895,14.399105263157892,12.0,12.0,12.0,,,affinity,-7.4,5.101870536804199,3.0122604370117188,23.261109590530396,benchmark_results_170/pdb_redocking_20260320_182518_poses/1l2s_smina_pose.pdb,,,,,,success,
Vina,smina,1xgj,AMPC BETA-LACTAMASE IN COMPLEX WITH 3-(4-CARBOXY-2-HYDROXY-,-58.09881818181817,5.772272727272727,58.09222727272727,12.0,12.0,12.0,,,affinity,-7.5,4.4918293952941895,3.4605119228363037,38.37988257408142,benchmark_results_170/pdb_redocking_20260320_182518_poses/1xgj_smina_pose.pdb,,,,,,success,
Vina,smina,1q8t,THE CATALYTIC SUBUNIT OF CAMP-DEPENDENT PROTEIN KINASE,8.667555555555557,9.133611111111113,3.1005,12.0,12.0,12.0,,,affinity,-8.6,7.1629638671875,3.0178048610687256,18.589599132537842,benchmark_results_170/pdb_redocking_20260320_182518_poses/1q8t_smina_pose.pdb,,,,,,success,
Vina,smina,1ydt,"STRUCTURE OF CAMP-DEPENDENT PROTEIN KINASE, ALPHA-CATALYTIC",9.236703703703702,10.365407407407409,2.562740740740741,12.0,12.0,12.0,,,affinity,,,,90.01212644577026,,,,,,,failure,timeout after 90.0s
Vina,smina,1re8,CRYSTAL STRUCTURE OF CAMP-DEPENDENT PROTEIN KINASE,8.794685714285716,41.859971428571434,17.067285714285717,12.0,12.0,12.0,,,affinity,,,,90.01160764694214,,,,,,,failure,timeout after 90.0s
Vina,smina,1m2q,"CRYSTAL STRUCTURE OF 1,8-DI-HYDROXY-4-NITRO-XANTEN-9-ONE/CK2",25.05675,6.4116,15.89095,12.0,12.0,12.0,,,affinity,-10.3,6.178536891937256,0.185438334941864,7.894739151000977,benchmark_results_170/pdb_redocking_20260320_182518_poses/1m2q_smina_pose.pdb,,,,,,success,
Vina,smina,1om1,CRYSTAL STRUCTURE OF MAIZE CK2 ALPHA IN COMPLEX WITH IQA,22.455227272727274,7.511181818181819,18.688045454545453,12.0,12.0,12.0,,,affinity,-11.7,5.898979187011719,3.4602866172790527,10.630818128585815,benchmark_results_170/pdb_redocking_20260320_182518_poses/1om1_smina_pose.pdb,,,,,,success,
Vina,smina,1zoe,CRYSTAL STRUCTURE OF PROTEIN KINASE CK2 IN COMPLEX WITH,22.961374999999997,6.781625,19.40375,12.0,12.0,12.0,,,affinity,-7.3,3.9623608589172363,3.660109281539917,5.583904504776001,benchmark_results_170/pdb_redocking_20260320_182518_poses/1zoe_smina_pose.pdb,,,,,,success,
Vina,smina,2azr,CRYSTAL STRUCTURE OF PTP1B WITH BICYCLIC THIOPHENE INHIBITOR,45.75629411764705,14.780470588235293,2.5229411764705882,12.0,12.0,12.0,,,affinity,-7.1,1.4956051111221313,1.4956051111221313,14.42106032371521,benchmark_results_170/pdb_redocking_20260320_182518_poses/2azr_smina_pose.pdb,,,,,,success,
Vina,smina,1g7f,HUMAN PTP1B CATALYTIC DOMAIN COMPLEXED WITH PNU177496,9.662384615384614,18.383205128205123,9.115051282051281,12.0,12.0,12.0,,,affinity,,,,90.01876592636108,,,,,,,failure,timeout after 90.0s
Vina,smina,1nny,"POTENT, SELECTIVE PROTEIN TYROSINE PHOSPHATASE 1B INHIBITOR",31.15167924528302,28.65728301886791,21.49262264150944,12.0,12.0,12.0,,,affinity,,,,90.0173807144165,,,,,,,failure,timeout after 90.0s
Vina,smina,5er1,A RATIONAL APPROACH TO THE DESIGN OF ANTIHYPERTENSIVES.,37.98086486486486,-12.83162162162162,5.06927027027027,12.0,12.0,12.0,,,affinity,,,,90.01927828788757,,,,,,,failure,timeout after 90.0s
Vina,smina,4tln,BINDING OF HYDROXAMIC ACID INHIBITORS TO CRYSTALLINE,36.480999999999995,42.3499,-4.3102,12.0,12.0,12.0,,,affinity,-6.1,3.5136077404022217,2.979948043823242,6.444506883621216,benchmark_results_170/pdb_redocking_20260320_182518_poses/4tln_smina_pose.pdb,,,,,,success,
Vina,smina,1tmn,BINDING OF N-CARBOXYMETHYL DIPEPTIDE INHIBITORS TO,37.04977142857143,39.22222857142856,-4.230342857142856,12.0,12.0,12.0,,,affinity,,,,90.01058769226074,,,,,,,failure,timeout after 90.0s
Vina,smina,1fh9,CRYSTAL STRUCTURE OF THE XYLANASE CEX WITH,19.888727272727273,67.7741818181818,36.773272727272726,12.0,12.0,12.0,,,affinity,-6.7,3.826167106628418,3.063291549682617,4.0110273361206055,benchmark_results_170/pdb_redocking_20260320_182518_poses/1fh9_smina_pose.pdb,,,,,,success,
Vina,smina,2ctc,THE HIGH RESOLUTION CRYSTAL STRUCTURE OF THE COMPLEX,-1.95275,29.711250000000003,-10.32475,12.0,12.0,12.0,,,affinity,-6.8,2.3015859127044678,2.3015859127044678,6.7793707847595215,benchmark_results_170/pdb_redocking_20260320_182518_poses/2ctc_smina_pose.pdb,,,,,,success,
Vina,smina,1e1v,HUMAN CYCLIN DEPENDENT KINASE 2 COMPLEXED WITH THE,1.1616111111111111,28.393333333333334,8.569833333333333,12.0,12.0,12.0,,,affinity,-8.1,6.537512302398682,2.7971994876861572,14.586217403411865,benchmark_results_170/pdb_redocking_20260320_182518_poses/1e1v_smina_pose.pdb,,,,,,success,
Vina,smina,1pxo,HUMAN CYCLIN DEPENDENT KINASE 2 COMPLEXED WITH THE,13.4995,-8.222857142857142,13.031714285714285,12.0,12.0,12.0,,,affinity,-7.1,4.753437042236328,1.6473591327667236,7.141979932785034,benchmark_results_170/pdb_redocking_20260320_182518_poses/1pxo_smina_pose.pdb,,,,,,success,
Vina,smina,1vzq,COMPLEX OF THROMBIN WITH DESIGNED INHIBITOR 7165,17.375757575757575,-12.367606060606061,21.671212121212122,12.0,12.0,12.0,,,affinity,,,,90.01380705833435,,,,,,,failure,timeout after 90.0s
Vina,smina,1sl3,CRYSTAL STRUCTUE OF THROMBIN IN COMPLEX WITH A POTENT P1,16.59213513513514,-14.009324324324322,22.807405405405405,12.0,12.0,12.0,,,affinity,,,,90.010990858078,,,,,,,failure,timeout after 90.0s
Vina,smina,2brb,STRUCTURE-BASED DESIGN OF NOVEL CHK1 INHIBITORS: INSIGHTS,17.147280000000002,-2.4228799999999997,10.187879999999998,12.0,12.0,12.0,,,affinity,-8.4,4.640825271606445,4.317248821258545,34.83640789985657,benchmark_results_170/pdb_redocking_20260320_182518_poses/2brb_smina_pose.pdb,,,,,,success,
Vina,smina,2brm,STRUCTURE-BASED DESIGN OF NOVEL CHK1 INHIBITORS: INSIGHTS,3.2541200000000003,-4.996160000000001,18.812800000000003,12.0,12.0,12.0,,,affinity,-8.0,5.3879075050354,4.608656406402588,36.396535873413086,benchmark_results_170/pdb_redocking_20260320_182518_poses/2brm_smina_pose.pdb,,,,,,success,
Vina,smina,1nvq,THE COMPLEX STRUCTURE OF CHECKPOINT KINASE CHK1/UCN-01,5.06263888888889,6.464194444444446,16.85761111111112,12.0,12.0,12.0,,,affinity,-13.5,1.4432623386383057,1.4432623386383057,30.282721042633057,benchmark_results_170/pdb_redocking_20260320_182518_poses/1nvq_smina_pose.pdb,,,,,,success,
Vina,smina,1jqd,CRYSTAL STRUCTURE ANALYSIS OF HUMAN HISTAMINE,39.96338461538461,-26.132384615384623,3.0556153846153844,12.0,12.0,12.0,,,affinity,-8.4,7.736063003540039,5.092932224273682,78.71814632415771,benchmark_results_170/pdb_redocking_20260320_182518_poses/1jqd_smina_pose.pdb,,,,,,success,
Vina,smina,2aov,HISTAMINE METHYLTRANSFERASE COMPLEXED WITH THE ANTIFOLATE,41.99270588235294,-35.08511764705882,-3.3348235294117656,12.0,12.0,12.0,,,affinity,-8.8,3.6117329597473145,3.6117329597473145,9.841233730316162,benchmark_results_170/pdb_redocking_20260320_182518_poses/2aov_smina_pose.pdb,,,,,,success,
Vina,smina,2aou,HISTAMINE METHYLTRANSFERASE COMPLEXED WITH THE ANTIMALARIAL,43.01569565217392,-31.654347826086966,0.3944782608695652,12.0,12.0,12.0,,,affinity,-10.5,6.575371742248535,5.484792709350586,30.955642700195312,benchmark_results_170/pdb_redocking_20260320_182518_poses/2aou_smina_pose.pdb,,,,,,success,
Vina,smina,1pbq,CRYSTAL STRUCTURE OF THE NR1 LIGAND BINDING CORE IN COMPLEX,5.637625,37.816874999999996,-17.061562499999994,12.0,12.0,12.0,,,affinity,-8.5,3.5487160682678223,3.5487160682678223,7.034518241882324,benchmark_results_170/pdb_redocking_20260320_182518_poses/1pbq_smina_pose.pdb,,,,,,success,
Vina,smina,1vfn,PURINE NUCLEOSIDE PHOSPHORYLASE,73.4531,48.22359999999999,49.996,12.0,12.0,12.0,,,affinity,-5.7,0.5619794726371765,0.5619794726371765,2.128340244293213,benchmark_results_170/pdb_redocking_20260320_182518_poses/1vfn_smina_pose.pdb,,,,,,success,
Vina,smina,1b8o,PURINE NUCLEOSIDE PHOSPHORYLASE,22.39047368421053,89.13984210526318,73.58826315789474,12.0,12.0,12.0,,,affinity,-9.3,2.820309638977051,2.820309638977051,16.424365043640137,benchmark_results_170/pdb_redocking_20260320_182518_poses/1b8o_smina_pose.pdb,,,,,,success,
Vina,smina,1p1q,CRYSTAL STRUCTURE OF THE GLUR2 LIGAND BINDING CORE (S1S2J),76.82807692307694,27.027153846153848,41.40400000000001,12.0,12.0,12.0,,,affinity,-8.4,5.088510513305664,0.15452641248703003,7.196524381637573,benchmark_results_170/pdb_redocking_20260320_182518_poses/1p1q_smina_pose.pdb,,,,,,success,
Vina,smina,1syh,X-RAY STRUCTURE OF THE GLUR2 LIGAND-BINDING CORE (S1S2J) IN,21.941235294117647,13.80405882352941,23.325176470588232,12.0,12.0,12.0,,,affinity,-9.5,2.652881145477295,2.6215500831604004,12.134706735610962,benchmark_results_170/pdb_redocking_20260320_182518_poses/1syh_smina_pose.pdb,,,,,,success,
Vina,smina,1ftm,CRYSTAL STRUCTURE OF THE GLUR2 LIGAND BINDING CORE (S1S2J),76.75323076923075,26.86053846153846,41.594307692307694,12.0,12.0,12.0,,,affinity,-8.3,0.14110633730888367,0.14110633730888367,7.210700750350952,benchmark_results_170/pdb_redocking_20260320_182518_poses/1ftm_smina_pose.pdb,,,,,,success,
Vina,smina,1fcx,ISOTYPE SELECTIVITY OF THE HUMAN RETINOIC ACID NUCLEAR,43.30320000000001,26.25094285714286,95.92874285714286,12.0,12.0,12.0,,,affinity,,,,90.01754808425903,,,,,,,failure,timeout after 90.0s
Vina,smina,1fd0,ISOTYPE SELECTIVITY OF THE HUMAN RETINOIC ACID NUCLEAR,40.1126,15.309200000000002,84.45313333333333,12.0,12.0,12.0,,,affinity,-14.4,5.759582996368408,5.5755510330200195,56.278881311416626,benchmark_results_170/pdb_redocking_20260320_182518_poses/1fd0_smina_pose.pdb,,,,,,success,
Vina,smina,1fcz,ISOTYPE SELECTIVITY OF THE HUMAN RETINOIC ACID NUCLEAR,43.23608571428572,26.452428571428573,96.17982857142857,12.0,12.0,12.0,,,affinity,,,,90.00966215133667,,,,,,,failure,timeout after 90.0s
Vina,smina,1f4e,CRYSTAL STRUCTURE OF E. COLI THYMIDYLATE SYNTHASE COMPLEXED,36.137888888888895,59.545722222222224,81.24744444444444,12.0,12.0,12.0,,,affinity,-7.4,3.699721097946167,2.8633530139923096,14.534489631652832,benchmark_results_170/pdb_redocking_20260320_182518_poses/1f4e_smina_pose.pdb,,,,,,success,
Vina,smina,1f4f,CRYSTAL STRUCTURE OF E. COLI THYMIDYLATE SYNTHASE COMPLEXED,45.402620689655166,40.56651724137932,21.738344827586204,12.0,12.0,12.0,,,affinity,,,,90.01262593269348,,,,,,,failure,timeout after 90.0s
Vina,smina,1f4g,CRYSTAL STRUCTURE OF E. COLI THYMIDYLATE SYNTHASE COMPLEXED,15.108411764705883,14.920529411764706,34.64867647058823,12.0,12.0,12.0,,,affinity,,,,90.01366543769836,,,,,,,failure,timeout after 90.0s
Vina,smina,1sqa,SUBSTITUTED 2-NAPHTHAMIDINE INHIBITORS OF UROKINASE,23.388258064516126,16.340838709677417,33.38151612903226,12.0,12.0,12.0,,,affinity,,,,90.010018825531,,,,,,,failure,timeout after 90.0s
Vina,smina,2b1v,HUMAN ESTROGEN RECEPTOR ALPHA LIGAND-BINDING DOMAIN IN,4.062473684210526,4.107052631578947,-6.091157894736842,12.0,12.0,12.0,,,affinity,-9.8,3.3033628463745117,3.3033628463745117,15.10101842880249,benchmark_results_170/pdb_redocking_20260320_182518_poses/2b1v_smina_pose.pdb,,,,,,success,
Vina,smina,2fai,HUMAN ESTROGEN RECEPTOR ALPHA LIGAND-BINDING DOMAIN IN,-1.8991499999999988,-7.692699999999999,22.201300000000003,12.0,12.0,12.0,,,affinity,-9.6,3.273724317550659,3.1860549449920654,13.466064691543579,benchmark_results_170/pdb_redocking_20260320_182518_poses/2fai_smina_pose.pdb,,,,,,success,
Vina,smina,2ayr,A SERM DESIGNED FOR THE TREATMENT OF UTERINE LEIOMYOMA WITH,31.79745945945946,-1.2207027027027026,25.493891891891895,12.0,12.0,12.0,,,affinity,,,,90.01272130012512,,,,,,,failure,timeout after 90.0s
Vina,smina,1ttm,HUMAN CARBONIC ANHYDRASE II COMPLEXED WITH 667-COUMATE,22.043761904761908,30.78833333333333,20.272761904761904,12.0,12.0,12.0,,,affinity,-8.2,5.58074426651001,4.970706462860107,15.81534743309021,benchmark_results_170/pdb_redocking_20260320_182518_poses/1ttm_smina_pose.pdb,,,,,,success,
Vina,smina,1if7,CARBONIC ANHYDRASE II COMPLEXED WITH,-3.3592307692307695,5.52796153846154,14.382038461538464,12.0,12.0,12.0,,,affinity,-7.0,4.466991901397705,4.466991901397705,78.4462366104126,benchmark_results_170/pdb_redocking_20260320_182518_poses/1if7_smina_pose.pdb,,,,,,success,
Vina,smina,2bok,FACTOR XA - CATION,-4.30548275862069,10.081931034482755,22.54255172413793,12.0,12.0,12.0,,,affinity,-8.5,6.597723960876465,5.601590156555176,84.4352068901062,benchmark_results_170/pdb_redocking_20260320_182518_poses/2bok_smina_pose.pdb,,,,,,success,
Vina,smina,1nfy,CRYSTAL STRUCTURE OF HUMAN COAGULATION FACTOR XA COMPLEXED,7.805533333333333,5.563566666666667,22.40363333333333,12.0,12.0,12.0,,,affinity,-10.3,7.8265061378479,5.5561604499816895,84.9171929359436,benchmark_results_170/pdb_redocking_20260320_182518_poses/1nfy_smina_pose.pdb,,,,,,success,
Vina,smina,1mq6,CRYSTAL STRUCTURE OF 3-CHLORO-N-[4-CHLORO-2-[[(5-CHLORO-2-PY,7.384250000000002,5.739722222222221,21.969166666666663,12.0,12.0,12.0,,,affinity,,,,90.015634059906,,,,,,,failure,timeout after 90.0s
Vina,smina,2usn,CRYSTAL STRUCTURE OF THE CATALYTIC DOMAIN OF HUMAN,26.280142857142856,43.37975000000001,47.809642857142855,12.0,12.0,12.0,,,affinity,,,,90.00985193252563,,,,,,,failure,timeout after 90.0s
Vina,smina,2d1o,STROMELYSIN-1 (MMP-3) COMPLEXED TO A HYDROXAMIC ACID,28.76160606060606,6.733151515151515,14.320303030303027,12.0,12.0,12.0,,,affinity,,,,90.03262591362,,,,,,,failure,timeout after 90.0s
Vina,smina,1hfs,CRYSTAL STRUCTURE OF THE CATALYTIC DOMAIN OF HUMAN,35.338730769230786,36.095519230769234,24.535961538461528,12.0,12.0,12.0,,,affinity,,,,90.01339602470398,,,,,,,failure,timeout after 90.0s
Vina,smina,2flb,DISCOVERY OF A NOVEL HYDROXY PYRAZOLE BASED FACTOR IXA,9.881208333333332,7.338249999999999,51.15820833333334,12.0,12.0,12.0,,,affinity,-9.2,5.488668441772461,5.488668441772461,40.9990975856781,benchmark_results_170/pdb_redocking_20260320_182518_poses/2flb_smina_pose.pdb,,,,,,success,
Vina,smina,2b7d,"FACTOR VIIA INHIBITORS: CHEMICAL OPTIMIZATION, PRECLINICAL",-13.692435897435894,4.42997435897436,10.010076923076923,12.0,12.0,12.0,,,affinity,,,,90.0162672996521,,,,,,,failure,timeout after 90.0s
Vina,smina,1j17,FACTOR XA SPECIFIC INHIBITOR IN COMPLEX WITH RAT TRYPSIN,10.616235294117647,49.49079411764706,59.5550294117647,12.0,12.0,12.0,,,affinity,,,,90.01023745536804,,,,,,,failure,timeout after 90.0s
Vina,smina,1v2o,TRYPSIN INHIBITOR IN COMPLEX WITH BOVINE TRYPSIN VARIANT,-1.2995333333333332,19.621566666666663,17.227266666666665,12.0,12.0,12.0,,,affinity,,,,90.009530544281,,,,,,,failure,timeout after 90.0s
Vina,smina,1jys,CRYSTAL STRUCTURE OF E. COLI MTA/ADOHCY NUCLEOSIDASE,-5.6331999999999995,-37.2485,-0.04630000000000012,12.0,12.0,12.0,,,affinity,-5.1,0.7074057459831238,0.7074057459831238,2.9296278953552246,benchmark_results_170/pdb_redocking_20260320_182518_poses/1jys_smina_pose.pdb,,,,,,success,
Vina,smina,1nc1,CRYSTAL STRUCTURE OF E. COLI MTA/ADOHCY NUCLEOSIDASE,56.09855,73.21419999999998,20.585199999999997,12.0,12.0,12.0,,,affinity,-9.1,3.8043832778930664,3.638444185256958,25.605462789535522,benchmark_results_170/pdb_redocking_20260320_182518_poses/1nc1_smina_pose.pdb,,,,,,success,
Vina,smina,1y6q,CYRSTAL STRUCTURE OF MTA/ADOHCY NUCLEOSIDASE COMPLEXED WITH,56.31579999999999,73.0299,20.8522,12.0,12.0,12.0,,,affinity,-9.7,4.911027908325195,4.218172550201416,31.641438245773315,benchmark_results_170/pdb_redocking_20260320_182518_poses/1y6q_smina_pose.pdb,,,,,,success,
Vina,smina,1bma,BENZYL METHYL AMINIMIDE INHIBITOR COMPLEXED TO PORCINE,37.998000000000005,20.38845945945946,37.56989189189189,12.0,12.0,12.0,,,affinity,,,,90.02257776260376,,,,,,,failure,timeout after 90.0s
Vina,smina,1ela,ANALOGOUS INHIBITORS OF ELASTASE DO NOT ALWAYS BIND,38.62825,19.671937500000002,38.34618749999999,12.0,12.0,12.0,,,affinity,,,,90.00972628593445,,,,,,,failure,timeout after 90.0s
Vina,smina,1elb,ANALOGOUS INHIBITORS OF ELASTASE DO NOT ALWAYS BIND,40.17381818181818,19.89439393939394,37.447090909090896,12.0,12.0,12.0,,,affinity,,,,90.01230764389038,,,,,,,failure,timeout after 90.0s
Vina,smina,1a69,PURINE NUCLEOSIDE PHOSPHORYLASE IN COMPLEX WITH FORMYCIN B,-18.284368421052633,70.95347368421054,68.21189473684211,12.0,12.0,12.0,,,affinity,-9.1,5.561700344085693,3.1970138549804688,14.62216329574585,benchmark_results_170/pdb_redocking_20260320_182518_poses/1a69_smina_pose.pdb,,,,,,success,
Vina,smina,1k9s,PURINE NUCLEOSIDE PHOSPHORYLASE FROM E. COLI IN COMPLEX,144.68470000000002,66.9345,63.693900000000006,12.0,12.0,12.0,,,affinity,-10.2,2.461176633834839,2.461176633834839,19.617958545684814,benchmark_results_170/pdb_redocking_20260320_182518_poses/1k9s_smina_pose.pdb,,,,,,success,
Vina,smina,3pce,"STRUCTURE OF PROTOCATECHUATE 3,4-DIOXYGENASE COMPLEXED WITH",23.36909090909091,11.406181818181818,37.20663636363636,12.0,12.0,12.0,,,affinity,-7.0,3.002876043319702,2.7965168952941895,10.321446895599365,benchmark_results_170/pdb_redocking_20260320_182518_poses/3pce_smina_pose.pdb,,,,,,success,
Vina,smina,3pch,"STRUCTURE OF PROTOCATECHUATE 3,4-DIOXYGENASE COMPLEXED WITH",23.601090909090907,11.691545454545455,36.10481818181818,12.0,12.0,12.0,,,affinity,-6.4,4.460239887237549,2.4376370906829834,9.871825218200684,benchmark_results_170/pdb_redocking_20260320_182518_poses/3pch_smina_pose.pdb,,,,,,success,
Vina,smina,3pcj,"STRUCTURE OF PROTOCATECHUATE 3,4-DIOXYGENASE COMPLEXED WITH",23.40563636363636,11.147636363636364,36.37490909090909,12.0,12.0,12.0,,,affinity,-6.5,3.4731245040893555,2.8024404048919678,12.115652561187744,benchmark_results_170/pdb_redocking_20260320_182518_poses/3pcj_smina_pose.pdb,,,,,,success,
Vina,smina,2cgr,LOCAL AND TRANSMITTED CONFORMATIONAL CHANGES ON,-9.897034482758619,39.6259655172414,17.342655172413796,12.0,12.0,12.0,,,affinity,,,,90.01565361022949,,,,,,,failure,timeout after 90.0s
Vina,smina,1flr,4-4-20 FAB FRAGMENT,25.2496,23.104159999999997,41.04592,12.0,12.0,12.0,,,affinity,-12.3,0.6692960262298584,0.6692960262298584,26.987791538238525,benchmark_results_170/pdb_redocking_20260320_182518_poses/1flr_smina_pose.pdb,,,,,,success,
Vina,smina,2gss,HUMAN GLUTATHIONE S-TRANSFERASE P1-1 IN COMPLEX WITH,7.214736842105264,3.4391578947368417,27.186157894736844,12.0,12.0,12.0,,,affinity,-6.9,3.53357195854187,2.9455227851867676,23.63576030731201,benchmark_results_170/pdb_redocking_20260320_182518_poses/2gss_smina_pose.pdb,,,,,,success,
Vina,smina,3gss,HUMAN GLUTATHIONE S-TRANSFERASE P1-1 IN COMPLEX WITH,11.094,8.434949999999999,27.032149999999994,12.0,12.0,12.0,,,affinity,-6.4,6.713324546813965,4.161281585693359,51.26793360710144,benchmark_results_170/pdb_redocking_20260320_182518_poses/3gss_smina_pose.pdb,,,,,,success,
Vina,smina,10gs,"HUMAN GLUTATHIONE S-TRANSFERASE P1-1, COMPLEX WITH TER117",9.826515151515151,6.737060606060607,28.122545454545456,12.0,12.0,12.0,,,affinity,,,,90.01240801811218,,,,,,,failure,timeout after 90.0s
Vina,smina,2std,SCYTALONE DEHYDRATASE COMPLEXED WITH TIGHT-BINDING,29.592399999999998,37.312599999999996,22.4937,12.0,12.0,12.0,,,affinity,-9.8,6.131974697113037,3.1904916763305664,20.801823377609253,benchmark_results_170/pdb_redocking_20260320_182518_poses/2std_smina_pose.pdb,,,,,,success,
Vina,smina,3std,SCYTALONE DEHYDRATASE AND CYANOCINNOLINE INHIBITOR,27.484999999999992,10.88860714285714,33.49939285714286,12.0,12.0,12.0,,,affinity,-12.3,3.43538761138916,3.43538761138916,53.09394454956055,benchmark_results_170/pdb_redocking_20260320_182518_poses/3std_smina_pose.pdb,,,,,,success,
Vina,smina,2d0k,METHIONINE-FREE MUTANT OF ESCHERICHIA COLI DIHYDROFOLATE,29.194906249999995,4.269968749999999,4.7145937500000015,12.0,12.0,12.0,,,affinity,,,,90.01132798194885,,,,,,,failure,timeout after 90.0s
Vina,smina,1dhi,LONG-RANGE STRUCTURAL EFFECTS IN A SECOND-SITE REVERTANT OF,19.666454545454542,62.687969696969695,24.893878787878787,12.0,12.0,12.0,,,affinity,,,,90.01062631607056,,,,,,,failure,timeout after 90.0s
Vina,smina,2drc,INVESTIGATION OF THE FUNCTIONAL ROLE OF TRYPTOPHAN-22 IN,19.738121212121218,62.38812121212123,24.893606060606057,12.0,12.0,12.0,,,affinity,,,,90.01092529296875,,,,,,,failure,timeout after 90.0s
Vina,smina,1df8,S45A MUTANT OF STREPTAVIDIN IN COMPLEX WITH BIOTIN,29.527249999999995,14.7803125,12.32825,12.0,12.0,12.0,,,affinity,-7.4,6.316852569580078,3.266756057739258,18.378730058670044,benchmark_results_170/pdb_redocking_20260320_182518_poses/1df8_smina_pose.pdb,,,,,,success,
Vina,smina,2f01,EPI-BIOTIN COMPLEX WITH CORE STREPTAVIDIN,29.6338125,14.8331875,12.392124999999998,12.0,12.0,12.0,,,affinity,-7.9,6.514402866363525,2.620558500289917,18.67543339729309,benchmark_results_170/pdb_redocking_20260320_182518_poses/2f01_smina_pose.pdb,,,,,,success,
Vina,smina,2g8r,THE CRYSTAL STRUCTURE OF THE RNASE A-,36.41628000000001,-8.4832,16.357039999999998,12.0,12.0,12.0,,,affinity,-6.2,7.0109734535217285,5.00150203704834,42.64073395729065,benchmark_results_170/pdb_redocking_20260320_182518_poses/2g8r_smina_pose.pdb,,,,,,success,
Vina,smina,1tyr,TRANSTHYRETIN COMPLEX WITH RETINOIC ACID,23.02136363636363,43.26509090909091,39.1255,12.0,12.0,12.0,,,affinity,-5.1,7.241424083709717,6.228792190551758,42.12785840034485,benchmark_results_170/pdb_redocking_20260320_182518_poses/1tyr_smina_pose.pdb,,,,,,success,
Vina,smina,1e5a,STRUCTURE OF HUMAN TRANSTHYRETIN COMPLEXED WITH,42.484500000000004,0.16599999999999998,27.4865,12.0,12.0,12.0,,,affinity,-3.2,5.177395343780518,2.927306890487671,2.8915517330169678,benchmark_results_170/pdb_redocking_20260320_182518_poses/1e5a_smina_pose.pdb,,,,,,success,
Vina,smina,2g5u,HUMAN TRANSTHYRETIN (TTR) COMPLEXED WITH HYDROXYLATED,21.520611111111112,42.87755555555555,6.454611111111111,12.0,12.0,12.0,,,affinity,-4.6,2.0509581565856934,0.5637342929840088,12.474668502807617,benchmark_results_170/pdb_redocking_20260320_182518_poses/2g5u_smina_pose.pdb,,,,,,success,
Vina,smina,1sv3,STRUCTURE OF THE COMPLEX FORMED BETWEEN PHOSPHOLIPASE A2,48.90954545454545,31.49481818181818,4.721636363636364,12.0,12.0,12.0,,,affinity,-5.9,4.1165313720703125,3.377631902694702,5.162184715270996,benchmark_results_170/pdb_redocking_20260320_182518_poses/1sv3_smina_pose.pdb,,,,,,success,
Vina,smina,1q7a,CRYSTAL STRUCTURE OF THE COMPLEX FORMED BETWEEN RUSSELL'S,8.12008333333333,22.79370833333334,-7.487333333333335,12.0,12.0,12.0,,,affinity,-7.5,5.987395286560059,4.127231121063232,27.389957427978516,benchmark_results_170/pdb_redocking_20260320_182518_poses/1q7a_smina_pose.pdb,,,,,,success,
Vina,smina,2f80,HIV-1 PROTEASE MUTANT D30N COMPLEXED WITH INHIBITOR TMC114,15.749789473684206,22.53442105263158,16.78321052631579,12.0,12.0,12.0,,,affinity,,,,90.01317501068115,,,,,,,failure,timeout after 90.0s
Vina,smina,2i0d,CRYSTAL STRUCTURE OF AD-81 COMPLEXED WITH WILD TYPE HIV-1,19.03697777777777,29.475799999999996,12.62084444444445,12.0,12.0,12.0,,,affinity,,,,90.01394367218018,,,,,,,failure,timeout after 90.0s
Vina,smina,1d7j,FKBP COMPLEXED WITH 4-HYDROXY-2-BUTANONE,60.29566666666667,-4.825666666666667,-0.9243333333333333,12.0,12.0,12.0,,,affinity,-3.7,2.004431962966919,1.6219102144241333,2.699218988418579,benchmark_results_170/pdb_redocking_20260320_182518_poses/1d7j_smina_pose.pdb,,,,,,success,
