ImageNumber,ObjectNumber,AreaShape_Area,AreaShape_BoundingBoxArea,AreaShape_BoundingBoxMaximum_X,AreaShape_BoundingBoxMaximum_Y,AreaShape_BoundingBoxMinimum_X,AreaShape_BoundingBoxMinimum_Y,AreaShape_Center_X,AreaShape_Center_Y,AreaShape_Compactness,AreaShape_ConvexArea,AreaShape_Eccentricity,AreaShape_EquivalentDiameter,AreaShape_EulerNumber,AreaShape_Extent,AreaShape_FormFactor,AreaShape_MajorAxisLength,AreaShape_MaxFeretDiameter,AreaShape_MaximumRadius,AreaShape_MeanRadius,AreaShape_MedianRadius,AreaShape_MinFeretDiameter,AreaShape_MinorAxisLength,AreaShape_Orientation,AreaShape_Perimeter,AreaShape_Solidity,Children_Cytoplasm_Count,Intensity_IntegratedIntensityEdge_CropBlue,Intensity_IntegratedIntensity_CropBlue,Intensity_LowerQuartileIntensity_CropBlue,Intensity_MADIntensity_CropBlue,Intensity_MassDisplacement_CropBlue,Intensity_MaxIntensityEdge_CropBlue,Intensity_MaxIntensity_CropBlue,Intensity_MeanIntensityEdge_CropBlue,Intensity_MeanIntensity_CropBlue,Intensity_MedianIntensity_CropBlue,Intensity_MinIntensityEdge_CropBlue,Intensity_MinIntensity_CropBlue,Intensity_StdIntensityEdge_CropBlue,Intensity_StdIntensity_CropBlue,Intensity_UpperQuartileIntensity_CropBlue,Location_CenterMassIntensity_X_CropBlue,Location_CenterMassIntensity_Y_CropBlue,Location_CenterMassIntensity_Z_CropBlue,Location_Center_X,Location_Center_Y,Location_Center_Z,Location_MaxIntensity_X_CropBlue,Location_MaxIntensity_Y_CropBlue,Location_MaxIntensity_Z_CropBlue,Number_Object_Number,Parent_Nuclei,Texture_AngularSecondMoment_CropBlue_3_00_256,Texture_AngularSecondMoment_CropBlue_3_01_256,Texture_AngularSecondMoment_CropBlue_3_02_256,Texture_AngularSecondMoment_CropBlue_3_03_256,Texture_Contrast_CropBlue_3_00_256,Texture_Contrast_CropBlue_3_01_256,Texture_Contrast_CropBlue_3_02_256,Texture_Contrast_CropBlue_3_03_256,Texture_Correlation_CropBlue_3_00_256,Texture_Correlation_CropBlue_3_01_256,Texture_Correlation_CropBlue_3_02_256,Texture_Correlation_CropBlue_3_03_256,Texture_DifferenceEntropy_CropBlue_3_00_256,Texture_DifferenceEntropy_CropBlue_3_01_256,Texture_DifferenceEntropy_CropBlue_3_02_256,Texture_DifferenceEntropy_CropBlue_3_03_256,Texture_DifferenceVariance_CropBlue_3_00_256,Texture_DifferenceVariance_CropBlue_3_01_256,Texture_DifferenceVariance_CropBlue_3_02_256,Texture_DifferenceVariance_CropBlue_3_03_256,Texture_Entropy_CropBlue_3_00_256,Texture_Entropy_CropBlue_3_01_256,Texture_Entropy_CropBlue_3_02_256,Texture_Entropy_CropBlue_3_03_256,Texture_InfoMeas1_CropBlue_3_00_256,Texture_InfoMeas1_CropBlue_3_01_256,Texture_InfoMeas1_CropBlue_3_02_256,Texture_InfoMeas1_CropBlue_3_03_256,Texture_InfoMeas2_CropBlue_3_00_256,Texture_InfoMeas2_CropBlue_3_01_256,Texture_InfoMeas2_CropBlue_3_02_256,Texture_InfoMeas2_CropBlue_3_03_256,Texture_InverseDifferenceMoment_CropBlue_3_00_256,Texture_InverseDifferenceMoment_CropBlue_3_01_256,Texture_InverseDifferenceMoment_CropBlue_3_02_256,Texture_InverseDifferenceMoment_CropBlue_3_03_256,Texture_SumAverage_CropBlue_3_00_256,Texture_SumAverage_CropBlue_3_01_256,Texture_SumAverage_CropBlue_3_02_256,Texture_SumAverage_CropBlue_3_03_256,Texture_SumEntropy_CropBlue_3_00_256,Texture_SumEntropy_CropBlue_3_01_256,Texture_SumEntropy_CropBlue_3_02_256,Texture_SumEntropy_CropBlue_3_03_256,Texture_SumVariance_CropBlue_3_00_256,Texture_SumVariance_CropBlue_3_01_256,Texture_SumVariance_CropBlue_3_02_256,Texture_SumVariance_CropBlue_3_03_256,Texture_Variance_CropBlue_3_00_256,Texture_Variance_CropBlue_3_01_256,Texture_Variance_CropBlue_3_02_256,Texture_Variance_CropBlue_3_03_256
1,1,372,459,149,37,122,20,135.28225806451613,28.1747311827957,1.1542500545526144,390,0.7664818055912487,21.76338922689847,1,0.8104575163398693,0.8663633985164494,27.401933212850718,26.1725046566048,8.246211251235321,3.604642026630635,3.1622776601683795,16.0,17.599330611608757,-85.45966542914441,73.45584412271572,0.9538461538461539,1,4.258823677897453,53.270589493215084,0.09019608050584793,0.05098039656877518,0.4946159381189144,0.09019608050584793,0.27843138575553894,0.06452763148329475,0.14320050939036313,0.1411764770746231,0.0470588244497776,0.0470588244497776,0.009849729044259804,0.05990050197068527,0.1921568661928177,134.9139428763756,27.844596591414774,0.0,135.28225806451613,28.1747311827957,0,133.0,28.0,0.0,1,1,0.0022272687570966884,0.0024253396166443253,0.002190574036678831,0.0022611570247933897,125.79750778816198,390.49070631970244,244.8350515463918,237.35272727272726,0.7133649742719415,0.12414337066348026,0.4428045621712028,0.4594174593542137,4.442965824211282,5.033554242023646,4.865809541239056,4.808113569693127,0.0005418386586137772,0.0002775409465333363,0.0003281719695747047,0.0003821217222732373,8.944718194246974,8.79075687926916,8.918518727773138,8.859651444775661,-0.4260008983369252,-0.45261864478236696,-0.4350783199058584,-0.4434669704378446,0.9960455814806226,0.9970747792519925,0.9964839850175399,0.9967848769333428,0.10653680745356232,0.03426637424764557,0.0688020576930844,0.06923391870652545,77.90342679127725,81.5167286245353,80.28522336769761,81.23636363636363,6.414066126994328,6.183246913717249,6.3863459435502445,6.350746436737013,751.9564057025837,501.18652312709946,633.9770668745041,640.7841322314052,219.43847837268686,222.91930736170116,219.70302960522395,219.5342148760319
1,2,333,460,98,60,78,37,87.2072072072072,47.5975975975976,1.1608940263364398,360,0.7051592842565106,20.590987552733093,1,0.7239130434782609,0.8614050699836999,24.746305477320668,24.698178070456937,8.54400374531753,3.3867676038503634,3.0,18.19017187772497,17.546341397334526,-37.72858218680374,69.698484809835,0.925,1,3.9254903197288513,53.47058968991041,0.09803921729326248,0.05686274543404579,0.5275172905040936,0.09019608050584793,0.3333333432674408,0.06435230032342379,0.16057234141114238,0.16078431904315948,0.04313725605607033,0.04313725605607033,0.012100158845010688,0.07100280408945026,0.21176470816135406,87.63975064443896,47.29563623137914,0.0,87.2072072072072,47.5975975975976,0,91.0,43.0,0.0,2,2,0.0021522038567493114,0.0024622960911049553,0.002166941727381287,0.0022618688592244566,381.91287878787875,767.780701754386,374.5311355311356,322.73705179282865,0.37056633954417795,-0.22766498910883826,0.3867956333308914,0.46254267141160027,5.17910647356153,5.609966537454077,5.158354389768333,4.997156341203158,0.00024217822305855116,0.0001318685900941189,0.00024781733486765607,0.0002806212807545206,8.912746818213897,8.715544016348233,8.918728661050523,8.841045994181194,-0.48793103788758735,-0.5185901909785047,-0.48816412144164306,-0.49429297497014996,0.9984107268504846,0.9988802014120133,0.9984226080900687,0.9984921401223198,0.05999002724104147,0.07202794855598242,0.05961595910837774,0.058745414232579646,89.79924242424242,91.3859649122807,89.13186813186813,89.94820717131475,6.503444477925871,6.092562413694575,6.507062787889421,6.502536944444593,831.5998479109276,483.0176977531555,847.0229038360903,878.2403453913403,303.3781816747005,312.6995998768839,305.3885098418061,300.24434929604354
1,3,295,840,42,58,12,30,25.416949152542372,45.14237288135593,2.7902887870944335,412,0.8951406872869876,19.38054864282415,1,0.35119047619047616,0.3583858432952074,32.062041615020206,32.55764119219941,7.0710678118654755,2.5334366389398184,2.0,14.0167409389156,14.292737079044628,-49.74454131511148,101.70458146424487,0.7160194174757282,1,2.9176471647806466,25.372549781110138,0.026470588520169258,0.05098039656877518,1.913868107379059,0.08627451211214066,0.24705882370471954,0.031713556138920074,0.08600864332579708,0.09019608050584793,0.003921568859368563,0.003921568859368563,0.027582514810957207,0.05945540651441595,0.13333334028720856,24.304018557555537,46.699381751974514,0.0,25.416949152542372,45.14237288135593,0,21.0,51.0,0.0,3,3,0.004729928438388392,0.005438633786848073,0.003904748173779315,0.0033942750710714647,201.28217821782178,236.60714285714283,168.0686274509804,274.3811881188119,0.5087742760513136,0.45382453683862733,0.5887789322182988,0.3012059570431271,4.6531735509144605,4.828422036281754,4.517547572036979,4.898313812391136,0.0004788277114376043,0.00044122466695011356,0.000596131145472895,0.00039841280113469277,8.223684564381413,7.986595640286316,8.238553895871853,8.325218104006794,-0.4835441127974204,-0.536765327154303,-0.49559445446298395,-0.48209223589175365,0.997358238488052,0.9985726774233269,0.9978017213056968,0.9974714582721216,0.11277220611789746,0.1285357683795322,0.13999045266075888,0.11077392591450719,54.45049504950495,52.547619047619044,53.86274509803921,54.34158415841584,6.04918673344962,5.9222877926067605,6.122834247418357,6.0835362681594205,618.2277472796782,629.8072562358279,649.3439061899271,510.91797372806604,204.87748137437495,216.60359977324254,204.35313341022697,196.32479046171943
1,4,616,1426,46,77,0,46,16.006493506493506,62.13798701298701,3.0086827321054406,913,0.8587758121849748,28.00563442518059,1,0.4319775596072931,0.3323713694797629,46.56941983697241,53.0,10.44030650891055,3.468764838178228,2.8284271247461903,26.16295090390226,23.859914146061268,-66.12754029561022,152.61017305526642,0.6746987951807228,1,3.023529503494501,57.44706025207415,0.0117647061124444,0.050980391912162304,3.639915850957388,0.12156862765550613,0.3490196168422699,0.024783028717168042,0.09325821469492557,0.05882352963089943,0.003921568859368563,0.003921568859368563,0.026555948715824184,0.08606901744437441,0.18039216101169586,13.898832701622513,65.10560446368065,0.0,16.006493506493506,62.13798701298701,0,19.0,61.0,0.0,4,4,0.010887130362348991,0.00252095717116293,0.006501549342623558,0.014833878862104006,256.4,445.13827160493827,246.68619246861917,409.6617954070981,0.7428021747025925,0.5328587548889281,0.7525702056498148,0.5997052186698739,4.703801521976228,5.342455711262636,4.771409813891822,5.097388018230595,0.0005620908983396836,0.00020840319057054306,0.00045309707506331056,0.00036918983072169875,8.626803123289644,9.079793275697781,8.726938689054315,8.580614735159953,-0.46284596508248865,-0.44234515844500266,-0.45496259602861516,-0.45182046500536127,0.9972244851867805,0.9971163283929729,0.997065653753692,0.9966533749827866,0.23234367092988112,0.09299084991915768,0.18961681538602526,0.20048186147590027,56.08979591836735,63.5283950617284,56.68619246861924,55.05636743215031,6.492657015653784,6.572077867442398,6.4548830373929125,6.432905767266862,1737.3960183256977,1460.659070263679,1747.3031984734162,1637.1387851343056,498.44900458142433,476.4493354671541,498.4973477355088,511.7001451353507
1,5,394,816,52,84,28,50,39.33502538071066,68.94162436548223,1.759131496609455,526,0.7669350039275177,22.397686948112614,1,0.48284313725490197,0.5684623360603782,30.099635283242357,33.734255586866,8.06225774829855,3.1196671875659017,2.8284271247461903,21.224741159922292,19.315681982297843,19.666606747424783,93.32590180780451,0.7490494296577946,1,2.1568628107197583,27.38431449048221,0.0117647061124444,0.04705882351845503,3.54848427959497,0.07450980693101883,0.239215686917305,0.02662793593481183,0.06950333627025942,0.054901961237192154,0.003921568859368563,0.003921568859368563,0.02077582671396671,0.058984832280602494,0.11764705926179886,40.59000429435648,72.26077615605116,0.0,39.33502538071066,68.94162436548223,0,40.0,74.0,0.0,5,5,0.013618415901388136,0.004431706433414419,0.00874089490114464,0.019278552610221135,160.25418060200667,266.54676258992805,84.26451612903226,130.3851590106007,0.668007069720053,0.435652810018784,0.824644048523183,0.7445628232885265,4.505695969307991,4.780787806031885,4.180769695375409,4.293207940471137,0.0006576112461570885,0.0003934971038882444,0.0008334731966030012,0.0009073055289466013,7.994593282420233,8.385753977826106,8.062856180298386,7.6896604780701665,-0.4878263920031441,-0.4489560316156929,-0.47833983566089344,-0.5148140431274172,0.9971195504325173,0.9960960835394366,0.996851258539542,0.9975773927620328,0.21961585829034716,0.07178182645675034,0.2002513393997978,0.26009491111462135,41.49832775919732,43.73381294964028,40.41290322580645,38.908127208480565,6.053406723773369,6.173624608052968,6.062325011636127,5.92336457736236,805.1530072370558,678.0730293463075,876.8037044745056,890.4933261746307,241.35179695976575,236.154947984059,240.26705515088452,255.21962129630754
1,6,211,323,143,90,126,71,134.0568720379147,78.63507109004739,1.3332045262603163,233,0.7330671096283493,16.39065416446578,1,0.653250773993808,0.750072460978687,20.292007239337746,20.615528128088304,7.0710678118654755,2.8337857939115865,2.23606797749979,13.435028842544403,13.80173686706707,43.62914737572002,59.4558441227157,0.9055793991416309,1,2.956862852908671,23.59215756226331,0.08137255162000656,0.0313725508749485,0.7608052903385897,0.09803921729326248,0.21960784494876862,0.056862747171320595,0.11181117328086877,0.11764705926179886,0.0117647061124444,0.0117647061124444,0.022924605869658103,0.045829052625116044,0.1411764770746231,133.4517952187462,78.17386968858364,0.0,134.0568720379147,78.63507109004739,0,130.0,78.0,0.0,6,6,0.00441732412886259,0.0043466510517544245,0.003992901508429458,0.005023464868795031,147.0769230769231,180.41610738255034,144.9254658385093,213.43089430894312,0.31687594664581636,0.2619364030626545,0.4429012456673781,-0.011501497362385754,4.484492275972499,4.650677234961105,4.538585028666223,4.655680467044696,0.0006120833416806144,0.0004927143094785713,0.0005551589032228746,0.0004911897417512563,7.935980584219129,7.940579426473391,8.052936210399313,7.726987879287802,-0.4540241230868073,-0.46498324487959347,-0.4574985849798682,-0.48710236610350677,0.9952616796134708,0.9959205140622258,0.9957801690517868,0.996542049816193,0.10064683064137002,0.08982038173624163,0.10544901893239622,0.07223061830415507,63.58974358974358,62.95302013422819,61.8447204968944,64.32520325203254,5.677336819358025,5.7302721285820795,5.773151779776012,5.4368428344987585,283.52399737015276,308.474302959326,375.3609814436172,208.57716967413307,107.65023011176845,122.22260258546942,130.0716118205313,105.50201599576963
1,7,305,720,71,94,47,64,59.295081967213115,78.93442622950819,2.412281460640373,422,0.8663743946346953,19.706294962377495,1,0.4236111111111111,0.4145453241325066,31.20544987548389,30.675723300355934,6.324555320336759,2.526317809754693,2.23606797749979,19.807729648956588,15.583846962043308,-27.041922692608548,96.1543289325507,0.7227488151658767,1,5.686274670995772,40.07843246590346,0.06666667014360428,0.0627450942993164,0.6809721830652671,0.20392157137393951,0.2823529541492462,0.07107843338744715,0.13140469660951953,0.13333334028720856,0.0117647061124444,0.0117647061124444,0.04985706341336449,0.07294201827510507,0.18333333730697632,59.01927593061714,79.55704500876713,0.0,59.295081967213115,78.93442622950819,0,57.0,83.0,0.0,7,7,0.002942130881557598,0.002926334020126013,0.0027116453911817683,0.0029853975121687396,237.93023255813952,498.61748633879785,253.1371681415929,276.49302325581397,0.6424945271797458,0.2537032986091429,0.6081266734501439,0.5676398895400213,4.840392837777387,5.278781571714721,4.860522808962995,4.95563930179843,0.00036325620569958086,0.00020707947665598884,0.00034338535191803576,0.0003004306872779239,8.51098354726388,8.44466158691792,8.616552634943268,8.513263663522824,-0.5497023443038215,-0.5616166521150164,-0.5300115861795309,-0.5440146000063917,0.9992108404529868,0.9993157859618185,0.9989983708941176,0.9991364938349129,0.11038165740455175,0.0405513925420461,0.06900066761537337,0.07603032772000214,75.25116279069768,76.08196721311475,77.06637168141593,77.69302325581396,6.437175872954873,6.26249447762395,6.497849953542959,6.445863987320963,1093.127614926988,837.6271611573948,1038.7964797556579,1002.5011141157374,332.76446187128204,334.0611618740479,322.98341197431273,319.74853434288775
1,8,537,924,90,95,62,62,75.36499068901304,79.45810055865921,1.9533687492255085,677,0.6163195648790415,26.148224328293928,1,0.5811688311688312,0.5119361105764031,31.20816628499669,34.713109915419565,10.295630140987,3.7154904204200734,3.1622776601683795,23.25510696599781,24.57631095022167,-10.861367952154682,114.8111831820431,0.793205317577548,1,5.200000151060522,58.87843283638358,0.04803921654820442,0.06470588408410549,2.552032618006876,0.20000000298023224,0.239215686917305,0.05252525405111638,0.10964326412734372,0.10588235408067703,0.003921568859368563,0.003921568859368563,0.05014882711922507,0.06857837033935554,0.1764705926179886,74.01252166590541,81.62228586147071,0.0,75.36499068901304,79.45810055865921,0,71.0,86.0,0.0,8,8,0.004784117973651032,0.0021920501647358917,0.0023516977143612115,0.0025396403476331364,50.03189066059224,171.26804123711338,162.32413793103447,227.71634615384613,0.9146408776049625,0.6889781960284311,0.7199570828216725,0.6132711714948236,3.85981345634735,4.695606306323537,4.6538303819499856,4.824412867519419,0.0011089570042163185,0.0004692520467429451,0.0004895165655298345,0.0003961773881835368,8.726035692346407,9.058574955544584,9.038558437919463,9.100035893883074,-0.4726915228943017,-0.4188896039089166,-0.4259968688094223,-0.41198633957451186,0.9977420868158985,0.9958759872777186,0.9962415798702432,0.9955401965871757,0.2615180480405115,0.0949057702017924,0.11638877874305653,0.07524675429618041,60.49202733485194,63.84020618556701,62.32873563218391,62.5,6.461932861367469,6.554135695546673,6.574862248036715,6.436029752346959,1122.2362690106415,930.056940163674,996.9563007002239,949.9375,293.06703991780785,275.3312453501967,289.82010965781467,294.4134615384619
1,9,973,1558,38,104,0,63,17.803699897225076,86.54984583761562,1.5061433741565153,1131,0.6721784296391609,35.197472594311556,1,0.6245186136071887,0.6639474150726384,42.17721432343918,46.14108798023731,13.45362404707371,5.26165091335476,5.0,32.81403786614931,31.22755372196617,-59.28594226493841,135.70458146424488,0.8603006189213086,1,3.913725594058633,98.23921844828874,0.0235294122248888,0.04313725512474775,5.770848837317924,0.12156862765550613,0.42352941632270813,0.038369858765280714,0.10096528103626798,0.054901961237192154,0.007843137718737125,0.007843137718737125,0.028159299768293396,0.10212468422069547,0.1568627506494522,23.320466238336255,84.85633308574263,0.0,17.803699897225076,86.54984583761562,0,27.0,83.0,0.0,9,9,0.005026835504419321,0.004813886784634412,0.008041007166881284,0.0042981750620703935,204.33333333333334,325.22010178117057,156.64219114219117,339.70900123304557,0.858985603894057,0.7861698906918834,0.8920610287626992,0.7677532624397709,4.720651467470933,4.898031509760537,4.442539950813261,5.087387846551552,0.00041821096412108464,0.00040220139157290266,0.0005726461559156769,0.0003099228611786117,9.037801844746731,9.023414387178047,8.91970803544238,9.301989586061348,-0.45601988568184315,-0.465838715043686,-0.47446360755718037,-0.43417279731653,0.9975960372647447,0.9979127596209296,0.9980510908096184,0.997120736064556,0.18462622914733035,0.1750004590485591,0.2584334354512768,0.15665325200252245,55.78873239436619,57.27608142493639,55.43240093240094,57.92355117139334,6.723701665649546,6.690183092333749,6.737749416311065,6.849475661837099,2693.715929379091,2716.6349749755577,2745.7792298998597,2585.7056229008954,724.512315678106,760.4637691891822,725.6053552605127,731.3536560334854
1,10,422,840,59,112,31,82,45.08767772511848,94.23459715639811,1.5046396560283803,496,0.5337279377550921,23.179885415554555,1,0.5023809523809524,0.6646109558481144,25.95214776675662,29.120439557122072,9.433981132056603,3.6386469590186556,3.1622776601683795,21.920310216782973,21.946595887695683,29.249979335622257,89.32590180780451,0.8508064516129032,1,5.145098190754652,52.792158272117376,0.07254902273416519,0.047058820724487305,0.8726256616979003,0.16078431904315948,0.27843138575553894,0.06860130921006202,0.12509990111876154,0.13333334028720856,0.019607843831181526,0.019607843831181526,0.039978841353385475,0.057910022216998265,0.1725490242242813,44.28547021967361,93.89117516574868,0.0,45.08767772511848,94.23459715639811,0,42.0,89.0,0.0,10,10,0.002387152777777778,0.0023144531250000005,0.0023767996990527,0.0024137062232300333,135.31250000000003,314.078125,142.49122807017545,141.6984126984127,0.6370028785176718,0.13544865744557463,0.6444423622586067,0.6570679648499186,4.527285702112261,5.034304541190802,4.561267950117699,4.529933133110093,0.0004992303634416729,0.0002961938175154323,0.0005278808484281962,0.0005726148484084992,8.892633336500243,8.88666493077754,8.88528244036129,8.843497304032883,-0.3866384998426728,-0.38427307481988826,-0.40231642194296646,-0.41230252850546467,0.992929366879234,0.9926757279414828,0.9942877041844858,0.9949262183992272,0.07817435345235936,0.07190803108344246,0.10452369254509314,0.11223868118921526,70.64583333333333,72.446875,69.3157894736842,68.94285714285714,6.241257532454203,6.08992031220574,6.380302599843107,6.2948609985443245,610.216827876985,412.49092773437405,659.0172360726374,684.69514739229,186.3823319692458,181.64226318359397,200.37711603570347,206.59839002267495
1,11,502,812,137,107,108,79,119.45019920318725,91.79482071713147,1.324189108975979,544,0.3529372870524155,25.281737508665255,1,0.6182266009852216,0.7551791456533874,26.721760868142802,28.635642126552707,11.045361017187261,4.0699740568506835,3.605551275463989,24.417245959311824,25.002134859772386,-25.50813517472927,91.39696961966999,0.9227941176470589,1,1.8000000650063157,33.87058916781098,0.0235294122248888,0.03137254901230335,0.998952520936274,0.05098039284348488,0.2980392277240753,0.02432432520278805,0.06747129316297007,0.0470588244497776,0.0117647061124444,0.0117647061124444,0.009342167573136507,0.05221588595487576,0.10588235408067703,118.98888504641313,90.90876463095819,0.0,119.45019920318725,91.79482071713147,0,122.0,94.0,0.0,11,11,0.0039061605732469504,0.00437922305584082,0.003597101516272189,0.0031337205161574393,142.93779904306217,234.79283887468034,131.01682692307693,218.0076335877863,0.6136347568360029,0.39309102984281175,0.6419127952296858,0.42206815311306023,4.416537492047581,4.635923886573923,4.397966716353495,4.803358938812775,0.0006806175604639798,0.0006015656237452543,0.0006598359183274264,0.00044642726440853695,8.543528037932703,8.539890193255964,8.619904455811113,8.755347086857869,-0.35447179634559484,-0.3497305824912967,-0.3436128005778799,-0.3154593674799929,0.9873183328072023,0.9865123980719358,0.9859119366933973,0.9809897490883779,0.1787427366946019,0.16646464581724774,0.1756587946687088,0.12244093874227335,38.49282296650718,39.27365728900256,38.82932692307692,39.702290076335885,6.109889107826637,6.0629375786911215,6.058829525679956,6.046139358291058,596.9724365284674,538.940456956718,600.7425053161987,536.4329973000793,184.97755889288248,193.43332395784955,182.93983305981868,188.61015772196646
1,12,172,255,168,103,151,88,159.5581395348837,95.55813953488372,1.1972535936543618,187,0.5582064705091935,14.798554040663838,1,0.6745098039215687,0.8352449349913521,16.48563863131699,16.278820596099706,6.082762530298219,2.5549683260950444,2.23606797749979,13.4,13.678168610130061,63.821956061991834,50.87005768508881,0.9197860962566845,1,2.1215686816722155,15.84313765913248,0.03529411926865578,0.0470588244497776,1.0281519133441483,0.11372549086809158,0.2666666805744171,0.04933880655051664,0.09211126546007256,0.09019608050584793,0.0117647061124444,0.0117647061124444,0.034367244794483685,0.05980409263390235,0.125490203499794,160.2876237644055,96.28267325790303,0.0,159.5581395348837,95.55813953488372,0,161.0,95.0,0.0,12,12,0.0045260090520181035,0.005153802451099748,0.004501478097285677,0.005824704142011835,337.4409448818898,488.54954954954957,272.6639344262295,415.0288461538462,0.28644131849949805,0.024302006703627543,0.4507832975642972,0.20040320486952423,4.947231345990862,5.132454948196457,4.774942362742921,5.126182271863289,0.000342569893289335,0.00025458452883988066,0.00042871623168197725,0.0002589378816294623,7.8488824229756045,7.650271722205961,7.842582521971384,7.508132025833399,-0.556928981516477,-0.6040604829389483,-0.5693524777749774,-0.6157772486100535,0.9988301155690699,0.9993336994054253,0.9990267408461958,0.9993719436249702,0.07302120569740866,0.04051112269953759,0.06291867949947162,0.07713693932966431,54.21259842519685,56.153153153153156,53.877049180327866,52.27884615384615,5.8810603521233595,5.717631690920631,5.940622685763943,5.7962176025900565,608.356376712753,512.8864540215891,720.2553748992209,623.0664755917169,236.44933039866112,250.35900089278482,248.22982733136269,259.52383043639065
1,13,802,1295,115,110,80,73,97.00374064837905,90.88528678304239,1.6139961684423403,1013,0.6661482818221757,31.955251757380985,1,0.6193050193050194,0.619580157346405,38.184847521803974,38.01315561749642,12.206555615733702,4.747626949615078,4.182873156368473,34.0,28.478997231635798,-14.374716631068322,127.53910524340094,0.7917077986179665,1,5.4745099833235145,90.52549268025905,0.06666667014360428,0.043137259781360626,1.2923695886345723,0.16078431904315948,0.24313725531101227,0.05022486223232582,0.1128746791524427,0.11372549086809158,0.0117647061124444,0.0117647061124444,0.033320007592132245,0.054799224918334714,0.1568627506494522,96.52287297699614,92.08486397365843,0.0,97.00374064837905,90.88528678304239,0,100.0,96.0,0.0,13,13,0.0015952735184595929,0.0014470525948418922,0.0017088591361444543,0.0015606149875150802,122.31085043988264,159.93528505392914,45.505847953216374,125.26605504587155,0.6477329703075976,0.5541120808114632,0.8680840582678521,0.6377599612992558,4.506188014791844,4.678347242465249,3.815421413998515,4.507549624688238,0.0005324089498673147,0.00044269743104854157,0.0009838095036471084,0.0005460846940440207,9.592203423866492,9.622936518559927,9.443090380451878,9.572233795821633,-0.290270110442413,-0.28864815161172686,-0.3159724691467988,-0.29208892020918015,0.9805599585174838,0.980344729551135,0.9854394027758338,0.9808921536750106,0.10433402432796704,0.09168517098759058,0.16605882481608591,0.12664139389860365,62.72727272727272,62.902927580893696,62.34502923976608,63.24464831804281,6.40961929915307,6.3998822215811195,6.490873173463924,6.410793479573789,572.1103705678497,557.443581567944,644.416042543005,566.3529912371764,173.60530525193303,179.3447166554687,172.48047262405487,172.9047615707617
1,14,911,1353,90,124,49,91,69.2689352360044,107.37650933040615,1.2983921643798841,971,0.5805375484680886,34.05761625912379,1,0.6733185513673319,0.7701833293776869,38.10696427648834,40.19950248448356,15.0,5.468434083568618,5.0,30.35786553761644,31.027966014936723,75.06793760280249,121.91778489984131,0.9382080329557158,1,5.768627621233463,140.87059235572815,0.07450980693101883,0.07058823853731155,0.5245202669934431,0.13725490868091583,0.38823530077934265,0.057115124962707556,0.15463292245414725,0.1411764770746231,0.019607843831181526,0.019607843831181526,0.03249504262301192,0.09072777704779374,0.21960784494876862,69.15277546603335,106.86501307594563,0.0,69.2689352360044,107.37650933040615,0,67.0,102.0,0.0,14,14,0.0010615759792714514,0.0009404614888990301,0.0009960640573062956,0.0009479567343728241,189.2506172839506,377.66709844559585,232.0989847715736,385.0531208499335,0.8171032157465773,0.6374536716468551,0.7706646125717675,0.6225573589877671,4.79361378142936,5.252091217189372,4.896661893542552,5.268153104234186,0.00035554031397652794,0.00021786088217133352,0.0002895359323868175,0.00020770234687632797,10.101270501424455,10.182711813780443,10.143063585939599,10.196833959669574,-0.40169549543664773,-0.3920322072735514,-0.3963845462394361,-0.3898624472035471,0.9968771479490158,0.9965056611901844,0.9966735309665502,0.9964087924534877,0.1214783088468666,0.056373902297659664,0.07197163080597069,0.0721156282923887,84.6037037037037,86.44689119170985,86.32741116751271,88.01195219123505,7.151628805695522,7.124494240477029,7.150465446590991,7.0941030230681665,1880.22936899863,1705.74717945448,1792.0019389832241,1655.2734295222845,517.3699965706435,520.8535694750194,506.0252309386999,510.0816375930542
1,15,262,418,46,116,24,97,34.965648854961835,106.23664122137404,1.2417935439716172,280,0.794974435795118,18.26441241104166,1,0.6267942583732058,0.8052868408396687,23.74653236877988,23.259406699226016,6.708203932499369,2.9409303333962367,2.8284271247461903,13.435028842544403,14.405666010982737,52.43389659776115,63.941125496954285,0.9357142857142857,1,3.1647059842944145,25.270588912069798,0.037254903465509415,0.05098039656877518,1.2445304937615822,0.1725490242242813,0.2235294133424759,0.05860566637582249,0.09645262943538091,0.08627451211214066,0.01568627543747425,0.01568627543747425,0.04926108677969379,0.06034898599421733,0.14705882966518402,35.38795778726721,105.06595282748029,0.0,34.965648854961835,106.23664122137404,0,38.0,105.0,0.0,15,15,0.00364069006543724,0.0030428524532208775,0.003488129945855893,0.0034780737925346914,142.45365853658535,279.0753768844221,155.5,236.5568862275449,0.6963891337646051,0.4045545526399594,0.6570561989898999,0.49338829270349194,4.508050901327531,4.891468620966814,4.4146710987589675,4.78741359749821,0.0005450085271422015,0.0003666853318450831,0.0006120183276785687,0.00042048167081929047,8.289140831170547,8.431826190884534,8.34170078797068,8.222027645767465,-0.5022715016741766,-0.48677208504183017,-0.5056304129392746,-0.5193296023526762,0.9980730200565668,0.9977942974391627,0.9982307647840799,0.9984351170437297,0.08948945108855003,0.08255373564244314,0.07007391052422152,0.07976584227108914,53.73170731707317,55.989949748743726,54.8469387755102,53.95808383233533,6.289124005071107,6.255943249237667,6.222967882692489,6.240991193451424,795.9426531826289,658.2913562788813,751.3541232819648,697.3215963283014,234.59907792980334,234.34168329082638,226.71353082049131,233.46962063896171
1,16,697,1085,152,123,121,88,136.92109038737445,106.36441893830703,1.4539022755378412,767,0.5530933930563319,29.790064831759068,1,0.6423963133640553,0.687804137062837,33.00642929454046,36.05551275463989,12.529964086141668,4.710653735072755,4.123105625617661,26.870057685088806,27.498291893139427,-28.098866664146435,112.84671708797583,0.9087353324641461,1,2.1647059451788664,64.57647247612476,0.0313725508749485,0.04313725791871548,1.0384223790705656,0.07058823853731155,0.35686275362968445,0.023028786650839003,0.09264917141481314,0.07058823853731155,0.007843137718737125,0.007843137718737125,0.011837268442192822,0.07933750659026578,0.125490203499794,135.88382826565214,106.41349365883309,0.0,136.92109038737445,106.36441893830703,0,133.0,105.0,0.0,16,16,0.0019357435182351,0.0015713010307604905,0.0017677138213903084,0.0021087510925396026,190.25420875420872,377.84684684684686,164.57237936772043,286.3062283737024,0.7744385960072198,0.5578267833846545,0.8038746630601032,0.6695556894467444,4.794395464955301,5.241456154136015,4.661067766730268,5.010600999330565,0.0003597812066080133,0.00021909931696372195,0.0004127805924123252,0.0003113201735098983,9.385387450920625,9.561305966741358,9.454690685807556,9.363300734957711,-0.402416299649204,-0.38598421558815404,-0.38914826474932673,-0.4065646859278904,0.9955689146749236,0.9948235588887563,0.994797706882312,0.995785085337184,0.0919035747406216,0.06960987212508343,0.12890703701789374,0.12411583711078508,53.0016835016835,55.414414414414416,52.6522462562396,53.340830449826996,6.6780612705558635,6.627944593058518,6.768712939084301,6.727603809822254,1496.685182351007,1331.1976300624951,1513.6644250708055,1446.5499245698688,421.73484777630415,427.2611192273355,419.55920110963154,433.2140382358932
1,17,597,928,34,132,2,103,16.32998324958124,114.46398659966499,1.4883716555577713,669,0.5202809837827714,27.570346537664197,1,0.6433189655172413,0.671875197478984,30.523943747259416,32.2490309931942,12.0,4.420668499289373,4.0,27.618763466974503,26.067299591818635,78.03463286382745,105.66904755831214,0.8923766816143498,1,2.592156952712685,56.505883887875825,0.0235294122248888,0.04705882631242275,2.3183939348373563,0.07058823853731155,0.3333333432674408,0.028175619051224836,0.0946497217552359,0.062745101749897,0.003921568859368563,0.003921568859368563,0.016727279602785413,0.08135770227245935,0.15294118225574493,18.481227021602265,115.32833645385101,0.0,16.32998324958124,114.46398659966499,0,23.0,113.0,0.0,17,17,0.003271749744212194,0.0020432132963988914,0.002991937515747039,0.0027221249187159716,207.88165680473375,409.83789473684203,248.45436507936506,381.32244008714605,0.7659917426210691,0.548894774287132,0.7268852766559991,0.5803589672286519,4.759580117152682,5.235318122850668,4.8088576315237255,5.103088686158956,0.00043589816598784813,0.00027713475428059486,0.00046794001537878453,0.00033188172453783377,9.039647668942436,9.266322203290697,9.046425600103884,9.10048375968317,-0.4496140805482657,-0.418856671324385,-0.44035130657180854,-0.4518553742851335,0.9973543655355106,0.9963048485931065,0.9969723511352768,0.9975316610787832,0.1594681100591916,0.08594253990287046,0.15611088962919575,0.14215156030844256,54.173570019723876,55.23157894736841,53.40674603174603,56.98257080610023,6.702216606322942,6.691472001051485,6.635177934351365,6.703253921220903,1568.8219444541696,1407.2011080332418,1570.9595576656588,1436.051983804899,444.17590031472616,454.2597506925209,454.8534806862559,454.343605973011
1,18,599,928,180,131,151,99,163.23706176961602,114.79131886477462,1.5470355283613957,691,0.6252320846518917,27.616489409343153,1,0.6454741379310345,0.6463975659687595,32.35990671578992,35.35533905932738,10.816653826391969,4.088656392799237,3.605551275463989,27.21127722558099,25.254929248571493,53.333584094490746,107.91168824543144,0.8668596237337193,1,4.168627581559122,44.78039331454784,0.019607843831181526,0.0470588244497776,3.429249867063046,0.12156862765550613,0.23137255012989044,0.04434710193148002,0.07475858650174931,0.0784313753247261,0.003921568859368563,0.003921568859368563,0.033758978331118336,0.053799815956094336,0.11372549086809158,166.4376039911271,113.55994396691581,0.0,163.23706176961602,114.79131886477462,0,168.0,116.0,0.0,18,18,0.005365803728898965,0.006157756057611856,0.007099192618223758,0.0038789721698366053,77.54365079365078,89.45147679324894,63.860784313725475,174.69757174392936,0.7999248143441477,0.7749994189589722,0.8412216945599086,0.5710766084791401,4.19445054632972,4.230482286578985,3.9646779047006246,4.729325026151564,0.0007995821785504315,0.0008930934619926766,0.0011394976291170045,0.00045505232876400805,8.628759376756745,8.60791601786427,8.520504707804204,8.772333186922966,-0.3856704339664361,-0.3985919589169004,-0.39322583368395986,-0.3598940323570768,0.9918681767468397,0.9930895648713255,0.9922472637146754,0.9893016900601427,0.1799387924972884,0.2296609520218073,0.24538964242088365,0.11652147839057267,41.07539682539682,41.42616033755274,39.37843137254902,40.94481236203091,6.217843620661889,6.197874780719806,6.133985688743072,6.236508175391933,697.601458175863,705.6707080418028,740.5411034217609,639.8887865541958,193.78627724237896,198.78054620876298,201.10047193387192,203.64658957453128
1,19,601,1015,118,132,83,103,99.3910149750416,116.98169717138103,1.4776420614848127,685,0.7778745886172602,27.66255531193445,1,0.5921182266009852,0.6767538811091688,35.863557676210995,37.16180835212409,10.63014581273465,4.08531678345681,3.605551275463989,24.748737341529164,22.537360592557757,-60.0108380860945,105.63961030678928,0.8773722627737226,1,6.968627657741308,71.64706082455814,0.062745101749897,0.05098038911819458,0.5588947897020197,0.18431372940540314,0.27450981736183167,0.08009916847978515,0.11921307957497194,0.12941177189350128,0.01568627543747425,0.01568627543747425,0.0521328544226503,0.06083100602952071,0.16862745583057404,99.81154896228485,116.61357415997131,0.0,99.3910149750416,116.98169717138103,0,102.0,120.0,0.0,19,19,0.0023428966230638285,0.002507362304020138,0.0020221448041160637,0.001973069547116,44.4007858546169,55.40354767184036,95.47590361445779,203.17206477732796,0.9059857417129523,0.8839083359234896,0.7893985025785858,0.5363784588500405,3.806569933358241,3.9566675346772078,4.308114725181509,4.728948134071349,0.0010014798151378032,0.0008809488439992434,0.0005821683654973392,0.0003936658410036374,9.018446471701136,8.95689470128169,9.172682279532633,9.196379725454065,-0.39816972478312,-0.40603917236137005,-0.3749943543715899,-0.3692111812368205,0.994336840294533,0.9947724715303465,0.9927225082918277,0.9921979280015856,0.1640949997959245,0.17552351253985526,0.10128872001422873,0.06745423354714303,63.83497053045187,64.74722838137473,64.92570281124497,66.09514170040485,6.509691552164599,6.4900822116372066,6.518725064815058,6.411364573143153,900.1535118360666,899.0757960875308,811.2213875582665,673.2844703240507,236.138574422671,238.6198359398427,226.67432279318086,219.11413377534473
1,20,907,1764,69,151,27,109,46.39911797133407,128.87210584343993,2.0583088999624515,1080,0.4199809022496942,33.982764264767994,1,0.514172335600907,0.48583572660947166,36.92549451703741,41.97618372363071,14.317821063276353,4.88381294879804,4.123105625617661,31.997242528251785,33.51110269277892,-47.54670443382834,153.16652224137044,0.8398148148148148,1,4.415686403401196,96.79608099441975,0.03921568766236305,0.0627450980246067,1.23340616285586,0.11764705926179886,0.3686274588108063,0.03504513018572378,0.10672114773364912,0.10588235408067703,0.007843137718737125,0.007843137718737125,0.02758292131243876,0.07159833381470168,0.16078431904315948,46.06490297245809,127.68484382640361,0.0,46.39911797133407,128.87210584343993,0,39.0,123.0,0.0,20,20,0.001717377731529658,0.001188109393579072,0.001295281740777066,0.001665250404320057,150.7948387096774,368.6427586206896,199.25293350717075,201.02225130890054,0.76587921328184,0.3977194084797342,0.6880883549711632,0.7031351711878365,4.552917596942778,5.219874878010986,4.762088054034042,4.747340336814066,0.0004663673862349068,0.00024127878366672043,0.00037837622433382065,0.0004182031233805082,9.659424130123583,9.91200673654886,9.845031676286961,9.676634950981649,-0.36457906576828153,-0.3209396690640429,-0.3314133474219203,-0.35921602673850594,0.9932380803305945,0.9886286169643836,0.9899373810832142,0.9927482798345422,0.14874685026209503,0.07192152981284361,0.11583847123285392,0.13584163751998915,60.028387096774196,63.29655172413793,60.53585397653194,58.54581151832461,6.775770972809836,6.719029779879946,6.813492617085612,6.764935785218877,1137.3850006243497,855.5134363852558,1078.3712699030584,1153.279314917354,322.04495983350694,306.03904875148646,319.4060508525574,338.57539155656355
1,21,438,957,131,140,102,107,119.06164383561644,123.70776255707763,1.777506733490478,558,0.5143040185091744,23.615226456547084,1,0.45768025078369906,0.5625857731837148,27.959682920403107,33.24154027718932,8.602325267042627,3.3121149354543147,2.8284271247461903,25.72571499196228,23.978446036464575,14.093595785067146,98.9116882454314,0.7849462365591398,1,6.796078620478511,50.58823656104505,0.05882352963089943,0.05098039656877518,2.0932494573256064,0.19607843458652496,0.29411765933036804,0.08090569786283941,0.11549825698868733,0.10588235408067703,0.01568627543747425,0.01568627543747425,0.05506438627927082,0.06567347754217445,0.16862745583057404,117.26790697424346,124.7867441893336,0.0,119.06164383561644,123.70776255707763,0,116.0,127.0,0.0,21,21,0.002171280276816609,0.0026708984375000007,0.0022822305212422973,0.0022516126414864716,136.3205882352941,173.284375,91.4265536723164,206.5700636942675,0.7472946339939069,0.7057487513265346,0.8395562069068594,0.6139186881177838,4.466075794105665,4.659832561807113,4.239240836020416,4.670929022348341,0.0005714973784853684,0.0004701161054362879,0.0007128405982474093,0.0004460899730273988,9.003393583145618,8.863962860444758,8.97632475065295,8.925069474951155,-0.4577947054173709,-0.4835772000335477,-0.4592668520959651,-0.47322848914744425,0.997611674376487,0.9982455288477108,0.9976263941884068,0.998020426055412,0.07683009523715549,0.13443362156728017,0.14546893966209296,0.036309565445624276,65.16764705882353,62.396874999999994,61.228813559322035,65.90127388535032,6.633134430916723,6.551439337830413,6.586738898610925,6.42000587138822,942.5689532871966,1004.5143652343763,1048.2442545245617,863.5157308612916,269.7223853806229,294.4496850585937,284.9177020492199,267.52144863889043
1,22,270,476,126,148,98,131,109.54814814814814,137.04444444444445,1.8560030047725686,332,0.8583082789419009,18.5411616971131,1,0.5672268907563025,0.5387922311701959,27.97552212718664,28.160255680657446,6.0,2.5729112917692754,2.23606797749979,15.473192596202342,14.355202375329577,-89.96126396400325,79.35533905932738,0.8132530120481928,1,7.1137257013469934,37.345098881050944,0.08627451211214066,0.05098039656877518,1.3610699549802512,0.1921568661928177,0.24705882370471954,0.10162465287638563,0.13831518104092944,0.1411764770746231,0.027450980618596077,0.027450980618596077,0.05415150653496696,0.05962908302129267,0.19019608199596405,110.90895723872063,137.07109104582665,0.0,109.54814814814814,137.04444444444445,0,115.0,139.0,0.0,22,22,0.0032666306111411563,0.003642146301426079,0.004356687145557656,0.0036678200692041524,135.46511627906978,201.02923976608187,41.864130434782595,128.22352941176473,0.6721073823155796,0.5284580262943214,0.9039029673218001,0.6673928567453637,4.457958014987485,4.490030017530978,3.645522094305642,4.408477467085029,0.0005295884177257977,0.0005290673706225847,0.0011459379430529292,0.0006111794442041527,8.409707093725196,8.17951983943465,8.000278192387752,8.162332112608292,-0.4858979075749296,-0.5256861715791131,-0.5661962693676278,-0.5266399492182907,0.9977337161571497,0.998534335995828,0.9990982496156678,0.9985373818771117,0.08040850948327391,0.033317712269667565,0.13875129254005109,0.08247697601838803,76.84186046511627,77.90643274853801,75.125,77.27058823529411,6.26163310139335,6.084931956820175,6.087739488812067,6.01553609007823,690.8122011898331,651.6169761636056,829.424592391304,642.797370242215,206.5693293672257,213.16155398242176,217.82218070652152,192.7552249134951
1,23,540,675,155,146,128,121,140.53333333333333,133.59814814814814,1.154906980493135,569,0.23104883183928002,26.221162334209897,1,0.8,0.865870599875506,26.781548789905212,29.068883707497267,12.0,4.450689836371721,4.0,24.0,26.05689779842519,60.42336419783372,88.5269119345812,0.9490333919156415,1,2.7882353784516454,62.12941326294094,0.05098039284348488,0.05882353335618973,0.7395672640759604,0.06666667014360428,0.27450981736183167,0.03529411871457779,0.11505446900544619,0.09803921729326248,0.0117647061124444,0.0117647061124444,0.014818383621516265,0.07330777347711047,0.18431372940540314,140.79139052031303,134.291232721877,0.0,140.53333333333333,133.59814814814814,0,143.0,136.0,0.0,23,23,0.001764365822638456,0.0017632544327015444,0.0016327585959233712,0.0014808297247094421,182.54193548387101,316.08411214953264,175.35229759299781,357.72182254196633,0.7283669300193488,0.5367412655386951,0.7368453206611464,0.4584729673291055,4.758032289567966,5.1457598033649,4.750156206734695,5.198655284052105,0.0004034384803771983,0.00026141218911208096,0.00040351714374489375,0.00022224467097146689,9.34352068986551,9.346561495726712,9.405167635149457,9.477849226906317,-0.4067637117437692,-0.40936919887280726,-0.3951229251486423,-0.3911268532166462,0.9957547176743439,0.9959214768768313,0.9951162040372165,0.9950028680549962,0.0914151853267414,0.09160534060545503,0.09314165621098555,0.04865124656839161,64.76559139784946,67.24766355140186,65.44857768052516,68.75299760191845,6.725578267510387,6.719406445173316,6.665293236577569,6.637303519532539,1161.491289166378,1048.5274478120373,1157.3414476487796,963.4377907745757,336.0083061625619,341.15288999039285,333.17343631044355,330.28990332913554
1,24,1080,1845,100,163,55,122,79.03703703703704,140.24166666666667,1.3702138219524391,1199,0.5497828471031296,37.0823233942262,1,0.5853658536585366,0.7298131021442218,41.5860292427339,44.40720662234904,15.0,5.6223943273896735,5.0,35.22667090707361,34.737127136918794,67.04753897953223,136.36753236814712,0.9007506255212677,1,3.7882354352623224,126.29804265499115,0.04313725605607033,0.0627450980246067,0.45914312240932054,0.07450980693101883,0.3803921639919281,0.03323013539703792,0.11694263208795477,0.10196078568696976,0.0117647061124444,0.0117647061124444,0.014208044776452116,0.08180569779898765,0.1725490242242813,79.03819164758623,139.78252499601342,0.0,79.03703703703704,140.24166666666667,0,78.0,139.0,0.0,24,24,0.0013064360772486168,0.0012365656321700266,0.0011309873743736197,0.0009388872966586543,130.09498956158666,202.43736263736264,178.29100529100532,336.30534351145036,0.8487355878121208,0.7680410847652709,0.7893043159528277,0.605271580425903,4.561019481138513,4.803096411919032,4.76058436981772,5.188979675511797,0.00039322568747709964,0.0003659964166804262,0.00032099679545959683,0.00020125080936572457,9.973208511057942,10.03221000630607,10.105107732513618,10.281677784623302,-0.36361182000333814,-0.3577075001354694,-0.34762788200518213,-0.32077327838038167,0.9940379037778132,0.9936557000231602,0.9928555263096295,0.9901106108286211,0.12282974582778054,0.13407051224979188,0.08446074482661911,0.06551576489981728,64.71503131524008,66.21098901098901,65.65396825396826,66.67611777535441,7.001381480310668,7.006558342028294,6.997611788932653,6.948749070449903,1590.005431679604,1543.0214177031758,1514.1120080624842,1367.6780883089223,430.0251053102977,436.3646950851346,423.1007533383731,425.99585795509256
1,25,392,648,174,161,150,134,161.0408163265306,146.05102040816325,1.2246162781630348,429,0.4049808564071083,22.34076770248023,1,0.6049382716049383,0.8165823187488847,23.642954487925078,26.30589287593181,10.0,3.760965028521461,3.1622776601683795,20.12461179749811,21.617348245048674,1.8170031508002233,77.66904755831213,0.9137529137529138,1,1.9215686917304993,31.592157821170986,0.03529411926865578,0.04313725233078003,1.5436562860830243,0.062745101749897,0.2549019753932953,0.03002451080828905,0.0805922393397219,0.07058823853731155,0.0117647061124444,0.0117647061124444,0.0133926517077081,0.05172031440253619,0.12156862765550613,161.11829691314972,144.50930983601918,0.0,161.0408163265306,146.05102040816325,0,165.0,141.0,0.0,25,25,0.002809444602215101,0.0025843430476104683,0.002631099694236502,0.002698137378272057,137.14968152866243,258.26174496644296,114.45510835913313,140.02020202020202,0.5948676300377584,0.2657679167644694,0.6677439840650491,0.5822454196821096,4.490238890353245,4.943882575951166,4.416913945093752,4.447720054331453,0.0005845896403875889,0.0003293744699741972,0.0006041868099310507,0.0006414689355205629,8.735547898504253,8.755127538867718,8.762144176687515,8.703228253731844,-0.37826730393546887,-0.37468663744310904,-0.3739341310390618,-0.3700066462939382,0.9914684607188022,0.9911326266471454,0.9910723500101699,0.9903379590803093,0.14202826187234566,0.06775307913293904,0.12001285256682886,0.1099473045527389,46.531847133757964,47.2751677852349,45.6625386996904,45.67676767676767,6.217660586315986,6.085608795653513,6.185450090795625,6.135886256941168,539.911406142237,445.2262961127876,574.502218942001,530.3264972961952,169.26527191772527,175.87201026980756,172.23933182528344,167.58667482909925
1,26,650,1188,134,173,98,140,119.57076923076923,153.68,1.709133769550987,817,0.6388002208022625,28.76813695875796,1,0.5471380471380471,0.5850917100904944,36.48198546388361,37.20215047547655,10.295630140987,3.840945394903622,3.605551275463989,28.988218842888024,28.068241912677863,35.42729297868571,118.1543289325507,0.795593635250918,1,8.690196363255382,89.74117895402014,0.07450980693101883,0.0470588281750679,2.2078213999383065,0.1882352977991104,0.3529411852359772,0.08519800356132727,0.13806335223695407,0.14901961386203766,0.01568627543747425,0.01568627543747425,0.05597931654917686,0.07485517926415036,0.18431372940540314,118.79557770892184,151.61274253212585,0.0,119.57076923076923,153.68,0,120.0,148.0,0.0,26,26,0.0020950475778546726,0.0016224719278760827,0.0016321096453287198,0.0016124670130636476,115.77573529411762,174.95228628230615,158.76470588235293,321.04655870445345,0.8391004225074595,0.7481985892676821,0.7772225982947929,0.5607324963592993,4.466067716023928,4.734057716872291,4.621626866209704,5.121862164630659,0.00046794926419923974,0.00036226315532976135,0.00042049320598409846,0.0002536234391955914,9.350490465655401,9.46589032344536,9.48393888722067,9.474414430072315,-0.42902444384830496,-0.40837512099545054,-0.41726147005683173,-0.4178184345407999,0.9969686928952397,0.9961073603474261,0.9966271940119257,0.9966386851313171,0.14065488057668396,0.10626132724538537,0.09224483296739483,0.061754239739634814,75.59191176470588,77.6958250497018,74.6875,76.57692307692307,6.788264404073444,6.802887050369408,6.824419821550535,6.72530733228219,1323.3297875216267,1214.6530044385754,1266.5567555147063,1140.6894269697914,359.7763807039353,347.4013226802208,356.33036534926464,365.4339964185622
1,27,234,432,115,165,88,149,102.06410256410257,156.1965811965812,1.6066369552427189,274,0.8874372463239925,17.26088217525478,1,0.5416666666666666,0.6224181491262458,26.65763740200578,26.92582403567252,5.656854249492381,2.488578507108812,2.23606797749979,11.963084243429225,12.287266316988482,77.11644073625187,68.73401871576773,0.8540145985401459,1,6.125490412116051,29.827451795339584,0.08235294371843338,0.03921569138765335,1.5131352053696292,0.18039216101169586,0.23529411852359772,0.10209150686860084,0.12746774271512643,0.13725490868091583,0.0313725508749485,0.0313725508749485,0.04853864441889015,0.05365757837079737,0.16862745583057404,103.49211146738436,156.69694978260247,0.0,102.06410256410257,156.1965811965812,0,108.0,157.0,0.0,27,27,0.0036815193571950325,0.004113761322732487,0.004239522901537588,0.004778407897500525,72.02702702702703,316.4905660377358,152.29299363057325,67.39855072463769,0.7966964309167233,0.12351158949501871,0.5798410280081341,0.8233133931847492,3.922909540200991,4.898528138165599,4.294064878383756,4.016715896250261,0.0009636970512062211,0.00033755498170996056,0.0006749969790859636,0.0008933610850184086,8.18941031183258,8.032947263433243,7.987202516366209,7.807728985732323,-0.5100932934830098,-0.5367943108676684,-0.5463554536428312,-0.5673154418873197,0.9981632885084618,0.9986210333452489,0.998764826904743,0.998967787790156,0.06902637142145283,0.06246943772209439,0.037698296558306144,0.12582203472336348,68.44864864864864,70.76729559748428,68.78980891719746,66.41304347826087,6.103671177236315,5.88772289306866,6.037312809696729,5.809267348202161,636.5392549306071,405.687987025829,572.6373483711295,695.5178008821667,177.1415704894082,180.5446382658913,181.23258550042556,190.7290879017021
1,28,393,572,159,168,133,146,145.87277353689566,156.03053435114504,1.3676332934493811,421,0.8164239440873088,22.36924542940416,1,0.6870629370629371,0.7311901551313118,29.831424397922216,30.479501308256342,8.0,3.3964718742204525,3.0,17.10263137648707,17.22624490098618,48.46909719780489,82.18376618407356,0.9334916864608076,1,4.866666835732758,40.85098154656589,0.04313725605607033,0.05882352963089943,2.0651951443384284,0.16470588743686676,0.26274511218070984,0.06854460332017968,0.1039465179301931,0.09803921729326248,0.0117647061124444,0.0117647061124444,0.05077757782752061,0.06343427301394614,0.1568627506494522,143.84554094287873,156.42469040393934,0.0,145.87277353689566,156.03053435114504,0,145.0,161.0,0.0,28,28,0.0027644970414201176,0.002486028928336619,0.0038447971781305126,0.002698469206123174,143.7753846153846,179.71794871794873,89.5968253968254,242.81132075471697,0.7189287343903453,0.656976769037451,0.8313966945237234,0.5141671895343661,4.505608131049625,4.726217198993806,4.2371389125567145,4.778162328387459,0.0005331975184783279,0.0004454292158910205,0.000705142623498201,0.00038076757727571156,8.733455774153747,8.846959951171632,8.50383470574815,8.677041049377088,-0.4718848943128451,-0.4472291744144357,-0.5070984803056491,-0.4785006588439491,0.9977251134407655,0.9969353376102774,0.9984498747296958,0.9978661221139211,0.06529584084406581,0.13587853385832566,0.15757880142124547,0.049528390484218726,56.20615384615384,57.60897435897436,56.422222222222224,58.35094339622641,6.418930805315539,6.418776340563527,6.458182476604216,6.385123471229816,879.277500591717,868.1291502301119,973.2153791887122,756.7560840156643,255.76322130177516,261.9617747370147,265.7030511463847,249.89185119259548
1,29,1087,1677,78,185,39,142,58.31738730450782,162.70745170193192,1.6598324620417477,1264,0.5503932755249771,37.202303492218356,1,0.6481812760882528,0.6024704437759383,41.38138142811757,43.86342439892262,15.524174696260024,5.5494057448584355,5.0,35.02944269710986,34.54954414956753,38.49528809621477,150.57463914933368,0.8599683544303798,1,3.0901961899362504,128.88235669769347,0.0313725508749485,0.06274509988725185,1.464392887276646,0.08235294371843338,0.38823530077934265,0.023589283892643132,0.11856702548085876,0.08235294371843338,0.003921568859368563,0.003921568859368563,0.016848048048579655,0.10231118518440115,0.1921568661928177,59.32034078151162,163.774471313407,0.0,58.31738730450782,162.70745170193192,0,57.0,165.0,0.0,29,29,0.001507567386143538,0.0011395793132837587,0.0019601453095495994,0.0011646943031605032,223.29461457233364,302.2155361050328,151.3797729618163,385.3451720310766,0.8354646526530646,0.7780016994302539,0.8906284419561981,0.7236372573495744,4.886259264783027,5.096222006320961,4.647938169686335,5.283767151538241,0.0003033523303178267,0.0002488405498709589,0.00039298107163130216,0.0002128476067410607,9.941054722223106,10.144446877955161,9.76398908481631,10.134588043739342,-0.4089712216814719,-0.3821932604723272,-0.4273632904969565,-0.3818213147053997,0.9969793943045121,0.9958479363870747,0.9975178353690777,0.9958043635867471,0.08026608203742457,0.09007245592810081,0.1488436670378392,0.09753938702675569,67.64097148891236,69.2417943107221,65.74097007223942,69.08324084350721,7.1568152569876995,7.176004176137351,7.116920801898161,7.144050313688949,2490.950295993908,2420.4677937169936,2616.7946166028196,2403.346012138444,678.56122764156,680.6708324555052,692.043597391159,697.1727960423802
1,30,438,702,184,177,158,150,171.2945205479452,164.3675799086758,1.821156438464411,494,0.35167347913966157,23.615226456547084,1,0.6239316239316239,0.549101647106821,25.204776574904976,26.1725046566048,9.848857801796104,3.6250595720769674,3.0,22.953589188559775,23.594764235435168,51.87463699069201,100.11879502661796,0.8866396761133604,1,3.580392270348966,54.43921726755798,0.05686274543404579,0.05882352963089943,1.6119241733004261,0.0941176488995552,0.3764705955982208,0.04115393414194214,0.12429045038255246,0.11372549086809158,0.007843137718737125,0.007843137718737125,0.026154203597009942,0.08150461526688241,0.1764705926179886,172.21884453893935,165.68815732031925,0.0,171.2945205479452,164.3675799086758,0,172.0,172.0,0.0,30,30,0.0019091683078060902,0.001880714478608079,0.0019071786523668153,0.002049086810087531,287.58651026392954,460.0900621118012,283.3022598870057,414.24471299093653,0.6466942382218402,0.4154140153169713,0.6619158404819312,0.5402407098049249,5.055563817846094,5.301362809451177,4.945975647013746,5.232869527887879,0.0002565972921907631,0.00018783209883014435,0.0002783958009185198,0.00022860730454438526,9.135697027232919,9.13215911413947,9.173893209825826,9.083619279892856,-0.49025375665447624,-0.4880747397225546,-0.4880583121080344,-0.5067312670051692,0.9986741208005953,0.9986238781931954,0.998660133611863,0.9989485219142583,0.0712230667388675,0.07973188184805158,0.07054235774366993,0.09619887853278825,73.54545454545456,75.61801242236024,71.72033898305085,70.3716012084592,6.791544409103342,6.664533885161015,6.759838623014928,6.639323173702275,1340.3886963476389,1113.9814146830759,1392.6251795461076,1387.7622146566773,406.9938016528929,393.5178691987194,418.9818598582783,450.5017319119024
1,31,633,1040,118,184,78,158,97.03791469194313,169.44075829383885,1.4185451054643023,700,0.8201561302703915,28.38944578214513,1,0.6086538461538461,0.7049476228481936,38.419207796279046,40.024992192379,10.04987562112089,4.104792621421253,3.605551275463989,23.64489215148784,21.981156898964894,78.99825023207093,106.22539674441617,0.9042857142857142,1,5.521568803116679,75.76862957887352,0.03921568766236305,0.07058823853731155,0.9440114579544628,0.16862745583057404,0.2980392277240753,0.0627451000354168,0.11969767705983178,0.11372549086809158,0.01568627543747425,0.01568627543747425,0.04874791183138848,0.08113781816059433,0.18039216101169586,96.37549815661276,168.76817969882543,0.0,97.03791469194313,169.44075829383885,0,92.0,169.0,0.0,31,31,0.002210341839949592,0.0015066364199430781,0.0020982184937317384,0.004306218086535872,151.06702898550725,391.89473684210526,171.23300970873788,188.77868852459017,0.8233872820891119,0.5298911462225518,0.8035029162701325,0.7925197415983645,4.629158445227431,5.259906590481036,4.681390695189483,4.705848039477738,0.0004426184097764876,0.0002259779827036618,0.0004558011627236119,0.000495783233369485,9.33169767779133,9.576208582921316,9.34262629200244,9.035772270027303,-0.4312669510163743,-0.40446118894766725,-0.4334108439184899,-0.47576466986669486,0.9970397984123466,0.9960978872611841,0.9971520725571241,0.9982232866401055,0.09279296628880673,0.04065488382411599,0.09421734147028338,0.1802178665121728,65.81340579710145,68.53021442495125,66.84466019417474,66.81147540983606,6.798687603280266,6.7977940365661205,6.820985203033548,6.685058972385916,1559.6481536179372,1275.3562995641605,1571.6224714864757,1630.9480650362812,427.6787956508622,416.8127591015659,435.71387029880293,454.93168839021746
1,32,692,1914,185,187,127,154,147.8684971098266,173.11994219653178,3.6800027797656387,1152,0.9352021298203423,29.683021493047715,1,0.361546499477534,0.27173892517105247,59.13042265636253,57.3149195236284,8.48528137423857,3.195294729220557,2.8284271247461903,26.23203406183115,20.938931476698436,72.8663849985063,178.88834764831844,0.6006944444444444,1,8.407843404449522,63.427452945616096,0.01568627543747425,0.0705882366746664,6.510781996536192,0.1725490242242813,0.30980393290519714,0.05389643207980463,0.09165816899655506,0.09019608050584793,0.003921568859368563,0.003921568859368563,0.05681482843768838,0.07432851122097014,0.15294118225574493,141.55230616936979,171.54006428665673,0.0,147.8684971098266,173.11994219653178,0,142.0,175.0,0.0,32,32,0.0049395735210392856,0.0042324066162109375,0.004455961191072784,0.0037196324127968554,115.3561151079137,189.63671875,84.06488549618322,195.0498915401302,0.8441197237144518,0.7437575363682488,0.8839931505389071,0.7412860105940422,4.413344291174389,4.574351746830877,4.086593263259193,4.815001444483712,0.0005546021815641012,0.0006031608581542969,0.0008450210506380744,0.00037387408185544035,8.821406173267276,8.906760011446291,8.721512987123333,9.0042712244175,-0.4447458800149576,-0.434130037576685,-0.4760238133787907,-0.44081055548212106,0.9967747126954892,0.9964116598385749,0.9978461785804781,0.996920355311346,0.17711428668278484,0.18396489893810875,0.2381503829958047,0.13441138491456275,50.766187050359704,52.40234375,51.69083969465649,53.431670281995665,6.502277198610084,6.47680879731377,6.558036611375044,6.590175954351503,1364.7043243103367,1290.498275756836,1365.2441145620883,1312.791968793672,370.0151098545623,370.033748626709,362.3272500145679,376.96046508345034
1,33,377,784,98,196,70,168,82.6737400530504,182.11936339522546,2.1436801947924304,471,0.7619913828907383,21.909160375631842,1,0.48086734693877553,0.4664874930641548,29.487812941114615,29.966648127543394,6.708203932499369,2.805069496982095,2.23606797749979,18.547554143495102,19.095929096420313,47.849318113762486,100.77564927611036,0.8004246284501062,1,3.360784411430359,28.066667575389147,0.03529411926865578,0.03921568766236305,1.1250587749483172,0.125490203499794,0.16470588743686676,0.039078888505004176,0.07444739409917546,0.07058823853731155,0.007843137718737125,0.007843137718737125,0.02939168046547328,0.04502002802032065,0.11372549086809158,83.28643286047615,181.17577197367854,0.0,82.6737400530504,182.11936339522546,0,81.0,179.0,0.0,33,33,0.0034928123655984045,0.0035650511011765295,0.003484277959802436,0.003385613504661124,66.1263537906137,110.79715302491105,47.440559440559454,83.60714285714285,0.732574615690013,0.5443870683093333,0.8148706051992258,0.6793659531032233,4.069860993618962,4.283776069264541,3.7952530160359883,4.213881566279593,0.001016748056861794,0.0007365124538721663,0.001332801695500112,0.0009650235512348876,8.382377635222682,8.46126434336658,8.418070714686007,8.369009238916014,-0.38087971516755365,-0.36170747895447863,-0.3754193910966266,-0.3842557317807623,0.9902645990973628,0.988005922149063,0.9897308609784384,0.9906190601574197,0.16643490747693684,0.15175925149470543,0.12902372817773605,0.12098537275855031,43.90974729241877,44.87544483985765,42.3986013986014,41.21031746031746,5.940091945231896,5.944536107817896,5.965711277008218,5.8200932121908275,428.4142371202547,375.5681159053204,465.0718861558023,437.90417926429814,123.63514772771691,121.59131723255808,128.12811139909024,130.3778305303603
1,34,293,846,180,199,133,181,150.37883959044368,185.92491467576792,3.9276031701922176,548,0.9708521316230847,19.314740138231286,1,0.3463356973995272,0.25460820675299023,50.763665046883794,46.17358552246078,5.0,1.9711112617893283,2.0,15.478312976188086,12.166996704216837,-84.75681967915243,120.25483399593902,0.5346715328467153,1,4.3529413104988635,21.098039801698178,0.003921568859368563,0.047058823984116316,7.8799922933073105,0.1725490242242813,0.23529411852359772,0.03886554741516842,0.07200696178053986,0.05098039284348488,0.003921568859368563,0.003921568859368563,0.046066671188536905,0.07088417007797532,0.13235294818878174,142.523048332992,185.3078066933787,0.0,150.37883959044368,185.92491467576792,0,144.0,185.0,0.0,34,34,0.06679506172839503,0.04081632653061225,0.030812609030792307,0.025588933528122717,93.0977777777778,200.06766917293234,188.81528662420382,262.91891891891896,0.870777902045862,0.729529279282808,0.7397567525796134,0.625898798285012,3.716498767443129,4.316056613750488,4.466847620988171,4.528831950603706,0.0019303240533375772,0.0010648614573311955,0.0008864909445246568,0.0007625810038340813,6.504039323091201,6.547547147602187,6.99688097031766,7.089399373119932,-0.6222635625514766,-0.6708238169134538,-0.6545291449206114,-0.6538002486360862,0.9985948723501517,0.9993256705107258,0.9994471338532009,0.9994889373571868,0.40181174248299206,0.293000110516642,0.26499242703959613,0.24186748681296485,40.87555555555556,45.18045112781955,47.14649681528662,51.391891891891895,5.252180254200539,5.114995831715115,5.601091381225829,5.5207607549032325,1347.79784691358,1279.3358584430998,1262.25242403343,1142.6842585829068,360.2239061728394,369.85088190400813,362.7669276644084,351.4007943754567
2,1,281,390,39,34,26,4,31.76156583629893,19.750889679715304,1.4826033668689242,303,0.9076501245167028,18.91508160359296,1,0.7205128205128205,0.6744892277641841,29.7038207888787,29.068883707497267,6.082762530298219,2.7210374269262783,2.8284271247461903,11.917807251874516,12.46751317216174,2.0992693897336108,72.35533905932738,0.9273927392739274,1,7.258823718875647,37.17254987359047,0.05980392266064882,0.054901957511901855,3.079919076395489,0.20392157137393951,0.2666666805744171,0.11707780191734914,0.13228665435441447,0.14901961386203766,0.01568627543747425,0.01568627543747425,0.06530152380720011,0.07201474757223275,0.1921568661928177,31.312585719092862,16.703871732361126,0.0,31.76156583629893,19.750889679715304,0,30.0,15.0,0.0,1,1,0.006257306833882453,0.003540871777084055,0.0036939129216925484,0.00453258600474706,40.95360824742268,200.33333333333334,129.41004184100416,95.63101604278073,0.9414862399388364,0.6946595650719681,0.8006125393390388,0.8605204978962786,3.693625989842973,4.719804538971859,4.401059240351268,4.1949141087471755,0.0012093534885030213,0.00040743953630065883,0.0005493447599514416,0.0007295086200782904,7.796120589766779,8.256848192805197,8.334324431437198,8.028745513419288,-0.596888247539694,-0.5366507013795433,-0.5142555568744079,-0.5636611531067298,0.9993416721222917,0.9988274687408718,0.9984380611323195,0.9990827358856669,0.2573976738386834,0.048839272613534754,0.09729746279450477,0.09944044687000167,68.6958762886598,68.73118279569894,70.89121338912133,70.33689839572193,6.265639131012991,6.331054561012838,6.331189559062,6.094952083659228,1358.8404984589206,1111.8632211816384,1168.6659897410764,1275.624467385398,349.9485266765869,328.0491386287433,324.5190078955204,342.813870857045
2,2,298,418,110,38,88,19,98.62080536912751,28.19463087248322,1.1118741541327868,322,0.6726284981885434,19.47884453275087,1,0.7129186602870813,0.8993823593102191,22.765927326990568,22.67156809750927,8.0,3.3052214008528265,3.0,16.127616066858735,16.846338641351437,-68.3787558644578,64.52691193458118,0.9254658385093167,1,4.411764867603779,37.90588341653347,0.08235294371843338,0.0156862735748291,1.0509403435133584,0.09019608050584793,0.40392157435417175,0.07739938364217155,0.12720095106219284,0.0941176488995552,0.062745101749897,0.062745101749897,0.0069115198384021356,0.07277231667290311,0.1411764770746231,99.67173598914412,28.199151661736074,0.0,98.62080536912751,28.19463087248322,0,101.0,27.0,0.0,2,2,0.005054299569701525,0.00385286077858422,0.004152422711058264,0.004565376186997809,317.6157024793389,589.4563106796115,412.80172413793105,622.427927927928,0.5901661852311495,0.2890380949554963,0.4800979759410555,0.24325543113981918,4.776463612014576,5.1726771176115305,5.003986317539054,5.171782746990344,0.0004401635251415634,0.0002845827423517265,0.00033057556867352895,0.00030711234583375953,8.071726927654614,8.196019459138034,8.197300258167076,8.109671413789997,-0.45771719085332735,-0.4581046522532303,-0.4567308457631031,-0.4645417837143678,0.9958394302300284,0.9961565257268056,0.9960859156170728,0.9962959867384062,0.1621561999767609,0.09966340818032896,0.11836875574557382,0.12476903463943267,69.68181818181819,71.98058252427184,70.95689655172413,71.05855855855856,5.881957991564933,5.906632476804829,5.968288518727208,5.944373928757235,1232.3574380165292,1068.7374870393069,1175.1964179548177,1022.5866609853092,387.4932851239673,414.5484494297293,396.9995355231863,411.25364722830955
2,3,734,1292,186,43,148,9,167.4741144414169,25.29700272479564,1.9323235342537737,875,0.42542074566566535,30.570538527078803,1,0.5681114551083591,0.5175116807683972,33.22907716665997,37.21558813185679,10.63014581273465,4.0084661884804795,3.605551275463989,30.405591591021544,30.072171439299844,79.28561490705209,133.5035713374682,0.8388571428571429,1,6.690196313895285,96.81568882521242,0.0313725508749485,0.09019608423113823,1.5887260902827671,0.1764705926179886,0.4470588266849518,0.058685932578028815,0.13190148341309593,0.12941177189350128,0.007843137718737125,0.007843137718737125,0.04634806211187059,0.09689389974731043,0.21176470816135406,168.14606287338924,26.736633196380303,0.0,167.4741144414169,25.29700272479564,0,171.0,30.0,0.0,3,3,0.0021478399999999963,0.0030838916328426846,0.002459009806573968,0.0016633151393277777,295.33760000000007,278.3461538461539,303.4631751227496,738.5389830508475,0.7638186343463151,0.781575342184186,0.759335433477107,0.4099679241199678,5.040486889674481,4.961348100968586,5.065221745043541,5.6622437368976115,0.000259523024574669,0.0003185263056110545,0.00026853520125488464,0.00012302920146037174,9.506286847654097,9.309426763742426,9.419857135166335,9.64727099016675,-0.45603992709761587,-0.4877081312046997,-0.4760330489405766,-0.44310403461862663,0.9981783001507164,0.9987654344387193,0.9986084089088091,0.997936771918076,0.11461383933655145,0.174028135447126,0.1291947861459078,0.058729637475570556,72.68480000000001,74.15034965034965,73.4860883797054,75.02372881355933,6.999995702675717,6.97281631258654,6.956645281349628,6.973087085453483,2205.6014489599984,2270.3235488287937,2218.413472587934,1764.8468945705235,625.2347622399998,637.1674256687363,630.4691619276705,625.846469405343
2,4,571,986,70,52,36,23,53.07355516637478,35.83712784588441,1.4741269787075832,622,0.5952410586956155,26.963304323539017,1,0.579107505070994,0.678367613132441,30.78525498774218,33.06055050963308,10.63014581273465,4.157494971399774,3.605551275463989,24.748737341529164,24.73740505236473,62.33557496149199,102.84671708797583,0.9180064308681672,1,2.8549020495265722,69.50196278095245,0.04313725605607033,0.06470588594675064,0.6255293900912743,0.0941176488995552,0.43529412150382996,0.03398692916103062,0.12171972466016191,0.11176470667123795,0.0117647061124444,0.0117647061124444,0.018663863235353476,0.0882606892026386,0.1764705926179886,53.45093945494337,35.338261013343356,0.0,53.07355516637478,35.83712784588441,0,56.0,34.0,0.0,4,4,0.0016516101604846427,0.0013851423470278884,0.0016432775011317351,0.0015370894451530617,260.4659793814433,527.455947136564,332.6765957446809,416.7790178571428,0.7385052816648332,0.46272184171434305,0.6666840986226589,0.594879820892681,5.00670610574859,5.428544683282247,5.1247965827872175,5.277970692469681,0.0002527510432911609,0.00015870391340956828,0.0002238277893774081,0.00019725210117529164,9.514231484555493,9.591945458647018,9.445006308372498,9.467434804836298,-0.4444717057947303,-0.439363443300371,-0.45783237974276303,-0.4529755574607593,0.9978216550402361,0.997740984762113,0.9981640955903966,0.9980430757497782,0.10636340928197688,0.039210287944940234,0.08245769580508899,0.0728184767767628,69.37731958762886,72.49118942731278,70.61702127659575,69.97544642857142,6.974357042503347,6.897918183302094,6.926577228741891,6.8756478116492925,1731.6658773514728,1435.9811999068488,1663.4873698506117,1640.7784149792742,498.03296418322884,490.8592867608527,499.04099139882305,514.3893582091041
2,5,532,870,199,57,169,28,185.2312030075188,42.515037593984964,1.6539897583350207,599,0.6072178995092522,26.026206750102993,1,0.6114942528735632,0.6045986651130442,30.007740953259628,29.427877939124322,9.899494936611665,3.8499567774665686,3.605551275463989,22.66828955504476,23.842210963197036,-56.15756091324053,105.1543289325507,0.8881469115191987,1,4.333333488553762,55.65098180808127,0.0313725508749485,0.07058823481202126,1.7061447759377888,0.1725490242242813,0.25882354378700256,0.05284553034821662,0.10460710866180689,0.10196078568696976,0.01568627543747425,0.01568627543747425,0.04535504127725942,0.07020032580504541,0.16470588743686676,183.68790076625558,41.787611866799175,0.0,185.2312030075188,42.515037593984964,0,186.0,40.0,0.0,5,5,0.0030942709485410934,0.0024411524467216157,0.003648797981693461,0.0027222820904869655,139.42152466367713,258.54228855721396,141.89269406392694,237.37767220902617,0.777154248881893,0.5805278176185386,0.7769823403968583,0.6273605706150468,4.525663905202988,5.00193723663215,4.567712678466261,4.88651601678947,0.0005262181079369551,0.0003031179588801373,0.0005823027786894257,0.00038716252862373076,8.919606106027436,9.027716119329071,8.943749552740773,9.053138491335801,-0.38579389860932867,-0.37770663087795897,-0.3817224456931363,-0.35994657828248994,0.9929389895986767,0.9925018919193233,0.9926185677803869,0.9905547445254242,0.14727097327158795,0.09458040547104818,0.1457528024898096,0.12290221272035881,58.39013452914798,59.940298507462686,58.3310502283105,60.16627078384799,6.494055609008037,6.455831349256073,6.403298656666932,6.501185444824312,1111.861247963965,974.1606148362666,1130.5867527782984,1036.6564395371265,312.82069315691024,308.17572584837,318.1198617105565,318.50852793653814
2,6,258,713,176,53,145,30,158.58527131782947,41.007751937984494,2.305793388098848,346,0.9511893423798081,18.12445316531431,1,0.36185133239831696,0.4336902018894723,35.820488576845335,34.66987164671943,5.0,2.1572404794983906,2.0,13.297993595402517,11.054485698676825,53.665868773936246,86.46194077712559,0.7456647398843931,1,5.019608008675277,22.97647124528885,0.019607843831181526,0.06274509988725185,3.573896689385029,0.1764705926179886,0.2549019753932953,0.06783254065777401,0.08905609009801879,0.0784313753247261,0.007843137718737125,0.007843137718737125,0.056901035155061536,0.06974261767228643,0.15490196645259857,160.9822495237307,43.65864481149556,0.0,158.58527131782947,41.007751937984494,0,164.0,45.0,0.0,6,6,0.007700831024930746,0.004517566618845578,0.008095946712018142,0.022440346354683054,126.5263157894737,218.80662983425412,115.88690476190476,179.44715447154476,0.8121380471948251,0.6506385160060082,0.8324804324215686,0.7541286836465438,4.0630081708174295,4.7696565051244715,4.23652558770106,4.077686643398027,0.0011470789486402683,0.0004137500946345165,0.0009364282903243934,0.0014359064843084094,7.655830592948065,8.099933854015504,7.574077968210088,6.623159424546607,-0.5861084235550152,-0.5455723077535543,-0.5923196317190873,-0.7183228985394207,0.9991238191004049,0.9988515323722967,0.9991469712981312,0.999701568268881,0.16854536846189785,0.06087129851667304,0.19884774266735922,0.3554227306774601,49.56842105263158,51.72375690607734,48.55357142857142,46.78048780487806,5.991772749003723,6.151131522155453,5.953604012421285,5.43600861146812,1220.4874238227148,1033.8021427917347,1267.6757015306125,1280.236367241721,336.7534349030469,313.15219315649733,345.8906515731294,364.9208804283163
2,7,686,1254,143,61,105,28,123.47084548104957,43.93002915451895,1.7359857721746548,778,0.4311005104920807,29.554057719513263,1,0.5470494417862839,0.5760415874533974,32.35976971975062,37.33630940518894,11.313708498984761,4.219339877385104,3.605551275463989,28.808297984901593,29.19834681390689,-76.88127376099287,122.33199846221439,0.8817480719794345,1,2.5137255741283298,68.36862943600863,0.0235294122248888,0.0549019630998373,1.0338084984987577,0.10588235408067703,0.3764705955982208,0.024888372021072573,0.09966272512537701,0.07058823853731155,0.007843137718737125,0.007843137718737125,0.020143607965301933,0.0844235908253255,0.16862745583057404,123.68785132108965,44.94080533001813,0.0,123.47084548104957,43.93002915451895,0,128.0,48.0,0.0,7,7,0.002915943422781009,0.002220705450028465,0.002795683945238786,0.002014206547725985,237.7140410958904,383.7446043165467,277.0462633451957,480.124535315985,0.7470742945573441,0.5949338523911875,0.7031201242555839,0.4857690903640035,4.750961336821199,5.112654590620192,4.894644365877324,5.378442946278195,0.00043690738222893107,0.00031164447048945206,0.00037823305857047086,0.00020993114980037114,9.211282524316967,9.316992557227021,9.224527258001594,9.37832257414583,-0.4064392285128145,-0.3898592790670649,-0.41797049531005104,-0.39887004823744515,0.9954359995598064,0.9944955068257192,0.9961721492747286,0.9953151298325947,0.17991427671213206,0.1072323246517668,0.17061913837294884,0.08568982737122172,57.159246575342465,57.22661870503597,58.758007117437714,60.80855018587359,6.654486940953124,6.708381112311141,6.692805124699417,6.755187661468537,1642.0003254597477,1510.9810180632476,1589.3400159572448,1387.2254287530582,469.92859163890967,473.6814055949483,466.5965698256098,466.8374910172611
2,8,594,1085,57,64,22,33,37.7962962962963,50.513468013468014,2.6551947748988938,705,0.50855244967484,27.500987065425246,1,0.5474654377880185,0.3766202048352851,31.409822426674364,34.23448553724738,10.63014581273465,3.6164382768728744,3.0,28.24517755739232,27.044831232803443,60.65979088074195,140.78174593052023,0.8425531914893617,1,4.105882496573031,67.75294288713485,0.027450980618596077,0.0705882366746664,0.6709644754032714,0.125490203499794,0.42352941632270813,0.033932913194818434,0.11406219341268493,0.09019608050584793,0.0117647061124444,0.0117647061124444,0.023876396273490412,0.09075018100362696,0.1882352977991104,37.380042841090905,51.039705971318604,0.0,37.7962962962963,50.513468013468014,0,38.0,54.0,0.0,8,8,0.0026963595849320283,0.0015922540066765543,0.002608310249307479,0.0037276600810511795,268.0628930817611,477.685968819599,293.9768421052631,483.6258351893095,0.7481275456409393,0.5363320256261983,0.7242638803792788,0.5586985308335217,4.962618337073401,5.368202124021625,5.043984864300274,5.373660688180353,0.0002936848329022918,0.00019392695150933327,0.0002641813869347484,0.00019856869344768544,9.24955045489297,9.463426820842226,9.198784697056052,9.164719882136739,-0.4413390709197654,-0.4198442881810949,-0.4507922206537246,-0.44939715127298835,0.9973412189649005,0.9967213862926517,0.9976311038673252,0.9975315562209873,0.12232331374962355,0.07027682453507784,0.13122960320541266,0.12743963223802662,67.86582809224319,70.10467706013361,67.19368421052631,68.39643652561247,6.861493146240553,6.935133285316457,6.836747638351765,6.800167261920983,1860.4977211696096,1582.7796885928174,1838.3288022160668,1708.1902768339442,532.1401535628422,515.1164143531028,533.0764110803325,547.9540280058127
2,9,625,1240,120,84,89,44,102.2576,62.4608,1.9988847392248115,728,0.7996541054581159,28.209479177387816,1,0.5040322580645161,0.5002789707563682,38.568908967394,41.78516483155236,10.63014581273465,3.7628859550707756,3.1622776601683795,25.27394653671753,23.15912240705323,-23.640058478241947,125.29646455628165,0.8585164835164835,1,4.917647171765566,74.243139045313,0.03529411926865578,0.07058823853731155,0.2556212735554122,0.24313725531101227,0.45098039507865906,0.04639289784684496,0.1187890224725008,0.10196078568696976,0.007843137718737125,0.007843137718737125,0.048349761047364825,0.0899945254589972,0.18431372940540314,102.4989964126848,62.37671666373771,0.0,102.2576,62.4608,0,102.0,56.0,0.0,9,9,0.0020362574797180705,0.001461741721481983,0.0016380952380952397,0.0016589773164167644,368.1224899598393,723.3874458874459,388.3028571428572,438.13529411764705,0.6471748369252888,0.32640734163673374,0.6283282737097409,0.5688640358182272,5.133793662912028,5.590665613477075,5.212961714339755,5.249488588171541,0.00024916291960386244,0.00015509056713096427,0.00020977159789797804,0.00022178998199265688,9.342654160113124,9.545939057617048,9.53577858299595,9.466995587808778,-0.45915255978919295,-0.43227839513449573,-0.43142807181295106,-0.4382496552769192,0.9980890807784988,0.9974102218998601,0.9973610278280424,0.9975337687711956,0.13307341038633688,0.055702545603175634,0.08285610102851934,0.11101991633266758,68.07429718875503,70.86796536796537,68.05904761904762,67.07254901960783,6.888829802748688,6.90715723846271,6.9334868911950105,6.847013309927185,1718.5908654699115,1424.4609218342985,1701.1907990929712,1594.3339523260292,521.6783388574381,536.9620919304361,522.3734140589565,508.1173116109187
2,10,588,1156,175,72,141,38,156.73979591836735,55.71258503401361,1.7149319672841903,721,0.767734919044412,27.361740666563517,1,0.5086505190311419,0.5831135106680794,37.67478204205844,37.73592452822641,10.0,3.68538177422332,3.1622776601683795,25.93838853899756,24.14077898963658,38.95723026861358,112.5685424949238,0.8155339805825242,1,7.1215688437223434,70.01960962079465,0.0784313753247261,0.047058820724487305,1.1432381654129462,0.18039216101169586,0.2705882489681244,0.07418300878877442,0.11908096874284806,0.12156862765550613,0.007843137718737125,0.007843137718737125,0.04960973899925912,0.05983182590558648,0.16862745583057404,157.37558106835885,56.66272752117384,0.0,156.73979591836735,55.71258503401361,0,157.0,60.0,0.0,10,10,0.0018289894833104705,0.0016800567107750474,0.002399829950047825,0.0020951217421124827,117.24897119341566,179.96304347826091,82.63505154639175,122.1273148148148,0.7379581021282235,0.588130894865602,0.805062830730678,0.7175109731357919,4.442639865012321,4.667869955514281,4.034916693094355,4.450896740955894,0.0005270303010194582,0.00041757648238879695,0.0009704169477334993,0.0005907939307410208,9.293521853425094,9.370657055286637,9.021519849611023,9.171814420104965,-0.37480727147387705,-0.3588446039937148,-0.41379891415432685,-0.3946938812743381,0.9931004310891615,0.9916611136461337,0.9954736740345663,0.9944862111426102,0.10231317082700384,0.058517064964885915,0.19711494442322042,0.12655343825730764,64.92386831275721,66.22391304347826,65.01443298969072,65.55787037037037,6.528843469973463,6.425581855127993,6.502357625347463,6.4433960840789855,777.6382368880086,693.9216020793947,765.1771112764382,742.5244287980113,223.7218020203561,218.4711613894135,211.95304070570705,216.16293590320652
2,11,1339,2552,94,92,50,34,72.44286781179986,62.78267363704257,3.1932767337004955,1739,0.44516025123435615,41.29004420438882,1,0.5246865203761756,0.3131579513439665,46.105029320229335,57.3149195236284,16.15549442140351,5.04996238478519,4.123105625617661,42.546416695849324,41.28479093666985,10.865089346624064,231.80003589374985,0.7699827487061529,1,5.95294136274606,147.6705924347043,0.0235294122248888,0.060784315690398216,1.9801388156501496,0.16862745583057404,0.5058823823928833,0.03068526475642299,0.11028423632166116,0.07647059112787247,0.003921568859368563,0.003921568859368563,0.03114945168243459,0.10039072234470806,0.18431372940540314,73.37122902189509,61.0336467096241,0.0,72.44286781179986,62.78267363704257,0,71.0,65.0,0.0,11,11,0.002204935691734384,0.0021583925565241743,0.0027380487338143304,0.001652687191078553,220.86600719424467,313.82294489611564,178.75911789652253,386.8754612546126,0.834874622978129,0.7688771523435349,0.867434633657557,0.7155930980399898,4.876619998445064,5.022092360982231,4.660033353622143,5.186505137609307,0.00026487049685950406,0.0002802644282329241,0.00037322848707936255,0.0002352431759213548,9.838239500467466,9.84368068419366,9.707519502051635,10.012074799879663,-0.3915635512579865,-0.3776808715404881,-0.389882065560205,-0.35980006646169216,0.9958355687911505,0.9948762062004786,0.995447704927282,0.9937962968522075,0.14279717458754448,0.1516957754823421,0.1828325889252989,0.13321420769746511,64.56924460431654,64.34688346883469,61.57506361323155,65.07656826568265,7.055133332874645,7.0419667409731375,6.9477057365110095,7.048060269415629,2454.2649893574353,2401.814631208643,2518.1612441647403,2333.7017018763354,668.7827491379203,678.9093940261891,674.2300905153154,680.1442907827368
2,12,579,1025,153,86,128,45,139.72366148531952,64.32297063903282,1.4811527665094886,644,0.8301910694746376,27.151532118863187,1,0.5648780487804878,0.6751498039980157,36.98156575308616,40.19950248448356,10.0,4.005108249542992,3.605551275463989,21.042254408409647,20.61644472637253,0.6747651333619749,103.81118318204308,0.8990683229813664,1,3.984313844703138,67.45490383170545,0.03921568766236305,0.06666666641831398,1.2158386127873304,0.12941177189350128,0.3137255012989044,0.04632923075236207,0.11650242457980216,0.10196078568696976,0.0117647061124444,0.0117647061124444,0.0364335103470779,0.08061040312026277,0.1764705926179886,140.78855881025126,63.73623627009074,0.0,139.72366148531952,64.32297063903282,0,142.0,66.0,0.0,12,12,0.001985686120430453,0.0018533013508395416,0.001829820806449094,0.0016399408184860837,256.0368763557484,332.39999999999986,125.53162055335969,369.5798687089716,0.6942800102601456,0.6085330184255859,0.8491555822523073,0.5667555296291467,4.934364544541081,5.056711133917459,4.498326288406336,5.197873709281493,0.0003245741089358309,0.00024964093968558296,0.0004961234101336375,0.0002188726040977811,9.288108089120001,9.302328541578346,9.420172021375812,9.436557083657,-0.45953689373441403,-0.4558570432757065,-0.43049772752765203,-0.43521489538500874,0.9980377290426746,0.9979389189513528,0.9971471165927686,0.9973706682123377,0.12598350895001703,0.04689972865253214,0.16698692752400313,0.052941248979428174,67.56832971800435,68.50337078651687,64.92292490118575,67.29540481400437,6.845643947836006,6.763351756920994,6.8956693464360885,6.844640168443891,1418.9394742166642,1365.8275167276852,1538.8537432236108,1336.5232392781381,418.7440876431035,424.55687918192166,416.096340944242,426.52577699677795
2,13,666,1254,136,93,98,60,120.38138138138139,75.79729729729729,1.7488914490417322,775,0.4445641532808361,29.120053859730724,1,0.5311004784688995,0.5717907766933897,32.75316112773925,37.656340767525464,11.661903789690601,4.265716012387088,3.605551275463989,28.984923315851287,29.338546288882437,61.939148622310796,120.9827560572969,0.8593548387096774,1,3.1176471589133143,70.39608022104949,0.0235294122248888,0.06274509988725185,2.048666865091901,0.10588235408067703,0.37254902720451355,0.029977376528012637,0.10569982015172595,0.08235294371843338,0.007843137718737125,0.007843137718737125,0.024586115641978597,0.08872762647187699,0.1764705926179886,118.79705865106293,74.49846805127542,0.0,120.38138138138139,75.79729729729729,0,114.0,73.0,0.0,13,13,0.0026974246692894246,0.0018116950857770796,0.0025381537619413768,0.002448532371312293,265.0248667850799,389.36416184971097,264.4657039711191,459.4826254826255,0.7470267480817252,0.6214708491663283,0.7494857666723367,0.5600421008532755,4.948144042667749,5.216885581092708,4.883457711635284,5.363649110490635,0.00035411058807976624,0.00024684795103040137,0.00036176287965509183,0.00019204698786624472,9.285971194800032,9.4866848402635,9.29701845890973,9.368745010109802,-0.4390395152091816,-0.42434132690437176,-0.4462304227670076,-0.4428159291559477,0.9973023839064245,0.9969765623827872,0.9975993302828501,0.9975710736216991,0.13273788703361095,0.09788871966420284,0.14618558768824524,0.09983013892627134,60.45293072824156,62.177263969171484,61.00361010830325,64.15057915057915,6.8088381663224755,6.848221251946859,6.8571390029438755,6.917645371019872,1830.254889279393,1667.8837990651941,1846.916954476143,1629.2746232167083,523.8199390161183,514.3119902287264,527.8456646118156,522.1893121748335
2,14,564,875,170,96,135,71,153.60106382978722,83.71808510638297,1.4173157072551916,616,0.755033465291946,26.797520467958073,1,0.6445714285714286,0.7055591036499727,33.65910287241968,34.713109915419565,10.770329614269007,4.075252759771984,3.605551275463989,22.201012493852897,22.06981114227211,-67.29908866119442,100.22539674441617,0.9155844155844156,1,4.819608009420335,71.75294310040772,0.05098039284348488,0.07450981065630913,3.145581932045736,0.1725490242242813,0.3686274588108063,0.05877570743195531,0.12722153031987185,0.125490203499794,0.007843137718737125,0.007843137718737125,0.04239390041200947,0.08562782803490013,0.20000000298023224,156.720828540339,83.3158987789073,0.0,153.60106382978722,83.71808510638297,0,156.0,92.0,0.0,14,14,0.0027448603237483775,0.003915998003608864,0.0034144612476370486,0.002042151128594351,263.79545454545456,320.1170960187353,212.49565217391307,339.9522776572669,0.7268079010120636,0.6671692053669859,0.7760042716333837,0.6395581838429619,4.95534767227047,5.032395630286119,4.755093811389502,5.164686308876836,0.00031068787401372156,0.00031774530011948073,0.00039053982583560663,0.0002416076698354895,9.214222561767688,9.052040165709075,9.130513372671365,9.330004656905775,-0.47318964168014466,-0.4981429286114857,-0.48816218468709077,-0.4552353387874347,0.9983445290693626,0.9987658531569427,0.9986243389401765,0.9979525198502748,0.11636670132417068,0.1599715040704299,0.14348310562659253,0.08814730272369486,69.7913223140496,71.53161592505853,71.36521739130436,70.45553145336225,6.773960794700791,6.708115496881488,6.7509248485593085,6.769322511901383,1667.4130651936339,1603.4855343911295,1684.823137996219,1546.3564824182085,482.802129934772,480.90065760246625,474.3296975425335,471.57719001886835
2,15,1087,1551,67,95,20,62,41.01287948482061,79.05335786568537,1.8673619241674062,1215,0.7550481468945822,37.202303492218356,1,0.7008381689232753,0.5355148281958605,46.92982326882716,52.80151512977634,13.92838827718412,5.212553757473848,4.47213595499958,32.0,30.770446694725386,65.55080978736245,159.71067811865476,0.8946502057613168,1,4.235294250305742,140.12941549811512,0.019607843831181526,0.09019608050584793,3.610785367644039,0.12156862765550613,0.5568627715110779,0.03003754787450881,0.12891390570203784,0.11372549086809158,0.003921568859368563,0.003921568859368563,0.027618654484918806,0.1188277382415854,0.20000000298023224,37.65494082423978,80.38076847396336,0.0,41.01287948482061,79.05335786568537,0,34.0,83.0,0.0,15,15,0.003123766828612032,0.0025356317728600962,0.004241762386770579,0.002396140573580321,248.957600827301,510.5368763557486,281.33475026567487,477.25750577367205,0.8677263800588231,0.7297753793112606,0.8511853712846154,0.7513580626032234,4.8779754906441255,5.399888096057936,4.9450595150619545,5.354876307925862,0.0002875453909257381,0.00017101853038889035,0.00027917997975803024,0.00019189519675646104,9.651419484245755,9.837736865235357,9.562958183192158,9.81502808004118,-0.44888768029032383,-0.42808808364803486,-0.46556717205005504,-0.44652403806553176,0.9981235949808932,0.9976428599245651,0.9984897003474081,0.9982262043801258,0.16670056315314022,0.13469210100240728,0.18688759464428575,0.1441537596980829,71.46639089968976,74.3524945770065,72.94155154091392,76.41685912240185,7.156457446797247,7.186218547032503,7.155128190563009,7.244433304187752,3515.3243616383043,3268.074229135006,3499.674585903028,3361.65648251364,941.070490616401,944.6527763726872,945.2523340421765,959.7284970718276
2,16,1063,1664,196,105,164,53,178.7403574788335,81.00470366886171,1.605989110415561,1210,0.8588137252322372,36.78931415579092,1,0.6388221153846154,0.6226692282746817,53.1898887519137,53.45091205957107,12.0,4.900551426840972,4.47213595499958,28.686959486190485,27.248541231018557,8.557490249527444,146.46803743153546,0.8785123966942149,1,8.90196105837822,156.83529848232865,0.0941176488995552,0.047058820724487305,3.2508760782174106,0.1764705926179886,0.42352941632270813,0.07009418156203323,0.14754026197773157,0.1411764770746231,0.01568627543747425,0.01568627543747425,0.04144064173660922,0.07924976089724935,0.1882352977991104,178.70809891462616,84.25541969167291,0.0,178.7403574788335,81.00470366886171,0,183.0,93.0,0.0,16,16,0.0010276536650163023,0.0010604721626057316,0.0009731092897672761,0.0009261763115197418,201.6241758241758,265.4011235955056,183.94659685863877,368.35348837209295,0.7452761384418787,0.6707782277369027,0.7710869029381441,0.536052058089608,4.845593386395076,5.032646712270893,4.79521309025529,5.269037029822938,0.00030048616090972005,0.00024567173687568166,0.00030123307284136205,0.00019190485929764347,10.144498837808223,10.186322797198738,10.211677417735261,10.236690829167678,-0.3494860199492888,-0.3424722298175905,-0.3387840350235066,-0.3371429879441825,0.9931656410704912,0.9925439727341093,0.9922054288960905,0.9920941231261438,0.09290902056663065,0.09398222561094391,0.0899984892976061,0.05958989214694613,80.79340659340659,81.13595505617977,79.23664921465969,82.23255813953489,7.012759762158787,6.987472986171053,7.03842928178675,6.937331667464841,1381.4562202632542,1346.892752177755,1423.1837877251164,1219.5552190373173,395.7700990218573,403.07346894331477,401.78259614593867,396.97717685235284
2,17,640,1320,132,111,88,81,106.7421875,93.3359375,1.9327243598060975,773,0.7248542640211575,28.54598585844434,1,0.48484848484848486,0.5174043545973239,36.67805335591471,44.64302857109943,11.180339887498949,4.01528645379137,3.605551275463989,25.4911749434976,25.26759310650054,69.39778551666934,124.67514421272202,0.8279430789133247,1,5.270588411949575,77.52157049346715,0.0235294122248888,0.08235294185578823,3.739766514368082,0.19607843458652496,0.48627451062202454,0.04925783562569696,0.12112745389604243,0.10196078568696976,0.007843137718737125,0.007843137718737125,0.04682667686950614,0.10079722538655438,0.1921568661928177,108.07754956605893,96.82916834472235,0.0,106.7421875,93.3359375,0,104.0,99.0,0.0,17,17,0.003566529492455418,0.00274045568760349,0.00412750244140625,0.0038032544642062336,296.55185185185184,478.48919449901763,281.251953125,432.52742616033754,0.7881312991597224,0.6578837056701964,0.7954446757314637,0.6807499313822093,4.81447752792192,5.241129785164992,4.853200733709135,5.016073853907388,0.0003630507544581621,0.00024672907700680496,0.00032088769531249997,0.0003226901671740639,9.077094177189485,9.21671973473707,9.013569765120337,9.006288921543884,-0.4973607164748292,-0.48789587173739063,-0.5239341776991652,-0.519574664027567,0.9987708262249234,0.9986932752925299,0.9991678688989715,0.9991011980271888,0.14781104870266815,0.10611452265225493,0.17767945289662734,0.17960094921241634,66.08518518518518,67.31434184675834,70.017578125,71.43459915611814,6.86668260160576,6.891261018047817,6.843866128555293,6.850285721119571,2502.840891632374,2318.7420536434556,2468.6344566345215,2277.1191404511383,699.8481858710561,699.3078120356176,687.4716024398804,677.4116416528698
2,18,419,720,64,117,34,93,49.16706443914081,103.62052505966587,1.885328382597185,503,0.7595331128056412,23.09734550211416,1,0.5819444444444445,0.5304115766943598,29.808903748850163,35.22782990761707,8.602325267042627,3.2983493260780747,3.0,21.920310216782973,19.38975705684971,58.05934523279469,99.6335136523794,0.8330019880715706,1,6.75294139329344,41.14509917329997,0.01568627543747425,0.02745098154991865,4.658024048969695,0.2980392277240753,0.4156862795352936,0.07587574599206112,0.09819832738257749,0.03921568766236305,0.007843137718737125,0.007843137718737125,0.09742677711566768,0.10855508913947415,0.1725490242242813,44.98322531037407,105.66812809379635,0.0,49.16706443914081,103.62052505966587,0,43.0,106.0,0.0,18,18,0.007246130438847757,0.009486390532544381,0.011596479907228167,0.005376063808990084,223.81924198250732,224.3692307692308,253.2415902140673,675.0830324909748,0.854411326667429,0.8569051820611812,0.8384766683470645,0.5484198579868617,4.613256747697774,4.559776305971823,4.703748205783457,5.386212827475687,0.0005234544602151366,0.0005682110682775844,0.0004986856551947234,0.00022118220201089748,8.10909375785167,7.968956683480943,7.828569003066979,8.145835216963906,-0.5201659691350591,-0.5523174835662684,-0.5724720249805326,-0.5389897816415143,0.9983268553100781,0.9988559513119087,0.9990618077064884,0.9987725153395248,0.17759029391527897,0.2436995903923198,0.2281691951609863,0.08482930123705182,51.10787172011662,52.683076923076925,52.776758409785934,53.1985559566787,6.226465052561467,6.170194975326294,6.272668359135451,6.373677266305045,2850.8600838086163,2911.58263668639,2882.4241693086074,2314.7872903335106,768.6698314477809,783.9879668639052,783.9164398806685,747.4675807061213
2,19,367,529,131,121,108,98,120.59945504087193,109.77111716621253,1.1745076723066832,388,0.4455475987704438,21.616635097022034,1,0.6937618147448015,0.8514205769605936,23.368347306250914,23.40939982143925,9.0,3.5787042620490803,3.1622776601683795,20.506096654409877,20.920705754420602,-60.3215449477297,73.59797974644667,0.9458762886597938,1,6.047059006989002,53.20784457027912,0.11372549086809158,0.0313725471496582,0.6575312705329306,0.18431372940540314,0.26274511218070984,0.0975332097901452,0.1449805029162919,0.1411764770746231,0.062745101749897,0.062745101749897,0.030027160632589204,0.04346419170919188,0.1764705926179886,120.42047465912951,109.13841392244024,0.0,120.59945504087193,109.77111716621253,0,116.0,106.0,0.0,19,19,0.0026845337300477634,0.0029586210737357977,0.002784879474068664,0.0026247933884297535,134.11705685618728,176.92910447761193,103.57770270270268,186.19636363636363,0.39074131704551124,0.1796506327827775,0.5409863080089622,0.17970090782772058,4.504390905434595,4.675358197931968,4.277862275159139,4.653158322137767,0.000524780189286721,0.0004557227933564629,0.0006625719402185312,0.0004221424690440102,8.736816756136571,8.587416755699767,8.67851243489898,8.699580353835103,-0.3495564675248346,-0.37150940708593705,-0.36079274817872137,-0.36179116898569635,0.987571336766126,0.9900108357047619,0.9889788238266207,0.9892222489700535,0.09270526849453545,0.1173779626972859,0.0852539273776446,0.07107178173984231,77.0334448160535,76.48880597014924,77.29391891891893,78.82181818181817,5.931126215152841,5.829329574563542,5.9384009018332025,5.760584624408109,306.1460386349163,254.42151648474191,347.7278008582889,267.7755239669432,110.06577387277594,107.83765524058867,112.82637589024876,113.49297190082598
2,20,481,1406,64,133,27,95,45.056133056133056,115.4074844074844,2.6115492534371985,719,0.912949636349645,24.747287144606645,1,0.34210526315789475,0.38291447066673046,48.20675902911913,43.829214001622255,7.211102550927978,2.7980152500743287,2.23606797749979,22.2,19.671840638108648,46.143373783843955,125.63961030678928,0.6689847009735744,1,12.227451375685632,65.50980590377003,0.0235294122248888,0.0803921576589346,3.509959855921994,0.2980392277240753,0.42352941632270813,0.11427524650173489,0.13619502266896055,0.10000000149011612,0.007843137718737125,0.007843137718737125,0.10701241200406193,0.11708354864943119,0.24215686321258545,41.868542342153305,113.938102350178,0.0,45.056133056133056,115.4074844074844,0,42.0,114.0,0.0,20,20,0.003735961840357445,0.0023407509128928567,0.003859401737648813,0.004205920030835853,243.62087912087912,535.9748603351954,250.41463414634148,252.07744107744105,0.8637185136503809,0.7064396499992114,0.8614974595459847,0.8432201913478065,4.806238940562136,5.4030419715928515,4.8997014877778575,4.8134359338629205,0.00037449220325934537,0.00016493943727478543,0.0003201698497752133,0.00038500545350601947,8.688349774883221,8.98263371580459,8.697482122979432,8.45910874711899,-0.5505157724746649,-0.5393644434173229,-0.5586246957008671,-0.5621427034064731,0.9993193737537321,0.9993423238211782,0.999409480543967,0.9993292638440715,0.1557431700253882,0.057306352237008265,0.16135062419385626,0.14134940795861176,70.36813186813187,79.81843575418995,73.36856368563686,63.511784511784505,6.617123578710426,7.0347412066523525,6.779390601477096,6.412830452460133,3331.63920420239,3115.573179676039,3365.6148383164073,2963.6101304855515,893.8150208308173,912.88701000281,904.0073681156869,803.9218928907482
2,21,401,825,48,135,23,102,31.865336658354114,120.37406483790524,2.4686106492855617,512,0.8404300641146275,22.595775212167435,1,0.4860606060606061,0.4050861565753227,33.36722697037692,36.61966684720111,7.211102550927978,2.7184231733408613,2.23606797749979,21.149302438391988,18.082368284210403,22.784949609276747,111.53300858899107,0.783203125,1,7.6705884905532,55.9254919718951,0.03529411926865578,0.09411764703691006,3.0376741060888413,0.29411765933036804,0.34117648005485535,0.0774806918237697,0.13946506726158378,0.11764705926179886,0.007843137718737125,0.007843137718737125,0.08632507686274254,0.10495314644199007,0.24313725531101227,32.33581095154545,117.3730453587534,0.0,31.865336658354114,120.37406483790524,0,34.0,113.0,0.0,21,21,0.0041765005321856615,0.0024023329607790246,0.002239480604865219,0.0023947547895095786,276.33673469387753,473.6774193548387,222.88141025641025,497.96062992125985,0.8071675095642562,0.6359965229281913,0.8355283332223835,0.6444454724785912,4.847601606918959,5.239083317465692,4.827171834144969,5.333853223678618,0.0004303989403711111,0.00021845860352545318,0.00037540463130498087,0.00020447070852819382,8.49362883708914,8.825681661268288,8.964123914511195,8.77705127140932,-0.5812894728004874,-0.549993033744067,-0.5236075484399911,-0.5471150105981166,0.9995254356948784,0.9993814085855931,0.9991334816028151,0.9993266089338354,0.16601701699655366,0.08137057746644955,0.09908948140805621,0.050627062833787456,77.85374149659863,86.8100358422939,80.28525641025641,79.5275590551181,6.598952295646686,6.69614879074806,6.894889159680149,6.768006070686919,2589.743914572633,2128.920902866099,2487.389782626562,2303.076012152026,716.5201623166281,650.649580555234,677.567798220744,700.2591605183225
2,22,375,506,101,150,78,128,88.57866666666666,138.81333333333333,1.0982806299122672,397,0.6215841089579196,21.850968611841584,1,0.741106719367589,0.910514100644643,24.839332409770478,24.20743687382041,9.0,3.724420086748351,3.1622776601683795,19.43335206323894,19.457827196650303,-57.33762298345264,71.94112549695427,0.9445843828715366,1,5.294117793440819,60.321570351719856,0.11372549086809158,0.0313725546002388,0.6410426070245177,0.11372549086809158,0.40784314274787903,0.0853889966684003,0.1608575209379196,0.1411764770746231,0.062745101749897,0.062745101749897,0.011625132908006597,0.07300408434652383,0.18039216101169586,89.18417629805333,139.02379404301277,0.0,88.57866666666666,138.81333333333333,0,91.0,140.0,0.0,22,22,0.0023204994797086376,0.002267125992293134,0.0022267076765346656,0.0022123360339506163,268.28387096774196,562.4686346863468,381.65359477124184,490.3402777777778,0.6326889467725169,0.26413770008613696,0.4711738412761347,0.3502436707013401,4.857352610638907,5.304620123382279,5.043804351832923,5.2996055662204355,0.0003463417972114272,0.00022377041301853653,0.00028074555893526623,0.00018303308977912164,8.897788235870548,8.867150286717376,8.94734110092492,8.908589367739223,-0.44808737861165654,-0.45805305382831646,-0.438541232668624,-0.45320488003595816,0.9970614394877811,0.9974201761256657,0.9967113774428683,0.997293655129171,0.12090501804042242,0.03928319198701769,0.06639433245207359,0.06184896694835149,87.57419354838709,89.50184501845018,88.41176470588236,89.3125,6.38956252517765,6.307854602518057,6.395433133367099,6.300525733770819,1192.5154630593133,966.2647567435097,1061.7454825067261,1018.96484375,365.1998335067635,382.1833478574649,360.8497693194922,377.326280381943
2,23,482,918,69,160,42,126,56.058091286307054,142.4232365145228,2.1892917239835916,614,0.5893677642256987,24.77299861870477,1,0.5250544662309368,0.4567687298339665,29.067123579958775,33.734255586866,9.433981132056603,3.3899848458245505,2.914213562373095,23.10819483549593,23.482307837900056,33.97423833368631,115.1543289325507,0.7850162866449512,1,4.9529413264244795,63.21960941515863,0.03529411926865578,0.07450980693101883,2.6527950625994214,0.10196078568696976,0.501960813999176,0.04855824829827921,0.13116101538414654,0.10980392247438431,0.0117647061124444,0.0117647061124444,0.03110247199445073,0.1041240983987242,0.1921568661928177,58.607530542942804,143.1565039424619,0.0,56.058091286307054,142.4232365145228,0,61.0,145.0,0.0,23,23,0.0020674054979032165,0.0018752593443774122,0.0022667045552170534,0.002137409801306385,410.0948509485095,663.2288135593221,369.1131105398457,735.53216374269,0.7199790562968602,0.5606660009319011,0.7558164409517713,0.5281556030027045,5.248368561770974,5.572659441879058,5.110068978227674,5.643437721899754,0.00018659444778881088,0.00013389767038136181,0.0002341123586215872,0.0001258786792664088,9.153116665986094,9.187889307120692,9.087038933635181,9.097119811752247,-0.5272752027993781,-0.5232073500373213,-0.5295075833779203,-0.5322108304296653,0.9992876322377876,0.9992556959258894,0.9992805805601866,0.9993176167998988,0.09453729935178604,0.07582229390061897,0.12204334651348595,0.06763402791380771,78.76151761517616,79.11581920903956,75.1388174807198,79.86549707602339,6.936102812849644,6.912562393645402,6.896436679243909,6.910671496604332,2518.9349960708278,2356.017659357144,2654.129829964114,2382.1573475599334,732.2574617548339,754.8116182291169,755.8107351259903,779.4223778256558
2,24,811,1276,52,177,23,133,37.49321824907521,152.09371146732428,2.0773830698276705,926,0.8569541645883708,32.13405157741889,1,0.6355799373040752,0.4813748675072022,46.03976774861182,45.69463863518345,11.180339887498949,4.158791267777209,3.605551275463989,23.211917272131483,23.72855683877524,21.73658396818479,145.5035713374682,0.8758099352051836,1,2.5882353810593486,71.74510021880269,0.019607843831181526,0.011764707043766975,0.3220342864309945,0.125490203499794,0.3843137323856354,0.020541550643328164,0.08846498177410936,0.027450980618596077,0.007843137718737125,0.007843137718737125,0.012454403594246044,0.10739463806310809,0.13725490868091583,37.2023503692688,152.2319213010339,0.0,37.49321824907521,152.09371146732428,0,39.0,155.0,0.0,24,24,0.009062934799466838,0.005485417229273564,0.009248793135526921,0.008850150336614895,392.44077961019485,450.0791925465838,254.31258840169733,775.0754414125199,0.764392878630245,0.7313863924406889,0.8422591726376698,0.5508218320438718,4.853749251217778,4.98895457436595,4.459619540140279,5.346103817925823,0.0005617828884197606,0.00048405497713593454,0.0007290286555836865,0.00039569539791154616,8.36726065190982,8.767016215410457,8.26671552291161,8.59547697831638,-0.45361807308512664,-0.40361648278840806,-0.4508883728720645,-0.43332595303817795,0.9963029770644364,0.9940438157979493,0.9959269823424096,0.9956857382067197,0.24651875832021655,0.19886478071807046,0.2663466480530702,0.217368196357486,52.548725637181406,53.920807453416145,50.14002828854314,55.26163723916533,6.381587599934814,6.473750063513311,6.278847650218436,6.603568577088547,2938.8743124689527,2901.048076366653,2970.123249221265,2676.006987367602,832.8287730197869,837.7818172283087,806.1089594057406,862.7706071950304
2,25,679,1073,190,184,153,155,168.39175257731958,168.31664212076583,1.6745420701343747,810,0.6130185793883303,29.40288507740653,1,0.6328052190121156,0.5971781884940963,33.88817143011483,39.0,12.36931687685298,4.466303369699339,4.0,27.246145333424433,26.77397648284881,77.59048441493192,119.53300858899105,0.8382716049382716,1,2.8588236197829247,70.93333523720503,0.01568627543747425,0.033333334140479565,3.4996155530721005,0.11764705926179886,0.5529412031173706,0.026970034148895514,0.10446735675582479,0.045098040252923965,0.007843137718737125,0.007843137718737125,0.02955178394081067,0.11460807086804488,0.18039216101169586,169.2026205170737,164.91226226481805,0.0,168.39175257731958,168.31664212076583,0,171.0,161.0,0.0,25,25,0.006216654175097237,0.003912894375857338,0.007194133108510207,0.00491131098240143,403.59380378657494,895.5370370370371,451.7024647887324,511.1026119402984,0.7761107277830653,0.5164104925448686,0.7518624406199732,0.7160879979947125,5.017585134487887,5.553918302317645,4.997305781614196,5.161624765458287,0.00029573809443465707,0.00019055813658589433,0.00031139899304575696,0.0002399936526276471,8.788205826610062,9.05489918048601,8.63902048416084,8.85285384611491,-0.48129813721542525,-0.4617276170604522,-0.5070429755126535,-0.4743894680480716,0.9980933495648848,0.997818822621828,0.9985847717070117,0.9979659564722485,0.1829921335313639,0.1507402147156245,0.18636046688736388,0.1437048220465582,59.45955249569708,62.42592592592592,59.65316901408451,60.147388059701484,6.601202530490457,6.785460857760226,6.639173217175763,6.62679340926288,3201.7044741543,2808.1704389574766,3189.0399195348145,3089.327157356873,901.3245694852191,925.9268689986285,910.1855960808866,900.1074423242927
2,26,823,1258,80,199,43,165,61.80923450789793,182.86148238153098,1.9787423232817984,941,0.6044589015383123,32.37091511398834,1,0.6542130365659777,0.5053715121135492,37.43270285801097,40.22437072223753,12.0,4.325408840043224,4.0,30.895486532548755,29.820250887588458,51.57928926564812,143.05382386916236,0.8746014877789585,1,2.5725490944460034,74.27451176941395,0.019607843831181526,0.03137254994362593,3.21239653480662,0.11372549086809158,0.3333333432674408,0.023386809949509122,0.09024849546708864,0.04313725605607033,0.007843137718737125,0.007843137718737125,0.02182109451377275,0.08601778042738377,0.16470588743686676,63.512988379968625,185.58484688894487,0.0,61.80923450789793,182.86148238153098,0,66.0,192.0,0.0,26,26,0.007306625334625638,0.004853953052151255,0.006024780354075836,0.004837880067157732,190.22901849217638,358.3813813813814,182.2658045977011,292.5218068535826,0.8096670144892746,0.6473451455536259,0.8193433053971135,0.7173727826716233,4.614006032946007,5.01308443221026,4.590960644087498,4.905402364895699,0.0005950402143893426,0.00043444796391361085,0.0005961447275653501,0.0004539115314009462,8.826757440379486,9.088258384933548,8.84128746899653,9.032031498496915,-0.42477086361814276,-0.38616531294667045,-0.4162352207202482,-0.39703655857026643,0.9957096446632586,0.9935214453710587,0.9951943644167839,0.9942844036801065,0.22794741089946036,0.17646739379624377,0.20444368969320512,0.1911407819575453,51.90753911806544,53.432432432432435,51.65373563218391,54.36604361370716,6.540451925726732,6.604661558988912,6.538358157812258,6.566228371784617,1808.6785064618407,1674.0952844736626,1835.5482044358569,1777.4968531943596,499.72688123850435,508.11916646376073,504.45350225838934,517.5046650119855
2,27,316,616,169,197,141,175,154.1360759493671,185.53164556962025,1.8482083606709159,389,0.6495840350324082,20.0585068271871,1,0.512987012987013,0.5410645364881864,24.455602478815248,27.459060435491963,7.810249675906654,2.9546237711193637,2.23606797749979,19.78763658949074,18.593345140769763,85.9499995039603,85.66904755831214,0.8123393316195373,1,3.807843232527375,26.239216460846364,0.0117647061124444,0.01960784289985895,4.078967161566253,0.2666666805744171,0.4000000059604645,0.05288671156288021,0.08303549512926064,0.027450980618596077,0.007843137718737125,0.007843137718737125,0.07351995183650879,0.09938011736126011,0.13333334028720856,155.11074577496174,189.49245253742507,0.0,154.1360759493671,185.53164556962025,0,155.0,191.0,0.0,27,27,0.011620158267388585,0.00996400490659374,0.009461294703485744,0.005927528393726339,307.39591836734695,573.1793721973095,322.81702127659577,614.1023255813953,0.7840018677639249,0.5420515322779901,0.7557184741249912,0.5718143665718933,4.597880711289488,4.980162927190539,4.771764130436331,5.154067626227789,0.0006039931597608983,0.00042720753762231703,0.0004347325726540253,0.0003545791936303557,7.452326222138672,7.5413309815685174,7.542596881477456,7.918048503480011,-0.5691213483569459,-0.5144952358747129,-0.5679763828452141,-0.5425244890347284,0.9986674960452329,0.997302912724055,0.9987387872447882,0.9986221341287257,0.2544399035233805,0.19476568737271052,0.16061150658640283,0.1752812363410465,46.587755102040816,42.08520179372198,45.62553191489362,51.37674418604651,5.903135562382502,5.887851693156156,5.998688940209934,6.167628626232435,2538.88719700125,1930.0689738382027,2320.1746672702584,2254.290621957816,711.5707788421491,625.812086508878,660.7479221367137,717.0982368848025
3,1,425,840,72,30,44,0,55.43058823529412,9.785882352941176,2.1330789464757305,557,0.8268427610052509,23.26213245840639,1,0.5059523809523809,0.4688059022157611,35.115654977366674,38.28837943815329,8.06225774829855,3.0856418949721656,2.8284271247461903,23.0,19.750208454293645,-43.68528535828285,106.73401871576773,0.7630161579892281,1,1.6392157459631562,31.803922347258776,0.01568627543747425,0.0352941183373332,1.4505133391294507,0.0784313753247261,0.24705882370471954,0.020749566404596916,0.0748327584641383,0.04313725605607033,0.003921568859368563,0.003921568859368563,0.017517262915491945,0.07241369525442688,0.13333334028720856,55.302219482462775,8.341060422636616,0.0,55.43058823529412,9.785882352941176,0,56.0,7.0,0.0,1,1,0.005741094002427873,0.004866061483626645,0.00732594281890305,0.004969775650127799,193.65256797583083,388.6753731343283,180.1721068249258,333.93630573248413,0.7323804415967564,0.497576264621451,0.759271481020733,0.5562566364832943,4.6482770800712245,5.0746674981733975,4.563521718507795,5.042696800506919,0.0006250954626589299,0.0003806505311595009,0.0006810953548888779,0.000348872783251856,8.379118360706766,8.345734293262575,8.237365287067895,8.527971420321137,-0.49278758944244994,-0.5161237459476714,-0.4928738475418903,-0.4631333264958788,0.99791139264068,0.9984936138298749,0.9977111724131204,0.9970662433899011,0.2096217612413504,0.16182794753692537,0.21642766091106863,0.1431546003312212,45.815709969788514,50.003731343283576,43.65578635014837,46.77070063694267,6.435319306908205,6.39628481974799,6.299300415658401,6.3954121390137875,1253.570266792016,1158.5261054800626,1316.718312215481,1171.1512434581527,361.8057086919614,386.8003696535977,374.22260476010183,376.2718872976592
3,2,1086,1368,114,36,76,0,95.29465930018416,18.418968692449354,1.1376922811926167,1131,0.465246056532472,37.18518717960671,1,0.793859649122807,0.8789722990400559,39.67330281890408,42.05948168962618,17.029386365926403,6.258059272425835,5.656854249492381,34.64823227814083,35.11806964166294,-49.319312420357434,124.60407640085654,0.9602122015915119,1,1.1607843628153205,97.65882625523955,0.01568627543747425,0.03137254994362593,0.9586294683895571,0.0235294122248888,0.5490196347236633,0.011492914483320005,0.08992525437867362,0.04313725605607033,0.007843137718737125,0.007843137718737125,0.003322864496736126,0.09938525341878571,0.13725490868091583,95.74476970542396,17.572581617430064,0.0,95.29465930018416,18.418968692449354,0,96.0,19.0,0.0,2,2,0.0035981381013168445,0.002232140167558116,0.0038796741200491343,0.0026281366425597186,210.74487704918036,371.9165751920966,181.2487153134636,355.6282051282052,0.8418101350818582,0.7271959978634593,0.8642187662527936,0.7371055501067737,4.739967870949372,5.216480874261913,4.6007036033669095,5.1628449563024805,0.00031197333435878415,0.00018744871786944577,0.00036072400004376446,0.00020223951291688946,9.26008507892892,9.636699914138946,9.184235291814604,9.519759043344173,-0.4008273598608454,-0.3682944034002359,-0.4150586941835697,-0.37599484408373507,0.9951692260093301,0.993527091594846,0.995918836360674,0.993892137605552,0.15067307833625332,0.11153651206828288,0.18396215605509628,0.12386486381347646,50.28995901639344,53.19648737650933,50.389516957862284,52.01068376068376,6.706003062567532,6.838234551854409,6.7118706197709574,6.767305567570528,2453.7099811458615,2354.7045321181167,2488.4680093247384,2349.8545867119587,666.1137145487603,681.6552768275536,667.4291811595499,676.370697960041
3,3,276,486,152,37,125,19,137.69202898550725,28.36231884057971,1.5472255588308534,314,0.8090506578998966,18.746042631630413,1,0.5679012345679012,0.6463181753251548,25.5464880458119,26.476404589747453,7.0,2.785021071869384,2.23606797749979,15.493174675916539,15.014665182326647,78.98677442142505,73.25483399593904,0.8789808917197452,1,1.9254902666434646,15.152941649779677,0.0117647061124444,0.015686274506151676,2.8511307550940366,0.1568627506494522,0.20392157137393951,0.03209150444405774,0.05490196249920173,0.0235294122248888,0.007843137718737125,0.007843137718737125,0.04075723026273581,0.05677497776422532,0.08627451211214066,139.66770185985914,30.417960656702657,0.0,137.69202898550725,28.36231884057971,0,139.0,31.0,0.0,3,3,0.011126033057851238,0.007587113740959895,0.009520987399829935,0.010595918367346939,152.5090909090909,203.9025641025641,114.48223350253807,264.04571428571427,0.6614541386450018,0.5473290167430978,0.7471810353782531,0.43110210600000703,4.428462274616249,4.636185758459685,4.198893821844194,4.596779049084897,0.0008813318465734398,0.0006229998485660235,0.001063143161686932,0.0009421146315414745,7.484581534237478,7.633421704987257,7.539249135338652,7.422288421315024,-0.4591205204746823,-0.442166140450949,-0.44966683558427983,-0.45761205018883766,0.9942032456343948,0.993415903749005,0.9936761538251173,0.9938685473193336,0.20993561906585034,0.1455667893255785,0.23171138732773364,0.21654078784325737,31.672727272727276,31.92307692307692,31.497461928934012,32.05714285714286,5.724639862148379,5.661984509305912,5.691779367209832,5.743358127482779,748.4565289256198,696.9838264299805,791.1636991419513,664.2253061224487,225.2414049586776,225.2215976331361,226.41148316112245,232.0677551020408
3,4,399,572,154,54,128,32,140.11528822055138,42.53884711779449,1.6084927642519038,505,0.6575705109148977,22.539356209735228,1,0.6975524475524476,0.621700030130438,27.433167906547677,30.610455730027933,8.54400374531753,3.340363326333873,3.0,20.674173414771385,20.66795686390185,78.00096284030742,89.80508652763321,0.7900990099009901,1,2.3725491017103195,25.000000778585672,0.019607843831181526,0.029411766212433577,1.77891261256568,0.14509804546833038,0.21568627655506134,0.030032267110257208,0.06265664355535257,0.04313725605607033,0.007843137718737125,0.007843137718737125,0.036043916507942246,0.05121415272170458,0.09803921729326248,139.16705883064637,41.033725492388214,0.0,140.11528822055138,42.53884711779449,0,141.0,40.0,0.0,4,4,0.0041973583330907095,0.0027620097579283153,0.0038660947964453815,0.003414615073831277,87.52959501557632,171.1335616438356,72.02208201892743,144.42599277978337,0.750156586060033,0.5154098676535326,0.7862746988284822,0.5807140594549105,4.242688283903499,4.6744800292203745,4.1019851191655325,4.538917869271483,0.0007869582674540686,0.0004455549343024881,0.000856624245196093,0.000584813174966972,8.399364144321858,8.678168298626913,8.390430885994487,8.500709675253251,-0.42078192609471604,-0.37615368525152343,-0.4012074082731257,-0.3998136494622357,0.9942943803376889,0.99098725652708,0.9925569554050593,0.9928270207542056,0.14043122396125318,0.08216480910140561,0.13726753737163816,0.1089983744819932,36.72585669781931,37.38698630136986,34.798107255520506,37.37906137184115,6.1607680602628445,6.151888839821478,6.016210269358027,6.0055581431296385,613.146029250493,535.1687347532372,601.9466210231967,544.4880814294465,175.16890606651725,176.57557409926824,168.49217576053087,172.2285185523076
3,5,910,1260,186,62,151,26,167.68351648351648,43.20989010989011,1.119672702758444,960,0.2673191013114021,34.03891869182977,1,0.7222222222222222,0.8931181384849194,34.813089298120005,36.40054944640259,16.0,5.804278069351733,5.0,33.33974297349128,33.54617352746138,79.01440647591784,113.1543289325507,0.9479166666666666,1,1.156862797215581,91.14117919281125,0.01568627543747425,0.027450982481241226,1.0713501912918824,0.019607843831181526,0.42352941632270813,0.011804722420567152,0.10015514197012225,0.03921568766236305,0.003921568859368563,0.003921568859368563,0.0039013042685116304,0.10786371209583186,0.1764705926179886,167.99066305092614,42.18351190546953,0.0,167.68351648351648,43.20989010989011,0,167.0,38.0,0.0,5,5,0.005032048716512013,0.0025090115402538363,0.0038210687854260987,0.003220714259948571,217.8436724565757,537.4829842931938,317.68034825870643,440.1651376146789,0.8610489212459078,0.6607689964971549,0.7972300932591204,0.7246417444543538,4.778775695713113,5.459957154868882,4.980588560313922,5.2794998753255085,0.0003807359601581224,0.0001854834894840333,0.0003447318212564021,0.00023846286572008207,9.15155530056707,9.5050655223506,9.17194221014669,9.394689086197207,-0.42978950544703703,-0.3992618772551665,-0.4292292896880749,-0.40818529278064636,0.9966583921760567,0.9956279979999298,0.9966678423352979,0.995950802151055,0.18532448218462794,0.10788213106130103,0.1498799724683102,0.14409534572854213,56.73449131513647,59.42277486910994,56.89676616915422,59.16382699868938,6.709252480786614,6.823695745641746,6.690763560303914,6.833310600728951,2917.7012172970717,2631.3487483210442,2815.7269049652245,2756.870932667318,783.8862224384113,792.2079331535596,783.3518133059824,799.2590175704994
3,6,543,690,106,65,83,35,93.67219152854511,48.149171270718234,1.3626435798422047,593,0.6295683915385384,26.29389801439097,1,0.7869565217391304,0.7338676193783562,30.44481529546097,31.016124838541646,10.770329614269007,4.165800631619441,4.0,22.0,23.6539491230136,-0.5857224806675198,96.42640687119285,0.9156829679595279,1,1.317647110670805,39.24705996457487,0.0117647061124444,0.01568627543747425,1.9781538835828425,0.07058823853731155,0.3137255012989044,0.015686275127033394,0.07227819514654672,0.027450980618596077,0.003921568859368563,0.003921568859368563,0.012386317266831206,0.08005101478943032,0.125490203499794,95.61680654408953,48.51189048506051,0.0,93.67219152854511,48.149171270718234,0,94.0,48.0,0.0,6,6,0.009272324128199963,0.007090730293463076,0.010942848959588284,0.004690677314437716,211.57427937915742,360.6498800959232,218.28144989339015,428.16706443914086,0.7659407561446286,0.610955368993804,0.7526417491489444,0.5367495331008031,4.573433351661993,4.915808904456786,4.725506153397735,5.136197140247219,0.0006976352643792233,0.0004977080399609421,0.0005144252058356154,0.00036001557524928916,8.105979719208905,8.387173797690554,8.221935832329653,8.629429622231402,-0.4469057707842495,-0.42061234263504277,-0.43044800273563094,-0.39149476169346403,0.9952793355899776,0.994243934719286,0.9944839875641874,0.9924787310828413,0.22686058214492988,0.18269459775789093,0.21243456224526458,0.13988804945638816,41.73835920177383,44.02158273381294,41.57356076759062,44.44868735083533,6.1363950547395465,6.255720693598301,6.159177572979795,6.296501743705257,1596.29518045634,1493.3784310680958,1546.6198553379913,1420.366698754279,451.96736495887444,463.5070777910047,441.2253263078456,462.133440798355
3,7,995,1394,85,70,51,29,67.4572864321608,46.48643216080402,1.2048697739657659,1042,0.479781850053974,35.593164329846914,1,0.7137733142037302,0.8299652141729411,38.17733989223272,40.44749683231337,16.278820596099706,5.966971929591826,5.0990195135927845,33.0,33.49633279679948,10.647634455918828,122.74011537017762,0.95489443378119,1,1.356862798333168,81.67451207805425,0.01568627543747425,0.0196078447625041,2.3192441696106108,0.0235294122248888,0.4470588266849518,0.012680960732085682,0.08208493676186357,0.0313725508749485,0.007843137718737125,0.007843137718737125,0.0038505365771037002,0.09435606991874435,0.13725490868091583,65.83852691972244,48.14730878450704,0.0,67.4572864321608,46.48643216080402,0,62.0,51.0,0.0,7,7,0.006838204081632651,0.004970443147772946,0.00860147935457695,0.005110917790343633,187.43314285714285,326.8525564803804,187.21005586592176,373.53708133971287,0.8468099683077094,0.7364938977410972,0.8455237558960289,0.7013670670042828,4.556827093435982,4.973805081978904,4.560155125509334,5.0101454007760715,0.000499522456695344,0.00032886173381531744,0.0005022213681914751,0.00034069438555840237,8.738744087615657,9.01273590168562,8.562927407757105,8.963334490098148,-0.4032936754530598,-0.3774944547491266,-0.42255595105387134,-0.3768197165733878,0.9939309040622892,0.9924271481506683,0.9948981958014916,0.9921785669161047,0.2249997623956576,0.18018107515402626,0.23335677117066125,0.15593066366738279,46.589714285714294,48.181926278240184,45.7463687150838,48.15909090909091,6.4478185286563985,6.533080989783704,6.39450469750952,6.50691425518086,2259.6339513469384,2153.944310677087,2236.5937717299707,2128.109857546759,611.7667735510206,620.1992167893666,605.950956898973,625.411734721618
3,8,1053,1764,54,76,12,34,32.0389363722697,54.33903133903134,1.4202645546890977,1166,0.4014762507814495,36.61586050615398,1,0.5969387755102041,0.7040941750594519,38.92792746203967,43.657759905886145,15.811388300841896,5.649785308016055,5.0,34.471215613644276,35.65289888981472,45.53367112022672,137.0893577750951,0.9030874785591767,1,0.9803922027349472,75.53333550738171,0.007843137718737125,0.007843137718737125,3.1887667486425855,0.019607843831181526,0.5568627715110779,0.00837942053619613,0.07173156268507284,0.01568627543747425,0.003921568859368563,0.003921568859368563,0.0032389250807653975,0.10355160311472579,0.0941176488995552,35.18633507289573,53.8270598588235,0.0,32.0389363722697,54.33903133903134,0,40.0,54.0,0.0,8,8,0.01930035768868454,0.014109548737927101,0.017076114037813225,0.013113090108206469,270.4790096878363,480.615990990991,272.2632146709816,480.1254237288136,0.82015148313268,0.6881523787158399,0.8190667794551606,0.6903133427834264,4.361351067539756,4.894563741814835,4.493074765653594,4.84321268467525,0.0006596591874979298,0.00040123259387103623,0.0005486774560224752,0.00045472649816309614,7.8476935939714405,8.25202992929248,7.98638498542758,8.218960402658116,-0.45828103944212645,-0.4044569668175998,-0.4368592149505385,-0.4055329853943073,0.9952816246671792,0.9923492929359499,0.9942251905819481,0.992327290858679,0.3239055141442616,0.23989939259331816,0.29996132652333607,0.25506282597820795,40.82346609257266,42.51013513513514,40.93419633225458,42.43954802259887,6.045340998263848,6.22086354985742,6.041405145437642,6.157814010598308,2737.3746484813582,2601.761158540296,2737.2804595213247,2620.5921082702926,751.9634145422988,770.594287382822,752.3859185480765,775.1793829997764
3,9,196,418,91,77,69,58,82.13265306122449,67.69897959183673,2.3308992953945613,287,0.6215826148495911,15.797308339337176,1,0.4688995215311005,0.4290189636145244,20.995820971038796,21.587033144922902,5.830951894845301,2.1369407250001218,2.0,16.932136536964908,16.447047282395566,49.23501062217279,75.76955262170047,0.6829268292682927,1,2.5803922275081277,12.72156897187233,0.027450980618596077,0.0313725508749485,2.275757822281794,0.06666667014360428,0.14901961386203766,0.03739698880446562,0.06490596414220576,0.062745101749897,0.0117647061124444,0.0117647061124444,0.020169061402937373,0.03742876677470188,0.09019608050584793,83.65536374985327,69.39025893730644,0.0,82.13265306122449,67.69897959183673,0,85.0,71.0,0.0,9,9,0.005890011780023559,0.006102071005917161,0.005280000000000001,0.00628099173553719,52.63779527559055,103.02884615384615,62.440000000000005,79.07272727272728,0.7173984862921662,0.29197692234625466,0.6109753498430629,0.6234987643827425,3.8077461436067037,4.011724734552947,3.868497900146972,4.0275241717123595,0.0014553112603924079,0.0012627699388054413,0.0013987429322813946,0.001194625110709027,7.537781832390354,7.4312089489103235,7.675666984610164,7.4177233498882975,-0.4867734323266719,-0.48659311727280335,-0.4587785233272769,-0.5056050837952982,0.996076133615319,0.9957872012681365,0.9948057831503321,0.9966900810675088,0.18825056805361806,0.06140570808036304,0.12251176443893844,0.16266737655159394,38.24409448818898,41.625,39.99200000000001,36.18181818181819,5.520356640196928,5.313151920306138,5.5434826368287915,5.550239913501369,319.88529977059966,188.00360576923072,258.56793599999946,340.9669421487599,93.13077376154769,72.758112980769,80.25198399999994,105.0099173553719
3,10,282,380,71,88,52,68,60.55673758865248,78.08865248226951,1.0742120634076953,297,0.4100148592125027,18.948708441878455,1,0.7421052631578947,0.93091488549079,19.915862655949486,19.4164878389476,8.48528137423857,3.3771676457309967,3.0,17.541052550806747,18.164836961780583,32.216565912591925,61.698484809834994,0.9494949494949495,1,3.133333418518305,28.462745904922485,0.07058823853731155,0.027450978755950928,0.24671513089039773,0.07450980693101883,0.2078431397676468,0.05911949846260953,0.100931723067101,0.0941176488995552,0.0470588244497776,0.0470588244497776,0.006274929752863823,0.03653662283623779,0.125490203499794,60.4480573219424,78.31014053034004,0.0,60.55673758865248,78.08865248226951,0,60.0,79.0,0.0,10,10,0.00359733737244898,0.0038566897347174153,0.003634567901234566,0.003358501047953334,91.73660714285712,96.03921568627449,73.13333333333334,182.1758793969849,0.46639063666606445,0.4868881199680822,0.5780588673623585,-0.00998237095747132,4.153523606977638,4.237287672944025,3.976959267771396,4.564483702040202,0.0008026615996192717,0.0008353861999895583,0.001005029721079104,0.0005581827563969798,8.278118872853879,8.196743479141556,8.262583191178578,8.306198050181017,-0.3502581447192343,-0.38279578384906204,-0.35441303566346843,-0.35731449711943025,0.9850148534539468,0.9896246273860926,0.9856643879278142,0.9864293009739339,0.08253983563153561,0.12670962527817742,0.07870545122997555,0.04839471139175738,55.522321428571416,55.588235294117645,55.32888888888888,56.90954773869347,5.668404991445728,5.69991071186757,5.733216267685809,5.5404631466868945,252.0977160395414,278.3010380622841,273.5184987654329,178.57473296128865,85.95858079559957,93.58506343713998,86.6629580246913,90.18765308956847
3,11,1375,2444,199,110,152,58,176.35127272727271,79.36290909090908,1.7313140582978268,1549,0.8106101141963435,41.84141935942002,1,0.5626022913256956,0.5775959567862392,55.68848173802148,61.554853586049575,15.811388300841896,6.083865292622464,5.385164807134504,33.63341934076469,32.61040855074158,46.577050002566814,172.95941546018392,0.8876694641704326,1,1.3137255483306944,86.50196314742789,0.0117647061124444,0.01568627543747425,1.7836500555772392,0.027450980618596077,0.3764705955982208,0.009589237579056165,0.06291051865267483,0.027450980618596077,0.003921568859368563,0.003921568859368563,0.004128495415707788,0.07634498227089645,0.07549019902944565,177.1393598715925,77.76280716486856,0.0,176.35127272727271,79.36290909090908,0,177.0,83.0,0.0,11,11,0.009307162869816435,0.012596812210474873,0.007712196742213796,0.004315421537214571,134.92301392301394,194.58751027115855,126.99672667757775,273.16725978647685,0.832367569926002,0.7595245655553072,0.8419358589290057,0.6738296486569156,4.150892350096104,4.308810966952414,4.158254481596142,4.764111902899701,0.0009055533994670386,0.0008396583004448491,0.0008032204754142851,0.0005073095686105968,8.381979382939457,8.358844810210883,8.488869582510356,8.956642701083354,-0.36503991538487074,-0.3749526115858619,-0.3494010074429898,-0.291707622150849,0.9880865359480322,0.9893814427100407,0.9861583467267213,0.9762475225799057,0.29460367537860255,0.3001719573266222,0.2533440344795651,0.175740696743995,35.35544635544636,35.34511092851273,35.38461538461539,37.74199288256227,6.074082317769378,6.100495756046991,6.1089596983928125,6.216108824773158,1474.8253368400785,1423.7691482415976,1479.9044441646731,1401.8302294803766,402.43708769077324,404.58916462818905,401.72529271056277,418.74937231671345
3,12,1208,1848,42,112,0,68,21.1067880794702,88.04635761589404,1.319040114827357,1336,0.3677473345703354,39.21827851958926,1,0.6536796536796536,0.7581270567581528,41.18593507799321,45.65084884205331,17.46424919657298,6.294928170869018,5.656854249492381,37.31203874480886,38.29986150935202,85.82022158323512,141.5035713374682,0.9041916167664671,1,0.8745098523795605,75.89019820094109,0.0117647061124444,0.0117647061124444,0.8537939968633206,0.01568627543747425,0.3490196168422699,0.007878467138554598,0.06282301175574594,0.019607843831181526,0.003921568859368563,0.003921568859368563,0.0026052923292540354,0.07646672138991505,0.10196078568696976,21.797591977799442,88.54810871268702,0.0,21.1067880794702,88.04635761589404,0,17.0,89.0,0.0,12,12,0.013049400903893366,0.0076538270085002484,0.015186718213840615,0.012905283729635265,150.36363636363637,244.50682261208576,131.24096385542168,241.1812080536913,0.8119530087018009,0.6999342632614732,0.8361061317830112,0.7040674613668347,4.319880108694395,4.727223454850581,4.2461258725709525,4.657842300427468,0.0008156223890829419,0.0005623087150166718,0.0008779681725775642,0.0006197325475307373,8.293847123805321,8.728421267135763,8.241708558495557,8.555402535649641,-0.3781968554593566,-0.3298166100641467,-0.3901606573344771,-0.34080173867677466,0.9894965741971099,0.9839549104343878,0.9907527934617594,0.9850075266572418,0.25110983476523596,0.1929491641808343,0.28180200553987894,0.24906540798893043,35.39703153988869,36.95906432748538,35.31881371640408,36.25695110258869,6.074832933283631,6.213740936008769,6.09115539462895,6.148428083296261,1448.849787106612,1385.1815601381618,1470.2950213916192,1388.7930365335624,399.803355867562,407.42209568756203,400.38399631176014,407.49356114681353
3,13,1295,2365,169,128,126,73,149.34826254826254,101.75598455598455,1.9978069929735025,1555,0.6552619743623987,40.605975058260036,1,0.547568710359408,0.5005488535764993,48.29860204478928,54.230987451824994,15.033296378372908,5.56723335617663,5.0,37.379239521020374,36.484846622677594,8.895557573084483,180.30865786510145,0.8327974276527331,1,1.7058824230916798,83.25098285358399,0.0117647061124444,0.01568627543747425,1.0109228797303473,0.0313725508749485,0.3960784375667572,0.011005693052204385,0.0642864732460108,0.027450980618596077,0.003921568859368563,0.003921568859368563,0.0058607535552992526,0.08119098279937496,0.0784313753247261,150.33816948963485,101.9610438551768,0.0,149.34826254826254,101.75598455598455,0,151.0,99.0,0.0,13,13,0.009491692170579803,0.010116088116462415,0.009545578787068729,0.00531500869936815,123.97697077059343,194.81008100810084,123.89774696707103,265.3462246777164,0.8658853123179748,0.7916574944639138,0.8639629439718615,0.7181517174922061,4.139387633308476,4.428071845316486,4.122656203808811,4.7354634226628125,0.0008192273592870843,0.0006714163267241924,0.0008557877822292096,0.000510408269776765,8.444982629575419,8.553051683431926,8.3632589231005,8.865765749577331,-0.37944100222196897,-0.3643722118809349,-0.3910403356614431,-0.320739412413216,0.9903709632784783,0.9888724378216391,0.9913830977241211,0.9829450090558761,0.2604522201172709,0.26405959558057823,0.2913143741355213,0.18653561272850888,36.62001771479186,36.991899189918996,36.114384748700175,37.84714548802947,6.148520406706706,6.212012550457482,6.172720659906283,6.247201966912037,1724.843213108632,1675.28436281972,1697.6316301673926,1617.5549043747815,462.2050459698063,467.5236109569552,455.38234428361585,470.7252822631244
3,14,532,720,196,134,166,110,178.96804511278197,121.2406015037594,1.441975487073367,586,0.7112338618762488,26.026206750102993,1,0.7388888888888889,0.6934930648714422,31.47644864320069,33.28663395418648,10.816653826391969,4.053302826793454,3.605551275463989,22.65483125760033,22.126541770457532,-70.73236119378552,98.18376618407356,0.9078498293515358,1,1.4235294600948691,39.83921680878848,0.01568627543747425,0.0313725508749485,2.110024701690227,0.06666667014360428,0.3921568691730499,0.016362407587297345,0.07488574588118135,0.04313725605607033,0.003921568859368563,0.003921568859368563,0.013652297425694924,0.07629557715622165,0.12156862765550613,180.5643271936654,119.8607146388341,0.0,178.96804511278197,121.2406015037594,0,181.0,118.0,0.0,14,14,0.0036686390532544365,0.0033105616197618842,0.00600723140495868,0.0030406998944318394,205.8175824175824,362.139303482587,191.27954545454548,344.2298578199052,0.7398949793576585,0.5731194373580327,0.766760669466057,0.5792898250215327,4.799996417221224,5.115417813799428,4.62371433925726,5.07973885716936,0.00034487859120436635,0.00027153285809999807,0.0005117813761574171,0.00027836413604837473,8.819285050975273,8.781193855206697,8.45506056673075,8.852364420515176,-0.4110248830694133,-0.4300627917917866,-0.46839731174398647,-0.42023539222626244,0.9947689812494206,0.9959217262879223,0.997157885087601,0.9954858900770579,0.12598759998914655,0.11055020595067686,0.22418954945292124,0.08143207686874362,43.31208791208791,45.60199004975124,43.165909090909096,44.514218009478675,6.444422769398113,6.509728896111906,6.364301409590764,6.431724484959711,1376.755348387876,1334.5381054924387,1448.9202014462805,1292.1929258102919,395.64323270136447,424.16935224375607,410.0499367252066,409.10569590754915
3,15,622,812,68,137,40,108,53.01446945337621,122.45498392282958,1.3576162248802668,698,0.5141247318797413,28.14169498849121,1,0.7660098522167488,0.7365851863535248,30.82121264647505,34.828149534535996,12.0,4.435478431705447,4.0,26.191136091359184,26.435829679923906,-25.754390475207497,103.01219330881975,0.8911174785100286,1,1.7490196619182825,45.68235421460122,0.0117647061124444,0.01960784289985895,4.5182159370909,0.0784313753247261,0.3607843220233917,0.01901108328172046,0.07344429938038781,0.027450980618596077,0.003921568859368563,0.003921568859368563,0.018574068288686945,0.0810863134808915,0.12941177189350128,49.321143449315734,125.05760150555527,0.0,53.01446945337621,122.45498392282958,0,47.0,126.0,0.0,15,15,0.011748078634988546,0.008541937026159416,0.01504790360364151,0.008952147740026534,171.0640301318267,341.65495867768595,185.10674157303367,284.0363636363636,0.8135589709054535,0.6417722288757907,0.7982492699940601,0.6959381402758668,4.468160268052227,4.87637822146236,4.547220489989825,4.720760072973221,0.000685947121960419,0.00048008860995974454,0.0006188578781934004,0.0005841985656782963,8.187242253036617,8.390620675593357,8.12641640555402,8.33135903878089,-0.45533748161494486,-0.4385378766074243,-0.46562948149098,-0.4439577926788266,0.9959862471188774,0.9955010900444622,0.9963881091357744,0.9956824296912817,0.23812572059414003,0.20791977871864686,0.25474690677879286,0.18018804119637438,41.32768361581921,43.95661157024794,41.78089887640449,42.66262626262626,6.197285703746603,6.302025990868269,6.190336529964247,6.243109711617342,1663.9830189281495,1565.8183653780484,1649.8976875815345,1584.243754718906,458.76176226499393,476.86833101393376,458.7511072886419,467.07002958881736
3,16,1015,1482,101,161,63,122,80.80098522167488,140.00197044334976,1.1918602645611325,1061,0.1647327731044283,35.949104827605794,1,0.684885290148448,0.8390245314271136,36.32709431176367,38.118237105091836,16.97056274847714,6.027488834142677,5.0990195135927845,34.64823227814083,35.830802079558445,-83.85975039487562,123.29646455628165,0.9566446748350612,1,0.7529412158764899,79.91764906095341,0.0117647061124444,0.015686274506151676,0.30748574233910564,0.0117647061124444,0.501960813999176,0.007310108892004756,0.07873660006005262,0.0235294122248888,0.003921568859368563,0.003921568859368563,0.002256315647670068,0.10003886563607992,0.13725490868091583,80.53869178784964,139.84150351119862,0.0,80.80098522167488,140.00197044334976,0,77.0,135.0,0.0,16,16,0.008879023307436177,0.005654417438271607,0.007989506172839502,0.0055932373283437385,285.5527192008879,444.3784722222222,246.07,491.9121387283237,0.792232255925005,0.682946157265094,0.8209953570054688,0.6488041153890144,4.598665748914456,5.062588370150482,4.567551397787989,5.1494891177793,0.0005129753081813923,0.0003228853607394896,0.000487481388004193,0.00031063497514194837,8.477232260380664,8.850961253685636,8.512643352988853,8.838171322063829,-0.4183959904490775,-0.37480444907688154,-0.4147135949008515,-0.37705301955366827,0.9943462367487402,0.9915309862220135,0.9941661006468984,0.991734644434066,0.24755394284382368,0.1697219513203978,0.22453991169926885,0.15901090067158175,44.69367369589345,46.304398148148145,44.747777777777785,46.26358381502891,6.325860747341228,6.458560835573207,6.30791827018877,6.432068073475599,2463.2158201332595,2358.7950732488857,2503.244161728394,2309.4426623007785,687.1921348335366,700.7933863677771,687.3285404320986,700.3387002572756
3,17,804,1360,199,164,159,130,179.77238805970148,147.7089552238806,1.6300615450359413,962,0.5687186779681025,31.99507140118726,1,0.5911764705882353,0.6134737691624711,35.88061063888867,39.11521443121589,13.601470508735444,4.821362928187402,4.123105625617661,30.23226153144517,29.512954231831642,81.88034118096594,128.3319984622144,0.8357588357588358,1,1.1333333821967244,42.21176599804312,0.007843137718737125,0.011764707043766975,2.578192222941653,0.07058823853731155,0.3490196168422699,0.010397553965107564,0.052502196514979005,0.019607843831181526,0.003921568859368563,0.003921568859368563,0.010981627802748316,0.06353530936170958,0.08627451211214066,181.13795986783978,145.52211074489844,0.0,179.77238805970148,147.7089552238806,0,177.0,144.0,0.0,17,17,0.010728565446917518,0.008451869932385036,0.013198529411764704,0.00743706686356395,98.86676217765043,227.75382262996945,158.87941176470588,221.79198767334367,0.8238781326593818,0.6075134730459759,0.7210404680843757,0.6179551270031445,4.026591098641143,4.699327575258076,4.318042773890735,4.618560213049236,0.0009743721822714048,0.0005116479159068167,0.0007823967277542823,0.0006079174363279415,8.072097423463394,8.403270061996253,8.0075397230042,8.355255541360165,-0.3757126114924493,-0.3401342151088881,-0.3938302704588439,-0.341855847831645,0.9879828590008674,0.9839011247826909,0.9900983726130882,0.983921039594086,0.2780037901694534,0.2032244902585934,0.26029829174521224,0.19787002944026671,30.070200573065904,31.58256880733945,30.45,31.19722650231125,5.932781156921592,6.1161407882794165,5.928041796793052,6.0084017606984474,1023.8417767506012,932.8150478354797,980.2063235294116,939.2862172691898,280.6771347320629,290.14221761636225,284.7714338235294,290.2695512356333
3,18,802,1326,65,169,26,135,46.9214463840399,149.5286783042394,2.003267154055197,965,0.40201939032573275,31.955251757380985,1,0.6048265460030166,0.49918454359704756,35.05539280019306,42.01190307520001,13.416407864998739,4.739182823544443,4.0,31.008683647302114,32.09780975641912,-57.426645300265946,142.08935777509512,0.8310880829015544,1,1.6862745727412403,65.52941341837868,0.01568627543747425,0.0352941183373332,1.6296385401656757,0.0470588244497776,0.33725491166114807,0.013821922727387215,0.08170749802790359,0.04313725605607033,0.003921568859368563,0.003921568859368563,0.009634840716450956,0.08055940144788702,0.1411764770746231,46.935727114314425,147.899102337205,0.0,46.9214463840399,149.5286783042394,0,48.0,144.0,0.0,18,18,0.004556226159595139,0.002288989374189793,0.003820933627450341,0.0025366116400267844,157.3700440528634,298.5031948881789,164.57562408223197,289.8940809968847,0.819067861751955,0.6648506088223309,0.8125305203199569,0.6728942718830733,4.655361906993508,5.022970684865623,4.679465161147855,4.945053952430529,0.0004210059395958544,0.0003314934996714163,0.0004388014712667336,0.00038921240587026356,9.008130991659758,9.36785415238803,9.075165031657654,9.269279229295686,-0.41563450531855783,-0.37053501282913603,-0.39792782381234326,-0.38418307308447597,0.9955605326537419,0.9929168613927769,0.9944758088446173,0.993890371094489,0.15147647526140248,0.1395012240057725,0.15729716889342635,0.13290353584376308,47.74008810572687,50.53514376996805,47.44199706314244,49.629283489096565,6.637681840260106,6.704543020537415,6.578078214610486,6.642212886169785,1582.177673413677,1482.811065234921,1591.183493221724,1482.585310701566,434.8869293666352,445.32856503077505,438.9397793259891,443.1198479246126
3,19,1524,2379,39,199,0,138,16.082020997375327,165.02165354330708,1.8076353725476573,1679,0.7738883255745612,44.05016533653861,1,0.6406052963430012,0.5532089132503605,56.69666780221761,64.07807737440318,18.110770276274835,6.4522404379361,5.656854249492381,38.0,35.9072516945415,-19.828950881650893,186.05992052357226,0.9076831447290054,1,0.8980392599478364,89.05882625002414,0.007843137718737125,0.007843137718737125,5.0798842040647525,0.019607843831181526,0.3529411852359772,0.007360977540556036,0.05843755003282424,0.01568627543747425,0.003921568859368563,0.003921568859368563,0.003940099991631172,0.08188508202257894,0.07450980693101883,16.835006603695994,159.9978864106286,0.0,16.082020997375327,165.02165354330708,0,20.0,157.0,0.0,19,19,0.025148804188031088,0.012900108544802344,0.020185661275819725,0.022049578834303758,126.61077844311376,246.31893165750196,120.40854092526692,213.14210526315793,0.8664182272404745,0.746792295145154,0.8683995147479711,0.7758617299379313,4.048643536684435,4.531917298156458,3.9354486941577456,4.315157746984056,0.0011420849381821227,0.0007977112195807197,0.0011891496724835632,0.000997525242057915,7.718691725262255,8.286034696444746,7.829494650680041,7.923331049738735,-0.4400630099721836,-0.3525273972248649,-0.39508654390292314,-0.3977836198822932,0.9935575991545965,0.9854761380496345,0.9893546537796531,0.990171659100157,0.3702328599592548,0.26572095330054185,0.36112342821982973,0.3419884118247928,33.17065868263473,34.60015710919089,31.994306049822068,33.26992481203008,5.898993444114446,6.030372649438293,5.8529206474061874,5.939036012726825,1769.0187798056581,1699.2690337537927,1709.5017469383622,1688.7384187913397,473.907389562193,486.3969913528235,457.47757196590726,475.4701310136242
3,20,999,1287,139,199,100,166,118.49649649649649,182.43443443443442,1.1852815677564956,1042,0.5486061860013494,35.66463661935206,1,0.7762237762237763,0.8436813894717041,39.14289486496681,38.3275357934736,16.0,5.986231207348835,5.0990195135927845,31.94069380574065,32.72662633041521,81.12774880291049,121.98275605729688,0.9587332053742802,1,0.5921568931080401,43.46666798600927,0.007843137718737125,0.007843137718737125,0.9631858033830822,0.0117647061124444,0.27450981736183167,0.00629954141604298,0.04351017816417344,0.01568627543747425,0.003921568859368563,0.003921568859368563,0.0026348991226853515,0.053426617293581335,0.062745101749897,119.1079032827803,181.6901840508102,0.0,118.49649649649649,182.43443443443442,0,121.0,181.0,0.0,20,20,0.015881355159700464,0.010186302946978962,0.019492906762100148,0.014922156133086117,65.68146503884572,137.50472813238775,62.82653061224489,92.89486260454002,0.8317287542683394,0.6595069275084406,0.8418973871718614,0.772860549157426,3.791315917431767,4.337742191645093,3.7638547343437696,4.058522204853359,0.0014801237731107669,0.0009199001066861614,0.0014537667632629086,0.0011617886496229244,7.667280199348893,8.02161322098356,7.543091750054148,7.867426182099916,-0.34989305875031695,-0.3090335764034747,-0.38402304733302417,-0.3369647326388635,0.9804524682894212,0.9729897660252244,0.9860355777555875,0.9791598361432713,0.2835591390905205,0.2132215159874986,0.34514554264224323,0.29937988779884395,24.225305216426193,25.407801418439718,24.479591836734695,25.427718040621265,5.591444230891404,5.724934208901635,5.641509175059887,5.701008185909988,714.9803141410273,670.1753055681304,731.9298556157157,725.059590133163,195.1654447949682,201.92000842512954,198.68909655699017,204.48861318442584
