ImageNumber,ObjectNumber,AreaShape_Area,AreaShape_BoundingBoxArea,AreaShape_BoundingBoxMaximum_X,AreaShape_BoundingBoxMaximum_Y,AreaShape_BoundingBoxMinimum_X,AreaShape_BoundingBoxMinimum_Y,AreaShape_Center_X,AreaShape_Center_Y,AreaShape_Compactness,AreaShape_ConvexArea,AreaShape_Eccentricity,AreaShape_EquivalentDiameter,AreaShape_EulerNumber,AreaShape_Extent,AreaShape_FormFactor,AreaShape_MajorAxisLength,AreaShape_MaxFeretDiameter,AreaShape_MaximumRadius,AreaShape_MeanRadius,AreaShape_MedianRadius,AreaShape_MinFeretDiameter,AreaShape_MinorAxisLength,AreaShape_Orientation,AreaShape_Perimeter,AreaShape_Solidity,Intensity_IntegratedIntensityEdge_CropBlue,Intensity_IntegratedIntensity_CropBlue,Intensity_LowerQuartileIntensity_CropBlue,Intensity_MADIntensity_CropBlue,Intensity_MassDisplacement_CropBlue,Intensity_MaxIntensityEdge_CropBlue,Intensity_MaxIntensity_CropBlue,Intensity_MeanIntensityEdge_CropBlue,Intensity_MeanIntensity_CropBlue,Intensity_MedianIntensity_CropBlue,Intensity_MinIntensityEdge_CropBlue,Intensity_MinIntensity_CropBlue,Intensity_StdIntensityEdge_CropBlue,Intensity_StdIntensity_CropBlue,Intensity_UpperQuartileIntensity_CropBlue,Location_CenterMassIntensity_X_CropBlue,Location_CenterMassIntensity_Y_CropBlue,Location_CenterMassIntensity_Z_CropBlue,Location_Center_X,Location_Center_Y,Location_MaxIntensity_X_CropBlue,Location_MaxIntensity_Y_CropBlue,Location_MaxIntensity_Z_CropBlue,Number_Object_Number,Parent_Cells,Parent_Nuclei,Texture_AngularSecondMoment_CropBlue_3_00_256,Texture_AngularSecondMoment_CropBlue_3_01_256,Texture_AngularSecondMoment_CropBlue_3_02_256,Texture_AngularSecondMoment_CropBlue_3_03_256,Texture_Contrast_CropBlue_3_00_256,Texture_Contrast_CropBlue_3_01_256,Texture_Contrast_CropBlue_3_02_256,Texture_Contrast_CropBlue_3_03_256,Texture_Correlation_CropBlue_3_00_256,Texture_Correlation_CropBlue_3_01_256,Texture_Correlation_CropBlue_3_02_256,Texture_Correlation_CropBlue_3_03_256,Texture_DifferenceEntropy_CropBlue_3_00_256,Texture_DifferenceEntropy_CropBlue_3_01_256,Texture_DifferenceEntropy_CropBlue_3_02_256,Texture_DifferenceEntropy_CropBlue_3_03_256,Texture_DifferenceVariance_CropBlue_3_00_256,Texture_DifferenceVariance_CropBlue_3_01_256,Texture_DifferenceVariance_CropBlue_3_02_256,Texture_DifferenceVariance_CropBlue_3_03_256,Texture_Entropy_CropBlue_3_00_256,Texture_Entropy_CropBlue_3_01_256,Texture_Entropy_CropBlue_3_02_256,Texture_Entropy_CropBlue_3_03_256,Texture_InfoMeas1_CropBlue_3_00_256,Texture_InfoMeas1_CropBlue_3_01_256,Texture_InfoMeas1_CropBlue_3_02_256,Texture_InfoMeas1_CropBlue_3_03_256,Texture_InfoMeas2_CropBlue_3_00_256,Texture_InfoMeas2_CropBlue_3_01_256,Texture_InfoMeas2_CropBlue_3_02_256,Texture_InfoMeas2_CropBlue_3_03_256,Texture_InverseDifferenceMoment_CropBlue_3_00_256,Texture_InverseDifferenceMoment_CropBlue_3_01_256,Texture_InverseDifferenceMoment_CropBlue_3_02_256,Texture_InverseDifferenceMoment_CropBlue_3_03_256,Texture_SumAverage_CropBlue_3_00_256,Texture_SumAverage_CropBlue_3_01_256,Texture_SumAverage_CropBlue_3_02_256,Texture_SumAverage_CropBlue_3_03_256,Texture_SumEntropy_CropBlue_3_00_256,Texture_SumEntropy_CropBlue_3_01_256,Texture_SumEntropy_CropBlue_3_02_256,Texture_SumEntropy_CropBlue_3_03_256,Texture_SumVariance_CropBlue_3_00_256,Texture_SumVariance_CropBlue_3_01_256,Texture_SumVariance_CropBlue_3_02_256,Texture_SumVariance_CropBlue_3_03_256,Texture_Variance_CropBlue_3_00_256,Texture_Variance_CropBlue_3_01_256,Texture_Variance_CropBlue_3_02_256,Texture_Variance_CropBlue_3_03_256
1,1,84,459,149,37,122,20,135.08333333333334,28.273809523809526,6.684507609859604,390,0.7388852192004774,10.341765891652821,0,0.1830065359477124,0.14959965017094254,35.49387194680809,26.1725046566048,1.0,1.0,1.0,16.0,23.91688219166694,-86.22990290385641,84.0,0.2153846153846154,5.796078622341156,5.796078622341156,0.05882352963089943,0.00784314051270485,0.250655058003326,0.10196078568696976,0.10196078568696976,0.06900093598025185,0.06900093598025185,0.06666667014360428,0.0470588244497776,0.0470588244497776,0.013245150741649375,0.013245150741649375,0.0784313753247261,135.0290933975763,28.029093387292697,0.0,135.08333333333334,28.273809523809526,123.0,29.0,0.0,1,1,1,0.04253308128544423,0.10000000000000002,0.08333333333333334,0.1015625,12.391304347826086,44.4,11.833333333333332,12.0,-0.08266578577917594,-0.21710526315789663,0.5475305363781218,0.1504424778761062,2.614164262105116,2.321928094887362,2.251629167387823,2.25,0.005979654652902568,0.006035665294924557,0.006858710562414266,0.006730109739369,4.795088586397732,3.3219280948873626,3.584962500721156,3.375,-0.4042911910729221,-0.8631040918837464,-0.8379234756068777,-0.8065009231089414,0.9549575654492353,0.9967703685466505,0.9971534509945449,0.9947619334937482,0.3077777030804303,0.1498246278154513,0.15935143288084463,0.31299376299376297,34.391304347826086,37.2,35.166666666666664,34.5,3.2077070644704735,2.321928094887362,2.584962500721156,2.1556390622295662,10.499054820415722,28.559999999999945,40.47222222222217,16.25,5.722589792060489,18.24000000000001,13.076388888888857,7.0625
1,2,82,460,98,60,78,37,87.36585365853658,47.69512195121951,6.525352666767709,360,0.668342958137483,10.217907939900583,0,0.1782608695652174,0.15324842212633136,31.74498623727267,24.698178070456937,1.0,1.0,1.0,18.19017187772497,23.61361188310635,-34.63810484901503,82.0,0.22777777777777777,5.847058996558189,5.847058996558189,0.05882352963089943,0.011764708906412125,0.2838505477931522,0.13725490868091583,0.13725490868091583,0.07130559751900231,0.07130559751900231,0.07058823853731155,0.04313725605607033,0.04313725605607033,0.017571207390981437,0.017571207390981437,0.08235294371843338,87.5741113369839,47.8879946368186,0.0,87.36585365853658,47.69512195121951,95.0,39.0,0.0,2,2,2,0.07500000000000001,0.12000000000000002,0.03515625,0.05555555555555555,15.8,85.60000000000001,34.625,12.11111111111111,0.20603015075376904,-0.24274099883856226,-0.18502673796791444,0.2714444857036752,2.1709505944546685,2.321928094887362,3.0306390622295662,2.2810361125534238,0.005895061728395064,0.004783950617283951,0.002917631172839506,0.005058299039780521,3.821928094887362,3.1219280948873624,4.875,4.169925001442312,-0.7853164557707454,-0.8530453465132581,-0.583436888731045,-0.5782727626270157,0.9964230983617026,0.9951781109799218,0.9909439387560433,0.9830379573122583,0.2488665710186514,0.3049633244047514,0.12400264381441453,0.14384112619406736,35.0,39.2,34.25,35.44444444444444,2.9219280948873627,1.9219280948873623,3.077819531114783,2.725480556997868,24.0,52.15999999999963,23.8125,21.135802469135797,9.950000000000045,34.43999999999994,14.609375,8.311728395061778
1,3,156,840,42,58,12,30,26.166666666666668,43.993589743589745,7.46128363068089,412,0.9163176200946704,14.093451279891855,0,0.18571428571428572,0.13402519586415235,40.77584403373812,32.55764119219941,2.8284271247461903,1.194599572833032,1.0,14.0167409389156,16.328779230953323,-51.0833083895598,120.94112549695427,0.3786407766990291,5.000000160653144,5.992157058324665,0.0117647061124444,0.023529413156211376,2.7755900987246904,0.10196078568696976,0.10196078568696976,0.04273504410814653,0.038411263194388874,0.0313725508749485,0.003921568859368563,0.003921568859368563,0.0327957111349711,0.03029418096611025,0.06666667014360428,24.468586414150934,46.18913611116084,0.0,26.166666666666668,43.993589743589745,26.0,52.0,0.0,3,3,3,0.0409687641466727,0.03679012345679013,0.021032902957101203,0.017812500000000002,64.9787234042553,45.04444444444445,53.36734693877551,99.65,0.34317170940640296,0.4259254014557194,0.49154089279443214,0.27826464836677084,3.6485503639015966,3.619879075051286,3.5495374073823367,3.8348295085032618,0.0023671710877250503,0.00256058527663466,0.002654358123529919,0.001498628257887517,5.618418638911679,5.6383781639615265,5.93083688484323,5.928055907333276,-0.5779181458762372,-0.5766012176158183,-0.577513254829414,-0.5868053237075392,0.9947894161530931,0.9947975045114154,0.9959410003083946,0.9963549092610574,0.2622647078862817,0.3114984608060885,0.3008653684166882,0.17340416109612178,17.872340425531917,15.933333333333334,17.97959183673469,22.6,4.47469762822735,4.354936219469005,4.532678211285537,4.73418371977919,132.8773200543232,111.88444444444448,156.55060391503542,176.49000000000007,49.46401086464466,39.23222222222221,52.47948771345274,69.03499999999998
1,4,367,1426,46,77,0,46,17.653950953678475,59.83106267029973,8.093197717531503,913,0.8917686339152963,21.616635097022034,0,0.2573632538569425,0.12356055478958555,56.49045139310294,53.0,4.123105625617661,1.5679325183111321,1.4142135623730951,26.16295090390226,25.561458199626344,-68.92271996580858,193.19595949289334,0.4019715224534502,6.796078644692898,10.68627485865727,0.007843137718737125,0.007843137718737125,5.390580197896888,0.14509804546833038,0.14509804546833038,0.040452849075552966,0.029117915146205098,0.01568627543747425,0.003921568859368563,0.003921568859368563,0.03573779696693165,0.028262299375930208,0.03921568766236305,13.868256917725315,63.66862381458222,0.0,17.653950953678475,59.83106267029973,21.0,60.0,0.0,4,4,4,0.06044999999999999,0.01498253157753292,0.03369689712619742,0.09395178962746532,41.125,80.89344262295083,35.61224489795918,47.27567567567568,0.4509322886026726,0.1595559813555445,0.4676296506718447,0.3553971016155609,3.251071299732458,4.052717451785489,3.284202635712173,3.3692434146515517,0.0038193213296398897,0.0012947774888500622,0.0033340361414507555,0.003549530664152211,5.9074075163429685,6.691601862750796,6.206453592237306,5.5107036445306035,-0.3784535161442475,-0.3372359851341496,-0.3358952395871639,-0.372168689216085,0.9677538982615518,0.9663079112662354,0.9583143047315766,0.95891864125952,0.43893497894523903,0.20365919609442884,0.3817807780121847,0.4480007507702767,12.575000000000001,15.549180327868852,12.908163265306122,11.470270270270271,4.415054582544197,4.792590381517595,4.516526536916353,4.279437869387296,108.67437499999997,111.60823703305564,98.17523948354852,99.40587289992692,37.44984374999999,48.125419914001604,33.446871095376935,36.670387143900655
1,5,248,816,52,84,28,50,38.483870967741936,66.61693548387096,5.089974911831054,526,0.727121017683943,17.769732893161912,0,0.30392156862745096,0.19646462258106942,32.20635391151929,33.734255586866,5.0,1.800319861145573,1.4142135623730951,21.224741159922292,22.109961635471294,23.804652714759232,125.94722215136416,0.4714828897338403,4.592157006729394,7.4392159301787615,0.007843137718737125,0.0117647061124444,4.225206839074028,0.09803921729326248,0.09803921729326248,0.04063855758167605,0.029996838428140167,0.019607843831181526,0.003921568859368563,0.003921568859368563,0.02937906504807694,0.024994549120935846,0.0470588244497776,40.22192935291369,70.46810749803653,0.0,38.483870967741936,66.61693548387096,47.0,69.0,0.0,5,5,5,0.07732504766612529,0.027395530867314728,0.034102259215219984,0.07855752595155707,41.27731092436975,73.2247191011236,26.144827586206894,22.176470588235297,0.4187421566268175,0.04973929854310213,0.559925209821995,0.6112392733862453,3.263231190028687,3.753768898510993,3.27244784071851,2.924477257469295,0.00501471037422975,0.0022741211475151447,0.004080025891971378,0.00636440183452427,5.3079419512119745,5.840212645854175,6.0965049539193465,5.317136610165299,-0.4618909989132577,-0.3800710817815375,-0.3561657896559053,-0.4567013007283304,0.9791540966919876,0.9671923288418098,0.9637267813999573,0.9782724805569846,0.4531669918511354,0.15545815887448627,0.34327105961933846,0.49966705462149297,12.436974789915965,13.606741573033705,12.972413793103449,11.48529411764706,4.1542931065468975,4.304323634063598,4.448739991470811,4.171002029423187,100.75022950356615,80.8902916298448,92.67510107015454,91.91154844290654,35.506885106984,38.528752682742045,29.704982164090367,28.522004757785453
1,6,75,323,143,90,126,71,135.02666666666667,79.86666666666666,5.328190217170529,233,0.7590677809660498,9.772050238058398,0,0.23219814241486067,0.1876809872097693,26.266305589725388,20.615528128088304,2.0,1.0487580566598984,1.0,13.435028842544403,17.09966963944836,41.90809335728713,70.86396103067892,0.3218884120171674,4.482353084720671,4.690196228213608,0.0470588244497776,0.0156862735748291,1.5030100381554916,0.10196078568696976,0.10196078568696976,0.06496163890899523,0.06253594970951477,0.06666667014360428,0.0117647061124444,0.0117647061124444,0.024770510680419727,0.025454119520867638,0.08235294371843338,134.3168896316928,78.5418060191192,0.0,135.02666666666667,79.86666666666666,139.0,75.0,0.0,6,6,6,0.039999999999999994,0.04437869822485207,0.031855955678670354,0.078125,63.53333333333333,123.23076923076923,84.10526315789474,16.75,0.03088030914206037,-0.4297679527667157,0.060465404134174935,0.8441407385867985,3.506890595608519,3.238901256602631,3.3660913291191923,2.5,0.0020850480109739365,0.0027921851283674646,0.0024242976946372862,0.0055727023319615925,4.7068905956085185,4.546593564294938,5.037401197654111,3.75,-0.642836313792164,-0.7679477644931614,-0.678868739864187,-0.8116511660397255,0.9941958813351249,0.9982708696361428,0.9971734874293067,0.9970151622712634,0.1688403063918431,0.06334066165106209,0.07717546911572176,0.38359056493884686,32.46666666666667,32.92307692307693,24.736842105263154,32.25,3.3735572622751855,3.3927474104487847,3.5766176449086657,3.0,67.58222222222184,49.147928994082804,94.93074792243794,198.1875,32.778888888888844,43.09467455621308,44.7590027700831,53.734375
1,7,136,720,71,94,47,64,60.27205882352941,78.41911764705883,7.8791410098227,422,0.860287841293461,13.159049284959082,-1,0.18888888888888888,0.1269173884251251,39.1855532950995,30.675723300355934,2.23606797749979,1.1140234838656082,1.0,19.807729648956588,19.977132891444974,-26.228335131308153,116.04163056034261,0.3222748815165877,8.878431622870266,9.678431647829711,0.03921568766236305,0.027450982481241226,1.5217502152119844,0.20392157137393951,0.20392157137393951,0.07857019135283422,0.07116493858698317,0.062745101749897,0.0117647061124444,0.0117647061124444,0.047133752663081674,0.04671764517768966,0.09803921729326248,60.28079416782499,79.94084279019663,0.0,60.27205882352941,78.41911764705883,64.0,77.0,0.0,7,7,7,0.02447041636230826,0.020800000000000003,0.01836734693877551,0.015918367346938776,25.864864864864867,127.84,98.08571428571429,177.6,0.6563584221738052,0.07093023255813945,0.760013741462767,0.3769545345200872,3.2366501640156806,3.653660689688186,3.7287244452691413,4.014438730983427,0.0018629465292219183,0.0013043787824848702,0.0011996425483685824,0.0009223995757078198,5.560804716980302,5.603856189774724,5.87914337402601,6.014997302659252,-0.62840693966395,-0.7402443107687479,-0.6863725268581042,-0.6965876750545622,0.9969330502564501,0.9993098208870893,0.9989259667113722,0.999192832960355,0.29026676186860767,0.08842966054536226,0.09963080750295239,0.04743676481159423,23.91891891891892,32.0,36.028571428571425,34.8,4.3241861358407485,4.103465189601647,4.571860873964196,4.729283016944966,124.66910153396634,147.36000000000013,719.342040816327,392.50285714285724,37.63349159970784,68.80000000000001,204.35693877551006,142.52571428571434
1,8,215,924,90,95,62,62,76.20930232558139,74.84651162790698,7.683197223756548,677,0.6469923809761229,16.545286401814263,0,0.2326839826839827,0.13015414948714146,36.248436228376804,34.713109915419565,4.123105625617661,1.4617738935067168,1.0,23.25510696599781,27.639304481668837,-5.7527065821420145,144.07716446627535,0.3175775480059084,8.513725756667554,10.35686307027936,0.0117647061124444,0.023529413156211376,4.949071273556291,0.20000000298023224,0.20000000298023224,0.06124982558753636,0.048171456140834235,0.03529411926865578,0.003921568859368563,0.003921568859368563,0.04844069790694381,0.043712693459271854,0.06372549384832382,73.4869367929235,78.97955316862931,0.0,76.20930232558139,74.84651162790698,65.0,77.0,0.0,8,8,8,0.06195335276967928,0.01957179930795848,0.019064359113034075,0.030703124999999994,12.979591836734691,41.80882352941177,31.313953488372093,71.5875,0.7992547095976268,0.5162830731352752,0.8547622981995325,0.6358571357607669,2.345316044699427,3.6248459761440515,3.406250281557714,3.4620678100118174,0.005160725683825038,0.00147673061567126,0.0018663134718590894,0.002148206360946746,5.405492207535164,6.010041333801951,6.209191609348628,5.856444771407938,-0.5909767484165122,-0.5313378061746309,-0.49695699646369473,-0.5476305803758988,0.9946187163988154,0.9935169775611628,0.9917285177720384,0.9939432242549042,0.6090957475484297,0.1753800168978476,0.19693330971066797,0.17268457453000285,14.632653061224488,17.36764705882353,18.848837209302324,18.4375,4.461315421688421,4.626312158363703,4.781809196532773,4.600072583853851,116.33444398167435,131.05601211072667,399.89575446187126,321.59609375,32.32850895460226,43.21620891003461,107.80242698756079,98.29589843750003
1,9,570,1558,38,104,0,63,13.298245614035087,88.00701754385965,4.852104421419564,1131,0.6118170935712129,26.939683377854365,0,0.36585365853658536,0.20609614162166637,43.673493435372016,46.14108798023731,7.810249675906654,2.817154804672076,2.23606797749979,32.81403786614931,34.54570139463143,-43.45995747020068,186.42640687119285,0.5039787798408488,7.721568865701556,17.709804472513497,0.01568627543747425,0.0117647061124444,3.992659671365282,0.12156862765550613,0.12156862765550613,0.04981657332710682,0.031069832407918416,0.0235294122248888,0.007843137718737125,0.007843137718737125,0.029156979966467978,0.02151859873232392,0.03921568766236305,17.198405656099144,87.15256865853436,0.0,13.298245614035087,88.00701754385965,19.0,75.0,0.0,9,9,9,0.020094930087696753,0.01958254569500248,0.033893214148404446,0.02131064902331443,13.178484107579465,12.600536193029495,11.5,25.64057971014493,0.5699968595966632,0.5441705521332016,0.6287968925243429,0.38477060965136806,2.9807472542644193,2.901993347360165,2.768576736859404,3.404569850707503,0.003911731747404071,0.004286314039039311,0.005360017781622449,0.0028747817554085286,6.44555092121751,6.402595804311964,6.085542589126579,6.537082933648725,-0.20033527992016015,-0.1974150198489251,-0.28554823949706204,-0.2264606067653252,0.8728618226936036,0.8683277402791175,0.9318198235752114,0.9009127972384983,0.3508328215091644,0.3446027304563738,0.48147983758726176,0.30802737619263554,13.54034229828851,13.324396782841823,13.009803921568626,14.144927536231883,4.432308675224528,4.376946432485791,4.427668628921282,4.482094810222442,48.1163431591155,42.685651445780536,50.46068819684743,57.712329342575146,15.323706816673742,13.821546909702505,15.49017204921185,20.838227263179995
1,10,147,840,59,112,31,82,46.414965986394556,95.95238095238095,7.0192689404039195,496,0.5105205726952847,13.680870333281758,0,0.175,0.14246497868800218,32.7101580011432,29.120439557122072,2.23606797749979,1.1528204839112985,1.0,21.920310216782973,28.126337634629145,23.56628942907228,113.87005768508881,0.2963709677419355,8.454902213066816,9.886274795979261,0.04313725605607033,0.0156862773001194,1.7158057319817,0.16862745583057404,0.16862745583057404,0.07416580888655103,0.06725357004067525,0.054901961237192154,0.019607843831181526,0.019607843831181526,0.03834802685351735,0.036333614305700083,0.08235294371843338,44.70884568368778,95.77032924930464,0.0,46.414965986394556,95.95238095238095,40.0,101.0,0.0,10,10,10,0.02388888888888889,0.016666666666666666,0.02012471655328798,0.021258503401360544,55.233333333333334,197.66666666666669,28.476190476190474,10.523809523809526,-0.020959344417175767,0.1359967363114477,0.6672760511882995,0.5849579681631201,3.5898980954642874,3.831401845392172,3.3443824592467397,2.667076476074547,0.001604683195592286,0.0012511478420569326,0.0019571878338112097,0.0035547965742770945,5.473557262275185,5.906890595608518,5.82672486320344,5.695539744052798,-0.5411187793756532,-0.7302890337088095,-0.5544054065273513,-0.3900039662374646,0.9913417401203065,0.9994400711675119,0.9942555957675984,0.9678161023295345,0.14713162990288703,0.0115839956137153,0.20127680699239145,0.2693752497195826,28.033333333333335,48.199999999999996,26.857142857142854,24.38095238095238,3.8565647621309544,4.640223928941852,4.2407810423835155,4.225185279715572,52.9655555555554,259.8933333333339,142.69387755102048,40.188208616780116,27.049722222222186,114.38999999999999,42.79251700680277,12.678004535147409
1,11,322,812,137,107,108,79,120.18944099378882,92.67080745341615,4.724670388253944,544,0.4685987929904173,20.248040236149336,0,0.39655172413793105,0.21165497650081816,31.51921296589675,28.635642126552707,4.123105625617661,1.7738747748379307,1.4142135623730951,24.417245959311824,27.844422590285408,-35.8007958626123,138.26702730475878,0.5919117647058824,5.050980565138161,11.254902319051325,0.019607843831181526,0.011764705181121826,1.5588069587540925,0.09803921729326248,0.09803921729326248,0.04317077406100992,0.034953112792084864,0.027450980618596077,0.0117647061124444,0.0117647061124444,0.026609704078763043,0.020512053176856105,0.045098040252923965,119.38222996818834,91.33728224000276,0.0,120.18944099378882,92.67080745341615,113.0,95.0,0.0,11,11,11,0.013181561921125398,0.018555459369942413,0.011433919270833334,0.01144823407202216,40.637305699481864,32.50306748466257,44.06249999999999,51.2828947368421,0.20314205553898662,0.42892795784678867,0.14569095462850543,0.11721371416735621,3.6594495622284904,3.4244118010655553,3.6834942368723285,3.684231500697743,0.002385553100905295,0.003527991535270117,0.0023601865548980925,0.0026558581520759244,6.729309139007158,6.411461097993129,6.983589744929686,7.000223212260568,-0.24479736969511803,-0.30826185120751237,-0.20538561343085254,-0.21227686849687993,0.92030528314076,0.9504413251546077,0.8931946317553822,0.9001795217583655,0.2535986062937937,0.2559197915367738,0.2448599227200639,0.21614440929023615,16.968911917098445,16.7239263803681,17.447916666666664,17.74342105263158,4.681124057554544,4.575889596803378,4.59713186598305,4.6366272771658235,61.35654648446939,81.32869133200347,59.09103732638897,64.90127250692518,25.498463045987776,28.45793970416645,25.7883843315972,29.046041810941873
1,12,100,255,168,103,151,88,158.98,94.68,4.039656897403296,187,0.5708019244964487,11.283791670955125,0,0.39215686274509803,0.24754577564317484,19.08616800549993,16.278820596099706,2.23606797749979,1.2680775688546846,1.0,13.4,15.67141955490411,74.82941607317277,71.24873734152916,0.5347593582887701,3.984313825145364,5.243137389421463,0.0235294122248888,0.02352941408753395,1.7000183697885476,0.11372549086809158,0.11372549086809158,0.061297135771467136,0.05243137389421463,0.0470588244497776,0.0117647061124444,0.0117647061124444,0.03396922893674754,0.031169219023854774,0.08235294371843338,159.95512340219076,96.07255046878683,0.0,158.98,94.68,163.0,102.0,0.0,12,12,12,0.01882460973370064,0.028925619834710745,0.015235457063711912,0.02133194588969823,116.33333333333334,148.13636363636363,95.68421052631578,70.19354838709677,0.1141295797102969,-0.32221925109035265,-0.10364879545018689,0.27795855454701246,3.942438726128142,3.4251185503571393,3.9983500540919,3.719852358564604,0.0014294459749005202,0.002332415059687786,0.0013357956294244382,0.001698462249971095,5.8397005586868325,5.186704345910025,6.1227988949656,5.696131794257843,-0.6004116285029387,-0.7889284619053291,-0.5627580168165844,-0.5319314228098435,0.9966601875664292,0.9994187951445896,0.9958551423811887,0.9919081632245247,0.10347062651142236,0.057042410329710136,0.063103618819047,0.21809882018832744,26.454545454545457,28.13636363636364,22.842105263157894,22.387096774193548,4.392582755590972,3.6069367321753214,4.313459750171824,4.389364858634393,146.3085399449036,75.93595041322294,77.71191135734068,124.23725286160249,65.66046831955921,56.018078512396755,43.34903047091419,48.60770031217484
1,13,246,1295,115,110,80,73,99.01219512195122,89.41869918699187,10.092557797354374,1013,0.589611529498591,17.697935698969246,0,0.18996138996138995,0.09908291040573841,45.972541062198616,38.01315561749642,2.8284271247461903,1.2711994582272603,1.0,34.0,37.13142247268979,9.762476279850283,176.6335136523794,0.2428430404738401,9.850980714894831,12.788235702551901,0.0313725508749485,0.019607843831181526,1.7970587549172539,0.16078431904315948,0.16078431904315948,0.05727314369124902,0.05198469797785326,0.0470588244497776,0.0117647061124444,0.0117647061124444,0.03099568013832121,0.02798423851992054,0.06666667014360428,98.31094755839348,91.07329038219058,0.0,99.01219512195122,89.41869918699187,99.0,108.0,0.0,13,13,13,0.012651384083044984,0.012927319735708131,0.010633680555555554,0.012773987516330383,45.91176470588235,65.76271186440678,19.5,39.265060240963855,0.6405661655153728,0.28353238689000704,0.4487497239331552,0.3590490599479406,3.5492409993533602,3.8890344232129994,3.2428561913907936,3.497362329604377,0.0017605081248185548,0.0011362296522554251,0.0023524600812547237,0.002160021118816715,6.458426995503025,6.425015930717774,6.77991862035507,6.573716840933347,-0.4508579079918944,-0.4326442063732197,-0.2720693654895382,-0.4084052539309966,0.9882811304712524,0.9854900014338851,0.9390213979134998,0.9827184742079582,0.08231458090500655,0.12020103408189384,0.29344774086461684,0.2763364267339386,25.058823529411764,24.135593220338983,23.041666666666664,25.144578313253014,4.679015230797143,4.788925676260472,4.6030030022120325,4.714214474335307,209.5553633217993,117.81212295317437,51.24826388888903,83.2562055450718,63.86678200692049,45.893708704395294,17.68706597222223,30.630316446508942
1,14,190,1353,90,124,49,91,66.33684210526316,106.88421052631578,10.70936784448823,971,0.6578431265900297,15.553633450087505,0,0.14042867701404288,0.09337619311626018,51.9988326693191,40.19950248448356,2.8284271247461903,1.1436821629964555,1.0,30.35786553761644,39.163179672051434,78.16875885287735,159.90559159102156,0.1956745623069001,9.364706167951226,10.815686594694853,0.03529411926865578,0.0156862773001194,2.1286642592515297,0.13725490868091583,0.13725490868091583,0.06041745914807243,0.056924666287867645,0.05098039284348488,0.019607843831181526,0.019607843831181526,0.030845339617338104,0.029165745513745168,0.06862745434045792,68.18636698723216,107.93799856932652,0.0,66.33684210526316,106.88421052631578,86.0,112.0,0.0,14,14,14,0.02528256989886972,0.019183673469387756,0.024445450430058847,0.021400000000000002,26.219512195121954,62.77142857142857,19.234042553191486,34.58,0.3218865631226316,0.3249761882815628,0.8210941184396691,0.5583641337525761,3.351096821532952,3.5141594451455145,2.923764585895838,3.380365631233224,0.0023184869382569164,0.0021082136558327044,0.004321197234657321,0.002206172839506174,5.540240419146695,5.822000516883152,5.623633798440117,5.953660689688187,-0.5455227125930084,-0.6107252243938683,-0.5938073411027599,-0.5165889336490391,0.9921331722263935,0.997003621839252,0.9956625762571971,0.9920598401012946,0.23907662899722484,0.05621427442642243,0.39551565703483627,0.2830996906168924,23.243902439024392,26.6,28.21276595744681,28.02,3.8747718212163464,4.229003731107054,4.469066511067981,4.21050625206659,51.1112433075549,123.21142857142854,195.7845178813942,122.01959999999997,19.33268887566925,46.495714285714314,53.7546401086465,39.1499
1,15,146,418,46,116,24,97,34.821917808219176,107.21917808219177,4.504208388565907,280,0.818177310438639,13.63425735166143,0,0.3492822966507177,0.2220145947373429,28.36144707686808,23.259406699226016,2.8284271247461903,1.3575431521134511,1.0,13.435028842544403,16.306867472379363,55.297728428329776,90.90559159102153,0.5214285714285715,5.972549211233854,8.211764968931675,0.027450980618596077,0.019607843831181526,1.9266406777937923,0.1725490242242813,0.1725490242242813,0.06944824664225412,0.05624496554062791,0.04313725605607033,0.01568627543747425,0.01568627543747425,0.045205433828171826,0.039049982472471614,0.07450980693101883,35.66857688835954,105.48853869071081,0.0,34.821917808219176,107.21917808219177,37.0,101.0,0.0,15,15,15,0.01862111418898122,0.01257396449704142,0.015512783682849756,0.015022675736961451,47.68421052631579,93.92307692307693,75.77966101694915,55.14285714285714,0.19869454127918462,0.579779207370344,0.23550167585136583,-0.045620673345660924,3.680201866721976,4.043921151075368,3.9544291782964525,3.7013757559060485,0.001564925960124483,0.0009690262254364818,0.00107021893098691,0.0015469891660367858,6.0563169877350855,6.392747410448784,6.36552821878003,6.130412660873999,-0.4051640178730809,-0.524889012022758,-0.4997631680650864,-0.413946513853668,0.9766837412845022,0.994699522556972,0.9927773627329958,0.9794062654936916,0.20031773381881,0.13238342354710242,0.15532585069877364,0.11555142577627348,20.70175438596491,30.53846153846154,25.203389830508474,21.619047619047617,4.402613041615085,4.779780045430953,4.471046227071261,4.433634982148036,71.3321021852878,353.0946745562128,122.4671071531169,50.33106575963723,29.754078177900908,111.7544378698224,49.56169204251648,26.36848072562354
1,16,376,1085,152,123,121,88,137.0531914893617,106.9627659574468,7.012785175472556,767,0.4674283029177039,21.880083839428522,0,0.34654377880184334,0.1425966966017343,38.41654815035595,36.05551275463989,3.605551275463989,1.6142319747175915,1.4142135623730951,26.870057685088806,33.9614188840899,-18.96759845657239,182.0304832720494,0.49022164276401564,6.466666894033551,14.152941647917032,0.019607843831181526,0.0156862735748291,0.5067757973150794,0.09803921729326248,0.09803921729326248,0.042265796693029746,0.03764080225509849,0.0313725508749485,0.007843137718737125,0.007843137718737125,0.026564180618614267,0.020822180173452887,0.054901961237192154,136.64699362990237,106.65973954322686,0.0,137.0531914893617,106.9627659574468,138.0,116.0,0.0,16,16,16,0.009072207840236688,0.009271298547119678,0.007175321942597424,0.009647132813728353,51.46634615384616,88.10526315789473,49.00458715596331,29.843601895734594,0.08127037897019254,-0.3752356043118233,0.03715116071149981,0.47743324345738,3.8733608523104603,4.102442379917281,3.817582222735444,3.4876592087148985,0.0013743883705052348,0.0009842141055802739,0.001646256341859535,0.002901529482330588,7.1484349735328685,7.06946939836995,7.421687481010794,7.228394429542433,-0.24079304215316621,-0.30224622363405573,-0.1734630855755163,-0.2305779354610944,0.9266627303009709,0.9588054556250835,0.8693510412957717,0.9208713451869196,0.17999497052955327,0.14847862103060364,0.1972856081850479,0.2892218739469346,18.802884615384617,20.33082706766917,18.619266055045873,18.886255924170616,4.760674939245964,4.57210605315243,4.727656557360218,4.905145644809356,60.57172244822482,40.02589179716222,52.78623432371006,84.37568787763081,28.009517150517766,32.03278873876421,25.44770536991838,28.554822443341365
1,17,345,928,34,132,2,103,14.321739130434782,113.1768115942029,5.243647097336298,669,0.4762424394253949,20.958712816717327,0,0.37176724137931033,0.1907069605252395,34.396331602990955,32.2490309931942,5.0990195135927845,1.9186931502444085,1.4142135623730951,27.618763466974503,30.24517648054681,87.44799129272884,150.77564927611036,0.515695067264574,5.913725691381842,11.75686314003542,0.019607843831181526,0.011764705181121826,2.2044869076544438,0.10196078568696976,0.10196078568696976,0.04348327714251354,0.03407786417401571,0.027450980618596077,0.003921568859368563,0.003921568859368563,0.02685323324581182,0.021148682573539638,0.04313725605607033,16.160440279843954,114.39292861537366,0.0,14.321739130434782,113.1768115942029,24.0,108.0,0.0,17,17,17,0.015181439619274244,0.008757679584120982,0.012517146776406037,0.015862712483265044,33.81463414634146,49.826086956521735,29.597222222222218,34.68789808917197,0.2932229859446339,0.044723108147288526,0.36211736929909644,0.3837892454891645,3.4883505509838693,3.7492757031375503,3.406945451251885,3.4792937714959713,0.003190797821859581,0.00198452057742823,0.003172153635116599,0.0031735553453059832,6.790742690266925,7.115441236135172,6.861897148065731,6.498397902216239,-0.2507064773917382,-0.23448367921176572,-0.22636054447482826,-0.3119329737399695,0.9258641173468356,0.921376885170544,0.9091128284955984,0.95364075800299,0.3008673033560923,0.1569381005504322,0.2786841225621549,0.3018606072561607,15.75609756097561,17.17391304347826,15.449074074074073,16.038216560509554,4.628131409516661,4.651252748502234,4.69771011222603,4.566110678408169,61.87221891731113,54.49149338374286,63.20111025377233,77.8966286664774,23.921713265913162,26.079395085066153,23.199583118998653,28.14613168891232
1,18,334,928,180,131,151,99,159.70658682634732,115.60179640718563,5.183377494369975,691,0.6138689748781092,20.62188177498708,0,0.3599137931034483,0.1929244013360341,32.85303873936838,35.35533905932738,5.385164807134504,2.096987715941218,2.0,27.21127722558099,25.934449341562086,33.67819041227377,147.49747468305833,0.4833574529667149,7.29803944658488,11.90196116734296,0.0117647061124444,0.015686274506151676,4.355829203130402,0.12156862765550613,0.12156862765550613,0.054462980944663286,0.03563461427348192,0.0235294122248888,0.003921568859368563,0.003921568859368563,0.032973006950389024,0.028993132744770483,0.05882352963089943,163.09785832396406,112.86820432417545,0.0,159.70658682634732,115.60179640718563,163.0,103.0,0.0,18,18,18,0.026757473727170685,0.029632301785668266,0.031359614158163254,0.022497534516765293,37.651515151515156,17.360406091370557,19.51785714285714,63.68589743589743,0.5456022381111503,0.7539230453438446,0.6444018402123435,0.10624299526756191,3.636501183134873,2.9907106547391704,3.012113661405018,3.9760895678760644,0.002200728082593611,0.004594793371060838,0.004372110172193875,0.0014272836538461542,6.320841819431778,6.311398497061062,6.3174020255413526,6.21828884980393,-0.3723103105737096,-0.3971097549087305,-0.31327840783978733,-0.3014102436155165,0.9718604296272055,0.977835231287154,0.950954553917009,0.9433726179117986,0.2733943719500454,0.43569784043402227,0.397857584089121,0.18812280628354183,14.328282828282829,14.426395939086294,12.830357142857142,13.006410256410255,4.7451446075748525,4.824242100849256,4.553022250055874,4.473265962380426,128.06899806142232,123.736968229019,90.25693558673464,78.82688198553583,41.43012830323436,35.274343580097394,27.443698182397952,35.62819485535832
1,19,172,1015,118,132,83,103,102.3546511627907,114.21511627906976,8.558121390679812,685,0.8096251601682778,14.798554040663838,0,0.16945812807881774,0.11684807381781778,46.506272475936505,37.16180835212409,3.605551275463989,1.2711984036635235,1.0,24.748737341529164,27.296729757242396,-58.296317888509634,136.00609665440987,0.2510948905109489,10.819608176127076,12.498039601370692,0.0313725508749485,0.0313725508749485,1.0913024962874234,0.18431372940540314,0.18431372940540314,0.08322775520097751,0.0726630209382017,0.05882352963089943,0.01568627543747425,0.01568627543747425,0.05008676380472756,0.04779861614993974,0.11764705926179886,101.28741762974775,114.44304987543462,0.0,102.3546511627907,114.21511627906976,109.0,123.0,0.0,19,19,19,0.014876033057851238,0.02286102308736985,0.018334087822544136,0.016723356009070295,19.81818181818182,7.574468085106383,55.72340425531914,143.57142857142856,0.8778494991727582,0.8493155619596549,0.6466687812250178,0.49632275437431156,3.0272337897506203,2.3788163875909754,3.458030079577987,3.6723452571233435,0.0024240989439853074,0.004517307668125344,0.0018200087395000243,0.0014083758503401359,6.212911304315743,5.655340713241671,5.937151617450959,6.01720105367963,-0.5302195078752585,-0.5370003301547563,-0.6186604375713503,-0.737994285309211,0.9943318495994241,0.9920994540862976,0.9975460656490436,0.9995607279692821,0.1629754844790713,0.41462993085441935,0.04840260766810079,0.036866490221177314,26.14545454545454,22.382978723404253,27.5531914893617,38.04761904761905,4.544285167755428,4.291097830714783,4.442574755794863,4.6420846845804995,304.66975206611596,92.95971027614303,259.69397917609786,426.52154195011303,81.1219834710744,25.13354459031231,78.85434585785424,142.52324263038554
1,20,381,1764,69,151,27,109,45.16535433070866,130.6246719160105,9.62616616316299,1080,0.5835118323576713,22.025082668269306,0,0.21598639455782312,0.10388351738896406,46.64179298760898,41.97618372363071,3.605551275463989,1.5583835218163307,1.0,31.997242528251785,37.87801636500289,5.761263737569412,214.6812408671319,0.3527777777777778,9.415686563588679,14.93333379086107,0.019607843831181526,0.01568627543747425,2.877863207743787,0.12156862765550613,0.12156862765550613,0.049040034185357705,0.03919510181328365,0.0313725508749485,0.007843137718737125,0.007843137718737125,0.031064659662869254,0.026090205688065304,0.05882352963089943,46.64180670169102,128.15441180041418,0.0,45.16535433070866,130.6246719160105,57.0,119.0,0.0,20,20,20,0.012135633551457465,0.010104699293888485,0.009455711851381601,0.010754132231404957,27.278048780487808,95.1981981981982,53.52601156069363,24.654545454545456,0.5111954808735343,0.09500804159020178,0.016061371020742635,0.5259867529886015,3.3903829421458687,4.112172913864199,3.8920025983972897,3.358370097474527,0.0031035981186793584,0.0010245940619673728,0.001461499246132513,0.0030433238636363613,6.949061183397821,6.87072825362055,6.987244722124592,7.072228320088539,-0.30855728381753433,-0.3898567805850067,-0.24383950303807914,-0.2520501227339151,0.9595647448662407,0.9818884896951792,0.92538835136284,0.9326943661872457,0.3007897785338094,0.08251091790283448,0.15858745144266145,0.27982075546447593,17.24878048780488,20.47747747747748,16.7514450867052,16.62727272727273,4.92938663738005,4.961630366948617,4.71200964288582,4.819819310256935,84.33323022010705,115.18642967291606,55.273480570684,79.37016528925619,27.90281975014871,52.59615696777861,27.19987303284441,26.006177685950433
1,21,187,957,131,140,102,107,120.06417112299465,121.64171122994652,7.250177784906005,558,0.5541801554174817,15.430353037616328,0,0.19540229885057472,0.137927652213147,33.91075626916996,33.24154027718932,2.8284271247461903,1.3166665236921309,1.0,25.72571499196228,28.22720342930762,4.801709161028966,130.52691193458116,0.33512544802867383,10.639216000214219,13.098039587959647,0.03529411926865578,0.021568626165390015,3.6429430453092917,0.19607843458652496,0.19607843458652496,0.08580012903398564,0.07004299244898207,0.052941177040338516,0.01568627543747425,0.01568627543747425,0.05117850219419871,0.047697930794693436,0.0941176488995552,117.22425148608276,123.92335328935233,0.0,120.06417112299465,121.64171122994652,114.0,131.0,0.0,21,21,21,0.012777777777777777,0.018290027580200322,0.012421886907483616,0.01836547291092746,58.71666666666666,24.036144578313255,34.0246913580247,161.33333333333331,0.7667287788905987,0.7622512367716945,0.6164118989360239,0.43174482013597365,3.6875820040073277,3.1270724093704345,3.3961763821218076,3.5330516047849017,0.0013257721389209282,0.0028460306673254374,0.0019316547907165945,0.0014700851441965003,6.460975803905793,6.254086419090204,6.569917558729065,5.8322729072372415,-0.575322709904172,-0.5258865027569407,-0.4225529909058607,-0.7527632121909665,0.9972878649102016,0.9942151429534032,0.9850859067036019,0.9995618737521085,0.07946296493289495,0.36048190817474735,0.16476645011204766,0.04466669738318619,31.21666666666667,25.626506024096386,24.17283950617284,37.75757575757576,4.812744920746109,4.871808636521523,4.58209942949024,4.184862968552384,444.70305555555547,178.16170706924072,143.3775339125134,406.48668503213935,125.85493055555554,50.5494629118885,44.35055631763453,141.9550045913682
1,22,94,476,126,148,98,131,108.98936170212765,137.9255319148936,6.83649337800907,332,0.8393733962332433,10.940041919714261,0,0.19747899159663865,0.1462738197358162,34.81982843576366,28.160255680657446,1.4142135623730951,1.0088130545185765,1.0,15.473192596202342,18.926500290703686,-84.75229316528365,89.86396103067892,0.28313253012048195,9.643137538805604,9.749019892886281,0.05686274543404579,0.05098039284348488,1.6693235363764307,0.1921568661928177,0.1921568661928177,0.10481671237832178,0.10371297758389661,0.09803921729326248,0.027450980618596077,0.027450980618596077,0.052546931825679995,0.052528148166914965,0.16078431904315948,110.65848750586677,137.89983910670637,0.0,108.98936170212765,137.9255319148936,115.0,132.0,0.0,22,22,22,0.02232142857142857,0.05,0.059171597633136105,0.04166666666666667,86.92857142857142,142.3,13.538461538461538,192.83333333333331,0.769929309774427,-0.32674467390797735,0.5276630883567293,-0.12339186018286191,3.9677201004744997,2.4464393446710155,2.199687794731328,3.084962500721156,0.0009775510204081631,0.0036,0.005162130177514795,0.0021000000000000003,5.628783493486175,4.3219280948873635,4.257756064128518,4.584962500721156,-0.7843537676198178,-0.8268966958177651,-0.7678856823943755,-0.868890468736868,0.999649632681131,0.9988699130097622,0.997518753890169,0.99956363844066,0.17002151203153268,0.008038083182167055,0.15550747405951026,0.048221893060022156,61.214285714285715,46.7,30.46153846153846,43.166666666666664,4.664497779200462,3.1219280948873624,3.0269868333592873,3.2516291673878226,668.7397959183672,72.21000000000004,43.786982248520985,150.47222222222217,188.9170918367347,53.62749999999994,14.331360946745548,85.82638888888891
1,23,195,675,155,146,128,121,142.06153846153848,131.17948717948718,7.048890984271927,569,0.521658825354168,15.756957549709801,0,0.28888888888888886,0.14186628821913735,34.82821139028307,29.068883707497267,2.8284271247461903,1.3126759227727363,1.0,24.0,29.713834437320322,48.21507715478512,131.42640687119285,0.3427065026362039,5.447058998979628,8.400000260211527,0.0313725508749485,0.011764707043766975,0.7595272728698486,0.09803921729326248,0.09803921729326248,0.045392158324830234,0.043076924411341165,0.03921568766236305,0.0117647061124444,0.0117647061124444,0.020575237749622558,0.017983945057476493,0.054901961237192154,141.90849673477112,131.9234360407009,0.0,142.06153846153848,131.17948717948718,148.0,129.0,0.0,23,23,23,0.012941176470588235,0.01631271160357033,0.009276437847866421,0.01403349932095971,46.04705882352941,54.70175438596491,61.987012987012996,46.61702127659574,-0.012391287147992482,0.15018122352176297,-0.3285340148534264,-0.2681506111265022,3.624999170803883,3.7163075068999314,3.863854809244278,3.588554213509381,0.0025398742859482812,0.0018708532985115128,0.0014074337251160432,0.0020552018236316733,6.60316358304381,6.253942645743689,6.854385404303169,6.261931670780542,-0.36415526872456466,-0.42644983083482024,-0.33765098010349703,-0.43498280094005326,0.9732044190731651,0.9829973728932252,0.9686273220234267,0.9844898374116157,0.2652244268323698,0.1792380225609839,0.1468719839695764,0.11845910408767887,21.788235294117648,21.228070175438596,22.090909090909093,24.234042553191486,4.559103954994351,4.606290944675379,4.305621204452116,3.924180543526772,44.919861591695565,74.03570329332103,31.32939787485242,26.902670891806338,22.741730103806276,32.18436441982156,23.329102715466362,18.37992304210053
1,24,345,1845,100,163,55,122,76.4,144.92753623188406,9.546358918152498,1199,0.644079471742603,20.958712816717327,0,0.18699186991869918,0.10475198016057095,51.82504782582424,44.40720662234904,4.242640687119285,1.531891303609477,1.0,35.22667090707361,39.64401516143238,66.173720153265,203.4386001800126,0.2877397831526272,7.86666695214808,13.427451426163316,0.0235294122248888,0.011764707043766975,1.0206441283324938,0.09803921729326248,0.09803921729326248,0.04394786006786637,0.038920149061342946,0.03529411926865578,0.0117647061124444,0.0117647061124444,0.021625518457471477,0.01899237652835986,0.053921569138765335,77.26372662095778,144.38376168214083,0.0,76.4,144.92753623188406,76.0,151.0,0.0,24,24,24,0.013427202787051822,0.014877507716049385,0.011756227196973109,0.01034541240318842,29.174698795180728,19.78472222222222,44.58389261744966,43.962406015037594,0.34262371422532223,0.525361960443359,0.1474842652185423,0.16697133705936157,3.5125245587480114,3.1218065278799396,3.7075842940217925,3.8121634818818633,0.0025712030412947144,0.0042595217875666565,0.0022367588858010277,0.0017278313905509423,6.661238645904756,6.511905562033294,6.98309786323347,6.96988208635614,-0.28461153715549703,-0.3258627948751587,-0.2488071462712984,-0.27751256785895584,0.9435812257185945,0.9595520124333149,0.9287211506445905,0.9456020078568119,0.2747617625019859,0.2873878906322992,0.23242919477395718,0.21458392099990364,18.30722891566265,18.1875,19.174496644295303,20.022556390977442,4.636444848739403,4.612954218228952,4.680086478145469,4.683858141059961,59.586333284947045,63.58289930555554,60.009819377505494,61.58595737463958,22.19025802003199,20.841905381944443,26.148427998738796,26.38709084741923
1,25,219,648,174,161,150,134,161.06392694063928,147.5799086757991,5.428363634954389,429,0.3733549081618898,16.698486766680407,0,0.33796296296296297,0.18421757775414807,27.39055224498999,26.30589287593181,3.1622776601683795,1.4969875708550298,1.4142135623730951,20.12461179749811,25.409902681275362,25.1006310765332,122.22539674441619,0.5104895104895105,4.996078610420227,8.941176767461002,0.0235294122248888,0.013725490309298038,1.5557010254101213,0.0941176488995552,0.0941176488995552,0.047132817079436104,0.04082729117562101,0.03529411926865578,0.0117647061124444,0.0117647061124444,0.024401053788780897,0.020504203491326065,0.05588235333561897,160.56184209301367,146.10745613454458,0.0,161.06392694063928,147.5799086757991,166.0,137.0,0.0,25,25,25,0.010765090349865435,0.011284722222222222,0.008810400187955203,0.0094378124681155,43.911764705882355,71.16666666666667,39.11504424778761,39.72727272727273,0.17935425462834656,-0.11499032882011581,0.14826928783129853,0.28106486751472626,3.6397054945175293,3.994335293783485,3.647563226387733,3.566907505676146,0.002060130718954248,0.001378395061728395,0.0022123580546636393,0.002493459851035609,6.865909042888257,6.645551563912264,7.036733608318012,6.904362301788526,-0.32691428265402456,-0.3867759367776727,-0.2758928913258989,-0.30295647449720786,0.965221202633747,0.9791258194405376,0.945947284720463,0.9565577294352653,0.2333689852257912,0.10638686025532659,0.19918086601529836,0.18485441303225988,20.147058823529413,20.111111111111114,19.61061946902655,19.90909090909091,4.701426118129583,4.569114154689793,4.610923816840742,4.61472739999434,63.105824682814216,56.48765432098759,52.73333855431116,70.78971533516989,26.75439734717422,31.913580246913583,22.962095700524728,27.629247015610616
1,26,213,1188,134,173,98,140,119.16901408450704,157.93896713615024,8.608912540503223,817,0.7339940643593392,16.46815177937675,0,0.17929292929292928,0.1161586896481058,46.70628975672125,37.20215047547655,4.0,1.4341482599478468,1.0,28.988218842888024,31.72085146384699,30.283708839421532,151.79898987322332,0.2607099143206854,13.0000004414469,15.011765206232667,0.027450980618596077,0.02941176574677229,5.3346447469543685,0.1882352977991104,0.1882352977991104,0.08904109891401986,0.07047777092128013,0.05098039284348488,0.01568627543747425,0.01568627543747425,0.05344990635085733,0.05257069184294944,0.11666666716337204,116.59299897564566,153.26750261898587,0.0,119.16901408450704,157.93896713615024,108.0,142.0,0.0,26,26,26,0.03217955651703623,0.01751070798689846,0.015942957859317416,0.02315296566077003,16.36046511627907,41.49206349206349,50.15189873417722,63.46774193548387,0.9320903833995723,0.82019495748407,0.5437466655393884,0.4188665312903825,2.7201715519017666,3.6354118082558795,3.7478537650381396,3.8635042306645904,0.003667347006351463,0.0014705806736904892,0.0012414044487285352,0.001282417445731292,5.64603876870762,6.1283284400814395,6.298919001528317,5.7953499969680955,-0.6216807349451663,-0.506990663775718,-0.46790146937545957,-0.509250622010534,0.9969261281405926,0.9921818025132176,0.9892745737468307,0.9904174369980097,0.4532751372052118,0.18980592491360251,0.15333940621720377,0.12603293142262195,24.081395348837212,24.253968253968253,22.075949367088608,20.5,4.624244547999163,4.493817829747518,4.624524857732828,4.429271512903257,465.4701189832341,420.0307382212144,169.69043422528443,154.95967741935488,120.45764602487833,115.3807004283195,54.96058323986544,54.606854838709666
1,27,104,432,115,165,88,149,100.79807692307692,155.7403846153846,5.787637968974699,274,0.8708712693935614,11.507254783503184,0,0.24074074074074073,0.17278205813159278,31.046332853023927,26.92582403567252,2.23606797749979,1.1077560646728553,1.0,11.963084243429225,15.25961944512433,75.33799920541917,86.97056274847714,0.3795620437956204,8.941176787018776,9.780392490327358,0.05098039284348488,0.03921568766236305,2.2847615719078322,0.18039216101169586,0.18039216101169586,0.10396717194207879,0.09404223548391691,0.0784313753247261,0.0313725508749485,0.0313725508749485,0.046890352828479566,0.0479305303642242,0.14509804546833038,102.8740978191762,156.69446672895026,0.0,100.79807692307692,155.7403846153846,111.0,154.0,0.0,27,27,27,0.018991964937910888,0.04513888888888888,0.043209876543209874,0.028120713305898486,40.13513513513513,178.25,89.72222222222221,7.851851851851851,0.831683456455044,0.04121920699251486,-0.016806869654942613,0.855095944509138,3.331508947916409,3.418295834054489,3.080500530640267,2.5032583347756456,0.0020184377543094336,0.0016158643931391775,0.002568057721219031,0.003954392834898511,5.871351338484979,4.501629167387822,4.68354236243323,5.282484261342598,-0.6765840994026134,-0.7796235879866218,-0.7846636693367437,-0.5183534055229481,0.9987640022934486,0.9984099359805133,0.9988176763369909,0.9875125789801198,0.12764812318284505,0.15532563492694287,0.01923708480611829,0.2770526182290888,41.86486486486487,69.41666666666666,32.72222222222222,27.185185185185187,4.357837824971465,3.584962500721156,3.4613201402110083,4.014146761422728,436.7655222790354,193.5763888888896,86.75617283950623,100.52126200274336,119.22516435354271,92.95659722222263,44.1195987654321,27.093278463648858
1,28,185,572,159,168,133,146,148.7891891891892,156.9027027027027,5.4632938710757735,421,0.7847448869510391,15.347615963921077,0,0.32342657342657344,0.1830397601883149,32.54826155258493,30.479501308256342,4.0,1.5373562236252472,1.0,17.10263137648707,20.17402750457893,46.80334403883718,112.69848480983498,0.43942992874109266,7.898039487190545,10.572549371048808,0.027450980618596077,0.019607843831181526,3.65724474889569,0.16470588743686676,0.16470588743686676,0.07594268737683216,0.05714891551918275,0.04313725605607033,0.0117647061124444,0.0117647061124444,0.048437137461973076,0.04283389637932421,0.06666667014360428,145.15652819643125,157.3260385800153,0.0,148.7891891891892,156.9027027027027,144.0,166.0,0.0,28,28,28,0.015481341265548947,0.01183431952662722,0.024305555555555552,0.022962962962962963,42.76744186046511,27.10989010989011,12.052083333333332,42.400000000000006,0.5747370911838494,0.8793227037343536,0.8849070553388453,0.20165879421281632,3.457114782657245,3.4272765578513527,2.8220884812211984,3.455153441787381,0.002012401423774007,0.0018827593697288629,0.003910475256895618,0.0018823655095513755,6.306981255095338,6.655824035660446,5.884354365656767,5.652421151644845,-0.49452297925147765,-0.45821575665941605,-0.542303814274757,-0.4883066551211321,0.9920344031718328,0.9903859393848444,0.9937067958379697,0.9869410623895876,0.07425917473354027,0.205022702940877,0.38815809576178445,0.09639676010502224,22.348837209302324,26.890109890109894,21.260416666666664,17.955555555555556,4.546442046298051,4.756145294965096,4.595277803943088,4.313640873915145,158.36668469442952,422.18572636155034,197.38009982638897,63.82024691358026,50.283531638723645,112.3239041178602,52.35804578993054,26.555061728395074
1,29,545,1677,78,185,39,142,56.992660550458716,161.91559633027524,7.99519814352647,1264,0.5405698736836942,26.34227689249097,0,0.3249850924269529,0.12507507406926208,49.94970753024241,43.86342439892262,5.0,1.819879121235968,1.4142135623730951,35.02944269710986,42.02264505929627,50.7273482426452,234.00104602052653,0.4311708860759494,8.270588540937752,18.63137317635119,0.01568627543747425,0.0156862735748291,2.2621620142399728,0.10196078568696976,0.10196078568696976,0.04074181547259976,0.03418600582816732,0.0313725508749485,0.003921568859368563,0.003921568859368563,0.02753262527557778,0.021081841303362204,0.0470588244497776,59.20500946468964,162.38770782173833,0.0,56.992660550458716,161.91559633027524,56.0,177.0,0.0,29,29,29,0.009263758646002419,0.006592665659453858,0.010306793279766253,0.007357376313316219,40.98392282958199,41.91166077738516,18.802702702702703,35.12359550561798,0.21763554187143663,0.27011428957236105,0.5747291905243256,0.3198418639926027,3.697164685347873,3.774719119955311,3.2251894359870796,3.5735317011672616,0.002027496706158164,0.0016836550544652126,0.00340925510094679,0.0024078654629417495,7.190928645150956,7.614317330977662,7.1348869843484675,7.463307657795156,-0.260379452309509,-0.19886778765157057,-0.24399293244181702,-0.17415519992037382,0.9401172837069985,0.9021602334980212,0.9286064874586332,0.8713155935890142,0.14035624311935863,0.19826506813172395,0.3057803434078056,0.23505365556708138,16.842443729903536,17.939929328621908,15.991891891891893,16.01498127340824,4.847512866706007,4.942960036719262,4.894575552620898,4.816217607724996,63.78546541082085,72.93278727415753,69.62425858290723,68.15707893223362,26.19234706010073,28.711112012885664,22.10674032140252,25.82016860946287
1,30,171,702,184,177,158,150,168.76608187134502,162.50877192982455,7.450061241862703,494,0.3243217272911445,14.755472278097805,0,0.24358974358974358,0.13422708452125084,30.173666506861583,26.1725046566048,2.23606797749979,1.2432502669127397,1.0,22.953589188559775,28.542684373346386,-45.557223051480925,126.5269119345812,0.34615384615384615,6.231372739188373,7.792157096788287,0.019607843831181526,0.0235294122248888,2.6929000049455136,0.10980392247438431,0.10980392247438431,0.0523644767999023,0.04556817015665665,0.03921568766236305,0.007843137718737125,0.007843137718737125,0.029720849326869806,0.027671713716971014,0.07058823853731155,171.06391544983776,163.9129340579945,0.0,168.76608187134502,162.50877192982455,169.0,174.0,0.0,30,30,30,0.01320301783264746,0.021852237252861603,0.01637460499856363,0.012711111111111114,70.49999999999999,101.0967741935484,65.22033898305085,58.32000000000001,-0.10952017292232832,0.04106046548354669,0.24208474100978758,0.05577558515721289,3.9817651695365353,3.9503441981686898,3.917051612651605,3.817245071287639,0.0013415670481773442,0.0014303372552125027,0.0017133950533574308,0.0018454221165279422,6.365998613274579,5.663873729741714,6.268756931584322,6.585289857076008,-0.40563354031125953,-0.5690035244566103,-0.46702877354140865,-0.391509179090925,0.9802071571322939,0.9944535310879435,0.9889712023402663,0.979525950621872,0.202423366132367,0.2038602764726575,0.16394299104107693,0.1955537965680688,19.537037037037038,26.709677419354836,18.88135593220339,18.826666666666668,4.358886057992095,4.260332600569878,4.5855358457519975,4.463781404563279,56.58196159122082,109.75442247658702,106.88422866992238,65.20995555555561,31.77049039780519,52.71279916753386,43.02614191324328,30.882488888888915
1,31,295,1040,118,184,78,158,97.60338983050848,170.08474576271186,6.381811112731803,700,0.8562822104653548,19.38054864282415,0,0.28365384615384615,0.15669533026525742,48.67434141641972,40.024992192379,3.605551275463989,1.6275002151821119,1.4142135623730951,23.64489215148784,25.1406990802968,73.37623717653634,153.81118318204307,0.42142857142857143,9.854902287945151,14.88627497665584,0.0235294122248888,0.01568627543747425,1.455623552507943,0.16862745583057404,0.16862745583057404,0.07089857761111619,0.05046194907340963,0.03529411926865578,0.01568627543747425,0.01568627543747425,0.043580140611131954,0.03665259450915269,0.06666667014360428,97.52581667484645,168.63119069594057,0.0,97.60338983050848,170.08474576271186,102.0,160.0,0.0,31,31,31,0.01430795847750865,0.012424045138888888,0.015785932405155013,0.033530571992110465,37.1764705882353,97.03125,37.22302158273382,13.987179487179485,0.7143630407468679,0.3114702978015695,0.11135027468114451,0.6617834091125885,3.6125255693143306,4.090542654685269,3.5823819593362445,2.937869719927024,0.0016712659784380447,0.0009828397612488518,0.0017948985837787943,0.0032265228943550617,6.653251409700967,6.632405500993297,6.474308069342602,6.022658209534043,-0.36181511609134975,-0.46001327257158586,-0.24123983200478297,-0.3689952868593337,0.973178879076163,0.9904453098910954,0.9114284005133093,0.9666751863444091,0.18716779403903916,0.04732476051735439,0.17459417950225406,0.42307021833932645,21.988235294117647,25.15625,18.230215827338128,18.487179487179485,4.802504247649548,4.762213549244785,4.432332934752347,4.441235131875957,223.12927335640126,184.8193359374999,46.551317219605664,68.72419460881008,65.0764359861592,70.46264648437503,20.943584700584836,20.67784352399734
1,32,400,1914,185,187,127,154,153.1275,174.4075,9.809495161350425,1152,0.949997550916746,22.56758334191025,0,0.2089864158829676,0.10194204528893767,66.85122505127333,57.3149195236284,5.0,1.721256974004632,1.0,26.23203406183115,20.87478644547067,74.24426434912685,222.0538238691624,0.3472222222222222,13.337255352176726,17.309804500546306,0.007843137718737125,0.011764707043766975,11.232754590446296,0.1725490242242813,0.1725490242242813,0.06474395802027537,0.04327451125136576,0.019607843831181526,0.003921568859368563,0.003921568859368563,0.05678127741592954,0.04744349069356645,0.05882352963089943,142.57702765364272,170.55233347208676,0.0,153.1275,174.4075,138.0,182.0,0.0,32,32,32,0.025654675375197073,0.02344875346260388,0.02134717538407283,0.027118334550766978,32.203619909502265,22.121052631578948,10.652582159624414,31.804054054054056,0.8069952246915432,0.8823822683061988,0.8847231734931781,0.5496810405540846,3.412581013579346,3.1683045107485537,2.7578857810158484,3.4144264102491553,0.0025095693483591624,0.0029053725932765635,0.003856181778551677,0.0022981540098657213,6.348508479910825,6.393539591583732,6.3056852186904475,6.103126567810531,-0.40116532843719865,-0.3854525610736836,-0.4164012721793893,-0.3360653794292315,0.9791096777694628,0.9761000017770041,0.9816854543448311,0.9565650585157479,0.32957536964287704,0.3356304519096202,0.432315071365643,0.32431673075060874,15.352941176470589,15.921052631578947,14.192488262910798,11.925675675675677,4.780795163175885,4.688061022545557,4.772996005010196,4.3760714830191825,301.5043918019697,354.03060941828255,174.1648262029139,109.44717859751643,83.42700292786799,94.03791551246542,46.20435209063457,35.31280816289262
1,33,226,784,98,196,70,168,82.26991150442478,182.8053097345133,6.444889155366178,471,0.7696604945753099,16.96325844612841,0,0.288265306122449,0.155161706569829,35.09306373611755,29.966648127543394,3.1622776601683795,1.4632370339995622,1.0,18.547554143495102,22.4052852848582,49.205003901853274,135.29036790187178,0.47983014861995754,6.180392351001501,9.84705911949277,0.0235294122248888,0.01568627543747425,1.7574844203329603,0.125490203499794,0.125490203499794,0.05024709228456505,0.043571058050852964,0.03921568766236305,0.007843137718737125,0.007843137718737125,0.031065570337549742,0.025731627937923645,0.05882352963089943,83.23257665091077,181.33492634795923,0.0,82.26991150442478,182.8053097345133,87.0,178.0,0.0,33,33,33,0.00986531190926276,0.015548945375878852,0.010436831916505346,0.009384245562130179,25.489130434782606,56.11627906976744,21.18348623853211,32.67307692307692,0.49836714716369573,0.5453822510718186,0.4227797877403117,0.15098981356909522,3.398476179326835,3.6843629717835844,3.119556130064459,3.4200841950810856,0.0022394854195850926,0.0017449185795712168,0.00338959759271793,0.0026510736738009468,6.84123111354813,6.637028673528526,6.867622311394081,6.916503900708584,-0.3169473383793931,-0.4917297265837482,-0.27610329618863416,-0.25883732824474776,0.961234066115744,0.9933787401374398,0.9429646264156778,0.9338545399640388,0.20843259781841322,0.23921285167299555,0.1534626631403101,0.16424458815044785,20.076086956521742,24.813953488372093,19.073394495412845,19.615384615384617,4.7819422621486645,5.150118173750302,4.592124321491802,4.498073497512788,76.13551512287319,190.75608436992957,52.214796734281606,44.294378698224875,25.40616138941401,61.7180908599243,18.349570743203415,19.24186390532546
1,34,199,846,180,199,133,181,154.321608040201,186.12060301507537,6.766111993819396,548,0.9703242216258336,15.91774699517169,0,0.23522458628841608,0.14779536621821582,53.974789603381645,46.17358552246078,3.605551275463989,1.3982689794459477,1.0,15.478312976188086,13.051513163570432,-82.82313227548573,130.07716446627535,0.36313868613138683,5.862745287362486,6.533333550672978,0.003921568859368563,0.003921568859368563,11.1407588077042,0.1725490242242813,0.1725490242242813,0.04580269755751942,0.03283082186267828,0.007843137718737125,0.003921568859368563,0.003921568859368563,0.04812151364242024,0.04291226980556473,0.054901961237192154,143.21308526854426,185.2737094898773,0.0,154.321608040201,186.12060301507537,138.0,183.0,0.0,34,34,34,0.2383295030163746,0.1966388968687159,0.172607421875,0.18768491124260356,13.627118644067796,31.999999999999996,24.578125,27.01923076923077,0.9084849548849114,0.6401788252319301,0.745154500337315,0.7980895055459059,2.164045357836503,2.404125262629325,2.68396456442329,2.2059801780539914,0.007208301857349065,0.005896418298984611,0.0054306520061728385,0.006343779677113011,3.6394911821727427,3.5007990952844334,3.984527222907044,3.704901431769269,-0.6112249364601795,-0.5808728615103189,-0.6127176968980718,-0.6649886698081038,0.9794818714230658,0.9711161632440338,0.9850842083222638,0.9874468292856492,0.6690971587260328,0.5886162299317882,0.5828640585365733,0.6220207900449026,10.677966101694915,8.711864406779661,9.859375,11.865384615384615,3.0652972202900015,2.8058838410471454,3.422027222907044,3.1856706625385005,284.18442976156274,145.86613042229243,168.308349609375,240.6164940828403,74.45288710140764,44.46653260557311,48.22161865234375,66.90893121301777
2,1,149,390,39,34,26,4,32.19463087248322,22.691275167785236,4.537904118532423,303,0.895992399643338,13.773623058786647,0,0.382051282051282,0.22036604870430893,32.22161694759598,29.068883707497267,4.47213595499958,1.6372671516948916,1.0,11.917807251874516,14.308633661064249,2.4978120991107984,92.17766952966369,0.49174917491749176,10.682353224605322,12.803921923041344,0.027450980618596077,0.04313725791871548,4.668252501328144,0.20392157137393951,0.20392157137393951,0.1213903775523332,0.08593236189960633,0.06666667014360428,0.01568627543747425,0.01568627543747425,0.05924952570369426,0.06324144682992844,0.14803922176361084,31.6352220526299,18.05666157133226,0.0,32.19463087248322,22.691275167785236,27.0,12.0,0.0,1,1,1,0.033491124260355026,0.017381656804733726,0.016503765422207977,0.021698984302862417,12.815384615384616,143.40384615384616,70.72151898734177,93.50877192982455,0.8768515201655782,0.30385420154376297,0.856194341745045,0.5292555416791918,2.7330401623569034,4.011046036757163,3.906311249237133,3.6206627084054843,0.00335506539630646,0.0010535135374251405,0.0012856106242615578,0.0017288228784911887,5.392888629014706,6.017559429596343,6.226072324285741,5.874483163584202,-0.6251511588594824,-0.597114443716025,-0.6372497503865463,-0.5919745921170596,0.9962859759576124,0.997015126323585,0.9985193629464163,0.996414861411762,0.4428670658158803,0.059875667264294524,0.1433849740339505,0.11655762364108645,22.384615384615387,25.78846153846154,37.68354430379747,25.017543859649123,4.552740314023371,4.642371448743902,5.0772762799545585,4.578785743018004,195.3136094674556,268.5898668639053,912.8492228809482,303.77162203754983,52.03224852071004,102.99842825443787,245.8926854670724,99.32009849184368
2,2,81,418,110,38,88,19,98.80246913580247,27.88888888888889,6.484450500516343,322,0.6344271080975865,10.155412503859614,0,0.1937799043062201,0.15421507187391933,29.211086241228777,22.67156809750927,1.4142135623730951,1.0051137476836185,1.0,16.127616066858735,22.579664123947417,-66.20963918748625,81.24264068711929,0.2515527950310559,6.28627473115921,6.356862969696522,0.07450980693101883,0.003921568393707275,0.07542036141704461,0.09803921729326248,0.09803921729326248,0.07857843413949013,0.07847978974933978,0.0784313753247261,0.062745101749897,0.062745101749897,0.007027264273613742,0.007039264211238399,0.08235294371843338,98.78840222218679,27.96298580419315,0.0,98.80246913580247,27.88888888888889,108.0,30.0,0.0,2,2,2,0.0510204081632653,0.1015625,0.075,0.08333333333333333,5.57142857142857,4.625,11.7,4.75,0.09302325581398663,0.27361963190184047,-0.5610406937959098,0.05979381443299606,2.270942421748537,1.9056390622295665,2.4464393446710155,2.1887218755408666,0.006762468300929838,0.00933801775147929,0.006213017751479289,0.007601906640368176,4.378783493486175,3.375,3.8219280948873626,3.918295834054489,-0.3223086272228384,-0.7291194620527657,-0.5064011325110438,-0.4230287113223987,0.90226543612609,0.9895427639412775,0.9618223500996611,0.9369163424775763,0.3369747899159664,0.3375,0.23376470588235296,0.48653846153846153,40.0,38.125,38.900000000000006,41.75,2.842370993177109,2.1556390622295662,2.4464393446710155,2.8553885422075336,6.714285714285779,8.109375,3.289999999999509,5.354166666666515,3.071428571428612,3.18359375,3.7474999999998317,2.5260416666667425
2,3,363,1292,186,43,148,9,167.23415977961432,23.517906336088153,6.960645210770159,875,0.7158121091867993,21.498510523728477,0,0.28095975232198145,0.1436648428011683,42.52801472936954,37.21558813185679,5.0,1.8227244816795598,1.4142135623730951,30.405591591021544,29.69701226378721,-82.39501557020606,178.18986283848344,0.41485714285714287,11.933333688415587,18.14902017172426,0.019607843831181526,0.01568627543747425,2.811100859603599,0.18431372940540314,0.18431372940540314,0.073210636125249,0.04999730074855168,0.0313725508749485,0.007843137718737125,0.007843137718737125,0.04652663486380835,0.03972669251658092,0.07450980693101883,168.5635263688866,25.99481418947928,0.0,167.23415977961432,23.517906336088153,179.0,35.0,0.0,3,3,3,0.013610945865556215,0.019918060243757897,0.014972184702731163,0.01271778435239974,57.05853658536585,26.68020304568528,41.34928229665071,122.11538461538461,0.5232425909926107,0.7101072407676186,0.549120997407826,0.31518876207199303,3.8493435034115393,3.097680449791376,3.6021250028045713,4.285814095406246,0.0015979968107607912,0.0032845040060867914,0.0019635630893421754,0.0009545186828840676,6.816740429156107,6.603372335873848,6.823337976293165,6.780353879759758,-0.35205532083822216,-0.40659280611503984,-0.3597900199794671,-0.4020119246529735,0.9724523671912086,0.9826545892501645,0.9746216300784161,0.9833661280108871,0.22791291810188696,0.42946080570367157,0.28531935848794976,0.12376427287279224,19.009756097560977,19.63451776649746,18.698564593301434,21.03846153846154,4.94488479719122,5.039274863710913,5.010760709439229,5.147470228681602,182.30234384295062,157.38926537658784,142.06703143243055,234.52416173570015,59.84022010707913,46.01736710556828,45.85407843227031,89.15988658777124
2,4,286,986,70,52,36,23,53.08391608391609,36.27972027972028,7.1742748763738575,622,0.6133015507370155,19.08262324195121,0,0.29006085192697767,0.13938690909281645,38.16614280428643,33.06055050963308,3.1622776601683795,1.483709437459282,1.4142135623730951,24.748737341529164,30.145484051638984,58.21208677341865,160.57463914933368,0.45980707395498394,8.145098244771361,14.254902347922325,0.027450980618596077,0.019607843831181526,0.8325200356340292,0.13333334028720856,0.13333334028720856,0.058179273176938294,0.04984231590182631,0.04313725605607033,0.0117647061124444,0.0117647061124444,0.03415404508606356,0.028048685927704438,0.07058823853731155,52.48335625298502,35.70316369168739,0.0,53.08391608391609,36.27972027972028,62.0,31.0,0.0,4,4,4,0.0077628174202885826,0.0077571845064556425,0.008923742563547865,0.006785810266057513,78.66887417218544,125.79591836734694,92.94573643410853,84.89344262295083,0.13708370566452455,-0.11435333703510354,0.0737309471394659,0.08464482150974603,4.131119933673677,4.281503745163108,4.158433143517382,4.149095149469154,0.0012124065450047402,0.0009448444100672345,0.0012560077212785243,0.0011839038222114975,7.477370653491345,7.188639563480888,7.092271151206321,7.37119092357526,-0.32236401959851657,-0.41965428386411463,-0.3825664625678001,-0.3233646351359747,0.9713420373528778,0.9889512128542134,0.9823907100896525,0.9704464900603416,0.20536844574000285,0.04885675000489059,0.19772469767898837,0.14561330500304087,24.788079470198674,27.04081632653061,24.294573643410853,23.516393442622952,5.099735989386275,4.951937299211627,5.0026482839583535,4.983564646295027,103.66369896057199,99.97792586422327,107.74268373294876,100.5939935501209,45.58314328318926,56.443461057892534,50.172105041764326,46.37185904326796
2,5,307,870,199,57,169,28,186.64820846905536,43.11726384364821,6.132359212559879,599,0.6285633627228325,19.77080019204319,0,0.3528735632183908,0.16306937759808138,35.17165321839283,29.427877939124322,4.0,1.6630146587871992,1.4142135623730951,22.66828955504476,27.35504806031497,-52.47175686492197,153.8111831820431,0.5125208681135225,9.458823796361685,16.305882828310132,0.027450980618596077,0.011764707043766975,2.641069064895449,0.1921568661928177,0.1921568661928177,0.07332421547567197,0.05311362484791574,0.03529411926865578,0.01568627543747425,0.01568627543747425,0.04773443493981571,0.03772617227158607,0.07450980693101883,184.2044251665188,42.11568060906846,0.0,186.64820846905536,43.11726384364821,181.0,36.0,0.0,5,5,5,0.013310351431580965,0.01063327032136106,0.0168285110318404,0.013912009512485134,78.10734463276836,122.67391304347825,88.33908045977012,114.33793103448276,0.3366202870395986,-0.04281440914562038,0.16878330762865568,0.3889115622308246,3.9576114556498796,4.358424606493225,4.126543422203383,4.116764154124759,0.0013306648791854194,0.0007741230833858433,0.0011735235830360679,0.0014368608799048756,6.885472883034589,7.070142664252826,6.971823507364818,6.933351026222326,-0.3055682025559712,-0.3009065139962437,-0.26429430309088364,-0.34026135496462856,0.957361776183961,0.9582591892764069,0.938269797904377,0.9704316669292343,0.24042148568679686,0.17409831994759845,0.21822581092091164,0.2414790096272254,23.768361581920907,25.1231884057971,23.235632183908045,26.255172413793105,4.925161665849544,4.882674545962221,4.693710792193766,5.040866529797933,157.3757221743432,112.60076664566259,124.2145924164355,259.87281807372176,58.87076670177788,58.81866992228521,53.1384182190514,93.55268727705109
2,6,182,713,176,53,145,30,157.36813186813185,39.81868131868132,4.7173651422338425,346,0.9517752762128477,15.222667215103916,0,0.2552594670406732,0.21198274245238177,39.677602895044586,34.66987164671943,5.0,1.6779027584930741,1.0,13.297993595402517,12.172932313353762,54.03411248159732,103.8700576850888,0.5260115606936416,7.878431613557041,10.133333653211594,0.01568627543747425,0.0196078447625041,4.2791410277816695,0.1764705926179886,0.1764705926179886,0.08039215932201062,0.05567765743522854,0.0313725508749485,0.007843137718737125,0.007843137718737125,0.05645283014688625,0.05076686177090966,0.09019608050584793,160.11726005701885,43.09791021229507,0.0,157.36813186813185,39.81868131868132,160.0,47.0,0.0,6,6,6,0.02263789988309066,0.01394604481024234,0.024177566389219182,0.07254437869822487,44.50515463917526,107.92592592592592,31.89655172413793,38.2,0.8008211183867401,0.3874709133846003,0.7415992323701748,0.7170070198109989,3.3816179475584303,4.15439772244341,3.0929737147552974,2.3150795576052,0.00262573882023024,0.0010350011769725955,0.0034765850458079294,0.006890415096028009,6.1240883275642295,6.591341478402024,5.977837422658652,4.64881896783624,-0.5490122248843345,-0.5015752188076129,-0.5104687124319017,-0.7286552736903628,0.9951319874484461,0.9939203497081682,0.9916561219231309,0.9975721690154162,0.22221836658234295,0.07019258086435237,0.32849442880770097,0.6500003117074422,21.103092783505154,22.02469135802469,17.57471264367816,15.830769230769231,4.82265708057941,4.9380120396545655,4.617541197567409,4.141126660143932,402.3811244553088,244.4685261393081,214.98005020478269,231.77136094674557,111.72156977362111,88.09861301630838,61.71915048223015,67.49284023668642
2,7,411,1254,143,61,105,28,123.55961070559611,43.62043795620438,6.2654804522120155,778,0.4646806586384249,22.875783109789968,0,0.3277511961722488,0.15960467958158772,38.85009078138361,37.33630940518894,4.123105625617661,1.7823355635269649,1.4142135623730951,28.808297984901593,34.40091378159024,-74.39751851694099,179.88834764831842,0.5282776349614395,7.866666856221855,15.996078881435096,0.01568627543747425,0.011764707043766975,1.170518860662686,0.125490203499794,0.125490203499794,0.050752689394979705,0.03891989995482992,0.027450980618596077,0.007843137718737125,0.007843137718737125,0.039915921479265884,0.029553852779505545,0.05098039284348488,123.1201274682509,44.70531992548013,0.0,123.55961070559611,43.62043795620438,115.0,39.0,0.0,7,7,7,0.011274863289465782,0.00852844010341856,0.01109049211323331,0.009781427363844946,69.81782945736434,76.97033898305085,69.54393305439329,123.40109890109889,0.3068655280608959,0.1724264142715301,0.2986125487615468,0.04201535128296685,3.8992771532052126,4.03609619561569,3.9492297882251237,4.2774728276550915,0.0020153350208908516,0.001539875789046611,0.001875901186933112,0.0010486239257468024,7.289095345776935,7.392816091307168,7.365470803908111,7.1901263861590845,-0.25951504398834147,-0.23347850040095447,-0.27675110605843317,-0.3030740735635169,0.9414042411707142,0.9264564197929707,0.9519047628706594,0.9609043954858226,0.27958277152676253,0.17449117834244748,0.2931428137569398,0.1244368649114815,18.84108527131783,18.809322033898304,19.594142259414223,19.895604395604394,5.053885170785335,5.0094958832056316,5.088666913595175,5.051940064080533,131.63753680668225,109.04415038781963,128.75996568687532,134.2253652940467,50.363841566011686,46.503622342717605,49.57597468531715,64.40661604878636
2,8,333,1085,57,64,22,33,38.192192192192195,50.186186186186184,7.816214018512041,705,0.5411932277730626,20.590987552733093,0,0.3069124423963134,0.1279391784349283,38.48426545407723,34.23448553724738,4.0,1.5185228692365202,1.4142135623730951,28.24517755739232,32.361352007400754,59.55206608122501,180.8528137423857,0.4723404255319149,8.674510029144585,14.690196526236832,0.019607843831181526,0.01568627543747425,0.9392734677182085,0.16470588743686676,0.16470588743686676,0.052572788055421725,0.04411470428299349,0.0313725508749485,0.0117647061124444,0.0117647061124444,0.038469180575011426,0.031485923296926406,0.062745101749897,37.42471971366054,49.644687671085855,0.0,38.192192192192195,50.186186186186184,46.0,56.0,0.0,8,8,8,0.01484541857778089,0.007377466221945843,0.013047545858531859,0.023165239969167105,92.10059171597634,150.63157894736844,83.95953757225432,97.37579617834396,0.2018400415209399,-0.14430442154375153,0.25794782741198147,0.2600672661637625,4.0573107755563464,4.5113367049070785,4.059264276803394,4.055395704565297,0.0016096031893176963,0.0006384573608046311,0.001419620811257997,0.001520668739672881,6.976459669854016,7.33830313898772,7.026161447736445,6.8632654978541,-0.3075256245823076,-0.3279206351722783,-0.31110648432746585,-0.33257144599099375,0.9595622504304006,0.9714783917014203,0.9617018073711828,0.9671019267104556,0.23989276811482763,0.09717809620761969,0.26511955100513296,0.2999245872152321,21.295857988165682,24.52631578947368,21.346820809248555,22.56050955414013,4.924299113326705,5.044293253119336,4.9613711256356865,4.990614585032164,138.6816988200693,112.64028492283353,142.33058237829522,165.82595642825265,57.69557263401141,65.81796596755049,56.57252998763744,65.80043815164916
2,9,373,1240,120,84,89,44,100.828418230563,63.16890080428954,6.548313694956538,728,0.8354135346360543,21.792621462004423,0,0.3008064516129032,0.15271107136638742,46.751755054224745,41.78516483155236,5.0,1.7633529825091117,1.4142135623730951,25.27394653671753,25.69578815148712,-21.85572139332041,175.19595949289334,0.5123626373626373,9.643137488514185,23.72941237874329,0.0235294122248888,0.027450980618596077,2.345890633632965,0.24313725531101227,0.29411765933036804,0.06261777589944276,0.06361772755695252,0.04313725605607033,0.007843137718737125,0.007843137718737125,0.047980156695299266,0.05654619685320616,0.08627451211214066,100.10642869780109,65.40092544114934,0.0,100.828418230563,63.16890080428954,94.0,70.0,0.0,9,9,9,0.00717636350906672,0.0044227789256198365,0.004865298770459708,0.005359581540364349,168.11111111111111,357.73295454545456,231.2212389380531,251.7817258883249,0.6227146985460853,0.3192376525948533,0.579585774803318,0.43986861895849316,4.373412397217846,4.924588262724399,4.74684275966994,4.633002114085192,0.0008245593671107757,0.00037398268125729697,0.0004466891877380493,0.0005581841648091306,7.657643283949028,7.990514999245359,8.068263241145768,7.863657768725878,-0.45518117938024705,-0.4426981242180022,-0.4274960152288243,-0.41492576265655023,0.9945002123573072,0.9946648788197522,0.9937604558595169,0.9918194560725075,0.24907253473763152,0.061907388617871,0.11081227135858841,0.1820752283313255,33.20289855072464,37.30113636363637,36.176991150442475,32.79695431472081,5.775033064806973,5.86893916712264,5.934688920812052,5.722476775396597,723.0506196177271,693.2445441632228,868.7474351946121,647.2278079826845,222.7904326822096,262.74437467716945,274.9921685331661,224.75238346775245
2,10,217,1156,175,72,141,38,155.1336405529954,51.60829493087557,7.4241064408177175,721,0.8233173670952998,16.622063085174787,0,0.18771626297577854,0.13469634466742053,48.32902245874828,37.73592452822641,4.47213595499958,1.496234663440195,1.0,25.93838853899756,27.43064858295094,50.993120789122024,142.2842712474619,0.30097087378640774,11.0392160192132,13.901961209252477,0.0235294122248888,0.0313725508749485,2.192074255773293,0.18039216101169586,0.18039216101169586,0.08117070602362647,0.06406433736982708,0.05882352963089943,0.007843137718737125,0.007843137718737125,0.04659352920350145,0.044876070110861435,0.08529412001371384,156.74471086925115,53.09478138520457,0.0,155.1336405529954,51.60829493087557,160.0,49.0,0.0,10,10,10,0.011956665345488176,0.012199960325332276,0.015782761186098414,0.020544982698961937,76.32183908045977,111.8450704225352,14.350515463917525,39.88235294117648,0.6286234096855694,0.4269214603968067,0.9030117054838209,0.5123617729029936,3.995519612497141,4.146521600637525,2.876261761902205,3.5765463056393774,0.0011242876087751844,0.0009021541692211683,0.0033621238846425847,0.0016363147927399861,6.662779093769105,6.570600422620687,6.5370923893025825,6.183287202200868,-0.4932880999897584,-0.5177290062690012,-0.5441737213898694,-0.5095802502929162,0.9936076333147518,0.9949104718759937,0.9962208610801925,0.9926837820825528,0.1559995267391766,0.05689969106737439,0.3379794133607811,0.282726588291946,24.114942528735632,24.63380281690141,25.072164948453608,20.5,4.938713364347369,4.943426830888562,5.1600700285505505,4.650363217531346,334.69943189324874,278.4856179329496,281.5721118078436,123.69117647058829,102.7553177434271,97.58267208887122,73.98065681794026,40.89338235294119
2,11,780,2552,94,92,50,34,71.61666666666666,64.81794871794872,9.337789276498988,1739,0.4258116512326131,31.513915099419602,0,0.3056426332288401,0.10709172914372399,54.26435001130596,57.3149195236284,5.385164807134504,2.073402616568929,2.0,42.546416695849324,49.099025536623515,19.61810806617765,302.53405460951757,0.4485336400230017,12.384314049966633,28.78039299696684,0.01568627543747425,0.0117647061124444,2.5362373462586616,0.16862745583057404,0.16862745583057404,0.04818799241232153,0.036897939739701076,0.0235294122248888,0.003921568859368563,0.003921568859368563,0.041621980966513504,0.02987189571864813,0.0470588244497776,73.35468047098375,62.970840737196,0.0,71.61666666666666,64.81794871794872,92.0,71.0,0.0,11,11,11,0.00966399487285438,0.010050378529720572,0.011029760406005059,0.007591144000482614,71.49486652977413,73.13519313304722,45.945750452079565,73.96412556053812,0.26587021336582634,0.333224917324046,0.4754533916050732,0.2623424349208326,3.9912706707419403,3.7586835176418267,3.5790050651819323,3.9256691018701213,0.0014855915416035757,0.0021227551081455837,0.002355510335963228,0.001687462160613003,7.4568412868682845,7.398591420226891,7.322649363593415,7.660370157223216,-0.23981984024619576,-0.22688742787555646,-0.2279886576039538,-0.18222409832846215,0.932158919614273,0.9216550577681148,0.9209024276007969,0.8858468496817412,0.27225923326072055,0.2853764094083401,0.3231661115067132,0.24742027163937444,18.427104722792606,18.34549356223176,17.04159132007233,18.251121076233183,5.145681589718056,5.112917604448159,5.02261069813819,5.0899780273145785,123.27959387609684,146.2347114516753,129.23696817294456,126.5737095055199,48.69361510146773,54.842476146180644,43.79567965625601,50.134458766514555
2,12,288,1025,153,86,128,45,137.96527777777777,64.78472222222223,6.232738263098853,644,0.8650975133490711,19.149229459268767,0,0.2809756097560976,0.1604431243199374,45.61780233429214,40.19950248448356,3.605551275463989,1.5808655057281409,1.4142135623730951,21.042254408409647,22.882059370905573,-0.3518651347459803,150.18986283848344,0.4472049689440994,8.521568848751485,14.254902360960841,0.0235294122248888,0.019607843831181526,1.7856727576504587,0.12941177189350128,0.12941177189350128,0.06265859447611387,0.04949618875333625,0.03921568766236305,0.0117647061124444,0.0117647061124444,0.03698826195400759,0.031392752334874784,0.07450980693101883,139.59944980664383,64.0649243495616,0.0,137.96527777777777,64.78472222222223,148.0,60.0,0.0,12,12,12,0.010867214532871972,0.010961652794292509,0.008052390657890339,0.008366848606722207,72.6764705882353,94.14655172413794,60.537572254335245,135.0593220338983,0.2661603434496071,0.06550120737088222,0.5468558846954521,-0.1801469907621676,3.8157332856683857,4.256287217750922,3.899144152958948,4.405416292522775,0.001984530836556075,0.0008136219445461614,0.0015828984421146187,0.0007318522995321119,6.943176746082827,6.8523884046814985,7.418627326073091,7.155575358518865,-0.41486979035469557,-0.38027401926223175,-0.3471986206392771,-0.3803319395429139,0.9867120918767227,0.9797690834263909,0.9776000813381219,0.982488728626134,0.28994064904493555,0.12797628923604676,0.25206902730348607,0.07146253474617838,23.323529411764703,22.094827586206897,24.190751445086704,23.5,5.1047261512346775,4.956089862669544,5.276500727878097,5.058064871852114,125.39532871972335,107.3444560047563,206.65147515787362,93.82627118644064,49.51794982698959,50.37275193222355,66.79726185305228,57.22139830508473
2,13,390,1254,136,93,98,60,121.77692307692308,76.48205128205129,6.113167027893228,775,0.4076348928065856,22.283703068536735,0,0.31100478468899523,0.16358133115571497,38.434526011948584,37.656340767525464,5.0,1.8203884381697166,1.4142135623730951,28.984923315851287,35.09629532129543,59.628953723897006,173.0893577750951,0.5032258064516129,8.074510010890663,15.94902006816119,0.019607843831181526,0.011764707043766975,2.1487199350924184,0.13333334028720856,0.13333334028720856,0.05209361297348815,0.04089492325169536,0.027450980618596077,0.007843137718737125,0.007843137718737125,0.038577360462751446,0.03014012870269045,0.05882352963089943,119.98598476085054,75.29481191802783,0.0,121.77692307692308,76.48205128205129,127.0,71.0,0.0,13,13,13,0.011458136051376522,0.007587499999999999,0.011126790106977364,0.01367479625164067,64.7759336099585,93.725,62.89519650655021,96.62983425414365,0.3382542916279888,0.12715210032372606,0.3279423979793573,0.22590636022011296,3.8147568290897267,4.141025215705408,3.8100978211187484,4.225309760196275,0.0021150476340395822,0.001390816326530613,0.002151362327887238,0.0011328552055112817,7.1530378282268465,7.494739847680627,7.1515839900390255,7.072044145214341,-0.29408705090571413,-0.2753595359349265,-0.29581300848249714,-0.3530531699477373,0.9566078278291096,0.9532406041707315,0.95733296395418,0.9755936740204929,0.2343763652850215,0.1774060414983604,0.26739516152860204,0.22652927605535553,19.12448132780083,19.884999999999998,18.292576419213972,20.939226519337016,5.088508057995146,5.1141590112290665,5.063305930488607,5.185192573773237,130.99695253180903,121.03177500000015,124.27684445376713,153.02945575531885,48.943221535441864,53.68919374999997,46.793010240079326,62.41482250236565
2,14,237,875,170,96,135,71,148.65822784810126,85.52320675105486,5.463707801959736,616,0.7662065494964959,17.371176474327626,0,0.27085714285714285,0.18302589308332293,36.79452354027547,34.713109915419565,5.385164807134504,1.9071754200063515,1.4142135623730951,22.201012493852897,23.6439536495635,-70.31079914776419,127.56244584051393,0.3847402597402597,8.333333580754697,11.168627789244056,0.0117647061124444,0.023529413156211376,5.787559602842353,0.1725490242242813,0.1725490242242813,0.07122507333978374,0.04712501176896226,0.03529411926865578,0.007843137718737125,0.007843137718737125,0.04372275874179225,0.040532162678041564,0.06960784643888474,154.37500000131334,84.62078650266075,0.0,148.65822784810126,85.52320675105486,166.0,86.0,0.0,14,14,14,0.025543212890625,0.04389361164885111,0.03534722222222221,0.015625,63.796875,38.87155963302753,27.45,85.79166666666666,0.3926585482347117,0.6143693514845676,0.7644237416623356,0.5298720924059729,3.774211635624308,3.2111469454687915,2.959370851027403,3.9738540779823714,0.0018200834297839507,0.0029420976120187736,0.003969135802469135,0.0013240740740740745,6.013502738792764,5.683878300941966,5.849642912300739,6.508404210626283,-0.438609736659652,-0.4947923543316298,-0.49894250638865584,-0.43433465370704666,0.9828028990676586,0.9880131905625694,0.9897118471520706,0.986395340714865,0.2734214943314148,0.41606622078696087,0.40391046212381043,0.17668785494388986,15.734375,15.311926605504587,16.433333333333334,19.35833333333333,4.659553931948592,4.6121692964393635,4.542677649805425,4.932252299126827,146.288818359375,162.72838986617296,205.5955555555555,279.1799305555556,52.52142333984375,50.39998737480012,58.26138888888889,91.24289930555553
2,15,558,1551,67,95,20,62,44.051971326164875,78.12903225806451,7.146296849565672,1215,0.8278461640875313,26.654599339742866,0,0.3597678916827853,0.1399326141987478,58.53037370359519,52.80151512977634,6.0,2.065751192818618,2.0,32.0,32.832917079969626,59.505092963589924,223.8528137423857,0.45925925925925926,10.63137281453237,20.117647633887827,0.0117647061124444,0.007843137718737125,3.8969315440626673,0.14901961386203766,0.14901961386203766,0.05263055848778401,0.03605313196037245,0.019607843831181526,0.003921568859368563,0.003921568859368563,0.042457030342006534,0.03240495836308819,0.0470588244497776,40.1588694112363,78.3017544022445,0.0,44.051971326164875,78.12903225806451,26.0,88.0,0.0,15,15,15,0.01666655652553182,0.019027777777777775,0.02797311489182944,0.016560330268343026,61.077120822622106,105.0,66.4927536231884,78.5376712328767,0.37889819922666784,0.21711069607392214,0.3504431001845674,0.31199799530748645,3.593499143682145,4.103251659245642,3.657983207180063,3.761613376548863,0.0028116446560579357,0.0016428227043611655,0.0027559555842237246,0.002399709255880857,6.96516202092359,6.836374694479046,6.482397245893983,6.980036505400418,-0.2746245424129059,-0.25419108387390427,-0.3427006870491206,-0.29280542749420474,0.9439772644744504,0.9291979176265557,0.965141503612292,0.9532922459359936,0.3453538406997717,0.30324723816376525,0.3943206440970823,0.34132055067741107,16.00771208226221,16.38666666666667,15.373913043478261,17.092465753424655,5.002317655636857,4.911914903432389,4.852951234908307,5.049882355425462,135.59634155206487,163.23715555555543,138.23989918084433,149.7688473447177,49.16836559367174,67.05928888888889,51.18316320100816,57.07662964439858
2,16,314,1664,196,105,164,53,180.2484076433121,74.95541401273886,10.680648777035604,1210,0.8378385570059586,19.994929783493642,0,0.18870192307692307,0.0936272712337563,60.11975022439394,53.45091205957107,3.605551275463989,1.4356115450159337,1.0,28.686959486190485,32.8204587405078,6.114450227601168,205.29036790187178,0.25950413223140495,15.341176886111498,20.74509860947728,0.0313725508749485,0.027450982481241226,5.004648113692123,0.1764705926179886,0.1764705926179886,0.07990196294849738,0.066067193023813,0.062745101749897,0.01568627543747425,0.01568627543747425,0.03917583863214257,0.03722607650030696,0.09019608050584793,179.6272211555553,79.92136106131987,0.0,180.2484076433121,74.95541401273886,191.0,94.0,0.0,16,16,16,0.008204158790170132,0.014471416259695492,0.0060446836686744426,0.008030933967876266,81.48695652173913,61.04237288135594,81.73856209150327,153.3048780487805,0.2771349008551973,0.47809908487397107,0.44965168519935333,0.0679303168906002,4.09002452140601,3.777899529110846,4.114434504807423,4.3609328044608695,0.001005177940330402,0.0015757971032594451,0.0009547690647151444,0.0007042459423626003,7.126975351091414,6.922991939552287,7.576741009441556,7.070847431394586,-0.3767778178789486,-0.4330707816901888,-0.33877438069168503,-0.4821554934426278,0.9815458250413938,0.9890502183017063,0.976990105660688,0.9943863791096622,0.15259255463130084,0.2797544272117551,0.1309606126429823,0.05900795565872945,26.44347826086956,27.16101694915254,28.169934640522875,30.304878048780488,5.080692577896105,5.090589845803624,5.299511579067301,4.982330590343592,143.96854442344068,172.88085320310267,215.3044555512838,175.6509518143962,56.36387523629483,58.48080652111463,74.26075441069679,82.23895746579433
2,17,344,1320,132,111,88,81,105.04941860465117,90.50581395348837,6.215148935898487,773,0.8357475206725354,20.928315827817965,0,0.2606060606060606,0.16089719012589293,44.90737026710093,44.64302857109943,6.4031242374328485,2.0436558250638504,1.4142135623730951,25.4911749434976,24.659261492576473,74.7015236745563,163.91168824543144,0.445019404915912,10.188235587440431,15.800000478513539,0.01568627543747425,0.015686274506151676,4.79575208203552,0.21568627655506134,0.21568627655506134,0.0674717588572214,0.045930233949167266,0.027450980618596077,0.007843137718737125,0.007843137718737125,0.05175919377207858,0.04188931459637607,0.06666667014360428,108.09878380644058,94.20724744586181,0.0,105.04941860465117,90.50581395348837,113.0,103.0,0.0,17,17,17,0.018356176575293696,0.01491599707815924,0.0266820987654321,0.024222932778108268,36.27358490566038,55.18378378378379,31.394444444444446,39.98780487804878,0.4874323008073282,0.45381795898454547,0.6000612580428212,0.8191874065055491,3.4482855368264094,3.7820213555333715,3.3469500461897006,3.147897835647757,0.002093648513161051,0.0015391001177680716,0.002193247669438145,0.0029742302929500184,6.610797734202475,6.783412408238722,6.219449039386709,6.354448872574441,-0.32345730951847484,-0.32947536682878453,-0.4449458121150811,-0.5086931395204096,0.9602006403418334,0.9649590657812008,0.9856654311313695,0.9934279672678046,0.2825911136239515,0.20169373135309898,0.38678101968452056,0.41389191322381597,15.575471698113207,17.475675675675674,16.43888888888889,20.768292682926827,4.770587835226304,4.928221527409452,4.815441119533098,5.073171970349627,105.26317194731226,146.8872461650841,125.60182098765426,402.32436049970266,35.38418921324314,50.51775748721694,39.24906635802469,110.57804134443782
2,18,318,720,64,117,34,93,50.503144654088054,102.85534591194968,4.01291841616587,503,0.8177526846973735,20.12188299403865,0,0.44166666666666665,0.24919519818084088,32.37025974707173,35.22782990761707,5.0990195135927845,2.149120788348594,2.0,21.920310216782973,18.631342578750473,53.651606546662876,126.63351365237939,0.6322067594433399,10.576470882631838,16.419608327560127,0.01568627543747425,0.0117647061124444,5.017221121463003,0.3019607961177826,0.3019607961177826,0.09039718703104135,0.05163398845144694,0.0235294122248888,0.007843137718737125,0.007843137718737125,0.09417048998712656,0.06593219494952442,0.054901961237192154,45.96345832692163,104.99164079622777,0.0,50.503144654088054,102.85534591194968,41.0,108.0,0.0,18,18,18,0.016188016528925618,0.02118101570045596,0.02818627450980392,0.014502968943568714,38.63181818181819,44.12322274881517,55.13725490196078,121.33986928104575,0.7987735472740584,0.865718204346268,0.7179429752608596,0.211642821904292,3.4790374677492366,3.4365632872573597,3.53953723857471,4.257562882727928,0.0015049499839709611,0.0015861768340719497,0.0015096700783418908,0.0007475125255268988,6.802500368733069,6.621643037326458,6.2825383422902625,6.6325483009129425,-0.30929898649671805,-0.40449458081621686,-0.4110050538799589,-0.3531907433929807,0.9576012306546965,0.982433826228836,0.9804221833013704,0.9704965270757161,0.26438602585991644,0.3620089378046288,0.35148467197887423,0.1417364973206536,18.095454545454547,20.767772511848342,18.186274509803923,18.647058823529413,4.798646764528705,4.846484482193977,4.796113658251171,4.823079985127338,345.33179752066104,613.0503357965904,335.82804690503656,186.48981161091882,95.99090392561983,164.29338963635138,97.74132545174936,76.95742022299116
2,19,90,529,131,121,108,98,120.33333333333333,109.63333333333334,7.16197243913529,388,0.35219465032755437,10.704744696916627,0,0.17013232514177692,0.13962634015954636,30.106986694644036,23.40939982143925,1.0,1.0,1.0,20.506096654409877,28.1779349639961,-65.03385909420756,90.0,0.23195876288659795,9.501961044967175,9.501961044967175,0.08235294371843338,0.0156862735748291,1.2597535308363443,0.1921568661928177,0.1921568661928177,0.10557734494407972,0.10557734494407972,0.0941176488995552,0.062745101749897,0.062745101749897,0.034758599789970625,0.034758599789970625,0.12156862765550613,119.74618240843229,108.51877837737895,0.0,120.33333333333333,109.63333333333334,114.0,106.0,0.0,19,19,19,0.06611570247933884,0.08163265306122448,0.049586776859504134,0.03125,23.81818181818182,87.57142857142856,16.545454545454547,137.9375,-0.6755813953488473,-0.27386076888822575,-0.06376195536662886,0.24597760054664064,2.481714572986073,2.128085278891394,2.9139770731827523,3.1556390622295662,0.003401652892561984,0.004906122448979592,0.0024099173553719017,0.0021,4.004886164091843,3.6644977792004614,4.3685225277282065,5.0,-0.6199313011823608,-0.5962883157122,-0.5833802744741261,-0.7809069842304608,0.9862160006954528,0.9775206297415756,0.9862160006954528,0.9991735514830875,0.2507512289690508,0.3771706629592244,0.23105428752487575,0.0414140111187323,46.54545454545455,44.71428571428571,45.27272727272727,70.0625,2.413088436425758,2.521640636343318,3.095795255000934,3.75,4.6115702479337415,49.91836734693925,14.5619834710742,227.93359375,7.107438016528931,34.37244897959192,7.776859504132176,91.4677734375
2,20,319,1406,64,133,27,95,46.28526645768025,115.64263322884013,6.682401458276485,719,0.9116838662619124,20.153496341094687,-1,0.22688477951635846,0.14964680081611237,54.34971454705008,43.829214001622255,5.0,1.794154490568342,1.4142135623730951,22.2,22.331882243515757,46.49995847745747,163.66904755831214,0.44367176634214184,19.321569210849702,24.576471344567835,0.019607843831181526,0.017647058703005314,5.365530920777411,0.30980393290519714,0.30980393290519714,0.12795741199238214,0.07704222992027535,0.0313725508749485,0.007843137718737125,0.007843137718737125,0.10135729775115863,0.08578108162011473,0.09607843309640884,41.62007339175364,112.99218124484781,0.0,46.28526645768025,115.64263322884013,34.0,107.0,0.0,20,20,20,0.011600824151213834,0.00812161599333611,0.013987209739748981,0.011668842213520039,55.24590163934427,245.64625850340136,68.34502923976608,38.490566037735846,0.8835023752511451,0.6634366581826847,0.8244743380680721,0.8928678064389411,3.68644333052615,4.73697358416473,3.871958454520665,3.5594191317396704,0.0013334182492758817,0.0004401450205932712,0.001030867403645566,0.001292960869823187,7.060629177219369,7.220669603351775,6.824207928016234,6.990257288721532,-0.388996227378004,-0.5064095899822779,-0.4295135701698129,-0.34323615181139333,0.9833363913381016,0.9962563143553571,0.9879636836683315,0.9719965260075724,0.2553463855892518,0.10631181053498348,0.2935696440935805,0.23503702112038422,25.08196721311475,33.85034013605442,23.95906432748538,22.729559748427675,5.063203008075673,5.57489666583989,5.086169766674091,4.90493283583503,893.2009316491984,1214.086445462539,710.4018330426456,680.0715161583798,237.11170832213554,364.933175991485,194.68671557060293,179.6405205490289
2,21,226,825,48,135,23,102,31.960176991150444,122.76991150442478,7.2260384527458115,512,0.8278427945887333,16.96325844612841,0,0.2739393939393939,0.138388413864586,38.028248229715025,36.61966684720111,3.1622776601683795,1.4337454717920524,1.0,21.149302438391988,21.3323324263691,25.385158367753856,143.25483399593904,0.44140625,12.517647442407906,15.800000479444861,0.019607843831181526,0.0235294122248888,5.0837944640912,0.29411765933036804,0.29411765933036804,0.09341527942095453,0.0699115065462162,0.04313725605607033,0.007843137718737125,0.007843137718737125,0.08694085530616842,0.07377385491509583,0.0784313753247261,32.977910144901294,117.78902951617404,0.0,31.960176991150444,122.76991150442478,35.0,111.0,0.0,21,21,21,0.024999999999999998,0.010907202216066482,0.008707482993197282,0.009955555555555558,50.25,186.0,104.49523809523811,133.13333333333333,0.5448779752187185,0.6560381326086565,0.64091487133453,0.10852936957506444,3.1898766003175467,4.103574727172272,4.096023472228312,4.296129231821867,0.002150554016620499,0.001006888759294357,0.0008711471661610163,0.0006104955370883349,5.8480882769979035,6.718129322568711,7.088254508588022,6.752086857133701,-0.5244777383697283,-0.5525804556553056,-0.4302217367438679,-0.4227510834628249,0.992145311140216,0.997036001730367,0.9896757601175888,0.9865114321230632,0.38802865239153644,0.20390153396498228,0.14581011544944072,0.11146952828596844,18.490000000000002,32.89473684210526,26.85714285714286,21.74666666666667,4.506552144246703,5.140835862293353,5.148496679628903,4.866965817330312,170.56989999999996,895.5152354570637,477.5129251700679,165.54915555555544,55.20497499999999,270.37880886426603,145.5020408163265,74.6706222222222
2,22,86,506,101,150,78,128,88.80232558139535,138.69767441860466,6.8436625529515,397,0.5673300864493601,10.464157913908982,0,0.16996047430830039,0.14612058853906015,32.12329955777067,24.20743687382041,1.0,1.0,1.0,19.43335206323894,26.453231418017886,-55.15248885765441,86.0,0.21662468513853905,7.913725674152374,7.913725674152374,0.0784313753247261,0.011764705181121826,0.13077746852370603,0.13333334028720856,0.13333334028720856,0.09202006597851597,0.09202006597851597,0.09019608050584793,0.062745101749897,0.062745101749897,0.015602806101441713,0.015602806101441713,0.1039215698838234,88.87462835340001,138.58870169066822,0.0,88.80232558139535,138.69767441860466,97.0,143.0,0.0,22,22,22,0.03777777777777778,0.0625,0.0703125,0.05785123966942149,18.866666666666667,47.625,18.0,50.81818181818182,-0.4944552015489855,-0.11423871321513433,0.3739130434782609,-0.19293820933164837,2.7898980954642876,2.5,2.75,3.0271691184406184,0.003882086167800454,0.004540816326530613,0.0036479591836734698,0.003197841119919042,4.773557262275185,4.0,3.875,4.186704345910025,-0.5286842206264879,-0.7692307692307693,-0.7720395382410496,-0.8092515835847459,0.9836821484338913,0.9966253323094464,0.9961657616555177,0.9983099610062318,0.17590134931311402,0.1063404673207289,0.2992760180995475,0.16943934887990791,44.86666666666667,49.125,43.0,48.27272727272727,2.8729055953200566,3.0,2.75,3.0957952550009336,6.3822222222222535,37.859375,39.5,34.38016528925618,6.312222222222374,21.37109375,14.375,21.29958677685954
2,23,238,918,69,160,42,126,52.68487394957983,141.57142857142858,6.664732218290666,614,0.6928625329361667,17.407785949022028,0,0.25925925925925924,0.15004353772168125,34.29886260454391,33.734255586866,4.47213595499958,1.5340207471246927,1.0,23.10819483549593,24.73187052567531,16.161424165684117,141.18376618407356,0.38762214983713356,8.117647273465991,11.823529740795493,0.0235294122248888,0.01568627543747425,2.7547817027008725,0.125490203499794,0.125490203499794,0.06057945726467157,0.04967869638989703,0.03529411926865578,0.0117647061124444,0.0117647061124444,0.03525692235530033,0.030751365761637773,0.0784313753247261,55.3353233600677,142.32238805900434,0.0,52.68487394957983,141.57142857142858,54.0,135.0,0.0,23,23,23,0.012911286963765096,0.009527280299875051,0.011479289940828401,0.014204545454545454,72.12244897959184,79.9795918367347,26.215384615384615,67.86363636363637,0.23673893065169826,0.2601044933689867,0.5893374562725583,0.35154237204481564,3.9341665766957727,3.961969890579023,3.296826926387263,3.9109303475364356,0.0015617536158219966,0.001561753615821997,0.0031340842529653714,0.0017504591368227723,6.613291828937478,6.9206328032105775,6.767001539848613,6.508402249640582,-0.3750630620934456,-0.3648150596852505,-0.330194573836172,-0.37516027663849155,0.9761040806392783,0.9769382650895373,0.9649770988454072,0.9749276600748487,0.1828951183915396,0.197517203192509,0.293500930798017,0.21513097058625114,22.877551020408163,24.36734693877551,20.415384615384617,22.31818181818182,4.837026176680876,4.888602543134887,4.730411158136572,4.784248631736602,116.86255726780507,136.21199500208252,101.458224852071,141.4442148760329,47.24625156184925,54.047896709704276,31.918402366863916,52.32696280991736
2,24,609,1276,52,177,23,133,37.67323481116585,152.13464696223318,5.355322786698628,926,0.860521960099717,27.846056861676377,0,0.4772727272727273,0.18673010756396732,51.76998301309414,45.69463863518345,5.385164807134504,2.1634062238170033,2.0,23.211917272131483,26.372320223495336,21.4251088059852,202.44469683442247,0.6576673866090713,7.509804124943912,19.235294703394175,0.01568627543747425,0.00784313678741455,0.9197417246235711,0.16470588743686676,0.16470588743686676,0.04340927239851972,0.03158504877404626,0.0235294122248888,0.007843137718737125,0.007843137718737125,0.04060901011309749,0.02639399246383819,0.03529411926865578,37.133944960803376,151.38960246872318,0.0,37.67323481116585,152.13464696223318,41.0,161.0,0.0,24,24,24,0.023547647358586714,0.013903711995002082,0.02101019471149341,0.028609817583417945,59.549261083743836,64.02551020408163,46.1082251082251,85.55917159763314,0.2591337894801632,0.31478182525544157,0.3274821496027561,0.15232744545970095,3.5332254521773283,3.665522236348605,3.3490457223761396,3.6939960302998243,0.0027757828713137847,0.002400347148936724,0.002990402149652849,0.0026693504621885743,6.454680021578605,7.109219979876747,6.556104942927464,6.424926443860533,-0.24373479089883643,-0.18378057988104468,-0.24399641007181316,-0.24651172622219056,0.9128530131331262,0.8733694849505659,0.9155807875391412,0.9142038015590744,0.3833302493556048,0.3116674831460618,0.37570430995491216,0.3863781864821881,15.258620689655173,16.892857142857142,15.186147186147187,15.766272189349113,4.620568610839365,4.795434833580073,4.665331934330822,4.662443018950209,101.20651435366065,122.85076530612247,91.01296827270849,116.30927663597214,40.18894385935109,46.71906887755104,34.28029834523341,50.46711205840131
2,25,440,1073,190,184,153,155,167.93863636363636,170.15681818181818,4.77598857585686,810,0.7201993527524823,23.66908109081279,0,0.41006523765144454,0.20938073534243956,40.1035073899642,39.0,5.0,2.119015587995515,2.0,27.246145333424433,27.822497006041466,77.51185648025414,162.5035713374682,0.5432098765432098,6.937255077064037,14.709804356098175,0.0117647061124444,0.007843137718737125,2.396534637688569,0.16470588743686676,0.16470588743686676,0.04817538247961137,0.03343137353658676,0.019607843831181526,0.007843137718737125,0.007843137718737125,0.04486456466398109,0.031734612093035325,0.03921568766236305,168.5270594604937,167.8336443767132,0.0,167.93863636363636,170.15681818181818,176.0,159.0,0.0,25,25,25,0.0213518614584828,0.015515626736083556,0.024889399597816726,0.017652213239866585,69.30232558139534,101.2191235059761,55.16271186440677,71.27443609022555,0.27970075998483895,0.1072862586133374,0.4006149629412196,0.35370050824490634,3.7908709620421974,4.0955229036802585,3.6702391800969423,3.8843917755657467,0.0019703052715419993,0.001446953948356035,0.002200694211285897,0.001776991754140655,6.7019800286946225,6.919432090035077,6.416985241289428,6.799532502939977,-0.2300131019811872,-0.2219587501625718,-0.30480010946500014,-0.22155689963037453,0.9081891057771799,0.9067970523885184,0.9489454346405478,0.9034635759069111,0.30913555885092486,0.2748644552216418,0.32174605643504556,0.2588256622638291,15.348837209302328,16.52589641434263,15.006779661016948,15.868421052631579,4.640905121215319,4.863045132492884,4.708262620331074,4.661321748161578,123.12415977748589,125.54813415660067,128.90164895145074,149.28719825880492,48.10662133972029,56.6918144156442,46.01609020396437,55.1404085872576
2,26,542,1258,80,199,43,165,60.861623616236166,181.4409594095941,5.96607765219065,941,0.6133085886820137,26.26967516446403,0,0.43084260731319557,0.1676143118306239,42.74950321539197,40.22437072223753,6.324555320336759,2.188371797490548,2.0,30.895486532548755,33.76541238680798,53.9135862177708,201.58073580374355,0.5759829968119022,7.749019806273282,18.505882896482944,0.01568627543747425,0.0117647061124444,3.283984452018529,0.14901961386203766,0.14901961386203766,0.04873597362436026,0.034143695380964845,0.0235294122248888,0.007843137718737125,0.007843137718737125,0.04324912803555503,0.02959682155548897,0.03921568766236305,62.08158507643965,184.4899343056399,0.0,60.861623616236166,181.4409594095941,59.0,178.0,0.0,26,26,26,0.025065719517958406,0.01941043083900227,0.02016706978410822,0.01969444444444444,64.06793478260869,81.8952380952381,59.62841530054645,61.61666666666667,0.34877398277177557,0.2236804890760715,0.3297731481124092,0.41411570694459654,3.619988997395982,3.8765200841251173,3.658264338829619,3.532533014590816,0.0027949425590566342,0.0021233196324771395,0.002586618715450915,0.0029094893710278316,6.653823872103947,6.868726445090212,6.738410406091033,6.770571411547479,-0.2907720430436131,-0.22871677585641814,-0.25016883038861065,-0.24192561726071146,0.9466012417194055,0.911219551646135,0.924326102841324,0.9191581240598843,0.37828662040652067,0.3093165219237262,0.32402712583280074,0.3544303433722146,16.28532608695652,16.4984126984127,15.792349726775956,16.263333333333335,4.830777419041095,4.821506024167302,4.743832418274673,4.71707576872863,132.6930455458412,129.08809271856876,118.30660813998628,148.72065555555548,49.19024508211247,52.74583270345178,44.48375586013317,52.58433055555557
2,27,251,616,169,197,141,175,153.91633466135457,184.3585657370518,3.567879172750008,389,0.752099301146385,17.876888032555495,0,0.4074675324675325,0.28027854968788973,26.701673702549552,27.459060435491963,4.47213595499958,1.9588288422254863,2.0,19.78763658949074,17.597732760633892,87.76513283773879,106.08326112068522,0.6452442159383034,6.615686463192105,10.784314057789743,0.0117647061124444,0.0117647061124444,4.291731852080911,0.29019609093666077,0.29019609093666077,0.0711364135827108,0.042965394652548776,0.019607843831181526,0.007843137718737125,0.007843137718737125,0.077548461786255,0.05428837925946675,0.04313725605607033,155.09563635179384,188.48509088699248,0.0,153.91633466135457,184.3585657370518,158.0,192.0,0.0,27,27,27,0.02484377381496723,0.021701388888888888,0.020134086692528246,0.012976163956337713,50.26543209876543,87.00694444444444,70.86363636363637,126.61194029850745,0.7152188388716012,0.29966448117828093,0.37277899144280613,0.471564176026576,3.3361915562845095,3.791297334932189,3.798047067774039,4.0230771025704675,0.0017700960219478746,0.0012651234567901232,0.0011467851052266637,0.001063775649117596,6.136754428011218,6.294029298037557,6.289700727087289,6.741603859013504,-0.3830466165144539,-0.3124186611561634,-0.39406281552769157,-0.3814955359331326,0.9723111957468862,0.9501281195585303,0.9769075894972747,0.9789461837793748,0.37788375917872935,0.2945307699609847,0.2283241809755206,0.2626292562480034,16.117283950617285,14.993055555555555,15.980519480519481,20.7910447761194,4.5917726432348545,4.658881945194039,4.71639526484776,4.942678029960637,302.74550373418685,161.46522955246917,155.09702310676332,352.58320338605483,88.25273395823805,62.11804349922841,56.49016486759992,119.79878592114056
3,1,277,840,72,30,44,0,55.55595667870036,10.559566787003611,5.748964025544759,557,0.8481274519663958,18.77997214831907,0,0.32976190476190476,0.17394438294562858,41.96758274031824,38.28837943815329,4.123105625617661,1.6183079262301037,1.4142135623730951,23.0,22.23409997064477,-43.93149794590028,141.4619407771256,0.49730700179533216,4.203921710141003,7.541176720988005,0.0117647061124444,0.0117647061124444,2.218814953122521,0.10588235408067703,0.10588235408067703,0.03655584095774785,0.0272244646967076,0.019607843831181526,0.003921568859368563,0.003921568859368563,0.028422924977073445,0.022714317264447142,0.03921568766236305,55.76911075029166,8.351014062261875,0.0,55.55595667870036,10.559566787003611,59.0,13.0,0.0,1,1,1,0.024136798648902225,0.02739800347222222,0.028515624999999996,0.025362805697393173,39.3013698630137,31.031249999999996,23.637500000000003,46.15573770491804,0.33333545541792053,0.44844345313001743,0.4766113282094662,0.3152458476347205,3.505259725688947,3.180192999009576,3.1492303905899766,3.6384148208328,0.0031745340282857376,0.004475357851473924,0.004734534438775506,0.002822850451656073,6.20725971807806,5.803138412717914,6.049029910409833,6.228049721406057,-0.3783062053016677,-0.4331637869056501,-0.34409925305362715,-0.33368163110966614,0.9719868537066506,0.9795859357911786,0.9586741517301182,0.957835805714986,0.3712687495202238,0.3996905973811956,0.4192942916083394,0.334032249453402,12.835616438356164,12.40625,11.0125,12.303278688524589,4.663249897645681,4.512141569285127,4.440492490192324,4.5113401976540315,78.60311503096267,81.49121093749997,66.68734375,88.6539236764311,29.476121223494054,28.130615234375,22.58121093750001,33.7024153453373
3,2,664,1368,114,36,76,0,94.5737951807229,19.121987951807228,5.049940254083715,1131,0.45985730810383,29.076297180076903,0,0.4853801169590643,0.1980221447553432,46.471388042479816,42.05948168962618,5.656854249492381,2.1835350627921333,2.0,34.64823227814083,41.2662591215675,-50.03101538046847,205.2731239591687,0.5870910698496905,5.666666864417493,17.541177042759955,0.0117647061124444,0.007843137718737125,1.0518126489844193,0.0941176488995552,0.0941176488995552,0.03373015990724698,0.026417435305361378,0.019607843831181526,0.007843137718737125,0.007843137718737125,0.02837300480680427,0.018293333622353594,0.03529411926865578,94.817572099415,18.098815110847987,0.0,94.5737951807229,19.121987951807228,103.0,26.0,0.0,2,2,2,0.013272412665071192,0.010055485447589288,0.014351128472222219,0.01098786398181008,25.50622406639004,43.273901808785524,24.0,35.38242280285035,0.26952718106682955,-0.0066969044378778495,0.34799772478372615,0.1684682787740372,3.383589397414016,3.8053004915778783,3.342062746366603,3.661079873352872,0.0033534271104147663,0.0017606420554320316,0.003478819444444444,0.002269307891514944,6.897801386205898,7.1640239233129135,6.774648535265247,7.1273255383233325,-0.12851372602946168,-0.11481940913617082,-0.165151487661039,-0.11548564287429826,0.7824493014376481,0.7629973737411361,0.8394262785394628,0.7632371077533628,0.27679639219521757,0.2206545899473263,0.2955982432408065,0.25526420125001037,13.107883817427386,13.914728682170542,13.175,13.691211401425178,4.504938640239381,4.553560043987683,4.558555095698081,4.5554088727350805,44.32861004459292,42.69815515894476,49.61937499999996,49.719376442245334,17.458708527745728,21.493014241932613,18.404843749999998,21.27544981127391
3,3,218,486,152,37,125,19,137.05045871559633,27.701834862385322,3.399112499780643,314,0.8197327125655406,16.66031874701878,0,0.448559670781893,0.29419444047954685,27.500082684036357,26.476404589747453,4.123105625617661,1.8042036158455521,1.4142135623730951,15.493174675916539,15.750569545527043,82.64327522428657,96.49747468305833,0.6942675159235668,3.7098040422424674,6.6235296335071325,0.0117647061124444,0.007843137718737125,2.975117845301882,0.1568627506494522,0.1568627506494522,0.04524151271027399,0.030383163456454736,0.01568627543747425,0.007843137718737125,0.007843137718737125,0.04321628976810854,0.030742371995939793,0.037254903465509415,139.1184132605433,29.840734157225295,0.0,137.05045871559633,27.701834862385322,141.0,35.0,0.0,3,3,3,0.02551627762538171,0.016805555555555556,0.020880574452003024,0.029310703873386086,38.59712230215827,57.858333333333334,37.93650793650794,47.08163265306122,0.5983590421929413,0.1566519336848796,0.24542012563802573,0.25300830629547133,3.512332407845756,3.8546563301345533,3.4758910438026436,3.373069381321825,0.002383045993883788,0.001485061801837531,0.002321006839292438,0.003321167241192634,6.138428846513579,6.447246502221059,6.324009060236491,5.869184631456751,-0.35917757017649454,-0.29577976005475703,-0.26712642060624325,-0.2914901771015203,0.9653721599740146,0.9451566941726723,0.9261134984441777,0.9300691262015334,0.3164343513249488,0.1951829996134506,0.3136874474649384,0.3545654074838719,14.136690647482014,13.925,12.68253968253968,12.326530612244897,4.494985955162879,4.45503212571054,4.437605236308816,4.2896616578650315,153.6000207028622,79.35270833333331,62.613504661123784,78.9750104123282,48.04928575125511,34.30276041666665,25.13750314940792,31.514160766347352
3,4,273,572,154,54,128,32,140.73992673992674,43.227106227106226,4.654323784853484,505,0.6540777584732697,18.643883600599406,0,0.4772727272727273,0.21485398228079644,31.065638078545586,30.610455730027933,4.0,1.701113160537654,1.4142135623730951,20.674173414771385,23.498897261964803,80.29880851109917,126.36143571373725,0.5405940594059406,4.796078611165285,9.411765027791262,0.01568627543747425,0.011764707043766975,1.9965629288977065,0.14509804546833038,0.14509804546833038,0.042822130456832905,0.034475329772129165,0.027450980618596077,0.007843137718737125,0.007843137718737125,0.037687808972023465,0.027327679702319786,0.0470588244497776,139.7004166846766,41.52250000451919,0.0,140.73992673992674,43.227106227106226,141.0,37.0,0.0,4,4,4,0.01283572643487204,0.00825962539021852,0.010211202938475664,0.010952312553863834,40.270440251572325,63.201612903225794,30.993939393939392,43.63559322033899,0.5240692646561439,-0.01359737116447767,0.20129903320277412,0.13907240663738726,3.670533413481358,3.9535665058413003,3.498133716356837,3.666110891314845,0.0016839258589410697,0.0011490368124155062,0.002246921493962541,0.001741746449463291,6.755725879567737,7.122272798321782,6.97870202221378,6.852597816785703,-0.36682137661515885,-0.23914024507552742,-0.1959178442644254,-0.25172994920425895,0.9756604593224346,0.9249370252892722,0.8833756787799236,0.9279085475127221,0.20606328537036386,0.1346783418367774,0.21673865994075436,0.1788954164809901,17.314465408805027,16.68548387096774,15.13939393939394,16.194915254237287,4.865494473182512,4.706203595724983,4.569601821807971,4.599573768655553,128.9577152802501,61.50591831425601,46.61693296602377,57.733194484343585,42.30703888295558,31.176882804370464,19.40271808999082,25.34219692617063
3,5,563,1260,186,62,151,26,167.3658969804618,43.9449378330373,4.898745897157143,960,0.28035774630307986,26.77375326109316,0,0.44682539682539685,0.20413387854640988,40.779487521453895,36.40054944640259,4.47213595499958,2.07839173968698,2.0,33.33974297349128,39.14405003009533,56.79989315744869,186.16652224137044,0.5864583333333333,5.454902162775397,14.850980896502733,0.0117647061124444,0.007843137718737125,1.665297232873451,0.10196078568696976,0.10196078568696976,0.03430756077217231,0.02637829644139029,0.019607843831181526,0.003921568859368563,0.003921568859368563,0.029654423321696963,0.019573596352719935,0.03529411926865578,167.36493266268621,42.279640879365914,0.0,167.3658969804618,43.9449378330373,178.0,47.0,0.0,5,5,5,0.018921874999999998,0.01131687242798354,0.014646880646189814,0.01461569168239222,28.527500000000003,50.66975308641976,33.067010309278345,38.683734939759034,0.3350600735288604,-0.021127934711338264,0.2307960933779464,0.23461239412899798,3.4290198071560516,3.8891635382407337,3.557435797968761,3.6274586822105217,0.0031764060356652963,0.0016285909442440463,0.00275009946551772,0.0025314207397292075,6.795197397955182,7.123736104622408,6.783166666250381,6.9206139581917885,-0.1650938049775638,-0.13188671341347777,-0.1643347647880362,-0.15933944353972693,0.839994034044248,0.7964097145364106,0.8385358458900447,0.8356188727276019,0.3329853016642258,0.22367435847977687,0.2665074229656519,0.298579825262165,13.0725,13.731481481481481,13.04639175257732,13.412650602409638,4.5333841685629,4.535790959384014,4.547129564322148,4.61551122985007,57.27724375,48.57295953360767,52.91021893931344,62.39899658876473,21.451185937500036,24.810678155006848,21.494307312147946,25.270682882130963
3,6,382,690,106,65,83,35,92.63089005235602,48.00523560209424,4.242674488914468,593,0.6813367462046722,22.05396803500069,0,0.553623188405797,0.23570038253296693,34.96576478002246,31.016124838541646,5.0,2.009371931240716,2.0,22.0,25.593894604797068,-2.1850466082256297,142.71067811865476,0.6441821247892074,4.352941304445267,9.823529713787138,0.0117647061124444,0.00392156932502985,1.444281119938357,0.12156862765550613,0.12156862765550613,0.03567984675774809,0.02571604637117052,0.01568627543747425,0.003921568859368563,0.003921568859368563,0.03311007356034888,0.022368292868018592,0.0313725508749485,94.07504989346629,48.023952085064444,0.0,92.63089005235602,48.00523560209424,101.0,54.0,0.0,6,6,6,0.027174163783160316,0.02391975308641975,0.03279958677685951,0.016336437256412047,39.4156862745098,42.949074074074076,44.8030303030303,57.8743961352657,0.2021189413262827,0.29784108327956016,0.18013240373108216,0.06679210491655237,3.32694848339107,3.5722511391315557,3.553632729457818,3.7174280192125866,0.0039047331555171075,0.0026751650377229074,0.0028731921487603292,0.002759668217169596,6.1123617771616106,6.3541164767693115,6.241183481469156,6.6524857810228255,-0.19985111721783247,-0.20996735111263293,-0.21067541782729984,-0.16986481947379006,0.8617506703711343,0.8802124862306125,0.8774964778753077,0.8421034167151006,0.3634307812157235,0.30364129526123507,0.35835548782285515,0.2689195348588555,11.87843137254902,13.189814814814813,12.40151515151515,13.198067632850243,4.300046997405231,4.362333381616725,4.388064037270845,4.465997779379647,59.3852210688197,79.38526663237315,64.49030073461896,66.15883684566728,24.700226835832375,30.58358517661179,27.323332759412317,31.008308245233273
3,7,669,1394,85,70,51,29,68.27503736920777,45.681614349775785,4.465373496904144,1042,0.517024859185845,29.185565874723483,0,0.4799139167862267,0.2239454327153827,44.05070238803871,40.44749683231337,6.0,2.3869631860045497,2.23606797749979,33.0,37.706096553613285,10.560311432192103,193.75230867899737,0.6420345489443378,5.301960963755846,16.73725546617061,0.0117647061124444,0.007843137718737125,1.552545515479772,0.10588235408067703,0.10588235408067703,0.031939523878047264,0.025018319082467277,0.019607843831181526,0.007843137718737125,0.007843137718737125,0.02706784469567169,0.01709410077726434,0.0313725508749485,67.06185568135803,46.650421745444504,0.0,68.27503736920777,45.681614349775785,58.0,54.0,0.0,7,7,7,0.020941111260413866,0.017034178322136058,0.02591432454811042,0.01899775143913646,20.852459016393446,28.823798627002287,19.05533596837945,27.8441247002398,0.3491518599525654,0.24109811144904747,0.3784449006984967,0.1482008381671371,3.172998156745226,3.450063115545506,3.1647429600337214,3.394875565615221,0.004153977836767601,0.002994255345001502,0.003995232972659137,0.003238658522601975,6.49054980333978,6.731687202959797,6.227942046776141,6.47489919528342,-0.13704510662477296,-0.12581480640013185,-0.18436469483649365,-0.10798865607873329,0.7843225618246489,0.7713449806308001,0.847175167297775,0.7228195026412318,0.36795755582809625,0.3195846094604117,0.3672559560844599,0.28317615156212794,12.491803278688526,13.148741418764303,12.229249011857707,12.323741007194243,4.366136515350503,4.4371251498447055,4.319018660002813,4.225733598450545,43.22534264982528,47.138059056705515,42.25969785498913,37.533081448510245,16.01945041655469,18.990464420926955,15.328758455842156,16.344301537187512
3,8,789,1764,54,76,12,34,30.96070975918885,54.57287705956907,4.076026192804409,1166,0.4396233726399466,31.695204697178458,0,0.44727891156462585,0.24533699066147927,43.47882315204515,43.657759905886145,7.0,2.6757712113193737,2.23606797749979,34.471215613644276,39.05190565734319,40.36656696847612,201.03048327204937,0.676672384219554,4.686274666339159,15.09411818580702,0.007843137718737125,0.00392156932502985,2.2196231859910935,0.10196078568696976,0.10196078568696976,0.02740511500783134,0.019130694785560228,0.0117647061124444,0.003921568859368563,0.003921568859368563,0.029059894392536163,0.01714911703377163,0.0235294122248888,33.09794749734683,53.97375942639291,0.0,30.96070975918885,54.57287705956907,40.0,46.0,0.0,8,8,8,0.04456479397506925,0.03664345422587181,0.039082616796223046,0.03404283358564013,17.27467105263158,25.128205128205124,17.589490968801314,23.94301470588235,0.41959398726061864,0.24294712094097468,0.44001403654308197,0.30181444390583645,2.8721912360016084,3.2476734748188125,2.9558859653929637,3.1185954073794413,0.006259612406856433,0.004078535010565941,0.0054495533674389805,0.004967966973766025,5.715870453006598,6.060038689278191,5.945252940004314,5.994728384555488,-0.23942623616521178,-0.15605571013993655,-0.1975625062926998,-0.14931193292789724,0.888107319923732,0.8009175486800314,0.853443779116335,0.787332030082401,0.470838699600691,0.37529881914039687,0.4526316590095786,0.4063860975102864,9.28125,9.684981684981686,9.48440065681445,9.439338235294118,4.175116958611824,4.23378878805239,4.223018739077332,4.167225905567123,42.25149054276315,41.25607481651436,45.23169426311941,44.643378973832185,14.881540398848678,16.596069986179874,15.705296307980191,17.146598419928626
3,9,115,418,91,77,69,58,80.71304347826087,65.91304347826087,4.984266902939347,287,0.4806536439133607,12.100518486599809,0,0.2751196172248804,0.20063131037591003,22.08714595117045,21.587033144922902,2.8284271247461903,1.2634939588865408,1.0,16.932136536964908,19.368450824043133,69.55579121432781,84.87005768508881,0.40069686411149824,3.400000107474625,4.447058957070112,0.019607843831181526,0.019607841968536377,2.294709622248242,0.0784313753247261,0.0784313753247261,0.04197530996882253,0.03867007788756619,0.03529411926865578,0.0117647061124444,0.0117647061124444,0.021764211160949704,0.020008771056044306,0.05882352963089943,82.40035274366494,67.46825397633509,0.0,80.71304347826087,65.91304347826087,86.0,75.0,0.0,9,9,9,0.022444564629529477,0.03375,0.01939058171745152,0.01865873445105462,9.953488372093023,43.900000000000006,20.657894736842103,12.255813953488373,0.6419594568304754,-0.009659613615455082,0.4662682614802436,0.5800290964352234,2.7156312368177216,3.1464393446710157,2.8059804734575007,2.944633720275008,0.0059994432241979164,0.0036848072562358273,0.005317177655919243,0.004505714310241852,5.629412138272088,4.971928094887363,5.839775539645508,5.868125219818378,-0.4217947589550045,-0.637671818848996,-0.47394342530142014,-0.3579445527775732,0.9750189372783419,0.9952291452360075,0.9866163396346748,0.9605031975132551,0.3183330441880373,0.10856539023375633,0.1798942476651455,0.2910750232501258,16.930232558139537,22.200000000000003,20.657894736842106,15.465116279069766,3.9583713714750344,3.1464393446710153,4.306494947369445,4.257319115016275,45.646295294753884,43.05999999999983,56.7513850415512,46.10924824229315,13.899945916711744,21.740000000000023,19.352319944598364,14.591265548945351
3,10,73,380,71,88,52,68,60.71232876712329,77.94520547945206,5.8421642488264975,297,0.3500462077777085,9.640875829802336,0,0.19210526315789472,0.1711694429339038,25.833695702353896,19.4164878389476,1.0,1.0,1.0,17.541052550806747,24.199260647764294,32.06274901690289,73.20710678118655,0.24579124579124578,4.50980406999588,4.50980406999588,0.054901961237192154,0.003921572118997574,0.24419345355587604,0.0784313753247261,0.0784313753247261,0.061778137945149046,0.061778137945149046,0.062745101749897,0.0470588244497776,0.0470588244497776,0.007479647436356147,0.007479647436356147,0.06666667014360428,60.761739132652885,78.1843478189442,0.0,60.71232876712329,77.94520547945206,57.0,86.0,0.0,10,10,10,0.07407407407407407,0.06611570247933884,0.140625,0.125,8.0,8.636363636363637,8.125,11.5,-0.3556485355648455,0.023820644558628846,-0.8604651162790697,0.01779359430604346,2.4193819456463714,2.2312702546075758,1.9056390622295665,2.251629167387823,0.007726547409087095,0.008358164202320049,0.01112528344671202,0.008314436885865459,3.836591668108979,4.004886164091843,3.0,3.084962500721156,-0.4534126138282058,-0.5063508523422198,-0.7920072402092879,-0.8065735963827291,0.9458080254033887,0.966342123429596,0.9901674123104853,0.9922432065453557,0.3428722840487546,0.4032496914849856,0.33455882352941174,0.26430842607313193,32.44444444444444,31.181818181818183,30.125,32.5,2.4193819456463714,2.663532754804255,1.061278124459133,1.9182958340544893,3.8024691358027667,9.057851239669276,0.609375,11.916666666666515,2.950617283950635,4.423553719008311,2.18359375,5.854166666666629
3,11,1043,2444,199,110,152,58,176.20230105465004,80.21572387344199,4.691478677015788,1549,0.8222865460637748,36.44158126589425,0,0.426759410801964,0.213152412884053,62.41787574375821,61.554853586049575,8.246211251235321,2.9618182567081304,2.8284271247461903,33.63341934076469,35.52036930914912,47.36759628271076,247.9716087690037,0.6733376371852808,5.62745119119063,25.0823538354598,0.0117647061124444,0.0117647061124444,2.19866259338477,0.0941176488995552,0.0941176488995552,0.02813725595595315,0.02404827788634688,0.019607843831181526,0.003921568859368563,0.003921568859368563,0.028445399798958593,0.016695197419410644,0.0313725508749485,178.38524075646137,79.95325205056326,0.0,176.20230105465004,80.21572387344199,174.0,87.0,0.0,11,11,11,0.02008625055179979,0.02820503371214389,0.01649185959934103,0.010775502021450768,14.622114216281895,13.423791821561338,15.785714285714286,29.78323699421965,0.504753405851621,0.5839920447599788,0.4670932804494535,0.07531448897777916,2.88863441017243,2.884297498588527,3.0426795166958627,3.4648757439285065,0.0057984134741019475,0.005639811500670251,0.00456114299784838,0.0031923418757726636,6.5796071834934455,6.477672644105214,6.744820056797355,7.094274144707786,-0.1939112131948865,-0.2356950807249115,-0.16164436717254593,-0.09823617041829606,0.8697986773886928,0.9071066753619997,0.8334256913916854,0.7207586800791153,0.41693465306948724,0.4355437065138496,0.3485384740019782,0.25974946989956293,12.29161603888214,12.162329615861214,12.378934624697337,13.098265895953755,4.50986070425112,4.552074977555076,4.5503766156957965,4.429176942287512,44.42771828756773,51.11243472158881,43.45810346545974,34.634852484212644,14.762458125962446,16.13405663578753,14.810954437793505,16.104522369608055
3,12,863,1848,42,112,0,68,20.473928157589803,87.82966396292005,4.365606226040909,1336,0.3734595350106516,33.14823867276277,0,0.466991341991342,0.22906326137134964,46.599384184725764,45.65084884205331,6.324555320336759,2.609456520501129,2.23606797749979,37.31203874480886,43.22775430357037,82.44671905472906,217.58683245815342,0.6459580838323353,5.207843326032162,17.552941791713238,0.007843137718737125,0.00392156932502985,0.7492727737398243,0.125490203499794,0.125490203499794,0.03010314061290267,0.02033944587684037,0.0117647061124444,0.003921568859368563,0.003921568859368563,0.031133444365186263,0.01833311988368119,0.0235294122248888,21.083780159904787,88.26496871219368,0.0,20.473928157589803,87.82966396292005,34.0,90.0,0.0,12,12,12,0.033680818587822944,0.02223424692439612,0.03932952682458024,0.03671664744329104,20.717293233082707,29.78680203045685,21.219548872180454,27.166666666666664,0.3906282295141447,0.23923874473081053,0.3555888472782416,0.33177944485569766,3.0654184822905575,3.3720425888637915,3.0412717333781125,3.236602340066293,0.0043403274025283585,0.003170038335264772,0.004560700618548588,0.00378158279402556,6.039792695991173,6.492557850775845,5.995828699302507,6.254365324959723,-0.18692749763583016,-0.1184472763710501,-0.19482164252340908,-0.13939984688429652,0.8439047490909506,0.7472872627626832,0.851985189431177,0.7799157610601949,0.37921441179195436,0.3047841786913154,0.41756884292553376,0.4070304464730336,9.962406015037594,10.598984771573603,9.757894736842108,10.18954248366013,4.225550168738678,4.331823386172443,4.238600247191847,4.296758761737751,47.278285940414946,48.521081879632746,44.637625643054974,54.1438122089795,16.99889479337441,19.576970977522393,16.464293628808864,20.32761971891154
3,13,970,2365,169,128,126,73,148.98350515463918,101.72474226804124,5.171737232589408,1555,0.668747216217364,35.1431694414876,0,0.41014799154334036,0.1933586249700694,54.44505293073168,54.230987451824994,7.0,2.709090368999538,2.23606797749979,37.379239521020374,40.47934437396143,8.154486631406773,251.0782104868019,0.6237942122186495,5.639215894509107,22.58039293717593,0.0117647061124444,0.0117647061124444,1.5043340433637327,0.09019608050584793,0.09019608050584793,0.02622891113725166,0.02327875560533601,0.019607843831181526,0.003921568859368563,0.003921568859368563,0.02546825891287117,0.01609929183640287,0.0313725508749485,148.9604029245635,103.22889890914901,0.0,148.98350515463918,101.72474226804124,160.0,99.0,0.0,13,13,13,0.021586068357856134,0.024600372214677327,0.021065812591631844,0.013394965471151708,14.01484480431849,15.076595744680851,10.700910273081925,20.200000000000003,0.4896902176243064,0.49179909223061335,0.6188557851428949,0.3243350783218072,2.9496996749536017,3.0275530561764,2.802575580485113,3.2221296863734463,0.0053260679359390245,0.004784603809332194,0.0059682212115592485,0.004011085740451968,6.554123426768153,6.56323680139905,6.526032248676712,6.9292553001060035,-0.17618465277260295,-0.17916603454478078,-0.19381230571730193,-0.09517054981952466,0.8474216439345948,0.85157130422589,0.8680655977360816,0.7068458396736145,0.36651949473113066,0.38957136053224384,0.4138574731248201,0.2923258943700797,11.847503373819162,11.831205673758866,11.915474642392716,12.167164179104478,4.437624873248332,4.44905918150053,4.524437452349183,4.467692210347058,40.91196745106828,44.25661485840752,45.45059278511778,39.59295165961237,13.731703063846687,14.833302650772083,14.037875764549895,14.948237914903089
3,14,345,720,196,134,166,110,177.93333333333334,122.04927536231884,4.8460828459993,586,0.7281078418699375,20.958712816717327,0,0.4791666666666667,0.20635222957972196,36.37423215883343,33.28663395418648,5.0,1.948570866829019,2.0,22.65483125760033,24.933175605553398,-73.26812993287615,144.94722215136414,0.5887372013651877,4.635294276289642,9.65490227472037,0.0117647061124444,0.007843137718737125,1.4701456801385602,0.11764705926179886,0.11764705926179886,0.03538392577320337,0.027985223984696727,0.019607843831181526,0.003921568859368563,0.003921568859368563,0.02998920607355534,0.021929704101941276,0.03921568766236305,179.11047927529427,121.16856215578962,0.0,177.93333333333334,122.04927536231884,188.0,115.0,0.0,14,14,14,0.0126328289756557,0.01402598345187981,0.021434081858176433,0.010900277008310248,45.75565610859729,44.30722891566265,26.28767123287671,46.468421052631584,0.17004923064124633,0.11883714476762425,0.44167301959639815,0.19052277922876903,3.7051249582552233,3.654694566840903,3.182698661681364,3.717621230797655,0.002115808222314371,0.0022723190947156868,0.004120196428241718,0.0019171511669803774,6.923675144150508,6.62098476233181,6.319002871988576,6.943032991632509,-0.2049315442467358,-0.21438564561090895,-0.3111363478368651,-0.24030936698445524,0.8911805440502591,0.8922147347366447,0.9500192102184353,0.9218900420886963,0.21916937431691597,0.21883665225722576,0.4044582663542853,0.143099857901693,13.963800904977376,12.96987951807229,12.853881278538813,14.289473684210527,4.5849205436172,4.534011125604886,4.537190507910077,4.5760435188444415,64.50547695583634,56.25812890114676,67.87819269823393,68.34252077562323,27.56528326610841,25.141339454202352,23.541465982777645,28.702735457063717
3,15,419,812,68,137,40,108,54.97852028639618,121.0071599045346,4.081954932583636,698,0.5329550901363405,23.09734550211416,0,0.5160098522167488,0.24498065669898497,33.3039953487004,34.828149534535996,6.082762530298219,2.30222247168795,2.0,26.191136091359184,28.179960158659398,-0.6454659816468691,146.60407640085654,0.6002865329512894,4.807843284681439,9.870588551275432,0.007843137718737125,0.00392156932502985,4.119924218594314,0.10980392247438431,0.10980392247438431,0.036701093776194196,0.023557490575836355,0.0117647061124444,0.003921568859368563,0.003921568859368563,0.03228019807793461,0.022685166992349383,0.028431373182684183,51.67103697567912,123.46364717628833,0.0,54.97852028639618,121.0071599045346,41.0,128.0,0.0,15,15,15,0.03678444166782359,0.03355364418288819,0.05004581404320986,0.031090553982649243,28.921768707482993,36.846808510638304,31.069444444444443,34.29961089494163,0.3811428034588819,0.27784829229955954,0.37560355338115864,0.34435331708678746,3.121285400197671,3.3308662217923444,3.1105377828619347,3.198862701991012,0.005187592763815713,0.004082789625620839,0.005185826277873196,0.0048957635297211775,5.929305002609962,5.918390883376092,5.697180628341129,6.034423976409366,-0.23934279496876448,-0.20013770807922934,-0.26851411174906903,-0.22474360422155729,0.8947191455391562,0.8554816121710149,0.9105802286043868,0.8848767976446238,0.4052122482577982,0.3775683020996493,0.4541748365246303,0.3179753306543135,10.275510204081632,10.26808510638298,10.097222222222221,10.649805447470818,4.265901705399658,4.202201881467081,4.2074687298900715,4.242060824656008,64.54654310703872,65.2004708012675,68.44888117283952,70.32872564308313,23.367077953630446,25.51181982797642,24.879581404320977,26.157084134506217
3,16,706,1482,101,161,63,122,80.71671388101983,140.0056657223796,4.122227528522439,1061,0.1447690032441349,29.98177977677484,0,0.47638326585695007,0.242587288809465,41.430052836409,38.118237105091836,5.0,2.369081013234216,2.23606797749979,34.64823227814083,40.99360710757879,-79.67598455240307,191.23759005323595,0.6654099905749293,4.725490367505699,14.925490722525865,0.007843137718737125,0.007843137718737125,0.5031174612001953,0.10980392247438431,0.10980392247438431,0.029350871847861486,0.021140921703294426,0.01568627543747425,0.003921568859368563,0.003921568859368563,0.030426943568070262,0.01816025248987934,0.027450980618596077,80.62611667138592,139.51077247594046,0.0,80.71671388101983,140.0056657223796,89.0,146.0,0.0,16,16,16,0.024344484234430953,0.01785513047633215,0.022050921936012435,0.017651626687733415,21.308411214953267,32.87261146496815,22.15442561205273,31.974576271186443,0.3795455738476067,0.15681211194747763,0.3734206583237555,0.21836040361496958,3.1520724015418726,3.5396298766027403,3.1903060774113534,3.5213454324031175,0.00412397678626269,0.002772614922683454,0.003919129302004438,0.0028194609876410785,6.306301824387706,6.632315832050434,6.374095043453502,6.580505257246048,-0.17266762618664167,-0.10881323312374937,-0.16202862476242424,-0.13278492418764848,0.8344587802006462,0.7306374578872401,0.8215645038526769,0.7796020247169545,0.375963698788533,0.2856227645267735,0.3416681827686672,0.26785499897719856,10.56822429906542,10.78343949044586,10.629001883239171,10.911016949152543,4.342241818564982,4.386053803596877,4.337884850041677,4.346214393724696,47.37805572539088,45.09959836098825,48.56104212993995,49.8395396437805,17.171616735086022,19.493052456489107,17.67886693549816,20.453528978741744
3,17,593,1360,199,164,159,130,179.21079258010118,148.5328836424958,4.414522432003357,962,0.5935666739156881,27.47782833536798,0,0.4360294117647059,0.22652506933715802,40.26378149215383,39.11521443121589,5.385164807134504,2.3641220118408612,2.23606797749979,30.23226153144517,32.40368006849422,79.01942952927061,181.373629022557,0.6164241164241164,4.576470763422549,12.37254946026951,0.007843137718737125,0.005882353289052844,2.1634768488367695,0.0941176488995552,0.0941176488995552,0.029149495308423878,0.02086433298527742,0.0117647061124444,0.003921568859368563,0.003921568859368563,0.030247966345539418,0.02011713294702373,0.026470588520169258,180.76133121753148,147.02408875607534,0.0,179.21079258010118,148.5328836424958,176.0,152.0,0.0,17,17,17,0.025787760283368478,0.024403757613886586,0.03338392358427225,0.020018542631008458,25.64027149321267,40.25401069518716,26.125890736342047,33.27676240208877,0.40405892304751945,0.2138343331263864,0.38710580229036273,0.26644610465807816,3.1371274373564737,3.5580805421934807,3.2022030402729027,3.420675511278646,0.005215585266476932,0.003108170093511398,0.004755414379291475,0.0036462011466435818,6.263692174098266,6.412281892108831,6.065978152422211,6.484434171472113,-0.20140183170998963,-0.1665392401519542,-0.23415538071590197,-0.14750564589999748,0.8683822359930969,0.8294849227422715,0.894347735743737,0.8024577455299764,0.38426523638894794,0.32443056306908863,0.3888145146326474,0.29609375081056216,10.26923076923077,10.542780748663102,10.068883610451309,10.483028720626631,4.390769534445987,4.464492016417086,4.355806345197455,4.40749254753708,60.40941524538809,62.15191312305183,59.12827167528957,57.4507563620994,21.512421684650196,25.601480954559754,21.313540602907917,22.681879691047047
3,18,503,1326,65,169,26,135,46.76540755467197,150.59642147117296,6.80151874503517,965,0.41855549590367075,25.30690599424961,0,0.3793363499245852,0.1470259860314226,41.17195915403021,42.01190307520001,5.0,1.8731905309414556,1.4142135623730951,31.008683647302114,37.39201192186869,-63.257734650351544,207.34419177103416,0.5212435233160622,5.376470777671784,13.407843576278538,0.0117647061124444,0.0117647061124444,1.7221741166965006,0.0941176488995552,0.0941176488995552,0.030548129418589684,0.026655752636736654,0.019607843831181526,0.003921568859368563,0.003921568859368563,0.02706183002284581,0.02011150339422509,0.03921568766236305,46.982451013604965,148.8879789567307,0.0,46.76540755467197,150.59642147117296,53.0,155.0,0.0,18,18,18,0.0182044201609654,0.010188334593096498,0.01474182633783512,0.010149714955511747,31.771159874608152,38.23015873015873,27.39009287925697,35.518248175182485,0.3081615924845567,0.2601962800284488,0.36323166535212714,0.36522981118062126,3.5712555483177866,3.626588028234826,3.475409177823766,3.599310256903217,0.0024821139729365857,0.0026579994960947324,0.0027566026703984507,0.002683659225318342,6.763611116903982,7.142037418478328,6.8167455520178155,7.151281022423316,-0.2504349243810232,-0.1708668442486246,-0.2096642043966773,-0.20081767146161816,0.9250750548701433,0.8582928031610833,0.8929817601079503,0.8929582880156756,0.2736717056528265,0.272099375447234,0.26810336021517744,0.2359819899846044,13.225705329153605,13.753968253968253,12.75232198142415,14.05839416058394,4.682122887799356,4.752849903273202,4.605811318513959,4.808259404775456,60.07444895392143,65.12200806248424,58.63834600159112,76.39075070595132,22.961402207132423,25.83804169816075,21.507109720212014,27.977249720283446
3,19,1159,2379,39,199,0,138,15.71009490940466,166.98274374460743,4.67980407354701,1679,0.7677782805367426,38.414640859287665,0,0.48717948717948717,0.21368415948278366,61.6360379275401,64.07807737440318,9.433981132056603,3.0769987219327652,2.8284271247461903,38.0,39.491172554460675,-21.213928722606834,261.072113832392,0.6902918403811793,5.3882354917004704,20.882353705354035,0.007843137718737125,0.00392156932502985,4.676895160637701,0.09803921729326248,0.09803921729326248,0.029125597252434975,0.018017561436888728,0.0117647061124444,0.003921568859368563,0.003921568859368563,0.031268063451026354,0.017053466683752412,0.019607843831181526,15.68507042714238,162.30591553321418,0.0,15.71009490940466,166.98274374460743,10.0,167.0,0.0,19,19,19,0.05492171110900332,0.03085593919899804,0.04121668054977093,0.05056326530612244,16.455049944506104,23.197062423500608,14.635714285714288,19.355428571428572,0.46406241838002943,0.32995032285212855,0.5062119072109895,0.40444704722844643,2.781914719345131,3.075952332915337,2.7583101481665464,2.8837531974157744,0.00712915739274985,0.005497892166580565,0.006837757443274376,0.006641124501871756,5.5354738520524,6.127580278580252,5.833864042050502,5.6538529247207086,-0.29237061584851337,-0.1436541632189264,-0.2134503293849102,-0.2442819363018426,0.9218229415944909,0.7827058961611216,0.8671350499748195,0.8903032555381613,0.5299938707937643,0.40475290689670185,0.49901977525734287,0.5058687548040386,8.546059933407324,8.991432068543451,8.74795918367347,8.546285714285716,4.158182949954136,4.241212355157489,4.208789836630235,4.1742297311350605,44.95154107964885,46.042766247833285,44.643618284048316,45.64442906122447,15.35164775603873,17.309957167833478,14.819833142440654,16.249964408163276
3,20,792,1287,139,199,100,166,118.30681818181819,182.72727272727272,3.3040229328538286,1042,0.5748629127447035,31.755404570407364,0,0.6153846153846154,0.3026613375035676,43.24702865440281,38.3275357934736,6.4031242374328485,2.8499630048594775,2.8284271247461903,31.94069380574065,35.38686980796477,78.20819126001014,181.33809511662426,0.7600767754318618,4.105882520321757,15.396078994963318,0.007843137718737125,0.00392156932502985,0.19278587120184118,0.0941176488995552,0.0941176488995552,0.028712465177075222,0.01943949368050924,0.0117647061124444,0.003921568859368563,0.003921568859368563,0.031548941043495635,0.018161416196254745,0.0235294122248888,118.36194600648268,182.54253692921827,0.0,118.30681818181819,182.72727272727272,126.0,184.0,0.0,20,20,20,0.031026611328125,0.022697897495237696,0.0384564020381328,0.03098676748582231,19.3171875,30.599640933572708,18.19070512820513,21.37913043478261,0.3965770785361075,0.19076251953726983,0.4734258838291337,0.458457506691542,2.9672269462150576,3.363560750768199,2.893003257923506,3.059497761958808,0.006109765625000003,0.004104708153773258,0.006346663379355683,0.005543682419659734,6.026340239562119,6.298815663890976,5.873116044626421,6.253803413310713,-0.19397896934562758,-0.14014260610366255,-0.2520682320324466,-0.17573123296895646,0.85204232560257,0.7829226170691009,0.9034389245574584,0.8368178920421518,0.3734938557233579,0.2988296088910757,0.46506249697282837,0.42355082904205044,9.3703125,9.730700179533212,9.399038461538462,9.897391304347828,4.199939065253515,4.272340206099496,4.297472622311057,4.3476702252341575,44.708181152343755,45.02622087420109,50.90006317800788,57.577297542533046,16.006342163085943,18.90646545194345,17.27269207655326,19.739106994328914
