ImageNumber,ObjectNumber,AreaShape_Area,AreaShape_BoundingBoxArea,AreaShape_BoundingBoxMaximum_X,AreaShape_BoundingBoxMaximum_Y,AreaShape_BoundingBoxMinimum_X,AreaShape_BoundingBoxMinimum_Y,AreaShape_Center_X,AreaShape_Center_Y,AreaShape_Compactness,AreaShape_ConvexArea,AreaShape_Eccentricity,AreaShape_EquivalentDiameter,AreaShape_EulerNumber,AreaShape_Extent,AreaShape_FormFactor,AreaShape_MajorAxisLength,AreaShape_MaxFeretDiameter,AreaShape_MaximumRadius,AreaShape_MeanRadius,AreaShape_MedianRadius,AreaShape_MinFeretDiameter,AreaShape_MinorAxisLength,AreaShape_Orientation,AreaShape_Perimeter,AreaShape_Solidity,Children_Cells_Count,Children_Cytoplasm_Count,Intensity_IntegratedIntensityEdge_CropBlue,Intensity_IntegratedIntensity_CropBlue,Intensity_LowerQuartileIntensity_CropBlue,Intensity_MADIntensity_CropBlue,Intensity_MassDisplacement_CropBlue,Intensity_MaxIntensityEdge_CropBlue,Intensity_MaxIntensity_CropBlue,Intensity_MeanIntensityEdge_CropBlue,Intensity_MeanIntensity_CropBlue,Intensity_MedianIntensity_CropBlue,Intensity_MinIntensityEdge_CropBlue,Intensity_MinIntensity_CropBlue,Intensity_StdIntensityEdge_CropBlue,Intensity_StdIntensity_CropBlue,Intensity_UpperQuartileIntensity_CropBlue,Location_CenterMassIntensity_X_CropBlue,Location_CenterMassIntensity_Y_CropBlue,Location_CenterMassIntensity_Z_CropBlue,Location_Center_X,Location_Center_Y,Location_Center_Z,Location_MaxIntensity_X_CropBlue,Location_MaxIntensity_Y_CropBlue,Location_MaxIntensity_Z_CropBlue,Number_Object_Number,Texture_AngularSecondMoment_CropBlue_3_00_256,Texture_AngularSecondMoment_CropBlue_3_01_256,Texture_AngularSecondMoment_CropBlue_3_02_256,Texture_AngularSecondMoment_CropBlue_3_03_256,Texture_Contrast_CropBlue_3_00_256,Texture_Contrast_CropBlue_3_01_256,Texture_Contrast_CropBlue_3_02_256,Texture_Contrast_CropBlue_3_03_256,Texture_Correlation_CropBlue_3_00_256,Texture_Correlation_CropBlue_3_01_256,Texture_Correlation_CropBlue_3_02_256,Texture_Correlation_CropBlue_3_03_256,Texture_DifferenceEntropy_CropBlue_3_00_256,Texture_DifferenceEntropy_CropBlue_3_01_256,Texture_DifferenceEntropy_CropBlue_3_02_256,Texture_DifferenceEntropy_CropBlue_3_03_256,Texture_DifferenceVariance_CropBlue_3_00_256,Texture_DifferenceVariance_CropBlue_3_01_256,Texture_DifferenceVariance_CropBlue_3_02_256,Texture_DifferenceVariance_CropBlue_3_03_256,Texture_Entropy_CropBlue_3_00_256,Texture_Entropy_CropBlue_3_01_256,Texture_Entropy_CropBlue_3_02_256,Texture_Entropy_CropBlue_3_03_256,Texture_InfoMeas1_CropBlue_3_00_256,Texture_InfoMeas1_CropBlue_3_01_256,Texture_InfoMeas1_CropBlue_3_02_256,Texture_InfoMeas1_CropBlue_3_03_256,Texture_InfoMeas2_CropBlue_3_00_256,Texture_InfoMeas2_CropBlue_3_01_256,Texture_InfoMeas2_CropBlue_3_02_256,Texture_InfoMeas2_CropBlue_3_03_256,Texture_InverseDifferenceMoment_CropBlue_3_00_256,Texture_InverseDifferenceMoment_CropBlue_3_01_256,Texture_InverseDifferenceMoment_CropBlue_3_02_256,Texture_InverseDifferenceMoment_CropBlue_3_03_256,Texture_SumAverage_CropBlue_3_00_256,Texture_SumAverage_CropBlue_3_01_256,Texture_SumAverage_CropBlue_3_02_256,Texture_SumAverage_CropBlue_3_03_256,Texture_SumEntropy_CropBlue_3_00_256,Texture_SumEntropy_CropBlue_3_01_256,Texture_SumEntropy_CropBlue_3_02_256,Texture_SumEntropy_CropBlue_3_03_256,Texture_SumVariance_CropBlue_3_00_256,Texture_SumVariance_CropBlue_3_01_256,Texture_SumVariance_CropBlue_3_02_256,Texture_SumVariance_CropBlue_3_03_256,Texture_Variance_CropBlue_3_00_256,Texture_Variance_CropBlue_3_01_256,Texture_Variance_CropBlue_3_02_256,Texture_Variance_CropBlue_3_03_256
1,1,372,459,149,37,122,20,135.28225806451613,28.1747311827957,1.1542500545526144,390,0.7664818055912487,21.76338922689847,1,0.8104575163398693,0.8663633985164494,27.401933212850718,26.1725046566048,8.246211251235321,3.604642026630635,3.1622776601683795,16.0,17.599330611608757,-85.45966542914441,73.45584412271572,0.9538461538461539,1,1,4.258823677897453,53.270589493215084,0.09019608050584793,0.05098039656877518,0.4946159381189144,0.09019608050584793,0.27843138575553894,0.06452763148329475,0.14320050939036313,0.1411764770746231,0.0470588244497776,0.0470588244497776,0.009849729044259804,0.05990050197068527,0.1921568661928177,134.9139428763756,27.844596591414774,0.0,135.28225806451613,28.1747311827957,0,133.0,28.0,0.0,1,0.0022272687570966884,0.0024253396166443253,0.002190574036678831,0.0022611570247933897,125.79750778816198,390.49070631970244,244.8350515463918,237.35272727272726,0.7133649742719415,0.12414337066348026,0.4428045621712028,0.4594174593542137,4.442965824211282,5.033554242023646,4.865809541239056,4.808113569693127,0.0005418386586137772,0.0002775409465333363,0.0003281719695747047,0.0003821217222732373,8.944718194246974,8.79075687926916,8.918518727773138,8.859651444775661,-0.4260008983369252,-0.45261864478236696,-0.4350783199058584,-0.4434669704378446,0.9960455814806226,0.9970747792519925,0.9964839850175399,0.9967848769333428,0.10653680745356232,0.03426637424764557,0.0688020576930844,0.06923391870652545,77.90342679127725,81.5167286245353,80.28522336769761,81.23636363636363,6.414066126994328,6.183246913717249,6.3863459435502445,6.350746436737013,751.9564057025837,501.18652312709946,633.9770668745041,640.7841322314052,219.43847837268686,222.91930736170116,219.70302960522395,219.5342148760319
1,2,333,460,98,60,78,37,87.2072072072072,47.5975975975976,1.1608940263364398,360,0.7051592842565106,20.590987552733093,1,0.7239130434782609,0.8614050699836999,24.746305477320668,24.698178070456937,8.54400374531753,3.3867676038503634,3.0,18.19017187772497,17.546341397334526,-37.72858218680374,69.698484809835,0.925,1,1,3.9254903197288513,53.47058968991041,0.09803921729326248,0.05686274543404579,0.5275172905040936,0.09019608050584793,0.3333333432674408,0.06435230032342379,0.16057234141114238,0.16078431904315948,0.04313725605607033,0.04313725605607033,0.012100158845010688,0.07100280408945026,0.21176470816135406,87.63975064443896,47.29563623137914,0.0,87.2072072072072,47.5975975975976,0,91.0,43.0,0.0,2,0.0021522038567493114,0.0024622960911049553,0.002166941727381287,0.0022618688592244566,381.91287878787875,767.780701754386,374.5311355311356,322.73705179282865,0.37056633954417795,-0.22766498910883826,0.3867956333308914,0.46254267141160027,5.17910647356153,5.609966537454077,5.158354389768333,4.997156341203158,0.00024217822305855116,0.0001318685900941189,0.00024781733486765607,0.0002806212807545206,8.912746818213897,8.715544016348233,8.918728661050523,8.841045994181194,-0.48793103788758735,-0.5185901909785047,-0.48816412144164306,-0.49429297497014996,0.9984107268504846,0.9988802014120133,0.9984226080900687,0.9984921401223198,0.05999002724104147,0.07202794855598242,0.05961595910837774,0.058745414232579646,89.79924242424242,91.3859649122807,89.13186813186813,89.94820717131475,6.503444477925871,6.092562413694575,6.507062787889421,6.502536944444593,831.5998479109276,483.0176977531555,847.0229038360903,878.2403453913403,303.3781816747005,312.6995998768839,305.3885098418061,300.24434929604354
1,3,199,256,33,55,17,39,24.547738693467338,46.45728643216081,1.024963972528362,205,0.6536370836267437,15.91774699517169,1,0.77734375,0.9756440487690691,18.322109045641618,18.027756377319946,7.0710678118654755,2.9052680558254953,2.8284271247461903,13.435028842544403,13.866321293585345,-42.61898338305878,50.62741699796952,0.9707317073170731,1,1,2.9647059813141823,23.76470658183098,0.08627451211214066,0.027450986206531525,0.3957869342416996,0.09019608050584793,0.24705882370471954,0.06737968139350414,0.1194206360896029,0.11764705926179886,0.04313725605607033,0.04313725605607033,0.012123833950978926,0.04174825286720761,0.14509804546833038,24.32409241784933,46.78382837543707,0.0,24.547738693467338,46.45728643216081,0,21.0,51.0,0.0,3,0.004407701416604535,0.005341306100510616,0.004824349809218894,0.004979628791308284,185.03973509933775,285.172131147541,137.64238410596028,151.24113475177302,0.13899695410671034,-0.29167475009094956,0.32465055265144604,0.24873295949355878,4.518012451505183,4.920182732107724,4.394030592338849,4.379462334765344,0.0005446131577288279,0.0003710333873622682,0.0006528869176516384,0.0006541730916138524,7.948507802167345,7.6704513744303995,7.87416632872905,7.781325997758174,-0.43966587439470284,-0.49234626278731475,-0.4482736079604367,-0.46374194513647393,0.994313778818429,0.9966582809256581,0.9946996494815327,0.995431975748303,0.07266409273336182,0.0826272012908551,0.0976748179625831,0.1287526710758,65.68874172185431,65.94262295081967,65.40397350993378,64.60283687943262,5.569354825837067,5.374969153873003,5.596830220574663,5.6420428674476435,244.7839129862714,156.38195377586817,269.97587825095343,251.38836074644223,107.45591202140236,110.38852123085212,101.9045655892287,100.65737387455374
1,4,329,441,24,77,3,56,13.504559270516717,65.59574468085107,1.0894408090551138,348,0.3273215739177292,20.466944330257718,1,0.746031746031746,0.91790209407275,21.10550166881674,21.470910553583888,9.486832980505138,3.6284734436920916,3.1622776601683795,19.64538562794297,19.94286300648155,69.2514948702778,67.11269837220809,0.9454022988505747,1,1,3.9372550137341022,52.803922820836306,0.10588235408067703,0.04117646813392639,0.37164838754522084,0.12156862765550613,0.3490196168422699,0.06788370713334659,0.1604982456560374,0.17450980842113495,0.03921568766236305,0.03921568766236305,0.01858319222332607,0.06380234963286864,0.2078431397676468,13.866988498063533,65.5134793844936,0.0,13.504559270516717,65.59574468085107,0,19.0,61.0,0.0,4,0.0025740296539438056,0.002740591489652347,0.0025950707682812213,0.0025868055555555557,298.5093632958801,495.206611570248,324.40074906367045,414.0708333333333,0.3280973354929769,-0.04826058231991767,0.2962428890570942,0.07755696594751361,4.933610725230565,5.353539862237204,5.024949137072515,5.232208686634422,0.000327134776909637,0.00020514857229107165,0.0002622969727291572,0.00021026234567901228,8.714144152612722,8.642935809543946,8.720342737002436,8.683933199757151,-0.4485316417968243,-0.4600764056380415,-0.44581637842159166,-0.44534294426127624,0.9967531325529533,0.9971377326079729,0.9966349433165634,0.9965402842707536,0.10286754539857096,0.058267299494521405,0.06596511114919659,0.057853959204003144,89.03370786516854,90.35537190082644,89.05243445692884,89.52916666666667,6.270337457522977,6.009291261201593,6.13663857318027,6.072975988125307,590.0400622816987,449.609248002188,597.51035924196,483.6991493055557,222.1373563943946,236.20396489310906,230.47777707640694,224.4424956597229
1,5,211,300,49,84,34,64,40.796208530805686,72.91943127962085,1.1354774511710533,226,0.7041838802126417,16.39065416446578,1,0.7033333333333334,0.8806867974072659,19.571433737730754,19.235384061671343,7.0,2.8582094402932707,2.8284271247461903,13.524562584551424,13.89606338321508,-12.302670655932056,54.8700576850888,0.9336283185840708,1,1,2.83529419824481,24.254902604967356,0.0784313753247261,0.03529411554336548,0.0839552373418531,0.09019608050584793,0.239215686917305,0.06032540847329383,0.11495214504723865,0.11372549086809158,0.03921568766236305,0.03921568766236305,0.01122538591184548,0.04401399859435524,0.14509804546833038,40.79223929052958,72.83556992374845,0.0,40.796208530805686,72.91943127962085,0,40.0,74.0,0.0,5,0.0041650647186979375,0.0044170096021947875,0.0044817825518943255,0.004171489197530864,190.30718954248366,269.49629629629624,124.26506024096388,217.04861111111114,0.21912346896376386,-0.04679712139689155,0.45729572166358495,0.1296739787173564,4.692756121460241,4.727639951265799,4.403025633316631,4.618530586136865,0.0004171510294985579,0.00040448549678903856,0.0005733476387653846,0.0005021253259850212,7.991016028953021,7.884223004458237,7.929138527680335,7.968536112553423,-0.4761767032804114,-0.5034668520328953,-0.47608498360063894,-0.47782341998985695,0.9966056533812393,0.9975131962227625,0.9964671484517122,0.9966346985244935,0.08817808017297508,0.04594188666685651,0.0874775140400614,0.04412787447725338,64.69934640522877,65.57037037037037,64.22891566265059,64.82638888888889,5.740536862074251,5.546751849552097,5.737125185790804,5.702338786946976,297.1122217950351,245.40060356652975,333.68253737843133,281.7268036265432,121.85485283438015,128.7242249657072,114.48689940484837,124.69385368441294
1,6,194,240,142,86,126,71,133.5257731958763,77.96907216494846,0.9934629540422453,199,0.5877350082171882,15.716503163191918,1,0.8083333333333333,1.006580060113119,17.471936579088798,17.204650534085253,7.0710678118654755,2.927922470971959,2.8284271247461903,13.435028842544403,14.135731379042541,51.24591368581578,49.21320343559643,0.9748743718592965,1,1,2.9176471643149853,23.19607911631465,0.09019608050584793,0.027450978755950928,0.20318724127128912,0.09803921729326248,0.21960784494876862,0.06785225963523221,0.11956741812533324,0.12156862765550613,0.0470588244497776,0.0470588244497776,0.011363737029970228,0.03906630166893413,0.14313726127147675,133.33812342040113,78.04699916142309,0.0,133.5257731958763,77.96907216494846,0,130.0,78.0,0.0,6,0.0046844736723570994,0.004900868790376476,0.00440983298930381,0.005088450242469778,146.97986577181206,143.9179104477612,146.69863013698628,216.95041322314052,0.21657835536914508,0.24562357369772542,0.22073547757497733,-0.14656918597862117,4.459298729665388,4.463618794274038,4.525193718138848,4.651226958282948,0.0006349554128902242,0.0006125914576179886,0.0005843852469928677,0.000496251635190762,7.85333110432574,7.771240123261302,7.910681493796709,7.708038650461976,-0.43895939951532065,-0.4527237835538573,-0.4283691899967799,-0.4721919041944047,0.9939444236293752,0.9946897984027018,0.9932762258805917,0.9957275915184485,0.10371245924530398,0.09962469648450964,0.11431578993847388,0.061027818606703095,65.28859060402684,66.11194029850745,65.87671232876713,65.23140495867769,5.562402061920826,5.55246223238704,5.564547806632152,5.388304431378899,228.24557452367117,237.63672310091442,229.8067179583404,161.48364182774367,93.80636007387102,95.38865838716924,94.12633702383187,94.60851376272103
1,7,259,460,70,92,50,69,58.81467181467181,79.64864864864865,1.701940909356995,338,0.8226989839578136,18.159544104586082,1,0.5630434782608695,0.5875644650775842,25.701141971924695,24.20743687382041,6.324555320336759,2.640348242802572,2.23606797749979,16.47375535160746,14.610514465464108,-23.574547873590575,74.42640687119285,0.7662721893491125,1,1,5.552941333502531,38.82745203375816,0.10196078568696976,0.0470588281750679,0.17593152105960447,0.20392157137393951,0.2823529541492462,0.08956356989520212,0.14991294221528248,0.15294118225574493,0.04313725605607033,0.04313725605607033,0.044312627011230954,0.06296122774624519,0.19607843458652496,58.97990102117063,79.58822341036102,0.0,58.81467181467181,79.64864864864865,0,60.0,79.0,0.0,7,0.003069827976459937,0.0033875613615156805,0.0031602647569444445,0.00354727689892525,266.71808510638294,536.171974522293,254.24479166666666,257.7967032967033,0.4714714263492112,0.02417031403181905,0.44446958586741997,0.44229489077810363,4.896943211911922,5.261889046597661,4.857338378245597,4.923392991666177,0.0003317048315880689,0.00021748775590297342,0.000347450272096078,0.0003226756808135084,8.400333532528702,8.2309264813757,8.390875716833186,8.274224447867232,-0.5297200592668605,-0.5552438196494209,-0.5089086124769345,-0.5337027432006879,0.998823945609351,0.999105516065766,0.9983712368386962,0.9987884371620971,0.08492963928794939,0.03649352072408726,0.06632618224461674,0.08395848534479268,83.11170212765958,83.53503184713375,86.015625,86.30219780219781,6.25079224277193,6.001169038736808,6.225212925229976,6.164295948262637,742.5673098687166,562.7328492028091,661.0778808593741,666.6943907740606,252.32134874377584,274.72620593127544,228.83066813151095,231.12277351769126
1,8,418,648,89,95,62,71,74.8157894736842,82.55741626794259,1.1958187962391127,451,0.5382341179508011,23.06976657227589,1,0.6450617283950617,0.836247099598226,25.433063253899537,26.68332812825267,9.486832980505138,3.83076914450184,3.605551275463989,20.08462864213097,21.434867933882288,-88.38309459493247,79.25483399593904,0.926829268292683,1,1,5.309804072603583,56.50588373281062,0.08627451211214066,0.047058820724487305,1.069031542943991,0.20000000298023224,0.239215686917305,0.08045157685763005,0.13518154003064742,0.13725490868091583,0.0235294122248888,0.0235294122248888,0.04462012728311188,0.055239389425251854,0.18431372940540314,73.86203069408427,82.07453674865724,0.0,74.8157894736842,82.55741626794259,0,71.0,86.0,0.0,8,0.002693877551020409,0.002317538236845309,0.0024465179790623577,0.002245457493538781,55.03714285714287,197.11464968152865,187.24852071005918,252.1316614420063,0.8490749456317346,0.4478164893071474,0.46481100630948113,0.3026110393682238,3.9552545052442594,4.7681150961522025,4.727447172207443,4.908780803609455,0.0009306377285565639,0.00041841354806709943,0.0004367215781939391,0.0003347016377696979,8.757402290298675,8.902058129444203,8.859715522086223,8.939577739116029,-0.4136420463008399,-0.3832832088556459,-0.39285757913210334,-0.3781194507716739,0.9947917753650629,0.9926302181893546,0.993403830045382,0.9922304062790409,0.17840449500844785,0.08025387125066406,0.10435527640497323,0.056847864151459676,72.45428571428572,74.5668789808917,75.10059171597634,75.34796238244513,6.267295105139119,6.206094686587747,6.2160784596515395,6.105701107785831,674.2936244897955,516.8315144630633,512.4987570463218,470.94161810516925,182.33269183673383,178.486541036149,174.9368194390952,180.76831988679373
1,9,506,729,38,98,11,71,24.17391304347826,84.43873517786561,1.1430826825491915,535,0.18690384599456036,25.38226171238474,1,0.6941015089163237,0.8748273552442396,25.72471533775256,26.476404589747453,11.40175425099138,4.344135313729602,4.0,24.558877448663274,25.271399870019465,39.323953463072996,85.25483399593904,0.9457943925233645,1,1,4.694117769598961,87.61961025372148,0.09803921729326248,0.06666666269302368,0.43498411296720746,0.12156862765550613,0.42352941632270813,0.0651960801333189,0.17316128508640607,0.15294118225574493,0.03921568766236305,0.03921568766236305,0.017186404985834382,0.09536118879155754,0.23333333432674408,24.58926732799385,84.30953766678891,0.0,24.17391304347826,84.43873517786561,0,27.0,83.0,0.0,9,0.0014945510588003016,0.0015308956844524136,0.0014382067050188446,0.0014529627115202801,378.50819672131155,604.9597989949748,280.84976525821594,575.6624685138538,0.6687234983949571,0.4920585344498381,0.7550994413907122,0.5121312954291167,5.149505571000095,5.437220520529351,4.987292860595167,5.545689267972018,0.00022583718788885305,0.00015514576093655658,0.00024453318510979307,0.00013801695599856785,9.476325427042465,9.427416925803726,9.515203106131171,9.482479107716852,-0.4966852679573113,-0.5098809338141372,-0.4884731659068401,-0.5015634500767997,0.9990456696675855,0.9992107269161484,0.9989326561508026,0.9991245266287506,0.034641149860708466,0.02997799988535685,0.06621861418483499,0.057691063557823635,96.98594847775175,98.90452261306532,97.0093896713615,99.23425692695213,6.962816089603925,6.937481409170173,6.989234287969651,6.9208877839568945,1906.641488737394,1777.0461604504926,2012.7323062002688,1784.2448718030064,571.2874213646751,595.5014898613676,573.3955178646211,589.9768350792156
1,10,369,600,56,107,31,83,44.22222222222222,93.47425474254743,1.31246806909439,404,0.40406706408180953,21.675455981530703,1,0.615,0.7619232982102226,22.93913796219976,24.515301344262525,9.433981132056603,3.625839694856363,3.1622776601683795,20.227089141424557,20.98310305831348,34.92986418182994,78.01219330881975,0.9133663366336634,1,1,5.278431516140699,50.831373896449804,0.0941176488995552,0.035294122993946075,0.3149219298194139,0.16078431904315948,0.27843138575553894,0.0799762350930409,0.137754400803387,0.14901961386203766,0.03921568766236305,0.03921568766236305,0.03456619777511944,0.050489164367713744,0.1725490242242813,44.00964357936131,93.70660392477237,0.0,44.22222222222222,93.47425474254743,0,42.0,89.0,0.0,10,0.002741993603891717,0.002639614926763626,0.0026754639549252334,0.0027304807524587736,133.30536912751677,298.01079136690646,150.74410774410774,150.65567765567766,0.5478080308427409,-0.029575156068720333,0.4761498540658136,0.4992340699425983,4.512892984599019,4.993451698925447,4.575914695986654,4.575510225229319,0.0005165262686977172,0.0003271862925327205,0.0005299715889409118,0.0005344442729973863,8.702746194993768,8.695292016929203,8.714709430614727,8.66314464086438,-0.38379887690792247,-0.3717951343059277,-0.37835161708430554,-0.3907384469104967,0.9919524955394031,0.9905286320920794,0.9913944227310701,0.9925260461874041,0.08216240579926384,0.08226679362995133,0.09483875039871109,0.1023264730915113,75.68120805369128,77.37769784172662,75.84175084175084,75.55677655677655,6.076828162336612,5.8285932201235475,6.120553624218465,6.054751306521172,456.2909891446325,280.88971844107436,424.7796710086277,451.0453112211353,147.39908956803765,144.72512745199515,143.88094468818394,150.4252472192029
1,11,247,324,128,100,110,82,118.16194331983806,90.2753036437247,0.9994934324859572,253,0.4885243899011945,17.733870630789692,1,0.7623456790123457,1.0005068242547455,18.993167920989883,18.788294228055936,8.48528137423857,3.284260232880844,2.8284271247461903,15.556349186104045,16.57249321854284,38.79202928141695,55.698484809834994,0.9762845849802372,1,1,2.9686275385320187,27.235294830054045,0.08235294371843338,0.019607849419116974,0.6806777810147744,0.09019608050584793,0.2980392277240753,0.06316228805387274,0.11026435153868035,0.10588235408067703,0.0470588244497776,0.0470588244497776,0.010920453595153149,0.042794249535854034,0.125490203499794,118.73146150337615,90.64809216311158,0.0,118.16194331983806,90.2753036437247,0,122.0,94.0,0.0,11,0.004443072297242878,0.004608004039893953,0.004444444444444444,0.005234410559854346,188.53886010362694,206.2865168539326,177.6051282051282,221.76331360946745,0.2230735157394659,0.011631732303893241,0.28906873845620473,0.16646966037272906,4.494858116006849,4.493494040264956,4.493074465338159,4.6196798694113514,0.0006126711161588762,0.0005445492913459866,0.0005878459424912972,0.0005238629927550475,8.02570015651547,7.951664821330756,8.025128647016373,7.82695210811833,-0.36755569670420263,-0.37300470684042425,-0.3863722139980919,-0.424719730438556,0.9864371690850718,0.9868660343446645,0.9892287215073409,0.992627414599378,0.14571168985805338,0.1435655126485597,0.14623489299496406,0.1097285025390882,59.95854922279793,58.63483146067416,60.01538461538461,60.18934911242604,5.533386411750925,5.50440119916419,5.520133590041301,5.3736863917658955,296.80657198850986,211.14193283676332,322.0356607495073,310.3428451384757,121.33635802303434,104.35711242267405,124.91019723865872,133.02653968698553
1,12,118,156,168,103,155,91,160.5084745762712,96.80508474576271,1.0241922449139031,124,0.48043908914897393,12.257335203001883,1,0.7564102564102564,0.9763791953766093,13.236467755607697,13.038404810405298,5.385164807134504,2.3105331919334735,2.0,11.0,11.608754116818934,54.08181811348543,38.970562748477136,0.9516129032258065,1,1,2.615686345845461,14.3764709495008,0.09019608050584793,0.027450978755950928,0.21563124219963414,0.11372549086809158,0.2666666805744171,0.07693195134839591,0.12183449957204068,0.11372549086809158,0.0470588244497776,0.0470588244497776,0.018759375000429828,0.04848221038047251,0.14705882966518402,160.5673758887191,96.59765411156306,0.0,160.5084745762712,96.80508474576271,0,161.0,95.0,0.0,12,0.006766805472932779,0.00843425605536332,0.006718750000000001,0.009625390218522371,339.3536585365854,394.2352941176471,260.7,431.72580645161287,0.01614969713524029,-0.11272908395716517,0.22275100528824462,-0.268297529326754,4.707582724331631,4.71990815801959,4.720191026294642,4.70606602030213,0.0004753699157628766,0.00040427231346966316,0.00044213400546103766,0.0004158178191213252,7.24779590705711,6.940404017720928,7.2469280948873624,6.760647923290099,-0.5896235907675456,-0.6504555369833422,-0.5934119456269937,-0.6869621004552651,0.9988321688309577,0.9993783477646558,0.9988942906125998,0.9995765513829042,0.0842515178924282,0.055563045277004654,0.07561479851111864,0.021136766502304682,67.71951219512195,68.76470588235293,68.15,68.2741935483871,5.332684931236281,5.307763576417194,5.4140632138487295,5.085255939726759,350.4944973230222,314.35640138408417,410.1275000000005,249.0699791883435,172.46203896490192,177.14792387543253,167.70687499999985,170.19894640998973
1,13,684,1073,109,110,80,73,96.00730994152046,91.52777777777777,1.2780542284096204,728,0.7544145135673705,29.51094455619561,1,0.6374650512581547,0.782439412797355,37.33095732633404,37.107950630558946,11.40175425099138,4.553824323416328,4.123105625617661,26.100119084330174,24.503977309585046,-21.641831746933022,104.81118318204308,0.9395604395604396,1,1,5.945098225027323,86.654904326424,0.09019608050584793,0.039215683937072754,0.848174736183793,0.16078431904315948,0.24313725531101227,0.0683344623566359,0.12668845661757897,0.125490203499794,0.0235294122248888,0.0235294122248888,0.027962220620520083,0.04693710670574093,0.16470588743686676,96.26293160998195,92.33651626809056,0.0,96.00730994152046,91.52777777777777,0,100.0,96.0,0.0,13,0.0019130434782608698,0.0017274498694047893,0.0019434905649824944,0.0017884596310255897,119.7408695652174,141.39405204460962,47.2658862876254,129.27112676056333,0.5277407279350053,0.4814413612070836,0.816814316684789,0.5075516829073448,4.494021286640775,4.607188684310283,3.830407096042596,4.514708540122145,0.0005429343956304075,0.0005062607605677046,0.0009738423983284342,0.0005449847031614626,9.352352689317115,9.368504492718207,9.269246971132212,9.37606321298723,-0.2782180051949692,-0.2854788526613043,-0.29682580665557506,-0.279065205258973,0.9753552161013349,0.9776683799574465,0.9800388676892889,0.9758097570544837,0.1175583703295553,0.1013467378020987,0.15671519995196487,0.11788551157866513,69.28173913043479,69.37546468401486,68.08193979933111,68.91549295774648,6.11633407876243,6.1434604812564775,6.290009405453,6.155881426814598,387.3571448015118,403.9408106576748,468.7775668057393,395.74285855981,126.7745035916812,136.33371567557128,129.01086327334247,131.2534963300934
1,14,862,1221,90,124,53,91,70.17401392111368,107.55800464037122,1.2604217829925595,915,0.49015810607223154,33.12902786925252,1,0.7059787059787059,0.7933852092160353,35.78835985800014,36.89173349139343,14.866068747318506,5.401295158275983,5.0,30.35786553761644,31.19433485538536,70.34521714899724,116.84671708797582,0.9420765027322404,1,1,6.039215857163072,139.0549060292542,0.08627451211214066,0.06666667014360428,1.0459283083655808,0.13725490868091583,0.38823530077934265,0.06162465160370481,0.1613165963216406,0.14901961386203766,0.0235294122248888,0.0235294122248888,0.031020434137372592,0.08868138589995428,0.22549019753932953,69.35215319916445,106.91108039445245,0.0,70.17401392111368,107.55800464037122,0,66.0,102.0,0.0,14,0.0010844020506940678,0.000981388061500318,0.0010079769362111063,0.0009584171577441899,190.40473061760838,376.57123098201936,242.26498002663106,402.26863572433206,0.808157482557679,0.6254636236054376,0.7469976153390888,0.579451295371339,4.786183161435367,5.214056816311894,4.901014150175758,5.29275986171105,0.0003647215348778579,0.00022860239244426822,0.00029100994501782767,0.00020220307366063947,10.050560692049869,10.111173517407156,10.111007525598074,10.151541684885292,-0.408889015046461,-0.40212891937123674,-0.39939275840930677,-0.39262139959393644,0.9971412479364286,0.9969139666559157,0.9967770181795556,0.9964847982814381,0.12809950057547362,0.059531218379261626,0.05462705846675123,0.06763590899105887,88.09461235216821,89.79668049792531,89.43142476697736,91.66385372714487,7.146797043577612,7.092012443020643,7.102833295874586,7.037393431322293,1794.6060287919108,1634.2947607651386,1672.8551509660447,1510.7969916185484,496.25268985237994,502.71649793678944,478.7800327481698,478.26640683571986
1,15,179,288,46,113,28,97,35.29608938547486,104.97206703910615,1.2152880379110431,193,0.7355339255913036,15.09668435477122,1,0.6215277777777778,0.8228501958423771,18.733339316217613,18.35755975068582,5.830951894845301,2.534092238810347,2.23606797749979,12.020815280171307,12.691610570345198,49.74828008649622,52.2842712474619,0.927461139896373,1,1,3.7960785552859306,22.78039275109768,0.08627451211214066,0.04117647185921669,0.3732555707536649,0.1725490242242813,0.2235294133424759,0.08627451262013479,0.12726476397261274,0.12352941557765007,0.0470588244497776,0.0470588244497776,0.03752133028945586,0.047900555412486265,0.16470588743686676,35.535031846421305,104.68531589010148,0.0,35.29608938547486,104.97206703910615,0,38.0,105.0,0.0,15,0.004661732999242469,0.004552549427679501,0.004547119140625,0.005478662053056516,155.74045801526717,280.0322580645161,160.2734375,229.156862745098,0.4496859127309354,0.05337601350757116,0.4406470883633051,0.2202851930753587,4.493095183889088,4.8294284451,4.300267594764483,4.668181137135649,0.0005637488869662091,0.0003934664767799097,0.0007277045323647442,0.000501499240436656,7.821553631291928,7.825164052322359,7.8359375,7.554778283147966,-0.5390609507470971,-0.5404133513650291,-0.5343171589316293,-0.5875076669647464,0.9984420755525937,0.9984767883109701,0.998347604427199,0.9990671840267568,0.057685623023462855,0.0958794275298505,0.038114161635906724,0.08971149855412526,70.50381679389312,71.96774193548386,70.4453125,70.45098039215686,5.85927386010138,5.731430915687023,5.837748781480403,5.6842489937413845,410.2652526076572,311.6118626430807,412.79388427734375,358.6397539407917,141.50142765573196,147.91103017689898,143.26683044433594,146.9491541714724
1,16,415,598,149,120,126,94,136.77831325301204,105.73975903614458,1.1200281120720081,432,0.7372055901735252,22.98683125324351,1,0.6939799331103679,0.8928347326479503,28.075056838993845,27.459060435491963,9.433981132056603,3.862974747093662,3.605551275463989,18.384776310850235,18.969431457149298,-37.10796176408689,76.42640687119285,0.9606481481481481,1,1,4.023529555648565,56.80392321199179,0.08235294371843338,0.039215683937072754,1.1326998800183625,0.0784313753247261,0.35686275362968445,0.06286764930700883,0.13687692340238986,0.10980392247438431,0.0470588244497776,0.0470588244497776,0.007269751011061989,0.07512870500477513,0.1725490242242813,135.8015878547366,106.31335864785756,0.0,136.77831325301204,105.73975903614458,0,133.0,105.0,0.0,16,0.0021839221315780267,0.0023666666666666684,0.0021216879949213147,0.002174203608821564,257.6242603550296,435.11333333333334,229.79190751445083,406.423880597015,0.6638425732942498,0.4742496415356772,0.6979900701898527,0.4758971561128506,4.9064018668882845,5.232618735555166,4.896884878578966,5.214344217892112,0.0003282654927082413,0.0002374081075404325,0.0003212983708576585,0.00023411460318249088,8.988738127040175,8.90080659718285,9.056322294140822,8.998811082404075,-0.46213752499304467,-0.48645561699967726,-0.44997142889381053,-0.45947615735821185,0.9977444592817806,0.9983612061602269,0.997393956834691,0.9976654692377412,0.05392572778770126,0.07779130622549646,0.10861577053144474,0.047403837953421776,76.45266272189349,78.06666666666666,75.91907514450865,76.29850746268657,6.436494878294614,6.4652489268945965,6.597891173588726,6.502389011387603,1275.135333146598,1220.0955555555565,1291.9587690868411,1144.5079082200928,383.18989837540744,413.80222222222164,380.43766915032256,387.73294720427725
1,17,332,440,30,127,8,107,19.00602409638554,116.25602409638554,1.0422328638136937,345,0.44977841590341994,20.56004690782767,1,0.7545454545454545,0.959478476183185,21.789974739826754,21.37755832643195,9.433981132056603,3.686772003126258,3.1622776601683795,18.335757415498275,19.461501905906175,-69.77626177284027,65.94112549695427,0.9623188405797102,1,1,3.3490197136998177,50.09804052114487,0.0941176488995552,0.05490196496248245,0.6033025751109251,0.0784313753247261,0.3333333432674408,0.059803923458925316,0.15089771241308694,0.14509804546833038,0.04313725605607033,0.04313725605607033,0.008425508791357544,0.06849971500863741,0.20392157137393951,19.030763228619925,115.65322896329988,0.0,19.00602409638554,116.25602409638554,0,23.0,113.0,0.0,17,0.0023924091695501724,0.0023370421175633793,0.002251399234103438,0.002390088449531737,291.37867647058823,502.32098765432113,353.42322097378275,419.4354838709677,0.48424673054982953,0.16133432135761008,0.37643261032890024,0.2668960586188519,5.003733308807584,5.386250851848241,5.097270255541462,5.159404663634022,0.00028505863779355157,0.00018793688508011528,0.00028186254957871817,0.0002576571327753165,8.814430993800013,8.789010034469978,8.872438768741901,8.7817975704588,-0.5025902189479318,-0.5079707191969388,-0.48964617464809534,-0.5062318998918042,0.998652386023706,0.9987405300752192,0.9984117432601902,0.998699136622809,0.07360458450641516,0.06227739343879173,0.07365520003999293,0.07952316771202082,84.32720588235294,85.01234567901236,84.374531835206,84.59677419354838,6.493343257631942,6.407406078334476,6.400766849800794,6.415625371514435,838.536318663495,695.5842097241275,780.1293888257642,724.8374089490117,282.4787487835206,299.476299344612,283.388152449887,286.0682232049953
1,18,367,676,180,126,154,100,167.3324250681199,113.35967302452316,1.6416641099997384,432,0.8793802064791415,21.616635097022034,1,0.5428994082840237,0.6091380044850705,32.44858299521744,33.24154027718932,7.810249675906654,3.0794064794786444,2.8284271247461903,15.972389970799934,15.449426084536313,42.48255094424204,87.01219330881975,0.8495370370370371,1,1,5.313725654035807,40.458824533969164,0.08627451211214066,0.019607849419116974,0.07394997772012113,0.12156862765550613,0.23137255012989044,0.0708496753871441,0.11024202870291325,0.10588235408067703,0.05098039284348488,0.05098039284348488,0.01625546830109904,0.03711893201622966,0.125490203499794,167.37782301917755,113.41804789278488,0.0,167.3324250681199,113.35967302452316,0,168.0,116.0,0.0,18,0.003580729166666666,0.002928016039904151,0.003274625543276541,0.0034835760998810942,81.28819444444446,128.5874125874126,87.64359861591694,156.4051724137931,0.5486470442831606,0.30149713491215324,0.5215082442334765,0.23407083156522382,4.219948206539568,4.5022977022364294,4.2131770057555595,4.604604644093185,0.0007441968878600821,0.0005674143261555852,0.0007956049642870918,0.0005087362927731536,8.444026911074392,8.618216081539805,8.510865464513703,8.390808245191131,-0.33107629371350666,-0.3045518252591418,-0.3198243537314797,-0.358198468195787,0.9823048353627364,0.9771272644688707,0.9802247956300458,0.9870669948608993,0.13262246345145634,0.09484601875018484,0.1367295485611696,0.10762211371465435,60.05902777777778,59.95804195804196,59.71280276816609,60.91379310344828,5.67904539393925,5.722515188519262,5.759969129166425,5.639541628042107,278.90971016589447,239.5926451171208,278.6891440476047,252.001189060642,90.04947615258482,92.04501442613298,91.58318566588048,102.10159036860887
1,19,549,891,116,132,83,105,98.21493624772313,117.94535519125684,1.3701787872316595,620,0.6882566783421921,26.438769072322643,1,0.6161616161616161,0.7298317630653317,31.53623209221384,33.52610922848042,10.63014581273465,4.119358324916217,3.605551275463989,24.714615657020357,22.878503873305448,-67.797219923059,97.22539674441617,0.885483870967742,1,1,7.0745100155472755,69.9529431257397,0.08235294371843338,0.04313725233078003,1.714800441719025,0.18431372940540314,0.27450981736183167,0.08955075969047184,0.12741883993759506,0.13725490868091583,0.0235294122248888,0.0235294122248888,0.04803095675494983,0.05711881997175694,0.1725490242242813,99.52971182466091,116.84448928788454,0.0,98.21493624772313,117.94535519125684,0,102.0,120.0,0.0,19,0.002428026361429067,0.002378117929824364,0.0020174553747642657,0.0020090702483569144,45.980645161290326,59.083135391923996,99.18101545253862,198.7760180995475,0.8903383568624811,0.862460544902927,0.7519440080015717,0.48957776220894234,3.8360785784058553,4.001398758733746,4.330348761622071,4.728649019503722,0.0009796509872370632,0.0008256958228772731,0.0005684848263845741,0.00039308310050903774,8.95244735660146,8.962351950304285,9.144101477313994,9.143812422493124,-0.39584717144665565,-0.397767629533573,-0.36193853707953044,-0.3554109300931187,0.9939542710137761,0.9941433217426696,0.991169995270441,0.9903464914343135,0.1697706237266694,0.15792074481529556,0.1080624947939319,0.07444929455114882,67.86021505376345,68.01900237529692,69.01766004415012,70.20135746606336,6.455646946220471,6.461394130003635,6.469294636308807,6.3028355671037986,792.6105676956859,800.0613966294477,700.4853393369676,580.0929393337556,209.64780321424473,214.78613300534312,199.9165886973767,194.71723935832551
1,20,653,1064,69,142,31,114,47.50229709035222,127.5635528330781,1.3133039078238806,715,0.7790868730463456,28.834448541840736,1,0.6137218045112782,0.7614383799839451,37.05709896791538,37.94733192202055,11.180339887498949,4.417468727525554,4.0,22.807893370497855,23.23168746422369,-72.18645503166873,103.8111831820431,0.9132867132867133,1,1,5.549019768834114,90.77255138009787,0.0941176488995552,0.04313725233078003,1.2832735041120826,0.11764705926179886,0.3686274588108063,0.0645234856841176,0.1390085013477762,0.13333334028720856,0.0313725508749485,0.0313725508749485,0.017380640839042415,0.057899117691351386,0.18039216101169586,46.21903486864747,127.55817168993889,0.0,47.50229709035222,127.5635528330781,0,39.0,123.0,0.0,20,0.0015734217475716255,0.001596503193006386,0.0014879681291235162,0.0015350022276676314,184.87915936952717,308.34055118110234,219.4325323475046,256.63805970149247,0.5472483883758316,0.2355926037377736,0.4574224124615968,0.3871109837268037,4.6845667493091065,5.007029924381778,4.79643842538891,4.952302905986974,0.00039287888958376834,0.0003189554301546273,0.00037677620158829483,0.00031355270408613486,9.529148846085437,9.463943692618049,9.556503354978595,9.5055617128249,-0.3223827663668906,-0.32606991741046093,-0.31280695110162077,-0.3315774027955502,0.9870808377336258,0.9873973288976906,0.9854389756466295,0.9885021643108154,0.09732410112056117,0.08526601701691239,0.1150418016098621,0.0868638221113584,75.22241681260945,76.77362204724409,76.61552680221811,75.98507462686567,6.436860431249885,6.304057241286063,6.45563834971008,6.446169196667781,631.8121769961454,498.40347743195525,589.419648012682,580.8318667854746,204.17283409141828,201.68600715326443,202.21304509004722,209.36748162174285
1,21,358,784,130,140,102,112,118.12290502793296,125.45530726256983,1.701759355648486,455,0.6010975787655349,21.349935761383176,1,0.45663265306122447,0.5876271499144672,26.315662245543713,29.154759474226502,7.810249675906654,3.0426366561615694,2.8284271247461903,22.120776820068677,21.03083617154638,48.45621509960305,87.49747468305833,0.7868131868131868,1,1,6.968627627938986,47.90980510786176,0.08627451211214066,0.0470588281750679,1.2520668989190542,0.19607843458652496,0.29411765933036804,0.09546065243752036,0.1338262712510105,0.125490203499794,0.0313725508749485,0.0313725508749485,0.04868364932083486,0.05844378347121628,0.18039216101169586,116.89530980949598,125.20897111207735,0.0,118.12290502793296,125.45530726256983,0,116.0,127.0,0.0,21,0.0025336063852131902,0.002362815104127847,0.0025878577713368887,0.002800355166996791,149.40579710144928,212.72586872586874,101.5251798561151,181.71074380165288,0.6443198486716384,0.5325871120820946,0.7747499613160979,0.5765699987354854,4.518829778741892,4.760250479532649,4.318327927777812,4.533432443314883,0.0005461183054143166,0.00041002183204238865,0.0006491956636966286,0.0005188702806087938,8.764250724862759,8.810206839793405,8.761803617633063,8.600600633933052,-0.455909638677137,-0.4594652540289141,-0.4635103120283708,-0.48502436015293937,0.9971692494197272,0.9973866877785728,0.9974666111316172,0.9979688464815533,0.07938801718145054,0.056357563816398476,0.15170867938258237,0.044238693755680646,74.42028985507247,72.4942084942085,71.80575539568345,75.71074380165291,6.385309105979866,6.2830887556960064,6.420850834218532,6.31251335538594,690.7074144087355,697.5009317094255,799.9191035660688,676.5692234136986,210.0283028775466,227.55670010882432,225.3610708555459,214.569991803839
1,22,264,420,126,146,98,131,109.79924242424242,136.85227272727272,1.7194504505830093,309,0.8717161610631033,18.333991376950163,1,0.6285714285714286,0.5815811672042849,27.51362664043029,28.160255680657446,6.0,2.603302406118679,2.23606797749979,14.0,13.481984038978709,86.56193199738054,75.5269119345812,0.8543689320388349,1,1,6.968627655878663,37.09411848150194,0.09019608050584793,0.05098038911819458,1.20443600133339,0.1921568661928177,0.24705882370471954,0.10558526751331308,0.1405080245511437,0.14509804546833038,0.027450980618596077,0.027450980618596077,0.05330112854217219,0.05847855383239914,0.1921568661928177,110.99270533777634,137.01448356330746,0.0,109.79924242424242,136.85227272727272,0,115.0,139.0,0.0,22,0.0032666306111411563,0.003642146301426079,0.004364946124965661,0.003829565734681737,135.46511627906978,201.02923976608187,42.34806629834254,125.07317073170734,0.6721073823155796,0.5284580262943214,0.8997471322450983,0.6549617161817741,4.457958014987485,4.490030017530978,3.646985991902755,4.396631084970923,0.0005295884177257977,0.0005290673706225847,0.00114422893026388,0.0006284333636972044,8.409707093725196,8.17951983943465,7.985817710192003,8.101454443642474,-0.4858979075749296,-0.5256861715791131,-0.5656735904299334,-0.5260151413348152,0.9977337161571497,0.998534335995828,0.9990804487335001,0.9984579518983826,0.08040850948327391,0.033317712269667565,0.1391810844691042,0.08529374781707,76.84186046511627,77.90643274853801,75.93922651933701,78.79268292682927,6.26163310139335,6.084931956820175,6.078096820780459,5.949287834922291,690.8122011898331,651.6169761636056,802.476969567474,599.9082391433667,206.5693293672257,213.16155398242176,211.20625896645424,181.24535246876894
1,23,433,528,152,146,128,124,139.66050808314088,134.93302540415704,1.0207713973547472,441,0.37098178956783034,23.480049464818542,1,0.8200757575757576,0.9796512741162471,24.413712878154644,24.351591323771842,11.0,4.184168663159633,3.605551275463989,21.0,22.671553773874376,-77.56397951240334,74.5269119345812,0.981859410430839,1,1,3.5176471546292305,58.78431511297822,0.07058823853731155,0.0627450980246067,1.0284018820625296,0.07450980693101883,0.27450981736183167,0.05411764853275739,0.13576054298609289,0.13333334028720856,0.027450980618596077,0.027450980618596077,0.011181100929263303,0.06718967407875333,0.19607843458652496,140.6325550364665,134.59726484727142,0.0,139.66050808314088,134.93302540415704,0,143.0,136.0,0.0,23,0.002041740602424846,0.0021677421710280115,0.0018953200174952629,0.001846606188819965,189.0735694822888,305.16616314199393,177.04709141274242,326.24850299401203,0.6582969297842034,0.4574066550597272,0.6801222705355512,0.40679632210237454,4.7168377460558215,5.098046524465901,4.74015204775815,5.0666924866291865,0.0004341741084480495,0.0002820330360620593,0.00040630907558016635,0.00025437722838808776,9.082622416371127,9.037561538207548,9.150219465915377,9.16135500353246,-0.4256384375472479,-0.4296033493702009,-0.41282303428687983,-0.41233849401820716,0.9963109556728366,0.9964330976199133,0.9957076603973221,0.9957022640904379,0.06507333398926349,0.10049117450950223,0.0953496387071972,0.053488637383063364,75.28065395095366,77.63141993957704,75.81163434903047,77.57185628742515,6.578978704450444,6.526430382553208,6.570572051548803,6.485101594547194,917.5806339047758,819.6768375608099,929.9201970518952,773.7059145182684,276.6635508467657,281.21075017570206,276.74182211615926,274.98860437806957
1,24,877,1326,100,156,61,122,80.23603192702394,138.06043329532497,1.1889374755353113,918,0.6405935691315101,33.416030295843605,1,0.6613876319758673,0.8410871223903146,38.493788603864246,38.2099463490856,13.892443989449804,5.3524380039818285,5.0,28.03961810521389,29.558615024825617,64.73475168933652,114.46803743153546,0.9553376906318083,1,1,4.6235295459628105,120.42353264056146,0.07058823853731155,0.05882353335618973,1.6179273688215143,0.0784313753247261,0.3803921639919281,0.04866873206276642,0.13731303607817727,0.12941177189350128,0.0235294122248888,0.0235294122248888,0.015783955943899492,0.07751435041021622,0.1921568661928177,79.24446399166656,139.33890191064285,0.0,80.23603192702394,138.06043329532497,0,78.0,139.0,0.0,24,0.0011388137356919885,0.0011276172948415813,0.0010993767313019376,0.0009548319648362377,147.08645161290323,203.54508748317636,193.3592105263158,359.4074585635358,0.8078373964151309,0.7371016470436971,0.7413179789294593,0.5253530459936968,4.636978484059677,4.835898904444756,4.7779081339188885,5.203650787701834,0.000359118664136215,0.0003303434751073651,0.00031509911613466704,0.00019971608901345867,9.962600182112286,9.997061494750165,10.001148811591424,10.146173718539055,-0.37059835656094603,-0.3670931333807058,-0.3638253293739874,-0.34384817931804174,0.9946052139132052,0.9944012650242056,0.9941305046348087,0.9925719966047729,0.10219575651134499,0.11467806702397815,0.06031675871258145,0.04815553830031125,75.06322580645161,75.77119784656799,76.06184210526317,77.27762430939225,6.971076630268132,6.976958769267949,6.931063187176997,6.858966202847753,1383.767615400624,1344.9247693592406,1301.5974913434884,1155.0127037483608,382.7135167533827,387.11746421060457,373.7391754674518,378.60504057797357
1,25,239,306,170,154,153,136,161.01255230125523,144.1673640167364,1.023969157465842,249,0.5389250984181332,17.44431859350499,1,0.7810457516339869,0.9765919146186376,19.01398279497457,18.601075237738275,8.06225774829855,3.1919151054483508,2.8284271247461903,15.531605494306415,16.016498560347635,-38.39666588804696,55.4558441227157,0.9598393574297188,1,1,2.9568628519773483,27.090196892619133,0.08235294371843338,0.027450978755950928,0.35774730931320226,0.0784313753247261,0.2549019753932953,0.06160130941619476,0.11334810415321812,0.11372549086809158,0.0470588244497776,0.0470588244497776,0.007290952551417726,0.0395951678212396,0.13725490868091583,161.2882165535077,143.93934568994902,0.0,161.01255230125523,144.1673640167364,0,165.0,141.0,0.0,25,0.004236669101533966,0.0045488706934061155,0.004088388411045722,0.004360315994665024,153.4810810810811,246.9056603773585,126.80851063829786,152.57894736842104,0.1931850122491582,-0.17822373865194485,0.34726690444323843,0.16479205309989284,4.493280730197001,4.852289848580231,4.380016856772107,4.42360583688075,0.00059430214221369,0.0003763483568655257,0.0006518121666893219,0.0006538943064867123,8.08395206856595,7.940149228828441,8.103129793268451,8.002533508987339,-0.38327070713974715,-0.4186675061768186,-0.3835875497813684,-0.3907854299840095,0.9891168845438216,0.9925071077815668,0.9892584558322949,0.9896904743951772,0.12192772293519619,0.08510794364698954,0.09646567271979878,0.0978253190529778,62.43243243243243,63.22012578616352,62.26595744680851,62.02923976608187,5.609756264440127,5.388877594601208,5.6208144877980555,5.52277320612159,226.98056975894815,172.20940627348637,261.737777274785,212.78861872028938,95.11541271000715,104.77876666271106,97.1365719782707,91.34189152217778
1,26,560,891,134,167,101,140,119.4625,151.54107142857143,1.5394439847734023,665,0.654907581440478,26.702324712498182,1,0.6285072951739619,0.6495851813323331,32.974624418676385,33.83784863137726,10.295630140987,3.8306560125442988,3.3839144678161843,25.9044991637182,24.91921972683274,63.599036396753654,104.08326112068522,0.8421052631578947,1,1,8.901961071416736,87.26274750195444,0.11372549086809158,0.039215683937072754,0.7513919709289054,0.1882352977991104,0.3529411852359772,0.09891067857129707,0.15582633482491864,0.16078431904315948,0.027450980618596077,0.027450980618596077,0.04884335451515113,0.0648552926965056,0.1882352977991104,118.78285099212337,151.2206543253002,0.0,119.4625,151.54107142857143,0,119.0,147.0,0.0,26,0.0017303756104567656,0.0018020874620161195,0.0017292408750194097,0.001662622192715367,131.31779661016947,182.9264367816092,171.09327548806945,359.2990430622009,0.745018640816496,0.6407995976163224,0.6713504497839274,0.3171119625415333,4.534643128767037,4.752396324725029,4.657839396462212,5.187911040255016,0.0004269559168839719,0.0003604990509643525,0.0004109537976934461,0.0002335838452630247,9.359521432840157,9.29290891826759,9.355297174697093,9.34963347415509,-0.3936885536652428,-0.3956803005783829,-0.40034842390472347,-0.39861828176052755,0.9948995008346802,0.9948794026193469,0.9953624475811372,0.9952299964747785,0.09001274899264895,0.10861359476111687,0.0878411590034715,0.05416279739375658,84.62288135593221,86.32413793103447,84.32104121475055,86.44736842105263,6.616910667855108,6.604789077207511,6.637612806209111,6.450009326123233,898.7010018672781,835.5937851763802,870.0964986989511,692.9936414001513,257.5046996193623,254.63005548949627,260.2974435467554,263.07317111558973
1,27,207,375,115,165,90,150,103.04830917874396,156.71014492753622,1.6420332033973184,243,0.8824556540896783,16.23454913941803,1,0.552,0.6090010834927269,25.097273269331772,25.0,5.0,2.3428077526982043,2.23606797749979,11.917325266578652,11.805646866293014,80.15650180763511,65.35533905932738,0.8518518518518519,1,1,6.1215688325464725,28.74509881809354,0.10588235408067703,0.0313725546002388,0.794293668818764,0.18039216101169586,0.23529411852359772,0.11130125150084495,0.13886521168161128,0.14509804546833038,0.05098039284348488,0.05098039284348488,0.04172701259336439,0.046108378447398526,0.1725490242242813,103.82783081005877,156.8626193799467,0.0,103.04830917874396,156.71014492753622,0,108.0,157.0,0.0,27,0.004127927163303884,0.0045945644909779456,0.004678102027177545,0.005314564780235566,77.08695652173914,311.67910447761193,160.73134328358205,77.44915254237289,0.6931197672701528,-0.11093587520459681,0.3936870676271529,0.6960468262897017,3.959338445428985,4.946421472454843,4.313652120561591,4.046559895744343,0.000933520940215252,0.00030095364649315357,0.0006533633620455597,0.0008732860174413242,8.00945794952975,7.858963164322224,7.821649731486403,7.638957562055373,-0.49308025052527726,-0.5213967176153805,-0.5250988841822424,-0.5522083615375377,0.9973504939925113,0.9980398718562603,0.9980917501133512,0.9985257771829179,0.07180095823090149,0.07347713165518763,0.04169849567630363,0.0927274883817841,74.72670807453417,76.73880597014924,75.38805970149252,73.82203389830508,5.856559642682094,5.585971374145793,5.8131968662094735,5.532664396959391,425.30419351105047,249.43177767877114,369.46134996658657,432.16324332088607,125.59778750819737,140.27772053909553,132.5481733125414,127.4030989658147
1,28,289,440,153,168,133,146,143.2318339100346,155.40138408304497,1.3469687703612971,310,0.8232631745211173,19.182445840623714,1,0.6568181818181819,0.7424077098177786,25.836878635438303,25.80697580112788,6.708203932499369,2.975797360761475,2.8284271247461903,14.032928308912467,14.666559564946876,37.29340791447688,69.94112549695429,0.932258064516129,1,1,5.1960785910487175,37.780393201857805,0.0833333358168602,0.04117647185921669,1.0134585412866342,0.16470588743686676,0.26274511218070984,0.08660130985081196,0.13072800415867752,0.13725490868091583,0.03529411926865578,0.03529411926865578,0.04233533862608158,0.05213810457443428,0.16862745583057404,143.1585011359449,156.41218600189512,0.0,143.2318339100346,155.40138408304497,0,145.0,161.0,0.0,28,0.003119021045918368,0.002927867979771096,0.0030510478442440083,0.003464485211074143,173.75446428571428,219.1085972850679,118.44541484716156,279.0883977900553,0.4937548876020306,0.33280131091985427,0.6465785970810203,0.12938531601888925,4.599914935146858,4.813245298277614,4.324665378834808,4.776363064489821,0.00047483377542193356,0.00040490029471381935,0.0006157645015993918,0.00038030360176972164,8.44793628364543,8.52315244624968,8.474446910311002,8.273218538969097,-0.46738494696512617,-0.4470067253200666,-0.46242682503929666,-0.47668830572658033,0.9971034891031818,0.9962940869735152,0.9969390011166162,0.997175977804396,0.07530328642670708,0.13707121564903418,0.06531088826854758,0.050399170987480965,71.23660714285712,72.42986425339367,70.882096069869,73.05524861878453,6.135345857768731,6.05905833210772,6.170389695220059,5.925955197836453,512.6895527742363,437.6930447779523,551.833260235313,362.0411464851495,171.61100426498706,164.2004105157555,167.56966877061882,160.2823860688011
1,29,660,910,73,182,47,147,59.65,163.5590909090909,1.1051827390582336,680,0.6863316566713507,28.988585676524604,1,0.7252747252747253,0.9048277399375025,34.05147294685365,34.713109915419565,12.529964086141668,4.8765754496781994,4.242640687119285,24.66576574931336,24.765251583972717,13.505469025194918,95.74011537017762,0.9705882352941176,1,1,4.90196094289422,118.14510143175721,0.10196078568696976,0.07058823853731155,0.5519727864523247,0.08235294371843338,0.38823530077934265,0.06127451178617775,0.17900772944205637,0.16862745583057404,0.04313725605607033,0.04313725605607033,0.007552839361231684,0.08855290634253526,0.24705882370471954,59.35632488498515,164.02645466870965,0.0,59.65,163.5590909090909,0,57.0,165.0,0.0,29,0.0012502587857771345,0.0011522360423459317,0.0012163295190184336,0.001156013593433415,303.42985611510795,370.59706959706955,230.01202749140893,507.4631379962193,0.6758508540861671,0.618768829387292,0.7565904085476993,0.47765876500000065,5.044371369633176,5.159177736514832,4.876639831364706,5.449614514996862,0.0002457377982506085,0.00022973741764950532,0.00029743271808315883,0.0001636139807962378,9.766793613156114,9.841356660138743,9.81192233599082,9.831122659738796,-0.43168321094523904,-0.42177292851053544,-0.4243007960626864,-0.42446689599249393,0.9976857260333367,0.9973992310207557,0.9974614000687626,0.9974941579793278,0.06116749408797684,0.05625901078689021,0.0562334563938807,0.054127705438332986,100.26798561151078,100.02564102564102,98.21134020618558,101.26275992438565,6.944130787396778,6.986939600224857,7.011229730421537,6.934344845330369,1568.7321405465573,1573.61472715319,1659.9055071385537,1435.569898621001,468.0404991654177,486.05294918756454,472.4793836574904,485.7582591543055
1,30,349,462,184,177,163,155,172.91977077363896,165.55300859598853,1.0344482336014504,361,0.2988381989731852,21.079862454783044,1,0.7554112554112554,0.9666989294558334,21.605097117752184,21.587033144922902,9.848857801796104,3.776220973648296,3.1622776601683795,19.550838706246008,20.617826144587134,23.22307737352845,67.35533905932738,0.9667590027700831,1,1,3.6627452075481415,52.4941191598773,0.0990196093916893,0.045098043978214264,0.5847622682432043,0.0941176488995552,0.3764705955982208,0.06425868785172179,0.1504129488821699,0.13921569287776947,0.0470588244497776,0.0470588244497776,0.01199756754891516,0.0704238494242147,0.1921568661928177,172.47676676429523,165.9347078991924,0.0,172.91977077363896,165.55300859598853,0,172.0,172.0,0.0,30,0.0022662288204372636,0.002226430915583572,0.002145581691036236,0.002318093051683787,316.55477031802116,432.16730038022814,312.00699300699307,498.51351351351354,0.4938831562653555,0.3432072108525416,0.5017099204674259,0.23058944863560296,5.075045930453756,5.248267977462184,4.972330839614191,5.333541738853977,0.0002583904022992933,0.00020984275712768592,0.0002761134020670533,0.0001987815774911102,8.88397118448977,8.87542089043298,8.936952149707887,8.828565478797895,-0.48453404974953923,-0.49468611494346104,-0.4776917505428104,-0.500471278959128,0.998293257569018,0.9985348714828659,0.9981654571171955,0.9986198544908974,0.05163832103233231,0.0836555014509959,0.05488074827049408,0.06975199832090538,84.13074204946997,84.64638783269962,83.74125874125875,84.7992277992278,6.523280838748811,6.470693006786817,6.422106941112439,6.318163974132008,934.3609983892911,883.8255287773427,940.3036823316534,797.318763882472,312.7289421768287,328.99820728939244,313.07766883466184,323.9580693489959
1,31,447,768,115,182,83,158,96.68680089485458,168.80984340044742,1.396502149844199,499,0.7659324183344414,23.85661494212072,1,0.58203125,0.7160748016833094,30.523116035616738,31.78049716414141,9.433981132056603,3.642806582886705,3.1622776601683795,21.91065775089655,19.623955093001044,-80.5675059998405,88.5685424949238,0.8957915831663327,1,1,6.2901962623000145,70.60784510523081,0.10588235408067703,0.05098039656877518,0.4403363861244924,0.16862745583057404,0.2980392277240753,0.0873638369763891,0.15795938502288773,0.15294118225574493,0.0470588244497776,0.0470588244497776,0.03581211800229338,0.06562827190285354,0.21176470816135406,96.29069702127077,168.61749513745272,0.0,96.68680089485458,168.80984340044742,0,92.0,169.0,0.0,31,0.001763555555555556,0.0018153934276290862,0.0018778739898402195,0.0018251528617728636,187.59733333333332,391.8206686930091,211.39943342776206,258.2052023121387,0.6269929015978742,0.27221063492284686,0.6004507327865987,0.5315798174694043,4.718352619699083,5.163277123049603,4.798901674192305,4.96484776422765,0.00039754817188583397,0.00026555373336252026,0.00039153133846321126,0.00033035399723574697,9.234720718705034,9.178768507758063,9.173767397307596,9.18100138514492,-0.421097932607841,-0.43591389775156314,-0.435061551872183,-0.4381279452476425,0.996365136443995,0.9969963473724465,0.9969491554836829,0.9970984365512006,0.058220012663577354,0.05401821669571748,0.07165656728556236,0.0738759587357449,87.27199999999999,89.35258358662615,87.85835694050992,87.25144508670519,6.512041736852353,6.363508548350304,6.555278236810225,6.546055715687775,818.2673493333332,684.9212775196074,846.7901355439808,844.246023923286,251.46617066666613,269.1854865531543,264.547392242936,275.6128065588571
1,32,409,750,154,184,129,154,140.40097799511003,170.99266503667482,1.8969421585877846,530,0.764578378709647,22.820056393372074,1,0.5453333333333333,0.5271642023837297,31.464864093407805,33.83784863137726,7.615773105863909,3.0061409677512714,2.8284271247461903,22.283440581246225,20.280072821695754,38.33949933793039,98.74011537017762,0.7716981132075472,1,1,8.59607869386673,58.67451160028577,0.10980392247438431,0.027450986206531525,0.5200993357424099,0.1725490242242813,0.30980393290519714,0.10356721317911723,0.14345846357038086,0.1411764770746231,0.0470588244497776,0.0470588244497776,0.0392253070248256,0.05185663838809018,0.16862745583057404,140.78726105026374,171.3409303383355,0.0,140.40097799511003,170.99266503667482,0,142.0,175.0,0.0,32,0.00253261551015534,0.0027105695983379503,0.0024817816775728726,0.0023113854595336073,151.21766561514193,253.11184210526312,129.2469512195122,253.11111111111111,0.5559781446874812,0.2976438040734888,0.6440983763927143,0.3433627819741539,4.570048425697019,4.830994768687237,4.443123353445037,4.962292912375082,0.00040836403735732257,0.0003815356648199446,0.0005411120612730521,0.0002964248971193417,8.78764928242344,8.789905043188561,8.823836608197466,8.83789050444221,-0.4111181790748485,-0.4109778775386619,-0.4116815053419492,-0.4255102428787613,0.994689353020684,0.9946851634957402,0.9948291437635886,0.9957801854649252,0.09055450023431269,0.11673546020852303,0.11532234126814411,0.055822985811941284,78.29022082018928,77.88815789473684,75.72256097560975,79.15555555555557,6.118543342208905,6.099198865425947,6.31408411314196,6.183385913456494,529.9094627272634,467.63880713296385,597.0602227096979,517.8202469135776,170.2817820856019,180.18766230955725,181.5767934823025,192.73283950617338
1,33,221,360,94,191,76,171,83.42533936651584,181.02714932126696,1.167481363341261,234,0.7406254420687961,16.774562271083887,1,0.6138888888888889,0.856544722168464,20.776100768054807,19.4164878389476,6.4031242374328485,2.8364414039903023,2.8284271247461903,12.727922061357855,13.959838485146335,42.211562971082614,56.941125496954285,0.9444444444444444,1,1,3.337254997342825,23.474510569125414,0.0784313753247261,0.027450978755950928,0.09821773666344347,0.125490203499794,0.16470588743686676,0.07100542547537926,0.10621950483767155,0.10980392247438431,0.05098039284348488,0.05098039284348488,0.01916451787461823,0.030150273858659368,0.13333334028720856,83.50985632823017,180.9771132644892,0.0,83.42533936651584,181.02714932126696,0,81.0,180.0,0.0,33,0.006042240587695131,0.004934461210181374,0.005474064625850338,0.005671077504725898,71.35757575757575,93.41975308641975,53.80952380952381,96.23913043478262,0.31773213037722065,0.13703672676919948,0.4974264416328058,0.17532682139072855,4.057730356668381,4.1893193430487665,3.836461506355786,4.2968477544361825,0.0010454314520394466,0.0009018002950881806,0.0011977501474720051,0.0008097725696059646,7.62508728985916,7.804205326891925,7.737592908137741,7.595807880675536,-0.34445455273537995,-0.30489724034880517,-0.33561700672043376,-0.3735912894054425,0.9788364864410488,0.9693517909250774,0.9776838231453647,0.9846246948334636,0.1795079413343519,0.16013550474139493,0.12620460391355162,0.11548786275739112,58.42424242424242,58.50617283950618,57.916666666666664,57.7463768115942,5.161273733582094,5.194687464256365,5.307060135247886,5.158474801719143,137.82001836547306,123.08946806889116,160.32638888888914,137.16031295946232,52.29439853076224,54.12730528882798,53.533978174603135,58.349860848560866
1,34,149,200,153,191,133,181,142.1006711409396,185.46308724832215,1.2503204738201412,160,0.8656897832471989,13.773623058786647,1,0.745,0.7997949493258079,19.56622722471582,19.4164878389476,5.0,2.312557186599866,2.0,9.0,9.794478885951287,-77.37282640289587,48.384776310850235,0.93125,1,1,3.9372550174593925,19.74509856849909,0.0941176488995552,0.03921568766236305,0.35881713871010634,0.1725490242242813,0.23529411852359772,0.09156407017347425,0.13251744005704086,0.12941177189350128,0.0470588244497776,0.0470588244497776,0.0345504449207173,0.04816928058201519,0.1715686321258545,142.1006951227191,185.10427011041347,0.0,142.1006711409396,185.46308724832215,0,144.0,185.0,0.0,34,0.004978461973024503,0.0065778377466689155,0.006219055669605121,0.005771842462652785,154.34453781512605,323.80519480519484,297.5604395604396,349.8085106382979,0.46611685900286737,-0.02789053237092591,0.06384163748253079,-0.044615288945598644,4.29488895347656,4.8117332937168795,4.794998114232017,4.767043310195208,0.0007349351995568447,0.00038102043218668074,0.00039839550074007913,0.00039545291798752965,7.70994381372811,7.253799527707889,7.3896090632518465,7.4694824686989145,-0.5623873203087176,-0.6486066184989556,-0.6210423738665642,-0.6046078533364865,0.9987991601744106,0.9995267516670219,0.9993567358590119,0.9992273216090563,0.12732470232544615,0.056683623807667324,0.047367128415606904,0.05502062840015167,72.07563025210084,73.02597402597402,74.17582417582419,73.4468085106383,5.843065532248518,5.272899202863982,5.517256557919382,5.401358766636062,423.85142292211003,306.23309158374195,338.14491003501826,319.92802172928805,144.54899018431024,157.50957159723384,158.92633739886423,167.43413309189782
2,1,205,286,39,27,26,5,31.41951219512195,16.492682926829268,1.4677927100716792,228,0.834661954886364,16.15593100600236,1,0.7167832167832168,0.6812951128168264,22.554858225902276,21.840329667841555,5.0990195135927845,2.443402968521872,2.23606797749979,11.917807251874516,12.42237193950416,-4.234460946243263,61.49137802864845,0.8991228070175439,1,1,7.517647258937359,34.792157642543316,0.13823530077934265,0.029411762952804565,0.5607121576906725,0.20392157137393951,0.2666666805744171,0.14184240111202565,0.16971784215874788,0.1764705926179886,0.06666667014360428,0.06666667014360428,0.0421660140531337,0.04310433167198892,0.20392157137393951,31.228809742221976,15.965396763308867,0.0,31.41951219512195,16.492682926829268,0,30.0,15.0,0.0,1,0.005224742701113212,0.004400698736898683,0.004187327823691458,0.005258097470103961,53.48550724637681,183.95901639344262,123.38181818181816,98.33333333333334,0.7720862246910073,0.18793537818130693,0.3942078896691423,0.5218819507598547,3.88258224684974,4.556819972853334,4.395911224348337,4.246179066987367,0.000960399867279131,0.0004929813310591899,0.000553857299002513,0.0006547701607924221,7.731571195845895,7.856966845759606,8.03138486572163,7.683594212737281,-0.5197070410387309,-0.49087255453618794,-0.4445990764577856,-0.5073992582069983,0.9978035411970816,0.996981194344627,0.9949178394502124,0.9973034092192669,0.17091500126164644,0.048746194855890476,0.10770549248010924,0.09251968762739683,89.23913043478261,89.97540983606558,91.18787878787877,91.69767441860466,5.9105294384270675,5.677188542424453,5.732963899095294,5.4974722678481776,415.863106490232,269.1059527008865,283.95864095500656,313.0016224986448,117.33715343415156,113.26624227358252,101.83511478420542,102.83373895799514
2,2,298,418,110,38,88,19,98.62080536912751,28.19463087248322,1.1118741541327868,322,0.6726284981885434,19.47884453275087,1,0.7129186602870813,0.8993823593102191,22.765927326990568,22.67156809750927,8.0,3.3052214008528265,3.0,16.127616066858735,16.846338641351437,-68.3787558644578,64.52691193458118,0.9254658385093167,1,1,4.411764867603779,37.90588341653347,0.08235294371843338,0.0156862735748291,1.0509403435133584,0.09019608050584793,0.40392157435417175,0.07739938364217155,0.12720095106219284,0.0941176488995552,0.062745101749897,0.062745101749897,0.0069115198384021356,0.07277231667290311,0.1411764770746231,99.67173598914412,28.199151661736074,0.0,98.62080536912751,28.19463087248322,0,101.0,27.0,0.0,2,0.005054299569701525,0.00385286077858422,0.004152422711058264,0.004565376186997809,317.6157024793389,589.4563106796115,412.80172413793105,622.427927927928,0.5901661852311495,0.2890380949554963,0.4800979759410555,0.24325543113981918,4.776463612014576,5.1726771176115305,5.003986317539054,5.171782746990344,0.0004401635251415634,0.0002845827423517265,0.00033057556867352895,0.00030711234583375953,8.071726927654614,8.196019459138034,8.197300258167076,8.109671413789997,-0.45771719085332735,-0.4581046522532303,-0.4567308457631031,-0.4645417837143678,0.9958394302300284,0.9961565257268056,0.9960859156170728,0.9962959867384062,0.1621561999767609,0.09966340818032896,0.11836875574557382,0.12476903463943267,69.68181818181819,71.98058252427184,70.95689655172413,71.05855855855856,5.881957991564933,5.906632476804829,5.968288518727208,5.944373928757235,1232.3574380165292,1068.7374870393069,1175.1964179548177,1022.5866609853092,387.4932851239673,414.5484494297293,396.9995355231863,411.25364722830955
2,3,488,800,183,43,158,11,167.72131147540983,27.047131147540984,1.5023002733463473,563,0.7488892258356665,24.926710529686012,1,0.61,0.6656458883366357,32.505052533696876,31.575306807693888,8.54400374531753,3.4955142683970224,3.1622776601683795,23.06732790394621,21.54094227325523,20.84136386562124,95.98275605729691,0.866785079928952,1,1,7.498039484024048,90.47059058398008,0.12941177189350128,0.054901957511901855,0.37299174179053696,0.1764705926179886,0.4470588266849518,0.09491189220283605,0.18539055447536903,0.18039216101169586,0.062745101749897,0.062745101749897,0.027272260666932887,0.07419557072332944,0.23529411852359772,168.0935414068542,27.07095797235801,0.0,167.72131147540983,27.047131147540984,0,171.0,30.0,0.0,3,0.001631606549734864,0.0016481181985142945,0.0016162897376376917,0.00167177375594497,376.25190839694665,375.4267015706807,429.60794044665016,789.536723163842,0.43783027485174114,0.47112752451006645,0.36883303153097674,-0.09800668035479977,5.215832758395016,5.246330981049926,5.324190322277729,5.6805565906931905,0.00019153446275589525,0.00019242271749403295,0.00017811969759048786,0.00011381978720742928,9.354952105279011,9.339799410468157,9.375406934202953,9.304456150359368,-0.44740181321087574,-0.45842118005810584,-0.44864806412161895,-0.4649605459294374,0.9977198502279483,0.9980636561521911,0.9977899533945559,0.9982159318969855,0.0692543678361581,0.05037120576346736,0.04910189409933384,0.04920546136431539,102.61323155216287,101.71465968586388,101.83622828784118,103.05084745762713,6.591202793187302,6.698740114572657,6.614043991441329,6.401711665831046,962.3186035519775,1044.298162056959,931.7051887518573,648.5906348750341,334.64262798723166,354.93121590691,340.32828229962524,359.5318395097188
2,4,367,460,65,46,42,26,53.06267029972752,35.403269754768395,1.0533452609537717,381,0.5572376182473623,21.616635097022034,1,0.7978260869565217,0.9493563383904446,23.74401882408315,23.08679276123039,9.486832980505138,3.8295898061681783,3.605551275463989,18.960665845773153,19.715919152783677,78.85186411815192,69.69848480983498,0.963254593175853,1,1,4.925490349531174,62.392158664762974,0.11764705926179886,0.04313725605607033,0.6131861649938642,0.11764705926179886,0.43529412150382996,0.08074574343493728,0.17000588192033508,0.16078431904315948,0.05882352963089943,0.05882352963089943,0.012408751251355762,0.07401343095115658,0.20392157137393951,53.65826523729619,35.25744814017558,0.0,53.06267029972752,35.403269754768395,0,56.0,34.0,0.0,4,0.00204246198898662,0.00211352657004831,0.0021057610017566775,0.0023556324124126863,291.5146579804561,578.304347826087,367.0939597315436,450.8523985239852,0.5844313240200503,0.21113606697117607,0.4821561943575925,0.3811287164216094,5.0521883419586056,5.3987541585345316,5.126646776204277,5.251672403310453,0.00024228099724329902,0.00017415697375358473,0.0002180873390976137,0.0001956474275893825,9.024246148273587,8.941857790111506,8.976669652990717,8.823774318074705,-0.4739489744673436,-0.4948456296603372,-0.4807184560499016,-0.510674336655614,0.9981592565770698,0.9986010445492611,0.9982928668901738,0.9988217434479002,0.07238510271886897,0.049200167845698126,0.05217168317874776,0.05678867787131729,93.0,95.48550724637681,93.59060402684564,94.61623616236163,6.613538610285879,6.483671392176915,6.507930677473479,6.364599564408131,1111.4527687296431,887.8657319890772,1050.684743930453,1006.1626884165507,350.74185667752363,366.54251995379127,354.4446759154989,364.25377173513425
2,5,312,500,194,52,169,32,182.95192307692307,41.62179487179487,1.3724577994618452,355,0.6112695017662025,19.931149940667517,1,0.624,0.7286198529325347,23.14284970131518,24.186773244895647,7.810249675906654,3.2110320710909264,2.8284271247461903,17.66435426967841,18.31577229969897,-61.30347245555435,73.35533905932738,0.8788732394366198,1,1,6.231372758746147,48.52941297739744,0.125490203499794,0.03529411554336548,0.17738969965381643,0.1725490242242813,0.25882354378700256,0.0989106787102563,0.15554299031217128,0.1568627506494522,0.062745101749897,0.062745101749897,0.02654633666846747,0.045056303082170165,0.1921568661928177,183.10771715492865,41.53696969391907,0.0,182.95192307692307,41.62179487179487,0,186.0,40.0,0.0,5,0.0028332883605022142,0.0031909140075716594,0.003046875,0.002975957396820424,129.78087649402386,191.7674418604651,101.28333333333333,161.4424778761062,0.4598112684928941,0.2326913335570047,0.5667022529266598,0.3200623846511437,4.4979534874993945,4.755816629794165,4.3190821324928805,4.611453473915625,0.0005076172842468925,0.0004136401691485261,0.0006566901190564594,0.00045751886325412787,8.597940217254287,8.405055930934498,8.481809137239123,8.491574261059036,-0.3653253591847679,-0.4083047988990697,-0.38363813136100544,-0.37997539162671456,0.9892276087886444,0.9932751267244146,0.991039375587777,0.9906449755971073,0.11070185398529243,0.06630878463254665,0.10914976932982381,0.0814636051681997,83.99601593625496,84.85581395348837,84.74166666666667,85.83185840707964,5.981512668563274,5.7749992342247065,5.923770273897571,5.864263491781548,350.7210996650865,308.0768848025964,366.2165972222201,313.4319053958834,120.125494039778,124.96108166576528,116.87498263888915,118.71859581799663
2,6,134,234,170,51,152,38,161.26119402985074,43.843283582089555,1.3943688263570215,154,0.8535185284817358,13.061933202803933,1,0.5726495726495726,0.7171703648973824,18.44660814206578,18.867962264113206,4.47213595499958,2.099841070232105,2.0,9.486832980505138,9.611835624606677,62.05364466360105,48.45584412271571,0.8701298701298701,1,1,4.870588392019272,19.925490751862526,0.11568627506494522,0.027450978755950928,0.35693034986620387,0.1764705926179886,0.2549019753932953,0.11879483882973833,0.14869769217807854,0.15294118225574493,0.06666667014360428,0.06666667014360428,0.03468028859717109,0.042106090660956615,0.1764705926179886,161.3292658857922,44.193662658354526,0.0,161.26119402985074,43.843283582089555,0,164.0,45.0,0.0,6,0.007313019390581716,0.006557598702001082,0.00657439446366782,0.009809750297265161,135.56842105263158,242.88372093023256,191.1764705882353,297.5,0.3996907450943225,-0.06339394699983847,0.15384389193216033,-0.34019507210919125,4.157716844114786,4.709719301879055,4.593757085435608,4.454085788830666,0.000870070638390961,0.0003973060662180088,0.00048554116185446785,0.0005811547536766432,7.248700081969612,7.312835830258338,7.291743877314173,6.720049960644814,-0.5833429962811562,-0.5795232990882649,-0.5742385256986666,-0.6800603141865856,0.9987216244477196,0.9987181602142631,0.9985926923721563,0.9995082399308547,0.12403217361875893,0.06432198359021771,0.07012179167882047,0.02575047108180141,80.32631578947368,81.65116279069767,81.01176470588234,82.01724137931035,5.400619751282276,5.254241644010572,5.42528810682306,4.840402546702506,316.0935180055403,213.92482422931516,260.6939792387566,146.46521997621767,112.91548476454227,114.20213628988677,112.96761245674816,110.99130499405442
2,7,354,441,134,56,113,35,123.31073446327683,44.42090395480226,1.0481615676319085,368,0.3192168704586522,21.23032733700184,1,0.8027210884353742,0.9540513894811856,21.89709369583881,22.47220505424423,9.848857801796104,3.7901159190235902,3.1622776601683795,20.0,20.75147480658888,61.461343088111946,68.2842712474619,0.9619565217391305,1,1,5.086274646222591,59.60784484446049,0.125490203499794,0.03529411554336548,0.6958020831945243,0.11764705926179886,0.3764705955982208,0.08477124410370986,0.16838374249847596,0.16862745583057404,0.05882352963089943,0.05882352963089943,0.013717862221673137,0.06226296384061498,0.1921568661928177,123.77953947263991,44.93506579914111,0.0,123.31073446327683,44.42090395480226,0,128.0,48.0,0.0,7,0.0026383533879253108,0.002532426538108356,0.0027160756249926194,0.002750406225309701,252.08873720136515,395.33712121212113,304.30584192439864,444.25096525096524,0.4594301457189947,0.13801617416133888,0.3602470468190253,0.09208136579108286,4.798881200181956,5.1399118233088235,4.95995641172455,5.164641285496146,0.0003525680684950665,0.0002525673404739869,0.0003192088878857306,0.00024242784173204867,8.767594685493675,8.740287253770788,8.70841919001569,8.676117820669077,-0.4313929698919659,-0.43399755060594447,-0.4486672379072129,-0.4539589379220313,0.9959684223093838,0.9960565178501776,0.9967487465316887,0.9969318842413847,0.11699320204063468,0.07149524126752066,0.0966981000720149,0.09160002209820056,91.22184300341297,91.66287878787878,91.00687285223367,92.3976833976834,6.175464260051315,6.120295082695679,6.1775347842218995,6.093913225107784,680.5890109378088,521.9355917125813,647.0171348944878,534.363083436443,233.16943703479365,229.31817823117535,237.8307442047203,244.65351217185207
2,8,343,462,49,61,27,40,37.32069970845481,50.84548104956268,1.0525435379793184,358,0.3191263489050971,20.897874625046462,1,0.7424242424242424,0.9500794636199165,21.54553712364385,21.587033144922902,9.848857801796104,3.740320052242949,3.1622776601683795,19.677398201998148,20.41896792618903,69.9799433294266,67.35533905932738,0.9581005586592178,1,1,4.6352942660450935,60.54902106523514,0.12058823555707932,0.05098038911819458,0.4943920342561019,0.125490203499794,0.42352941632270813,0.08132095203587883,0.17652775820768263,0.1764705926179886,0.054901961237192154,0.054901961237192154,0.01431061605433601,0.0698882741354606,0.21960784494876862,37.347992238360455,51.33911917749369,0.0,37.32069970845481,50.84548104956268,0,38.0,54.0,0.0,8,0.0021747448979591837,0.00238800048828125,0.002332885871052665,0.0024221453287197243,284.75714285714287,394.4765625,381.94945848375454,547.0980392156862,0.5095850429606461,0.35402641062949786,0.3404383706222064,0.11355213053677517,5.010493918578364,5.169652598781033,5.226201713428401,5.376185038773965,0.0002439540751912247,0.00023388675984765595,0.00020004448160677578,0.000177269909170076,8.915872704437245,8.794883691389348,8.851974025239343,8.77370770153929,-0.46055820667242786,-0.48658074550180774,-0.4698036558778906,-0.48358101356811267,0.9975865606952012,0.9982490079492636,0.9978180882950594,0.99814158339288,0.0668750796229463,0.08338113069838135,0.06310716553532633,0.05254541149463661,97.37142857142858,97.140625,97.72563176895306,98.23529411764706,6.523045865845864,6.504634963668515,6.420808607672588,6.313033156791977,876.5334693877539,826.863037109375,776.2424116044804,687.2622837370254,290.3226530612246,305.33489990234375,289.54796752205857,308.5900807381772
2,9,334,462,115,73,94,51,104.32335329341318,61.41017964071856,1.0997884216290321,352,0.42554348678974424,20.62188177498708,1,0.7229437229437229,0.909265800888117,21.78375327281712,21.93171219946131,9.219544457292887,3.592298033764652,3.1622776601683795,18.949458230068604,19.712945601728702,-21.22204710018152,67.94112549695427,0.9488636363636364,1,1,4.764706008136272,57.976471953094006,0.11764705926179886,0.0470588281750679,0.7446361471921469,0.11372549086809158,0.45098039507865906,0.08215010358855643,0.17358225135656888,0.16862745583057404,0.054901961237192154,0.054901961237192154,0.013728820367312591,0.0739574077908212,0.21176470816135406,103.6865530346467,61.02421536498812,0.0,104.32335329341318,61.41017964071856,0,102.0,56.0,0.0,9,0.00248524170193807,0.002374010828821325,0.0023586180795847744,0.0025759999999999993,449.8358208955224,539.4979591836735,464.9227941176471,502.54400000000004,0.3401786404264677,0.14468777209813463,0.31628717508626725,0.27641483258134175,5.211023622493955,5.292730084755483,5.2097715741260195,5.199455082223276,0.00020990337326094234,0.0001926701666616316,0.00020976190757830717,0.00024209750297265176,8.770325524388774,8.778454724708027,8.847519229094129,8.69770608462747,-0.49689549332814875,-0.4845175622341561,-0.48264379026785137,-0.5132643320955345,0.9984829194848963,0.998173555351586,0.9982013551405495,0.9987665396404527,0.06256195177969692,0.06339815809901009,0.07304149004385875,0.08400318544515563,95.70149253731341,94.82040816326531,96.1139705882353,96.03200000000001,6.381515580867268,6.421691143710909,6.474606546602646,6.3342958873548,913.6720873245758,722.0248896293215,895.0715695285453,886.4949759999981,340.8769770550239,315.3807122032472,339.9985909115485,347.25974399999996
2,10,476,682,170,72,148,41,157.57563025210084,57.794117647058826,1.3596900494650808,525,0.6865730146419355,24.61832697999475,1,0.6979472140762464,0.7354617329099471,29.894031681582703,31.953090617340916,10.0,3.823872073397315,3.1622776601683795,20.804138596469617,21.734780412503078,18.565089852292957,90.18376618407356,0.9066666666666666,1,1,7.662745337933302,66.58039382845163,0.10980392247438431,0.03529411554336548,0.7362012454800186,0.18039216101169586,0.2705882489681244,0.09699677642953547,0.13987477695052863,0.13333334028720856,0.03529411926865578,0.03529411926865578,0.03709694162216456,0.04563237230672211,0.1764705926179886,157.42213452814778,57.07409588587764,0.0,157.57563025210084,57.794117647058826,0,157.0,60.0,0.0,10,0.0021883031447484137,0.0020266466504034538,0.002600414870786282,0.002313292911583509,116.84334203655352,177.0465753424658,94.91687041564792,130.74074074074076,0.5473150008270163,0.30128010109756204,0.621689096761185,0.4978248645590967,4.4402885821227756,4.667648119264268,4.144776772751362,4.444959460717355,0.0005344098113445899,0.00042117638948993016,0.0008629851591523443,0.0006193114984323779,9.012876063647157,9.084919811248275,8.826771138095436,8.938507767330458,-0.33679054957930316,-0.3226933342503476,-0.3625768167696916,-0.34710420869281966,0.9869203697948363,0.9847188106787054,0.9899193923023646,0.9882202211934936,0.10200259778692823,0.06313057246691595,0.17086126060482554,0.10628910839659209,75.59007832898172,76.32876712328766,73.68459657701712,75.0769230769231,6.095460251269667,5.976931994191689,6.155101859927821,6.0710897566334285,399.38026709569294,329.72752861700246,406.8760708030204,389.9570458031967,129.05590228306187,126.69352598986688,125.44823530466692,130.17444663598508
2,11,676,928,89,76,60,44,73.61686390532545,59.89792899408284,1.0658609263573375,693,0.47280804026714085,29.33785834448333,1,0.728448275862069,0.938208705536826,31.304889275731043,31.78049716414141,13.45362404707371,5.095704965013313,4.47213595499958,26.870057685088806,27.58478696637477,11.70387235282548,95.1543289325507,0.9754689754689755,1,1,6.690196268260479,129.7411800995469,0.13725490868091583,0.05098038911819458,0.6246429121554248,0.125490203499794,0.5058823823928833,0.08468602871215797,0.19192482263246585,0.18431372940540314,0.05882352963089943,0.05882352963089943,0.012810610698249158,0.07847075942142269,0.24313725531101227,73.41316044120771,60.488423419469264,0.0,73.61686390532545,59.89792899408284,0,71.0,65.0,0.0,11,0.0011741973840665861,0.0012576764667291775,0.0011752714862818198,0.0012104703212440025,319.25517241379316,344.4919499105545,254.31133671742805,531.5716878402903,0.572304346656658,0.5589097035882055,0.6635949927537389,0.3181385879318408,5.08977603991802,5.20315763578399,4.977223802163835,5.455272053103224,0.00020082108507060508,0.0001787013265791174,0.0002346407681213048,0.0001486163061768493,9.853556999471575,9.755453444197432,9.849063601020788,9.807307192758119,-0.3912961625984822,-0.4147917703020628,-0.3924756230056341,-0.40446199742050815,0.9958496703815607,0.9969631291282418,0.9959147911712961,0.9965301045579873,0.04611609843968764,0.0718862828126215,0.0674761343588948,0.07233898742202988,104.72068965517241,104.44543828264759,103.75972927241962,105.46642468239563,6.78084453900968,6.831708305036142,6.844256300999177,6.771587557343947,1173.6530202140311,1217.5099926075509,1257.6241650705288,1027.6064044584837,373.22704815695624,390.5004856295268,377.9838754469897,389.7945230746932
2,12,379,520,153,78,133,52,141.56200527704485,64.0131926121372,1.2675818892268602,417,0.7796678169883091,21.967197988242077,1,0.7288461538461538,0.7889036664999473,28.28512307119683,26.248809496813376,8.0,3.4812619560445586,3.0,16.920575709855182,17.71195560000914,8.776684319810114,77.698484809835,0.9088729016786571,1,1,6.082353122532368,61.16862913221121,0.10588235408067703,0.05098039656877518,0.4506674199545154,0.12941177189350128,0.3137255012989044,0.08815004525409229,0.16139479982113775,0.1568627506494522,0.062745101749897,0.062745101749897,0.01629411543539245,0.06302701313973859,0.21176470816135406,141.2147070192599,63.72599051683149,0.0,141.56200527704485,64.0131926121372,0,142.0,66.0,0.0,12,0.0022516307767022426,0.0022967237720614886,0.0021728515625000005,0.0023896733432278985,261.0564784053156,370.44964028776974,116.99375000000003,329.280442804428,0.4932441923356475,0.26390803315714334,0.7584239839595673,0.37568779181112577,4.9164350079827,4.997697082997557,4.431617676483327,5.065309219678014,0.00031401680162994794,0.0002846446333276906,0.0005061007992303002,0.0002683469249363555,8.92126236776085,8.85092029932665,8.978117001110324,8.837629991514422,-0.45200314448596557,-0.4661763324881111,-0.4386976603406166,-0.4675417086053579,0.9972650945737974,0.997693741726484,0.996775282197156,0.9977223224979088,0.06950037679188403,0.02542674523306496,0.14640232567339767,0.06320946896980836,88.65780730897009,91.44244604316546,88.19375,90.7859778597786,6.4079741282677025,6.254923768683826,6.534546389640574,6.425235001697908,769.2483526671913,636.0812199161555,851.5937109375,725.577810759658,257.57620776812587,251.632715050981,242.146865234374,263.7145633910218
2,13,360,484,130,86,108,64,118.39166666666667,74.79722222222222,1.0888322462971582,379,0.28374137112219144,21.409489393833255,1,0.743801652892562,0.9184151217056123,21.89805175153174,21.840329667841555,10.0,3.824782755421679,3.1622776601683795,20.506096654409877,20.9980603714672,73.81000458043435,70.18376618407356,0.9498680738786279,1,1,4.9215687699615955,62.00392309203744,0.11372549086809158,0.05098039656877518,0.5094292580463551,0.10980392247438431,0.37254902720451355,0.08341641982985755,0.172233119700104,0.16862745583057404,0.05882352963089943,0.05882352963089943,0.01331005874140247,0.06878620586549317,0.21960784494876862,118.46360127765357,74.29289734608004,0.0,118.39166666666667,74.79722222222222,0,115.0,73.0,0.0,13,0.0020030588020452885,0.002126200274348422,0.0020477578786616685,0.0022871436270919423,366.5743243243244,505.26296296296294,330.7993197278911,456.40892193308537,0.3643228280868573,0.12023545723391615,0.41769186666325364,0.22574017825447837,5.216535540302585,5.33492687517979,5.031789959904792,5.195566800596073,0.00021630054885967039,0.0001955625571559214,0.0002633963520215342,0.0002233073846370588,9.030399311574898,8.936074856310086,8.995590712183295,8.85486510416818,-0.4659633179121845,-0.4785605491313209,-0.47123141589359435,-0.50037667521625,0.9979255789904624,0.9981889151373274,0.9980458812980563,0.9986418643820457,0.06688381891466844,0.05887794078810412,0.06969211682945348,0.04864500505356003,94.87162162162163,95.41851851851851,94.73129251700679,95.59107806691449,6.45495371702936,6.3159634611125615,6.47418284590411,6.420707441094246,786.7605460189916,643.3692866941019,805.3665717987878,722.5465374994819,288.33371758582825,287.15806241426617,284.0414728816704,294.7388648581418
2,14,421,600,170,96,146,71,157.21140142517814,82.46793349168647,1.1626063118020729,449,0.43799546395731254,23.152404806704283,1,0.7016666666666667,0.8601363934193438,24.59794010093184,25.632011235952593,10.295630140987,3.9713415052421035,3.605551275463989,21.920310216782973,22.112986872151716,-20.41994001989155,78.42640687119285,0.9376391982182628,1,1,5.407843321561813,68.85098223015666,0.10980392247438431,0.05490196496248245,0.7130322215256405,0.1725490242242813,0.3686274588108063,0.08193702002366383,0.163541525487308,0.16078431904315948,0.03921568766236305,0.03921568766236305,0.031328912725943445,0.06752871826613613,0.21960784494876862,157.23386682454245,83.18061171835345,0.0,157.21140142517814,82.46793349168647,0,156.0,92.0,0.0,14,0.001847868514812015,0.001896600858875207,0.0017755102040816328,0.0018934911242603554,297.5850144092219,376.6677115987461,270.90571428571434,366.43999999999994,0.46572722583772685,0.30084670053755896,0.4927721954129757,0.3035409916825884,4.993004085545133,5.196523676157462,4.918700952751119,5.205407535426369,0.00028477822667611924,0.00022962282406271554,0.00027948668664141583,0.00021497680670065056,9.17790042602789,9.111284439776899,9.222583826093315,9.131173869434303,-0.4483350655183058,-0.4555040663813805,-0.4389254252507561,-0.44953412450072244,0.9975102952603141,0.9976800326761678,0.9971994826942038,0.9974882661081348,0.07123650811705086,0.08029626075741306,0.051594977890870045,0.06777988429618842,89.73487031700287,90.04075235109718,89.55142857142857,90.68,6.492001836767059,6.445734295120484,6.54969746299156,6.360560141333345,816.39656504082,700.8290602490133,797.2759265306131,685.8545230769214,278.4953948625109,269.3741929619398,267.04541020408146,263.0736307692314
2,15,639,806,54,93,23,67,37.83255086071988,80.00782472613459,1.0504101163749895,653,0.5065849521155079,28.523675588636344,1,0.792803970223325,0.9520091099760568,30.789301754561752,30.4138126514911,13.0,4.963370806838789,4.242640687119285,25.0,26.54622969013628,-86.766472384983,91.84062043356595,0.9785604900459418,1,1,6.800000172108412,130.38823870196939,0.13725490868091583,0.05098038911819458,0.8373404699409204,0.12156862765550613,0.5568627715110779,0.0860759515456761,0.20405045180276898,0.18039216101169586,0.05882352963089943,0.05882352963089943,0.01452513983483672,0.1009877076999174,0.24313725531101227,37.30346778218933,80.65683178203885,0.0,37.83255086071988,80.00782472613459,0,34.0,83.0,0.0,15,0.0012248944303049354,0.0012938675560362962,0.0012864120006977143,0.0012362591466470638,353.2281639928699,619.9186046511629,361.007326007326,647.1811175337186,0.7319476974823271,0.5497267966353077,0.7287111566845683,0.5264885921418522,5.1763417092848005,5.550178580702713,5.1695624266843305,5.625666789405304,0.00018607120721740944,0.00013310891946858485,0.0001933652129610015,0.00011930220463375961,9.794854019386035,9.736945617801197,9.745864049355927,9.765652409437898,-0.4499256953250247,-0.4710749891085902,-0.4600142520009627,-0.46358642284558327,0.9983021980337358,0.9987599466716076,0.9985187145658431,0.9986200291619658,0.05385000845908354,0.06760837024902466,0.07398306158977386,0.05238935334196472,110.62210338680926,113.2093023255814,111.54212454212454,113.1233140655106,7.0531988257179385,6.9199827612879865,6.980154949492215,6.98605211561865,2282.2885666987586,2133.6034793582094,2300.416723691449,2086.3585894023254,658.8791826729084,688.3805210023443,665.3560124246928,683.3849267340124
2,16,915,1440,196,105,164,60,178.10054644808744,83.47650273224043,1.6633789362029412,1072,0.8498951536430548,34.13230410377644,1,0.6354166666666666,0.601185922362789,49.35879516320341,47.41307836451879,11.313708498984761,4.429490149253578,4.123105625617661,28.134132504214623,26.009707282060365,15.117633512726583,138.29646455628165,0.8535447761194029,1,1,10.592157188802958,151.63529834151268,0.11764705926179886,0.03921569138765335,1.4620240276697467,0.1764705926179886,0.42352941632270813,0.08976404397290642,0.16572163753170785,0.1568627506494522,0.03529411926865578,0.03529411926865578,0.02885270861618984,0.06994668137779665,0.20000000298023224,178.57578813705976,84.85913051821409,0.0,178.10054644808744,83.47650273224043,0,183.0,93.0,0.0,16,0.0011891847468770561,0.0010772521545043099,0.001137216263758985,0.0011226851851851862,209.38846153846154,280.80446194225726,195.7459324155194,363.1763888888888,0.6665832771137936,0.5575320935648223,0.6836374127265978,0.43675418639284813,4.855599540701045,5.046389504820832,4.831151110544758,5.252671446399591,0.00030011563830913384,0.0002454249126624303,0.00029425740408484086,0.00020260003782364398,9.933407373322375,10.027587148066448,9.990186768691654,9.96181549208487,-0.3322657873973572,-0.31932888852703145,-0.31875566881167944,-0.3341983287945242,0.9904043001893077,0.9888694971760825,0.9886168381071694,0.9907733958884561,0.08941308430881745,0.07053419443775108,0.08833801569434338,0.06826300182418907,89.58076923076923,90.09055118110234,89.40300375469337,91.25694444444444,6.747165748561764,6.735752722515251,6.761231454391623,6.655099915820159,1046.6280917159738,988.4603044206124,1041.7324565594336,926.407590663579,314.00413831360925,317.3161915907176,309.3695972437388,322.395994888117
2,17,389,598,121,111,98,85,108.73521850899743,96.70437017994858,1.1405695109290195,409,0.6231694518802319,22.255115881567058,1,0.6505016722408027,0.8767549811019212,25.370400696472615,25.96150997149434,9.219544457292887,3.7432109587004088,3.605551275463989,19.091883092036785,19.841856655276185,-36.14190964771363,74.66904755831214,0.9511002444987775,1,1,5.694117836654186,71.30196245014668,0.125490203499794,0.04313725233078003,0.9906250564278276,0.19607843458652496,0.48627451062202454,0.09334619404351124,0.18329553329086548,0.18039216101169586,0.05882352963089943,0.05882352963089943,0.03532496074756312,0.08190377252705604,0.2186274528503418,108.27461224734222,97.58139918411358,0.0,108.73521850899743,96.70437017994858,0,104.0,99.0,0.0,17,0.0020873949922934816,0.002127941743827159,0.0020458984375000006,0.002153306786703602,464.7252396166134,677.9583333333333,417.940625,606.4769736842104,0.4632032978840437,0.27326172568795615,0.5111295170795734,0.2868037119098397,5.210521485223141,5.496051136727209,5.186960930809279,5.345841013884221,0.00021323055252171603,0.00016150154320987664,0.0002010000000000001,0.00018444182825484752,9.018390891633402,8.958119445886759,9.034367001110322,8.959195811105372,-0.49621476488919575,-0.5152988529320572,-0.49226223495297383,-0.49128522885007203,0.9986984794471767,0.9990031212424829,0.9986283395270823,0.9985369181181324,0.06545586566160587,0.06394621063289718,0.06855533814080814,0.058418117701407556,101.20447284345047,101.47916666666667,100.94062500000001,100.32565789473682,6.623490255075317,6.5395618418550026,6.49564075474521,6.476236460401738,1266.7505231246614,1187.798177083334,1291.8808496093734,1094.2524995671774,432.86894068531865,466.43912760416515,427.45536865234317,425.18236831284685
2,18,167,289,54,115,37,98,44.91616766467066,105.96407185628742,1.4041764616900752,188,0.8622728714984667,14.581872443920643,1,0.5778546712802768,0.7121612042950742,20.808657751745923,20.615528128088304,5.385164807134504,2.3001439612377115,2.0,10.606601717798213,10.538419248912668,47.34748909290561,54.2842712474619,0.8882978723404256,1,1,7.211764939129353,35.05098133534193,0.13137255609035492,0.0725490152835846,0.8631072367070964,0.2980392277240753,0.4156862795352936,0.15677749867672505,0.2098861157804906,0.2137254923582077,0.062745101749897,0.062745101749897,0.08439592302611075,0.09229462266169497,0.27843138575553894,44.15506823706544,106.37111210411946,0.0,44.91616766467066,105.96407185628742,0,43.0,106.0,0.0,18,0.004748338081671416,0.004409722222222223,0.004644768133174792,0.0062499999999999995,533.3931623931625,468.4666666666667,547.4568965517242,1411.5874999999999,0.5071039098683506,0.571888491685488,0.4783668701944955,-0.1694191562713847,5.228592904288603,5.206297888280895,5.236839887492636,5.2796271200716856,0.0001918898116304226,0.0002047122019390339,0.00018908494466853936,0.00019010939820071615,7.759253608472294,7.848557262275185,7.780394788231021,7.321928094887363,-0.6971642822765393,-0.6843749981204129,-0.6921966971912514,-0.7653930495543013,0.9998762490765158,0.9998578401517243,0.999867526266368,0.9999429486694384,0.028275635882654172,0.03833108003431326,0.026772052862588068,0.02210398783690171,116.26495726495727,113.58333333333333,116.07758620689656,118.6375,6.199173907506646,6.139898095464287,6.174496404479777,5.8436198135562325,1630.9297976477446,1720.0597222222223,1551.554325208086,1002.581093750001,541.0807400102276,547.1315972222214,524.7528054399531,603.5421484375001
2,19,367,529,131,121,108,98,120.59945504087193,109.77111716621253,1.1745076723066832,388,0.4455475987704438,21.616635097022034,1,0.6937618147448015,0.8514205769605936,23.368347306250914,23.40939982143925,9.0,3.5787042620490803,3.1622776601683795,20.506096654409877,20.920705754420602,-60.3215449477297,73.59797974644667,0.9458762886597938,1,1,6.047059006989002,53.20784457027912,0.11372549086809158,0.0313725471496582,0.6575312705329306,0.18431372940540314,0.26274511218070984,0.0975332097901452,0.1449805029162919,0.1411764770746231,0.062745101749897,0.062745101749897,0.030027160632589204,0.04346419170919188,0.1764705926179886,120.42047465912951,109.13841392244024,0.0,120.59945504087193,109.77111716621253,0,116.0,106.0,0.0,19,0.0026845337300477634,0.0029586210737357977,0.002784879474068664,0.0026247933884297535,134.11705685618728,176.92910447761193,103.57770270270268,186.19636363636363,0.39074131704551124,0.1796506327827775,0.5409863080089622,0.17970090782772058,4.504390905434595,4.675358197931968,4.277862275159139,4.653158322137767,0.000524780189286721,0.0004557227933564629,0.0006625719402185312,0.0004221424690440102,8.736816756136571,8.587416755699767,8.67851243489898,8.699580353835103,-0.3495564675248346,-0.37150940708593705,-0.36079274817872137,-0.36179116898569635,0.987571336766126,0.9900108357047619,0.9889788238266207,0.9892222489700535,0.09270526849453545,0.1173779626972859,0.0852539273776446,0.07107178173984231,77.0334448160535,76.48880597014924,77.29391891891893,78.82181818181817,5.931126215152841,5.829329574563542,5.9384009018332025,5.760584624408109,306.1460386349163,254.42151648474191,347.7278008582889,267.7755239669432,110.06577387277594,107.83765524058867,112.82637589024876,113.49297190082598
2,20,268,702,55,127,29,100,42.11940298507463,114.13432835820896,2.303785881272998,383,0.9215019393090685,18.47236308621676,1,0.3817663817663818,0.4340681172364127,34.716990753140344,29.732137494637012,6.082762530298219,2.3141655389114315,2.0,16.086305690531645,13.483168162860885,40.778618482692394,88.08326112068524,0.6997389033942559,1,1,12.882353357970715,59.87451160699129,0.16078431904315948,0.06666666269302368,0.7895478560913123,0.2980392277240753,0.42352941632270813,0.17408585618879344,0.22341235674250481,0.23137255012989044,0.062745101749897,0.062745101749897,0.08215794129401101,0.0853213670448993,0.29019609093666077,41.42710242278776,113.75471572865658,0.0,42.11940298507463,114.13432835820896,0,42.0,114.0,0.0,20,0.0031801487055451052,0.003042976186760712,0.002991689750692519,0.003793890101170403,397.7540983606558,573.022346368715,344.75263157894744,444.22535211267603,0.5427206407931758,0.2935154829264043,0.6009588156576862,0.5216187893452319,5.133694192214857,5.3080268116365685,5.066482458282501,5.221325229706469,0.00020649296260497654,0.0001743883400424264,0.00023350208123447654,0.0002015624058463383,8.351765412054533,8.394430302403922,8.433013503067793,8.072282330772289,-0.6252023042127566,-0.5986310430267522,-0.607148014386278,-0.6736612835389162,0.9997487622299059,0.9996159553552925,0.9996792775345971,0.9998626628189824,0.06794577680582677,0.02895045958995753,0.057898976012299784,0.05000914419924385,120.89071038251367,128.731843575419,122.3842105263158,112.71830985915494,6.332406977730351,6.360727405884376,6.462740003615252,6.15912535541737,1341.900624085516,1049.1571424112844,1383.1523822714662,1412.976988692717,434.91368061154435,405.5448721950006,431.9762534626043,464.30058520134844
2,21,255,456,43,128,24,104,31.83921568627451,117.18039215686275,1.3654834509056406,275,0.8315202381661464,18.01877032173579,1,0.5592105263157895,0.7323413545120315,24.779888774872397,26.076809620810597,6.708203932499369,2.8333337167396246,2.8284271247461903,13.787175450270869,13.765090898827113,28.114692136897276,66.14823227814082,0.9272727272727272,1,1,7.662745360285044,51.72941342368722,0.13333334028720856,0.0627451092004776,0.6516681452149276,0.29411765933036804,0.34117648005485535,0.13683473857651865,0.2028604447987734,0.21568627655506134,0.05882352963089943,0.05882352963089943,0.08045252726757285,0.07855443562318697,0.2705882489681244,32.432491848159174,116.91077248542302,0.0,31.83921568627451,117.18039215686275,0,34.0,113.0,0.0,21,0.003049485489651982,0.003133138020833333,0.0028374999999999997,0.0036182623569141707,370.0537634408603,519.1666666666666,230.19500000000002,462.3443708609272,0.45866188844182115,0.2656432068190278,0.6789583688206574,0.3481002427421935,5.081357270688168,5.221042725700724,4.845189531271537,5.149852753725989,0.000263057091585613,0.00021118500344352614,0.00035382231404958696,0.0002321956210417044,8.404750208957493,8.392254167387824,8.515081752263907,8.145689507536996,-0.5542728057481734,-0.5532377732682274,-0.5370414217994033,-0.5875397652770922,0.9992050975784531,0.9991839928895023,0.9990358983291793,0.9994298275929011,0.05971258241111918,0.05131052812582875,0.0856445789260259,0.02969291854238767,110.8172043010753,112.04166666666666,110.565,112.10596026490066,6.230709806244397,6.176675704297771,6.4755461449742775,6.230861921527611,997.1278760550304,894.7690972222244,1203.855775,956.1079777202776,341.79540987397286,353.4839409722222,358.51269374999947,354.61308714530196
2,22,375,506,101,150,78,128,88.57866666666666,138.81333333333333,1.0982806299122672,397,0.6215841089579196,21.850968611841584,1,0.741106719367589,0.910514100644643,24.839332409770478,24.20743687382041,9.0,3.724420086748351,3.1622776601683795,19.43335206323894,19.457827196650303,-57.33762298345264,71.94112549695427,0.9445843828715366,1,1,5.294117793440819,60.321570351719856,0.11372549086809158,0.0313725546002388,0.6410426070245177,0.11372549086809158,0.40784314274787903,0.0853889966684003,0.1608575209379196,0.1411764770746231,0.062745101749897,0.062745101749897,0.011625132908006597,0.07300408434652383,0.18039216101169586,89.18417629805333,139.02379404301277,0.0,88.57866666666666,138.81333333333333,0,91.0,140.0,0.0,22,0.0023204994797086376,0.002267125992293134,0.0022267076765346656,0.0022123360339506163,268.28387096774196,562.4686346863468,381.65359477124184,490.3402777777778,0.6326889467725169,0.26413770008613696,0.4711738412761347,0.3502436707013401,4.857352610638907,5.304620123382279,5.043804351832923,5.2996055662204355,0.0003463417972114272,0.00022377041301853653,0.00028074555893526623,0.00018303308977912164,8.897788235870548,8.867150286717376,8.94734110092492,8.908589367739223,-0.44808737861165654,-0.45805305382831646,-0.438541232668624,-0.45320488003595816,0.9970614394877811,0.9974201761256657,0.9967113774428683,0.997293655129171,0.12090501804042242,0.03928319198701769,0.06639433245207359,0.06184896694835149,87.57419354838709,89.50184501845018,88.41176470588236,89.3125,6.38956252517765,6.307854602518057,6.395433133367099,6.300525733770819,1192.5154630593133,966.2647567435097,1061.7454825067261,1018.96484375,365.1998335067635,382.1833478574649,360.8497693194922,377.326280381943
2,23,324,437,69,156,50,133,59.31481481481482,143.34259259259258,1.0870258080600075,338,0.5338853463820267,20.310825007719227,1,0.7414187643020596,0.9199413597959365,22.232065872503465,23.08679276123039,9.219544457292887,3.5570840878167944,3.08113883008419,18.0,18.798476249892133,17.49726693646324,66.5269119345812,0.9585798816568047,1,1,4.7490197494626045,58.549021035432816,0.10980392247438431,0.05490196496248245,0.04326291156512593,0.10196078568696976,0.501960813999176,0.08331613595548429,0.18070685504763215,0.16470588743686676,0.06666667014360428,0.06666667014360428,0.009415223598179258,0.09262921737128568,0.21960784494876862,59.34929671502239,143.3687207015017,0.0,59.31481481481482,143.34259259259258,0,61.0,145.0,0.0,23,0.002237600922722031,0.0023393210846253685,0.0021672347767537773,0.0023485420619278295,507.7921568627451,838.5661157024794,517.8651685393259,928.2317596566525,0.561528978753145,0.30787960099557293,0.5415313605047917,0.23913246851761144,5.367196484713428,5.659139665775513,5.347924388732517,5.689869640103998,0.00015485162028416495,0.00011674970096664525,0.00016184499941044166,0.00011511105134289062,8.868863240780431,8.786631832315921,8.908055903589567,8.769765543795913,-0.539988791278085,-0.5579134401136246,-0.5302119453530217,-0.5608919331668629,0.9992920489277798,0.9994422502806083,0.9991910181567488,0.9994626739135346,0.07130277986336181,0.04068201059044419,0.04458151301627662,0.0215991060728037,101.96470588235294,102.65702479338843,100.71910112359551,104.18884120171674,6.622029186280098,6.55766234916739,6.679058095208278,6.585641767325453,1808.4026758938853,1584.613772966326,1741.2431931995106,1511.698244579935,579.0487081891579,605.7949721672016,564.7770904347085,609.9825010591467
2,24,276,374,46,163,29,141,36.92028985507246,151.88768115942028,1.0768221341077997,284,0.7632987667437374,18.746042631630413,1,0.7379679144385026,0.9286584741578974,23.3720842658925,22.847319317591726,7.810249675906654,3.234058570120902,2.8284271247461903,14.849242404917497,15.099433566834373,26.556792830923367,61.11269837220809,0.971830985915493,1,1,4.1960785537958145,59.40000177919865,0.125490203499794,0.09019608795642853,0.6128239345466875,0.125490203499794,0.3843137323856354,0.0806938183422272,0.21521739775071974,0.21176470816135406,0.054901961237192154,0.054901961237192154,0.01641133769235774,0.09656206458707485,0.30588236451148987,37.18465702674755,152.44054929315,0.0,36.92028985507246,151.88768115942028,0,39.0,155.0,0.0,24,0.0026984126984127004,0.0026417233560090724,0.0024888888888888877,0.0029150514331064384,707.452380952381,676.5428571428572,517.1066666666667,1102.1546961325967,0.3629821159188927,0.4164690859777095,0.5239685043235989,0.05852485838510214,5.54161316164609,5.486593910036579,5.259012562056268,5.828664366485972,0.00016229081164146087,0.0001577098546795516,0.0002265891235588205,0.00010053861408900151,8.58091218433279,8.604721708142314,8.693781191217042,8.444597268298676,-0.5986164420133298,-0.5970982240812516,-0.5848680703353036,-0.6181293558809179,0.9996724421696418,0.9996703919783411,0.9996214506981057,0.9997381609359826,0.043417736339229594,0.037718523829630646,0.07175348110951504,0.02684865938655168,122.45238095238096,120.35238095238097,120.60000000000001,123.32596685082872,6.505070891634791,6.5773574674993895,6.676040733293258,6.531903259937463,1513.6858276643998,1642.2472562358253,1655.4666666666617,1239.1810384298424,555.2845521541954,579.6975283446714,543.143333333333,585.3339336406093
2,25,317,420,180,175,159,155,169.20504731861197,164.90851735015772,1.0452318546737238,329,0.1572317845307639,20.090219901261573,1,0.7547619047619047,0.9567255298702667,20.276570691565272,20.396078054371138,9.486832980505138,3.6121345849563777,3.1622776601683795,19.0,20.024365183125525,38.299052832491576,64.52691193458118,0.9635258358662614,1,1,4.615686409175396,63.5294134169817,0.12156862765550613,0.062745101749897,0.6892939377524987,0.13333334028720856,0.5529412031173706,0.08392157107591629,0.2004082442176079,0.18431372940540314,0.05882352963089943,0.05882352963089943,0.01649603294048362,0.10335524301560184,0.24607843160629272,169.38277777203965,164.24253084988408,0.0,169.20504731861197,164.90851735015772,0,171.0,161.0,0.0,25,0.002263471059365016,0.002378121284185493,0.0022087544175088346,0.0023669619996684395,739.5953307392996,1566.948275862069,867.9685039370079,888.4463519313305,0.46868391930861836,-0.04656376916423024,0.37090497099592357,0.36761544764333337,5.556090218933795,5.909895705098458,5.568344106846919,5.516817229023877,0.00014371172119366548,9.90392456057711e-05,0.0001353154858660441,0.00013525463210734592,8.842200424680263,8.754532719265502,8.871539460385698,8.761181852808788,-0.5815250126611203,-0.6024752827947425,-0.5729363260530874,-0.5940365206227383,0.9996448441727682,0.9997364330867825,0.9995969387661903,0.9996953676053207,0.05362639885289528,0.06785582550271509,0.04533403726402556,0.04120658627022425,111.9455252918288,113.76724137931035,112.21259842519684,112.49785407725321,6.691802798835395,6.562481590172096,6.69039318856875,6.61787256133544,2044.417265969203,1427.5147889417349,1891.4508649017316,1921.3830426053191,696.0031491771251,748.6157662009505,689.8548422096851,702.4573486341615
2,26,364,483,75,197,52,176,63.59340659340659,185.6456043956044,1.0339062256973894,374,0.37230452045633466,21.528102431092233,1,0.7536231884057971,0.9672057050681565,22.369023013148862,22.360679774997898,10.0,3.8757373837666083,3.605551275463989,19.79898987322333,20.76092807169203,-67.57240917755679,68.76955262170047,0.9732620320855615,1,1,4.980392284691334,63.69804084300995,0.13333334028720856,0.04313725233078003,0.45151767603289905,0.11372549086809158,0.3333333432674408,0.08586883249467817,0.17499461770057678,0.1725490242242813,0.054901961237192154,0.054901961237192154,0.014282888849994598,0.060489739949925146,0.21960784494876862,63.927722712154356,185.94908576985262,0.0,63.59340659340659,185.6456043956044,0,66.0,192.0,0.0,26,0.0020695135815277967,0.0023383434256055357,0.0021823169971318113,0.0022546885792855366,255.61461794019934,272.0110294117647,215.38720538720537,306.28158844765346,0.4045103259190066,0.3616085925172329,0.49435675105990556,0.3088958934429477,4.945899942424468,4.857612231920787,4.792582590235931,5.024370631532405,0.00031540028692121283,0.00036772893231354814,0.0003589933149636908,0.0002765399222302769,9.000182259794615,8.838292115107635,8.937333725156021,8.882624656992675,-0.43409452503938656,-0.4640310312549914,-0.4433396236651454,-0.4574042456600058,0.9965913395096553,0.99759982315473,0.9969185101991712,0.9974188895619113,0.07873258180061483,0.081798736786588,0.08106798828467007,0.06910467384938096,95.51495016611295,94.98897058823529,95.49494949494948,96.63537906137182,6.2981094036719805,6.2237026914360305,6.398197125099196,6.267321038919389,602.8876502466883,580.1653195285471,636.5462707886963,580.0728277444032,214.6255670467208,213.04408723507686,212.98336904397593,221.58860404801317
2,27,114,180,164,197,149,185,155.05263157894737,190.140350877193,1.1521889559274026,120,0.8016846617304135,12.047792665040703,1,0.6333333333333333,0.8679131967508708,15.875821620248509,15.652475842498529,5.0,2.1459785218310556,2.0,9.152553237716281,9.48972776235577,-61.42109353046,40.62741699796952,0.95,1,1,4.3607844188809395,22.125490821897984,0.12352941557765007,0.06666666269302368,0.365748534604123,0.2666666805744171,0.4000000059604645,0.1282583652612041,0.19408325282366654,0.1764705926179886,0.06666667014360428,0.06666667014360428,0.061253386788210386,0.08820776574109704,0.26274511218070984,155.22952853567475,190.460475005096,0.0,155.05263157894737,190.140350877193,0,155.0,191.0,0.0,27,0.006656804733727808,0.010188389081122646,0.0077365602063082725,0.007233796296296296,743.6282051282051,1063.607843137255,709.5774647887324,1234.0277777777778,0.2870395810455312,0.04819764585423658,0.33642348625051444,-0.1085775957528437,5.1470177634844125,4.946551812390046,4.952652493311852,5.384795487373134,0.0002025558664696697,0.0002528809786211203,0.00026589394619880964,0.00016044495181705736,7.24694068040071,6.6332096556969855,7.051155570208909,7.128258334775645,-0.7426417421489145,-0.8175347923857735,-0.7680108203560457,-0.7568271669376181,0.9999042447756434,0.9999480526886656,0.999923968386202,0.9999149510269254,0.03233808978584177,0.0257535120075627,0.03842734593094643,0.04816553110240224,111.55128205128204,108.35294117647058,108.78873239436619,109.58333333333334,5.794829622625191,5.304682449772211,5.695315253216085,5.610693577741056,1342.401216305063,1171.3264129181098,1429.068042055149,992.2986111111077,521.5073553583161,558.7335640138413,534.6613767109702,556.5815972222222
3,1,210,272,64,17,47,1,55.15714285714286,8.347619047619048,1.0262959898489348,219,0.5101559339145861,16.351767622932517,1,0.7720588235294118,0.9743777719984997,17.66252874165985,17.204650534085253,7.211102550927978,2.986760356654481,2.8284271247461903,14.310835055998654,15.191221775736434,-57.55433851113109,52.04163056034261,0.958904109589041,1,1,2.5764706544578075,28.211765345185995,0.0784313753247261,0.05490196496248245,0.025679516108846282,0.0784313753247261,0.24705882370471954,0.057254903432395726,0.13434173973898092,0.13333334028720856,0.04313725605607033,0.04313725605607033,0.009690852188074564,0.05914020886704967,0.19019608199596405,55.16916875353444,8.370308590663441,0.0,55.15714285714286,8.347619047619048,0,56.0,7.0,0.0,1,0.003677030940405426,0.004000865051903113,0.00355998576005696,0.0038049940546967887,267.0925925925926,458.7132352941177,282.62264150943395,351.0827586206897,0.360798377150842,-0.021307452802497736,0.3310059087440274,0.1831855521680461,4.8578339446718575,5.180561310365247,4.852596116181393,5.002708856759098,0.00041434321892623073,0.00023231374351211076,0.0003510444942595229,0.0003199200170927467,8.156177857809542,7.999227547132692,8.180807483586243,8.076460814152867,-0.5241917222644615,-0.5505014518291732,-0.5188595957355738,-0.5429695383403841,0.9984759189248957,0.998850681202983,0.9983778250552563,0.9987837759348616,0.1060580816788825,0.040290916013677194,0.04686204704301471,0.03291714558810313,76.3641975308642,77.52205882352942,76.67295597484276,77.09655172413792,6.048506697246481,5.8438401651686585,6.02044766016669,5.892719717936069,568.6142737387581,439.5730428200677,562.29555792888,508.5561950059455,208.92671658283825,224.57156952854666,211.2295498595788,214.90973840665902
3,2,522,676,110,31,84,5,96.43103448275862,17.337164750957854,1.0505177877723648,537,0.37013333518611063,25.780439141949365,1,0.772189349112426,0.9519115350921489,26.76736606696523,26.627053911388696,12.041594578792296,4.535120079595627,4.0,24.009801919951236,24.866311334027387,-46.17542144772194,83.01219330881975,0.9720670391061452,1,1,3.9764706902205944,86.29019841179252,0.09019608050584793,0.05882353335618973,0.43729145204576164,0.0784313753247261,0.5490196347236633,0.05600662943972668,0.16530689350918107,0.14509804546833038,0.03921568766236305,0.03921568766236305,0.009004902186977078,0.09743934219987069,0.2137254923582077,96.01254317607626,17.464006543217288,0.0,96.43103448275862,17.337164750957854,0,96.0,19.0,0.0,2,0.0014558477396315246,0.0014387495194156095,0.0015826637448259078,0.0014520757494723658,399.4774774774775,613.220588235294,322.509009009009,648.6163069544364,0.6727039249998108,0.5225755541686692,0.7388160596500801,0.48610022358331106,5.177192607265605,5.495743878998049,5.062910337688738,5.520246151434068,0.00018685564303613325,0.00013418036567867158,0.00019232402113245845,0.00012658864921333255,9.512840303267549,9.504509226764807,9.468899368573119,9.498844160964264,-0.48485259958940674,-0.4959414096829596,-0.49409504652595154,-0.49422009733910066,0.9988647079747738,0.9990514914303547,0.9989984775916959,0.9990200316129093,0.036318322498902614,0.041911246047798736,0.09376472347316264,0.025438831847679987,92.3963963963964,94.58823529411765,92.04054054054055,94.38129496402877,6.96960788756194,6.912910863860159,6.95537185794306,6.912664336553087,2041.5996266536804,1955.649077277967,2147.083942050158,1875.6747580352985,610.2692760327891,642.2174163783166,617.3982377647917,631.0727662474346
3,3,102,143,147,37,134,26,140.1078431372549,30.941176470588236,1.0663556803239052,110,0.6474194190676744,11.396070970426017,1,0.7132867132867133,0.9377734075522065,13.190548768570205,12.529964086141668,5.0,2.1258446370040005,2.0,9.065797220613476,10.052964499747473,71.38417982471287,36.970562748477136,0.9272727272727272,1,1,2.447058904916048,12.137255266308784,0.08039215952157974,0.039215683937072754,0.1752768976151236,0.1568627506494522,0.20392157137393951,0.0764705907786265,0.1189926986893018,0.125490203499794,0.04313725605607033,0.04313725605607033,0.0318740569099814,0.04525404871981134,0.1568627506494522,140.1386106615992,31.11373182484682,0.0,140.1078431372549,30.941176470588236,0,139.0,31.0,0.0,3,0.007755102040816326,0.010909090909090906,0.0084228515625,0.011000000000000001,297.3714285714286,309.0,137.234375,359.78,-0.15566482928183065,-0.17718436667424733,0.46606457336658524,-0.3091106503781647,4.634351546743622,4.563292105166642,4.22274480817623,4.703465189601648,0.0005373398914567607,0.0005733636569585953,0.0009982909287112852,0.00044400142399430393,7.043568731230682,6.617723349888296,6.921875,6.543856189774725,-0.5738043408432064,-0.6474391181477351,-0.6160148278793945,-0.6919416147253531,0.9982706162885016,0.9991134749820886,0.9989453044215101,0.9995075353812044,0.03384637864217993,0.10784413297581452,0.10645057956954677,0.06232107461165993,67.28571428571428,68.38181818181819,66.328125,65.62,5.275362481076147,4.931270849848961,5.245864648336088,5.0136606896881855,217.2612244897964,215.98148760330514,376.814208984375,189.8756000000003,128.65816326530648,131.24537190082629,128.51214599609375,137.4139
3,4,190,255,148,49,131,34,138.8578947368421,40.9,1.1968147109978549,211,0.6143757389528842,15.553633450087505,1,0.7450980392156863,0.8355512267778201,17.889416867101737,17.08800749063506,6.324555320336759,2.6757395847296186,2.23606797749979,13.619458696013355,14.114993095394478,84.92889849730196,53.45584412271571,0.9004739336492891,1,1,3.2862746082246304,20.36078492924571,0.07450980693101883,0.0313725471496582,0.35251097071882287,0.14509804546833038,0.21568627655506134,0.07144075235270936,0.10716202594339848,0.10196078568696976,0.0470588244497776,0.0470588244497776,0.027291132893583682,0.039941446819043505,0.13725490868091583,138.953389833232,40.56067026207152,0.0,138.8578947368421,40.9,0,141.0,40.0,0.0,4,0.004314620115056537,0.004965277777777778,0.0049686869209668244,0.005,104.4718309859155,199.77499999999998,109.38129496402877,179.52499999999998,0.4745494189617606,0.09391545119578061,0.46420867850938813,0.13495693707377193,4.236516649231305,4.56702252559592,4.185086374038255,4.579506161083058,0.000768633430360837,0.0005466978458049886,0.000783734706552773,0.0005169359410430838,7.924395006828628,7.715223928941851,7.769949885642018,7.7276424705724605,-0.46169640998229083,-0.5067412034885705,-0.4881275027528844,-0.5030293824016062,0.9956939934505362,0.9973366663607764,0.9966831645241644,0.9972197646961217,0.0938517032643208,0.06158519949424386,0.06019664746298238,0.07830347415273164,59.96478873239437,60.391666666666666,58.40287769784173,59.775,5.651970338297627,5.5338226291876165,5.542165648519073,5.3635012800397215,293.1748165046615,241.18826388888874,298.9168262512285,235.5410416666664,99.41166187264412,110.24081597222221,102.07453030381453,103.76651041666696
3,5,437,550,181,53,156,31,168.18306636155606,41.97254004576659,1.034038610858644,449,0.5394809691513271,23.58825303088947,1,0.7945454545454546,0.9670818763427228,25.717503868718968,25.298221281347036,10.816653826391969,4.188116380632896,3.605551275463989,21.0,21.654081506668113,-77.07929279761862,75.35533905932738,0.9732739420935412,1,1,3.784313838928938,82.0823553390801,0.10196078568696976,0.08431372791528702,0.1999397662469799,0.0784313753247261,0.42352941632270813,0.058220212906599046,0.18783147674846704,0.1823529452085495,0.04313725605607033,0.04313725605607033,0.009586877925021322,0.09663377827801087,0.2705882489681244,168.1147102364287,42.1604319037181,0.0,168.18306636155606,41.97254004576659,0,167.0,38.0,0.0,5,0.001558401929657587,0.001710153868485993,0.0016635633832911077,0.0016468726619138126,381.50134770889485,897.3524096385543,573.4254143646408,679.5102639296188,0.6552352454314755,0.20381446438692452,0.48397978318184814,0.40703662866452567,5.182735212526039,5.751838938134279,5.438700102505312,5.540237363558905,0.00019784472770575356,0.00011376088876911162,0.00016660567456227372,0.00013887600456489768,9.389009439945625,9.246997940370036,9.305744609440962,9.294112129897595,-0.5130476883046552,-0.5344650901431186,-0.5267059773717142,-0.531670313145877,0.9992320609780431,0.9994111962028888,0.9993551382420932,0.999402940860395,0.05317908867243028,0.03304717701294034,0.052019118058300194,0.035878974115142376,105.33962264150944,109.31626506024097,106.28729281767956,107.7859237536657,6.943238332893991,6.713714311359352,6.789419501799931,6.852163278496472,1831.6097238468192,1356.7764824357673,1649.0666341076285,1612.4028517126608,553.2777678889279,563.532223018582,555.6230121180665,572.9782789105698
3,6,227,306,105,58,88,40,96.12334801762114,48.50660792951542,1.0330284982477647,239,0.4267766915268532,17.000746355818674,1,0.7418300653594772,0.9680275052394122,17.903920393643258,17.46424919657298,7.810249675906654,3.1109108895532875,2.8284271247461903,15.4,16.191536449332283,24.003132259133103,54.2842712474619,0.9497907949790795,1,1,2.6274510510265827,33.91764800623059,0.09019608050584793,0.05686274170875549,0.181182578525185,0.08235294371843338,0.3137255012989044,0.05711850110927354,0.14941695156929777,0.14705882966518402,0.03921568766236305,0.03921568766236305,0.011669183146215784,0.07079651907865041,0.20392157137393951,96.11793269964869,48.68770956145807,0.0,96.12334801762114,48.50660792951542,0,94.0,48.0,0.0,6,0.0034247719603060587,0.0034570312500000005,0.0032121642561983473,0.003457581379659302,395.82080924855484,493.58124999999995,393.8920454545455,648.8051948051948,0.35544706656843744,0.22807330715766008,0.34466977142691585,0.015693945356305555,5.142746181544415,5.165786016389463,5.041913896361068,5.290643889604994,0.0002481206232691055,0.00028547001219326334,0.00026208273028325397,0.00019219710844958028,8.264051493507665,8.215678094887362,8.335824303284094,8.201851475759838,-0.5679752622980323,-0.5825627476018453,-0.5543964144923306,-0.5814644161497157,0.9992885691736968,0.9994162844305219,0.9991635902433678,0.9993989315228101,0.05911486541182734,0.07628545357808944,0.036826727635502564,0.026872804220725098,85.635838150289,84.85624999999999,85.53977272727273,86.37662337662339,6.286405921559062,6.20297297940612,6.21191943971696,6.0647939926549945,832.381837014269,785.2480859375019,808.2256908574382,669.494518468543,307.0506615657059,319.7073339843755,300.52943407799603,329.57492831843547
3,7,414,529,78,60,55,37,65.79468599033817,48.130434782608695,1.03431602278284,428,0.46702109689753596,22.959119571977435,1,0.782608695652174,0.9668224971604787,24.438448183134515,24.413111231467404,10.63014581273465,4.090179458129849,3.605551275463989,20.506096654409877,21.60960428811372,52.484422748640114,73.35533905932738,0.9672897196261683,1,1,3.5372549891471863,70.34902147576213,0.09019608050584793,0.06666667014360428,0.46144774173711445,0.0784313753247261,0.4470588266849518,0.05614690458963788,0.16992517264676843,0.16470588743686676,0.04313725605607033,0.04313725605607033,0.009473431875005598,0.08984774351977183,0.2235294133424759,65.54445621903145,48.51814482878505,0.0,65.79468599033817,48.130434782608695,0,63.0,51.0,0.0,7,0.001709724847721068,0.0018480414570949556,0.0018315479941188838,0.0018537719546297166,376.88405797101456,610.6759259259259,392.83768115942036,665.0517799352752,0.6174502215187603,0.40644218895460427,0.6027881478384348,0.3466512951259724,5.183045744383994,5.4582203741874835,5.263828867600772,5.461560299695025,0.0001991543610677334,0.00014389750513502916,0.000185565692264139,0.00015033543525687652,9.254351428470857,9.172366476630028,9.205076066152015,9.12986145022747,-0.49994826811855614,-0.5154078394449286,-0.5078235921845758,-0.5228114615813801,0.9989524904975858,0.999142495156369,0.9990490889727376,0.9992192834226965,0.05827717829688296,0.052762896727807186,0.08113646369909999,0.042975471587112166,95.7768115942029,97.10802469135801,95.71304347826087,98.53398058252428,6.9648852899592235,6.840115100458816,6.923605362654337,6.7806024908032345,1593.4951144717506,1447.0037627648235,1585.1379458097035,1370.77311716467,492.59479311069117,514.4199221726872,494.49390674228107,508.9562242749862
3,8,342,420,46,65,26,44,35.280701754385966,53.687134502923975,1.0223156322191718,353,0.24525981386175189,20.867389014906145,1,0.8142857142857143,0.9781714848957845,21.216424405841735,20.8806130178211,9.899494936611665,3.7752985571938837,3.1622776601683795,19.0,20.568419349508915,-8.330117199749306,66.2842712474619,0.9688385269121813,1,1,3.231372632086277,65.30588412284851,0.10196078568696976,0.08235294371843338,0.4336930912425767,0.08235294371843338,0.5568627715110779,0.05571332124286685,0.19095287755218862,0.18039216101169586,0.04313725605607033,0.04313725605607033,0.008578094903901929,0.10866544492790538,0.26274511218070984,35.700474387417664,53.79613282377883,0.0,35.280701754385966,53.687134502923975,0,40.0,54.0,0.0,8,0.0020297786513534003,0.0021494708994709,0.0019365223077310002,0.0020856442062834905,709.8064516129032,1195.6587301587301,745.0673758865248,1166.470355731225,0.5201069737090188,0.21580191765474727,0.49200021984756354,0.2376384595558616,5.534829981207624,5.83000920375213,5.485098398663837,5.850900483004006,0.0001337366067675648,9.403251993994582e-05,0.0001334767137095184,8.755156649022528e-05,9.00584174193671,8.893946590166586,9.05176806338403,8.927657606314863,-0.5801566020512582,-0.600771830386053,-0.5735424884288773,-0.5980657771319846,0.9996817492231713,0.9997589308130739,0.9996549939749467,0.9997539829598436,0.06133500422994316,0.03783956212193218,0.02010704070913867,0.026957730326176908,108.58064516129032,112.03968253968253,108.53546099290779,111.46640316205531,6.904657390716722,6.883125397601663,6.873876210816271,6.847377964212752,2248.379697074808,1853.7206475182666,2188.2700191137264,1893.6797012920088,739.5465371719279,762.3448444192486,733.3343487500629,765.0375142558082
3,9,127,156,91,77,79,64,84.1732283464567,70.18897637795276,0.9804350282752298,131,0.42107183076548116,12.716187407449045,1,0.8141025641025641,1.0199553985328214,13.409897002478225,13.038404810405298,5.830951894845301,2.450938751140909,2.0,11.0,12.163142600400464,40.30664490956497,39.55634918610404,0.9694656488549618,1,1,2.015686322003603,11.058823823928833,0.062745101749897,0.023529410362243652,0.22470052187071315,0.06666667014360428,0.14901961386203766,0.05759103777153152,0.08707735294432152,0.08627451211214066,0.0470588244497776,0.0470588244497776,0.0052839567244075455,0.02666257388644105,0.10980392247438431,84.31737589115727,70.36134751789726,0.0,84.1732283464567,70.18897637795276,0,85.0,72.0,0.0,9,0.007683367768595042,0.008444444444444447,0.007245501750996257,0.008775510204081632,71.51136363636364,112.94666666666667,74.43956043956044,117.19999999999999,0.24510164090854758,-0.16517701172191127,0.22985027635905442,-0.1323850124817073,3.8542794536604212,4.044769111693672,3.944670594450468,4.067901768823575,0.0013622983465640805,0.00120692526846373,0.0012282260802970856,0.0010484509385608287,7.121307897021804,6.962152023829214,7.21647843135994,6.900711588373539,-0.43648305339160787,-0.47424270930564516,-0.4127356511839145,-0.47556191759073213,0.9905760308259004,0.9933812371719292,0.9882067569753022,0.9932298508617009,0.12067615048549872,0.07623776971714624,0.13199106876129335,0.08308067084830656,48.32954545454546,48.36,47.69230769230769,48.65714285714286,4.980873278427584,4.792170611004489,5.008853673232675,4.912732795572516,117.94821797520581,80.92373333333353,118.87235841081974,89.79673469387717,47.36489540289256,48.46760000000029,48.327979712594924,51.74918367346959
3,10,282,380,71,88,52,68,60.55673758865248,78.08865248226951,1.0742120634076953,297,0.4100148592125027,18.948708441878455,1,0.7421052631578947,0.93091488549079,19.915862655949486,19.4164878389476,8.48528137423857,3.3771676457309967,3.0,17.541052550806747,18.164836961780583,32.216565912591925,61.698484809834994,0.9494949494949495,1,1,3.133333418518305,28.462745904922485,0.07058823853731155,0.027450978755950928,0.24671513089039773,0.07450980693101883,0.2078431397676468,0.05911949846260953,0.100931723067101,0.0941176488995552,0.0470588244497776,0.0470588244497776,0.006274929752863823,0.03653662283623779,0.125490203499794,60.4480573219424,78.31014053034004,0.0,60.55673758865248,78.08865248226951,0,60.0,79.0,0.0,10,0.00359733737244898,0.0038566897347174153,0.003634567901234566,0.003358501047953334,91.73660714285712,96.03921568627449,73.13333333333334,182.1758793969849,0.46639063666606445,0.4868881199680822,0.5780588673623585,-0.00998237095747132,4.153523606977638,4.237287672944025,3.976959267771396,4.564483702040202,0.0008026615996192717,0.0008353861999895583,0.001005029721079104,0.0005581827563969798,8.278118872853879,8.196743479141556,8.262583191178578,8.306198050181017,-0.3502581447192343,-0.38279578384906204,-0.35441303566346843,-0.35731449711943025,0.9850148534539468,0.9896246273860926,0.9856643879278142,0.9864293009739339,0.08253983563153561,0.12670962527817742,0.07870545122997555,0.04839471139175738,55.522321428571416,55.588235294117645,55.32888888888888,56.90954773869347,5.668404991445728,5.69991071186757,5.733216267685809,5.5404631466868945,252.0977160395414,278.3010380622841,273.5184987654329,178.57473296128865,85.95858079559957,93.58506343713998,86.6629580246913,90.18765308956847
3,11,424,576,190,89,166,65,176.87735849056602,76.69103773584905,1.1230649345064307,449,0.6245215311089433,23.23474912642073,1,0.7361111111111112,0.8904204639240064,26.41457930827554,27.202941017470888,9.899494936611665,3.968136532590163,3.605551275463989,20.12461179749811,20.629986952525567,37.6872953932556,77.35533905932738,0.9443207126948775,1,1,3.7686275616288185,67.18431536853313,0.0941176488995552,0.05882352590560913,0.24991053150692816,0.07450980693101883,0.3764705955982208,0.056248172561624156,0.15845357398238946,0.16078431904315948,0.04313725605607033,0.04313725605607033,0.008611800438524593,0.07357175586742226,0.21176470816135406,176.68112304866582,76.84578567638562,0.0,176.87735849056602,76.69103773584905,0,177.0,83.0,0.0,11,0.0018603112086776872,0.0018869446735271973,0.0018401342975206624,0.001977107180020812,352.9886363636364,522.2934131736528,324.1818181818182,537.1612903225807,0.4467296207788289,0.184735873009405,0.4866553920424067,0.16868815792406214,5.198329764548147,5.403322931317092,5.097421235100642,5.438212200652837,0.00021388683816883595,0.00017373162906207133,0.0002471683411082582,0.00016362662931819995,9.179574303284092,9.144124801430177,9.189489715203617,9.068819042350077,-0.44742506240318963,-0.44788642637700815,-0.4431866594313049,-0.4609070456624306,0.9974779224461976,0.9974437811100707,0.997325130060127,0.9978095964930642,0.056243417168502764,0.04354287777968344,0.06669287374827026,0.0588670136779711,88.5965909090909,89.91616766467067,88.71022727272728,90.91612903225807,6.561720906873152,6.432271875798136,6.623621085031781,6.520531233207259,923.0190792871908,758.9929721395529,938.836486311985,755.1607075962547,319.0019289127067,320.32159632830144,315.7545761234503,323.08049947970767
3,12,441,625,36,102,11,77,22.73469387755102,88.61451247165533,1.1098804019697792,466,0.44886628241700854,23.695962509005764,1,0.7056,0.9009979798050608,25.24975275222469,24.73863375370596,10.0,4.030174689670213,3.605551275463989,22.047955904132287,22.56315222316191,-47.75120657232469,78.42640687119285,0.9463519313304721,1,1,3.7215687297284603,64.45882521942258,0.08627451211214066,0.054901957511901855,0.607637345160345,0.07450980693101883,0.3490196168422699,0.056387404995885765,0.14616513655197863,0.13725490868091583,0.03921568766236305,0.03921568766236305,0.008998792430569042,0.07023942057136741,0.1921568661928177,22.127456348350737,88.63655167228166,0.0,22.73469387755102,88.61451247165533,0,17.0,89.0,0.0,12,0.0017729702290304275,0.0018012373717597309,0.0017767027979336495,0.0018147200571190564,309.81147540983613,446.70796460176996,289.12568306010934,422.98833819241986,0.49371099372093286,0.3017805829921956,0.5278296442918754,0.3450048221243938,5.065943732829675,5.31724222523755,5.078618573516529,5.124607973808558,0.000263900916055355,0.000199760415125753,0.00024366209800232933,0.00026442014324047614,9.256753287708037,9.187575423306951,9.24175267296576,9.188057003763214,-0.43871810629411506,-0.45494065817411533,-0.44071958872724515,-0.4533234237646128,0.9972441757426299,0.9977628814504047,0.9973041197194082,0.9977071282868948,0.053089339483057024,0.06119063621561801,0.07776678441722154,0.039388068035853485,80.98633879781421,81.9882005899705,81.43715846994536,81.01749271137027,6.600890144290515,6.520747190520499,6.640154861145209,6.525413587448327,914.0407969781108,832.8553180010613,935.5411329093131,868.5886152878475,305.96306809698626,319.8908206507074,306.16670399235477,322.89423837006643
3,13,411,506,162,114,140,91,150.4428223844282,101.85888077858881,1.0349847233474951,424,0.4487679372077899,22.875783109789968,1,0.8122529644268774,0.9661978360083012,24.214146257746595,24.20743687382041,10.770329614269007,4.088969050233637,3.605551275463989,21.0,21.638931376753835,36.266812448117356,73.11269837220809,0.9693396226415094,1,1,3.5843138210475445,65.8784332126379,0.08627451211214066,0.062745101749897,0.5243888521782736,0.07450980693101883,0.3960784375667572,0.05600490345386788,0.16028815866821874,0.15294118225574493,0.04313725605607033,0.04313725605607033,0.008216270668522502,0.08368266189724388,0.21176470816135406,150.8362402590969,101.51217334546975,0.0,150.4428223844282,101.85888077858881,0,151.0,99.0,0.0,13,0.0017398515782633972,0.0018393259760294293,0.0018273471959672348,0.001876370382863889,315.7485380116959,470.8301886792452,342.89855072463774,674.8733766233768,0.6367360575405363,0.4722399242455385,0.6035145821262179,0.2453265886130146,5.045884388243958,5.339176548530926,5.136878490517471,5.510539579321788,0.00023815725080207856,0.00018367938831205082,0.00022190825253337953,0.00015026266542915987,9.235075394990215,9.143071634529637,9.184019073379579,9.11498495789567,-0.48335100713241674,-0.5012526822488361,-0.4902943653278323,-0.5039571190001482,0.9986105232459749,0.998895491033472,0.9987159521059364,0.9989229802919298,0.07490081476500586,0.0654285406387607,0.057483811891152155,0.026707660830418506,89.98245614035088,91.9245283018868,89.77971014492755,92.95779220779221,6.777112093085717,6.76715180668668,6.789767973114461,6.620061716844885,1422.6488150200066,1313.4282662869355,1386.7920520898952,1113.6443223983824,434.5993382579252,446.0646137415456,432.4226507036333,447.1294247554388
3,14,253,306,190,129,173,111,180.8814229249012,119.71146245059289,1.0295848537566559,263,0.32918724482931355,17.94796937867892,1,0.826797385620915,0.9712652593434049,18.495636929974143,18.601075237738275,8.48528137423857,3.2972449865210334,3.0,16.0,17.464776412328337,-37.713228424341885,57.21320343559643,0.9619771863117871,1,1,3.0901961773633957,34.564706824719906,0.0833333358168602,0.047058820724487305,0.3077851394190968,0.0784313753247261,0.3921568691730499,0.06059208190908619,0.1366193945641103,0.125490203499794,0.04313725605607033,0.04313725605607033,0.009264312024211834,0.06964256705319971,0.1764705926179886,181.03483095053664,119.44463353589686,0.0,180.8814229249012,119.71146245059289,0,181.0,118.0,0.0,14,0.002828211408802807,0.0035083029837281576,0.0029653955494559356,0.0033082612902219023,337.59798994974875,567.5606936416184,328.9752475247525,592.3966480446927,0.4737683984202217,0.19050662161931706,0.4973918661464551,0.1336634963721292,5.042085436545845,5.363584975150614,5.093461678756983,5.361437740463362,0.00024424598015929404,0.00018018659584340767,0.0002450740123517302,0.00018965872507953867,8.52104673109641,8.220755395266782,8.47009267087061,8.3218046040799,-0.505563997403224,-0.5644475826662483,-0.5172656713417032,-0.5435556127889326,0.9984315393859351,0.9992209430782468,0.9986426345096762,0.9989963992250195,0.048839124155689466,0.04971819748195474,0.0659756034443707,0.04957657613586336,77.33668341708542,79.49132947976878,76.38118811881188,79.04469273743017,6.383045334011641,6.265165620745725,6.286489052428479,6.256509405705305,945.4796091007811,834.7007918741037,980.0972698755031,775.1935332854773,320.76939976263225,350.5653713789302,327.26812935006456,341.8975453325427
3,15,276,380,59,136,40,116,48.96739130434783,125.48188405797102,1.0562776430758323,291,0.21048450949515857,18.746042631630413,1,0.7263157894736842,0.9467207855389665,19.000784983057248,19.235384061671343,8.94427190999916,3.382156612690542,3.0,17.6,18.575114059384983,-20.819456407658944,60.526911934581186,0.9484536082474226,1,1,2.945098116993904,40.670589320361614,0.09019608050584793,0.0470588281750679,0.2515780634376478,0.08627451211214066,0.3607843220233917,0.05774702190184126,0.14735720768246963,0.14509804546833038,0.03921568766236305,0.03921568766236305,0.0110121598249444,0.06991620970003623,0.1921568661928177,48.71584224773362,125.47806383290715,0.0,48.96739130434783,125.48188405797102,0,47.0,126.0,0.0,15,0.0025566029795471767,0.0029024364847980008,0.002554158587185421,0.0028282114088028073,313.4082568807339,522.0,326.34703196347033,477.6834170854271,0.4797530121503504,0.1858138032442785,0.4549573818782355,0.2528478382678778,4.986158260308532,5.339318334119464,4.98527172355817,5.235037658597969,0.0002812363390612434,0.00019059171446899234,0.0002809832995089524,0.00020559456810146924,8.653505425694359,8.483307356859271,8.65606559841396,8.523510173285722,-0.5241039923636996,-0.5551613052732368,-0.5248464239044669,-0.549784726422252,0.998928276228323,0.9992623115906404,0.9989427875351425,0.9992193452715781,0.03736956187154041,0.0645087658906722,0.02821501800127818,0.047782050905327014,83.41743119266056,84.59183673469387,83.48858447488584,84.07537688442211,6.416094449135228,6.281691224551299,6.365062121971368,6.282040984915611,891.4358429425138,760.261974177427,871.1631116949193,800.9943183252944,301.2110249558118,320.5654935443563,299.37753591459773,319.66943385267996
3,16,391,462,93,151,71,130,81.04092071611254,139.99744245524298,1.0053786788665016,398,0.29194479434681453,22.312253628700276,1,0.8463203463203464,0.9946500965461436,22.852389044560855,22.847319317591726,10.770329614269007,4.040582587287738,3.605551275463989,20.0,21.856828632290213,87.14871149770471,70.2842712474619,0.9824120603015075,1,1,3.5176471695303917,70.14902124553919,0.10196078568696976,0.062745101749897,0.43232920949261977,0.08235294371843338,0.501960813999176,0.056736244669845025,0.1794092614975427,0.18039216101169586,0.03921568766236305,0.03921568766236305,0.009283272566163086,0.0967213864739744,0.22058823704719543,80.61359570123214,139.93185375928107,0.0,81.04092071611254,139.99744245524298,0,77.0,135.0,0.0,16,0.0019473155859607366,0.002102844010341856,0.0020260355029585795,0.0019247342717609878,658.7896341463415,878.0305084745762,538.4984615384615,1083.2711864406779,0.4375604454457993,0.267398682128641,0.5409387638400799,0.10286561206096327,5.548289183129221,5.631490376579894,5.329758174640876,5.881300584999321,0.00014324595570218,0.00012492067430496225,0.00018716217057108172,9.249659586363402e-05,9.127782102250395,8.980776059474104,9.071958138671729,9.073198644241868,-0.5142252687573018,-0.5356034976952683,-0.521847035566745,-0.523227128474879,0.9990980307098095,0.9992984650861899,0.999173458937301,0.999192923414295,0.08116798752522988,0.04231821587918261,0.06946129158464791,0.04194332306339122,100.39939024390243,103.27118644067797,100.75692307692309,103.93559322033897,6.857411764623942,6.730376285869518,6.785331775966172,6.647147768583807,1683.8252435306385,1518.9908646940512,1807.587067455619,1331.687377190463,585.6537194192442,599.2553432921577,586.5213822485202,603.7396409077851
3,17,281,340,192,154,172,137,181.3629893238434,145.34875444839858,1.0209130891428582,290,0.5268422279718086,18.91508160359296,1,0.8264705882352941,0.9795153090255544,20.540360336354052,19.924858845171276,8.48528137423857,3.4341431110246514,3.0,16.0,17.458548291796735,88.90134907273443,60.04163056034261,0.9689655172413794,1,1,3.352941293269396,34.59215787425637,0.0784313753247261,0.027450986206531525,0.3926284385892668,0.0784313753247261,0.3490196168422699,0.06326304326923389,0.12310376467706895,0.10588235408067703,0.05098039284348488,0.05098039284348488,0.007581188466341534,0.06073148105722525,0.14509804546833038,181.3198050157409,144.95850810783566,0.0,181.3629893238434,145.34875444839858,0,177.0,144.0,0.0,17,0.0031947069943289224,0.00309335622837807,0.002917630679142526,0.0030749999999999996,198.11304347826086,467.5376884422111,383.67420814479635,516.685,0.6105961796425703,0.1428201320249668,0.2580519380969555,0.0557587924564236,4.621756127155676,5.241890595088464,5.088261691801078,5.264595681446811,0.0004549931153585851,0.00021912715135950238,0.0002666981116098319,0.00023598765432098775,8.465993474791576,8.417982535094767,8.520845772021957,8.433856189774726,-0.45111984446338843,-0.46819424371391233,-0.4426175280573172,-0.4731298901248671,0.9963857558542888,0.9970841003172185,0.9960519089829909,0.9973109972707473,0.1251855482301854,0.06380185023222543,0.06984391504200228,0.0822486447549888,67.6608695652174,69.79899497487438,68.57918552036199,70.195,6.137007941962622,6.141597080885088,6.072866363196685,6.018451910924679,819.4067296786388,623.3364814019851,650.5604717348133,577.706975000001,254.37994328922423,272.7185424610486,258.55866996990244,273.59799375000034
3,18,387,529,59,160,36,137,47.16795865633075,147.75193798449612,1.0198827205884264,396,0.3458464764144246,22.197831060995757,1,0.7315689981096408,0.9805048951344572,22.978157437171024,22.80350850198276,10.295630140987,3.9609645408453162,3.605551275463989,19.79898987322333,21.560200941109322,-47.89115343942818,70.42640687119285,0.9772727272727273,1,1,3.231372617185116,57.631373919546604,0.09019608050584793,0.05882352590560913,0.2352569266491386,0.06666667014360428,0.33725491166114807,0.05571332098595027,0.14891827886187753,0.14901961386203766,0.04313725605607033,0.04313725605607033,0.005905235548755783,0.06768084533218575,0.2078431397676468,46.94399837234796,147.67991290042988,0.0,47.16795865633075,147.75193798449612,0,48.0,144.0,0.0,18,0.002135991456034176,0.002169235040955157,0.0019431588940310906,0.0022000000000000006,249.55345911949686,380.44897959183663,280.58490566037733,391.07666666666665,0.5323090697796747,0.3320552847873419,0.4725236212881202,0.31320784177717165,4.869631933950729,5.192150196585068,5.0143696766297765,5.167759172799728,0.0003114027267324233,0.0002319811879443443,0.0002670734021340128,0.000257665037213194,8.990463694237246,8.94110244684774,9.107648167528097,8.96378610714812,-0.4440786722093933,-0.4507726194639137,-0.42461136886324774,-0.4499959017881481,0.9970431795213073,0.9972465058177206,0.9963052068941892,0.9972509216359949,0.056519428182249795,0.07555932154690287,0.06947759646922874,0.0809137683058055,83.75471698113208,84.31972789115645,83.8993710691824,83.77666666666667,6.526057072657671,6.461924019231965,6.4387074453825885,6.384610238148236,817.6190815236741,758.7141006062302,783.2917606107349,747.7734555555544,266.7931351607931,284.79077004951705,265.9691665677783,284.7125305555562
3,19,462,648,30,173,6,146,17.274891774891774,158.83766233766235,1.0979838866724938,483,0.4992804652638499,24.253590861306396,1,0.7129629629629629,0.9107601779390042,26.09711126589761,26.1725046566048,11.045361017187261,4.2594739197108495,3.802775637731995,22.0707418783063,22.611592280888214,-4.392847549518118,79.84062043356595,0.9565217391304348,1,1,3.8392157964408398,74.41568842157722,0.08627451211214066,0.06666667014360428,0.4303630742858008,0.0784313753247261,0.3529411852359772,0.05730172830508716,0.16107291866142254,0.14901961386203766,0.03529411926865578,0.03529411926865578,0.009979815421616921,0.08249903411341857,0.22745098173618317,17.194139966070676,159.26038153651763,0.0,17.274891774891774,158.83766233766235,0,20.0,157.0,0.0,19,0.0015509002038325988,0.0016914828407600811,0.0015097875885047899,0.0016087962962962978,346.8015665796344,599.4958217270196,319.13520408163265,504.0083333333333,0.5842633533755925,0.29113496501321806,0.6168273318056752,0.41523848099824573,5.170817750456248,5.48770775508849,5.060490590003192,5.357835680162504,0.00022137235748839396,0.0001635997014986629,0.0002677015740482889,0.00020484196308372135,9.40621481166738,9.290696753848625,9.43738898951233,9.340437054650987,-0.46462642124099407,-0.48698699129160555,-0.46047869843101785,-0.4782949479754252,0.998313700926935,0.9987356891087121,0.9982318215183562,0.9985899408210737,0.04878535863492538,0.032421674365519015,0.050037797500273054,0.03802258298685363,90.70757180156659,91.95821727019498,89.42091836734693,91.2638888888889,6.808099867594044,6.705178253247868,6.830178886241517,6.75964511371936,1321.5698382291757,1091.9286163204815,1346.6161950749702,1219.7998070987633,417.0928512022051,422.85610951187437,416.43784978915073,430.95203510802367
3,20,281,380,129,192,110,172,119.17437722419929,181.3594306049822,1.0780348821386836,293,0.7168839989839384,18.91508160359296,1,0.7394736842105263,0.9276137688755745,22.67169247324646,22.02271554554524,7.810249675906654,3.3088127692310825,3.0,15.531605494306415,15.80653314078836,-40.621896596505984,61.698484809834994,0.9590443686006825,1,1,3.2784314826130867,32.99215778708458,0.08235294371843338,0.0313725471496582,0.3107209101930605,0.08627451211214066,0.27450981736183167,0.06185719778515258,0.1174098141889131,0.10980392247438431,0.0470588244497776,0.0470588244497776,0.008192072970063417,0.047896833212151296,0.14509804546833038,119.46653987977135,181.25365505619948,0.0,119.17437722419929,181.3594306049822,0,121.0,181.0,0.0,20,0.0028254949734853934,0.0035316995052761006,0.003089126275510205,0.0033627391038518633,154.6108597285068,250.03743315508018,153.7767857142857,207.17289719626166,0.48230500396514536,0.23038883387861184,0.4790442327737114,0.3207135475787939,4.551320606729387,4.850191275329233,4.572648006909413,4.6782387581439995,0.0004870932414925282,0.0003900754242447479,0.0004893467317992463,0.0004585510006695211,8.54466777431377,8.246013911724587,8.460147611741457,8.357052675623152,-0.404716187109214,-0.4761057679192318,-0.41650245703540667,-0.4406027793985855,0.9934306682411718,0.9971035034521608,0.9941464618949758,0.995543690984915,0.07944874875795738,0.07597621400787999,0.07526071655651459,0.039883531861828914,65.1447963800905,66.22994652406416,65.16964285714285,65.54672897196261,6.064574693509078,5.820704957909793,5.962595191478834,6.000402094757794,442.69396613500976,399.73856844633883,436.58729272959226,402.7992182723392,149.32620646587952,162.44400040035453,147.5910196109694,152.49302886714986
