ImageNumber,ObjectNumber,Children_PH3PosNuclei_Count,Children_PH3_Count,Classify_PH3Neg,Classify_PH3Pos,Intensity_IntegratedIntensityEdge_OrigBlue,Intensity_IntegratedIntensityEdge_OrigGreen,Intensity_IntegratedIntensity_OrigBlue,Intensity_IntegratedIntensity_OrigGreen,Intensity_LowerQuartileIntensity_OrigBlue,Intensity_LowerQuartileIntensity_OrigGreen,Intensity_MADIntensity_OrigBlue,Intensity_MADIntensity_OrigGreen,Intensity_MassDisplacement_OrigBlue,Intensity_MassDisplacement_OrigGreen,Intensity_MaxIntensityEdge_OrigBlue,Intensity_MaxIntensityEdge_OrigGreen,Intensity_MaxIntensity_OrigBlue,Intensity_MaxIntensity_OrigGreen,Intensity_MeanIntensityEdge_OrigBlue,Intensity_MeanIntensityEdge_OrigGreen,Intensity_MeanIntensity_OrigBlue,Intensity_MeanIntensity_OrigGreen,Intensity_MedianIntensity_OrigBlue,Intensity_MedianIntensity_OrigGreen,Intensity_MinIntensityEdge_OrigBlue,Intensity_MinIntensityEdge_OrigGreen,Intensity_MinIntensity_OrigBlue,Intensity_MinIntensity_OrigGreen,Intensity_StdIntensityEdge_OrigBlue,Intensity_StdIntensityEdge_OrigGreen,Intensity_StdIntensity_OrigBlue,Intensity_StdIntensity_OrigGreen,Intensity_UpperQuartileIntensity_OrigBlue,Intensity_UpperQuartileIntensity_OrigGreen,Location_CenterMassIntensity_X_OrigBlue,Location_CenterMassIntensity_X_OrigGreen,Location_CenterMassIntensity_Y_OrigBlue,Location_CenterMassIntensity_Y_OrigGreen,Location_CenterMassIntensity_Z_OrigBlue,Location_CenterMassIntensity_Z_OrigGreen,Location_Center_X,Location_Center_Y,Location_Center_Z,Location_MaxIntensity_X_OrigBlue,Location_MaxIntensity_X_OrigGreen,Location_MaxIntensity_Y_OrigBlue,Location_MaxIntensity_Y_OrigGreen,Location_MaxIntensity_Z_OrigBlue,Location_MaxIntensity_Z_OrigGreen,Number_Object_Number
1,1,0,0,1,0,4.572549134492874,1.466666717082262,24.992157265543938,5.0901962630450726,0.14901961386203766,0.03529411926865578,0.029411762952804565,0.003921568393707275,0.11083344052778471,0.1644479811394817,0.20000000298023224,0.054901961237192154,0.2705882489681244,0.054901961237192154,0.12358240904034795,0.0396396410022233,0.19077982645453387,0.03885646002324483,0.20588235557079315,0.03921568766236305,0.08235294371843338,0.0313725508749485,0.08235294371843338,0.0313725508749485,0.030765479158449224,0.005140161072735232,0.050565183642647886,0.003859724113312942,0.23137255012989044,0.03921568766236305,477.2038286492128,477.11864406593594,7.616820960555969,7.743451448134481,0.0,0.0,477.09923664122135,7.580152671755725,0,477.0,478.0,8.0,13.0,0.0,0.0,1
1,2,0,0,1,0,4.219607964158058,1.419607900083065,26.819608256220818,5.5058825723826885,0.14509804546833038,0.03529411926865578,0.0313725471496582,0.003921568393707275,0.060604756455540566,0.008617087650160424,0.1725490242242813,0.04313725605607033,0.250980406999588,0.04313725605607033,0.11104231484626469,0.03735810263376487,0.18244631466816882,0.03745498348559652,0.20000000298023224,0.03921568766236305,0.0784313753247261,0.0313725508749485,0.0784313753247261,0.0313725508749485,0.02455793590118117,0.0026592565446383904,0.049863789995192045,0.0026743946192735782,0.22058823704719543,0.03921568766236305,438.99619827099747,438.96225071194567,11.422137742497766,11.3660968668978,0.0,0.0,438.9591836734694,11.374149659863946,0,440.0,433.0,11.0,12.0,0.0,0.0,2
1,3,0,0,1,0,3.5450981333851814,1.1843137666583061,17.98431397229433,3.8627452328801155,0.15490196645259857,0.03921568766236305,0.027450978755950928,0.0,0.04713776389528268,0.00947268852287321,0.18039216101169586,0.04313725605607033,0.24705882370471954,0.0470588244497776,0.11816993777950605,0.03947712555527687,0.1835134078805544,0.039415767682450156,0.20000000298023224,0.03921568766236305,0.0784313753247261,0.03529411926865578,0.0784313753247261,0.0313725508749485,0.031498658571580594,0.0024664001489535974,0.050023208709588235,0.0029310186451824167,0.2235294133424759,0.04313725605607033,80.50588748424987,80.45177665044625,11.169646751384146,11.157360406649458,0.0,0.0,80.45918367346938,11.16326530612245,0,80.0,81.0,13.0,10.0,0.0,0.0,3
1,4,0,0,1,0,3.800000086426735,1.3882353492081165,27.109804421663284,5.682353166863322,0.13333334028720856,0.03529411926865578,0.0313725471496582,0.003921568393707275,0.04876936496333518,0.05375972860522372,0.1411764770746231,0.04313725605607033,0.2823529541492462,0.04313725605607033,0.10270270503856041,0.03751987430292207,0.17835397645831108,0.03738390241357449,0.19607843458652496,0.03921568766236305,0.08235294371843338,0.0313725508749485,0.08235294371843338,0.027450980618596077,0.015032421316736249,0.003228732443848843,0.051304776048947204,0.00311387569234494,0.21960784494876862,0.03921568766236305,495.7918414523831,495.74189095935014,11.073629394194917,11.151828842234949,0.0,0.0,495.75,11.098684210526315,0,495.0,492.0,9.0,13.0,0.0,0.0,4
1,5,0,0,1,0,4.16078444570303,1.258823573589325,18.164706252515316,4.0941177904605865,0.15294118225574493,0.03921568766236305,0.019607841968536377,0.003921568393707275,0.08113089799974989,0.0390668461751472,0.16078431904315948,0.04313725605607033,0.21960784494876862,0.04313725605607033,0.13002451392821968,0.039338236674666405,0.1746606370434165,0.03936651721596718,0.18431372940540314,0.03921568766236305,0.09019608050584793,0.03529411926865578,0.09019608050584793,0.03529411926865578,0.02270003706936614,0.0024965131829931906,0.034591305751831086,0.0027688625424570124,0.20000000298023224,0.04313725605607033,58.49222797969116,58.39463601801706,15.467184806262265,15.536398464898442,0.0,0.0,58.42307692307692,15.509615384615385,0,57.0,56.0,16.0,14.0,0.0,0.0,5
1,6,1,1,0,1,3.682353012263775,1.776470623910427,41.415687084198,13.788235619664192,0.1147058829665184,0.054901961237192154,0.13137254863977432,0.054901961237192154,0.16007102694727388,0.15930029745803248,0.19607843458652496,0.09019608050584793,1.0,0.2862745225429535,0.10830450036069926,0.052249135997365505,0.3665105051698938,0.12201978424481585,0.2294117659330368,0.10588235408067703,0.07058823853731155,0.03921568766236305,0.07058823853731155,0.03921568766236305,0.02861298616125267,0.010748944683930997,0.2988878215161518,0.07052410587225376,0.6068627685308456,0.19117647409439087,475.3765741933227,475.3731513010288,18.190512258889648,18.180318546085996,0.0,0.0,475.5221238938053,18.123893805309734,0,475.0,472.0,19.0,20.0,0.0,0.0,6
1,7,0,0,1,0,3.7058824598789215,1.2156863138079643,20.070588797330856,4.003921702504158,0.1568627506494522,0.03921568766236305,0.047058820724487305,0.0,0.047902792142844354,0.024027028118233318,0.1725490242242813,0.0470588244497776,0.29411765933036804,0.0470588244497776,0.12352941532929738,0.040522877126932144,0.20070588797330857,0.04003921702504158,0.2078431397676468,0.03921568766236305,0.07450980693101883,0.03529411926865578,0.07450980693101883,0.03529411926865578,0.02930700451025175,0.0023383716017984337,0.06033453099161179,0.0024984422724453814,0.250980406999588,0.04313725605607033,102.67213755238646,102.70323212692739,18.83196560512864,18.847208617399872,0.0,0.0,102.72,18.83,0,102.0,108.0,18.0,18.0,0.0,0.0,7
1,8,0,0,1,0,4.498039364814758,1.4470588751137257,31.901961624622345,6.062745310366154,0.1725490242242813,0.03921568766236305,0.03529411554336548,0.0,0.1000599204757033,0.02424322472847068,0.1882352977991104,0.0470588244497776,0.29411765933036804,0.0470588244497776,0.12156863148147995,0.03910969932739799,0.20715559496508015,0.03936847604133866,0.2235294133424759,0.03921568766236305,0.07058823853731155,0.0313725508749485,0.07058823853731155,0.0313725508749485,0.030471972009630675,0.0030900644129801206,0.056758832142190505,0.0027867304721060984,0.250980406999588,0.03921568766236305,177.42728947532214,177.51875808483553,19.317885675431587,19.289780075391565,0.0,0.0,177.51298701298703,19.266233766233768,0,174.0,177.0,19.0,25.0,0.0,0.0,8
1,9,0,0,1,0,3.815686382353306,1.3803922049701214,32.12549128383398,5.552941367030144,0.16470588743686676,0.03921568766236305,0.0470588356256485,0.0,0.02763289503563661,0.02442652690663,0.16470588743686676,0.0470588244497776,0.35686275362968445,0.0470588244497776,0.10901961092438017,0.03943977728486061,0.22946779488452843,0.03966386690735817,0.25882354378700256,0.03921568766236305,0.062745101749897,0.03529411926865578,0.062745101749897,0.0313725508749485,0.027423757082615047,0.002470073542973658,0.080468623079038,0.0026133116178346113,0.29411765933036804,0.04313725605607033,131.1520996093063,131.1666666651013,23.420410155919445,23.37500000167717,0.0,0.0,131.15,23.392857142857142,0,130.0,130.0,25.0,18.0,0.0,0.0,9
1,10,0,0,1,0,4.258823670446873,1.2862745560705662,18.956863321363926,4.768627617508173,0.14509804546833038,0.03921568766236305,0.0156862735748291,0.0,0.06882572334071971,0.014045162994780369,0.1568627506494522,0.04313725605607033,0.21176470816135406,0.0470588244497776,0.12905526274081433,0.038978016850623215,0.15666829191209855,0.0394101455992411,0.1568627506494522,0.03921568766236305,0.0941176488995552,0.0313725508749485,0.0941176488995552,0.0313725508749485,0.01736055041989658,0.003731507434889049,0.023962159227515767,0.0029763994917339255,0.1725490242242813,0.04313725605607033,153.336781141449,153.40213815738014,25.842159708062635,25.888980261934044,0.0,0.0,153.39669421487602,25.876033057851238,0,151.0,154.0,23.0,30.0,0.0,0.0,10
1,11,0,0,1,0,5.486274637281895,1.9960785135626793,60.43529611080885,10.015686681494117,0.16078431904315948,0.03529411926865578,0.050980404019355774,0.003921568393707275,0.16700383423319443,0.044398010393712134,0.15294118225574493,0.04313725605607033,0.3803921639919281,0.04313725605607033,0.10159767846818324,0.0369644169178274,0.22383443004003278,0.037095135857385615,0.24705882370471954,0.03529411926865578,0.07450980693101883,0.0313725508749485,0.07450980693101883,0.027450980618596077,0.017975140663473818,0.0025706418250534503,0.07857408089817279,0.0028142735162678795,0.2823529541492462,0.03921568766236305,492.3661670279938,492.20007831340024,27.367140354573174,27.48316366550428,0.0,0.0,492.24444444444447,27.48148148148148,0,493.0,488.0,27.0,33.0,0.0,0.0,11
1,12,0,0,1,0,3.8392158150672913,1.3490196540951729,27.376471549272537,5.031372722238302,0.15490196645259857,0.03921568766236305,0.03921569138765335,0.003921568393707275,0.025565340546243442,0.02438161919736642,0.1725490242242813,0.04313725605607033,0.30980393290519714,0.0470588244497776,0.1129181122078615,0.03967704864985803,0.21556276810450817,0.03961710804912049,0.24313725531101227,0.03921568766236305,0.07450980693101883,0.03529411926865578,0.07450980693101883,0.03529411926865578,0.02853010742471711,0.0028158142763936083,0.06992109046306795,0.0030667798741295803,0.2705882489681244,0.04313725605607033,31.722675836179068,31.73967264303074,28.956023496229164,28.929851911740624,0.0,0.0,31.748031496062993,28.95275590551181,0,30.0,28.0,27.0,28.0,0.0,0.0,12
1,13,0,0,1,0,4.635294280946255,1.4549020156264305,33.462746165692806,6.098039425909519,0.1764705926179886,0.03921568766236305,0.03529413044452667,0.003921568393707275,0.07770285030187912,0.0626788662967302,0.16862745583057404,0.0470588244497776,0.3333333432674408,0.0470588244497776,0.12198142844595407,0.03828689514806396,0.21729055951748574,0.03959765860980207,0.23137255012989044,0.03921568766236305,0.0784313753247261,0.0313725508749485,0.0784313753247261,0.0313725508749485,0.023628781897860846,0.003042188254787781,0.06234852963548607,0.0033073773048698314,0.26274511218070984,0.04313725605607033,195.30352747024264,195.32990354137283,29.09129263340061,29.023151129332902,0.0,0.0,195.37662337662337,29.064935064935064,0,197.0,189.0,31.0,29.0,0.0,0.0,13
1,14,0,0,1,0,3.521568715572357,1.235294159501791,23.05882428586483,4.082353085279465,0.15294118225574493,0.03921568766236305,0.05490197241306305,0.0,0.0450875338292465,0.030498800681259503,0.16470588743686676,0.04313725605607033,0.3450980484485626,0.0470588244497776,0.11359899082491474,0.03984819869360616,0.22171946428716183,0.039253395050764084,0.24313725531101227,0.03921568766236305,0.07058823853731155,0.03529411926865578,0.07058823853731155,0.03529411926865578,0.02681071235491783,0.0024594839894214846,0.07987162745940012,0.0025793066448529917,0.29019609093666077,0.03921568766236305,84.93571427840735,85.01056675990026,32.23248299110024,32.23727185336943,0.0,0.0,84.98076923076923,32.23076923076923,0,84.0,88.0,34.0,32.0,0.0,0.0,14
1,15,0,0,1,0,3.5137256160378456,1.2039216086268425,18.9725493863225,4.0352942533791065,0.14509804546833038,0.03921568766236305,0.03333333134651184,0.0,0.09525960243666443,0.013682636437951083,0.16470588743686676,0.04313725605607033,0.26274511218070984,0.0470588244497776,0.11712418720126153,0.040130720287561414,0.18784702362695543,0.03995340844929809,0.20588235557079315,0.03921568766236305,0.07058823853731155,0.03529411926865578,0.07058823853731155,0.03529411926865578,0.025409291890385044,0.0024138802891436563,0.05331627217884192,0.002687238274772511,0.23137255012989044,0.04313725605607033,50.02583711916778,49.933916423411794,34.073997520471295,34.0826044691197,0.0,0.0,49.93069306930693,34.06930693069307,0,52.0,53.0,34.0,34.0,0.0,0.0,15
1,16,0,0,1,0,4.443137414753437,1.3921569101512432,21.16862802952528,5.152941353619099,0.14901961386203766,0.03921568766236305,0.019607841968536377,0.0,0.12402250147138419,0.028696324242847782,0.1568627506494522,0.0470588244497776,0.21568627655506134,0.0470588244497776,0.12694678327866962,0.03977591171860695,0.16283560022711754,0.039638010412454606,0.16470588743686676,0.03921568766236305,0.0784313753247261,0.03529411926865578,0.0784313753247261,0.03529411926865578,0.019395733321226467,0.002985526453863699,0.027619458679127424,0.0028046186682270362,0.18431372940540314,0.04313725605607033,64.37402741848253,64.41019787175827,35.57095220803096,35.68188736635231,0.0,0.0,64.43846153846154,35.676923076923075,0,62.0,59.0,33.0,35.0,0.0,0.0,16
1,17,1,1,0,1,3.145098090171814,1.7137255370616913,35.90196135640144,16.67451024055481,0.10588235408067703,0.054901961237192154,0.09607843309640884,0.04901961050927639,0.2377077090968126,0.3329130673871686,0.12156862765550613,0.06666667014360428,0.9372549057006836,0.41960784792900085,0.09828431531786919,0.05355392303317785,0.348562731615548,0.16188844893742532,0.1921568661928177,0.09803921729326248,0.07450980693101883,0.03921568766236305,0.07450980693101883,0.03921568766236305,0.010958376261588737,0.007880388623367705,0.31374609990242086,0.12616587087272538,0.6029412001371384,0.2921568751335144,456.12353905136644,456.14440263261343,36.54483888848587,36.44049858841868,0.0,0.0,455.9611650485437,36.71844660194175,0,457.0,455.0,36.0,33.0,0.0,0.0,17
1,18,0,0,1,0,2.886274591088295,1.129411805421114,20.80784373730421,3.6313726864755154,0.11568627506494522,0.03529411926865578,0.10196078568696976,0.003921568393707275,0.16044541812470545,0.11280549818459731,0.14509804546833038,0.04313725605607033,0.3960784375667572,0.0470588244497776,0.09952671003752742,0.03894523466969359,0.21902993407688642,0.038224975647110686,0.21176470816135406,0.03921568766236305,0.07450980693101883,0.0313725508749485,0.07450980693101883,0.0313725508749485,0.018290104559532717,0.0030777027717246003,0.10584178440936928,0.0032670972562312437,0.3186274617910385,0.03921568766236305,446.03957783935647,446.31209502147294,39.823784402373896,39.83369330330372,0.0,0.0,446.2,39.82105263157895,0,446.0,450.0,40.0,41.0,0.0,0.0,18
1,19,0,0,1,0,3.1529412493109703,1.156862784177065,18.498039714992046,3.8509805239737034,0.13235294818878174,0.03921568766236305,0.0470588356256485,0.0,0.0711157164995723,0.035277467691879255,0.16470588743686676,0.04313725605607033,0.29411765933036804,0.0470588244497776,0.10872211204520588,0.03989182014403672,0.19070144036074274,0.0397008301440588,0.20392157137393951,0.03921568766236305,0.0784313753247261,0.03529411926865578,0.0784313753247261,0.03529411926865578,0.024171904151061182,0.0027381278599613954,0.06267258984172883,0.002715642550687604,0.24705882370471954,0.04313725605607033,199.98452405800782,199.9327902264697,45.61267755181696,45.57026476354401,0.0,0.0,199.95876288659792,45.54639175257732,0,199.0,199.0,48.0,45.0,0.0,0.0,19
1,20,0,0,1,0,3.85098048299551,1.4666667133569717,29.80392251908779,5.521568808704615,0.1617647111415863,0.03921568766236305,0.052941180765628815,0.0,0.07534793659389943,0.05440626211616622,0.1725490242242813,0.0470588244497776,0.34117648005485535,0.0470588244497776,0.10697168008320862,0.04074074203769366,0.21754687970137074,0.04030342196134755,0.239215686917305,0.03921568766236305,0.06666667014360428,0.0313725508749485,0.06666667014360428,0.0313725508749485,0.030116625305395932,0.0029632831586110294,0.07712244389679207,0.002626608058001437,0.2813725620508194,0.04313725605607033,46.0378947356248,46.10369317695646,46.58513156790842,46.524857953259826,0.0,0.0,46.051094890510946,46.51094890510949,0,45.0,51.0,45.0,50.0,0.0,0.0,20
1,21,0,0,1,0,4.631372705101967,1.3960784785449505,24.898039668798447,5.231372728943825,0.16862745583057404,0.03921568766236305,0.019607841968536377,0.0,0.04963436867025042,0.0056877964442203196,0.18039216101169586,0.04313725605607033,0.2666666805744171,0.04313725605607033,0.13232493443148477,0.03988795652985573,0.18862151264241248,0.03963161158290776,0.20000000298023224,0.03921568766236305,0.08627451211214066,0.03529411926865578,0.08627451211214066,0.03529411926865578,0.0262371562144813,0.0023873696899327636,0.04043228652316293,0.0024259601242777444,0.21960784494876862,0.04313725605607033,107.6164750338576,107.611694152394,48.11671129630549,48.06896551716771,0.0,0.0,107.60606060606061,48.06818181818182,0,108.0,109.0,51.0,46.0,0.0,0.0,21
1,22,0,0,1,0,4.090196207165718,1.4509804397821426,29.780392915010452,5.980392351746559,0.1725490242242813,0.03921568766236305,0.03529411554336548,0.0,0.11840662022862365,0.023286367929095116,0.18431372940540314,0.0470588244497776,0.3137255012989044,0.0470588244497776,0.11361656131015883,0.04030501221617063,0.2012188710473679,0.04040805643071999,0.21960784494876862,0.03921568766236305,0.07450980693101883,0.0313725508749485,0.07450980693101883,0.0313725508749485,0.03406835662645767,0.003010952971096443,0.05925447617225897,0.002683802747713647,0.24313725531101227,0.04313725605607033,149.55319989012835,149.45114754112697,50.99144061273751,51.03081967427317,0.0,0.0,149.4527027027027,51.054054054054056,0,151.0,152.0,49.0,49.0,0.0,0.0,22
1,23,0,0,1,0,2.7490196898579597,1.0588235668838024,19.870588786900043,3.3372550271451473,0.125490203499794,0.03529411926865578,0.10000000149011612,0.003921568393707275,0.1305513393677512,0.03295853408220932,0.1568627506494522,0.04313725605607033,0.40784314274787903,0.04313725605607033,0.10181554406881332,0.03921568766236305,0.22839757226321888,0.038359253185576404,0.2294117659330368,0.03921568766236305,0.07450980693101883,0.03529411926865578,0.07450980693101883,0.0313725508749485,0.02237501072363912,0.0026143789291381836,0.10824902335537445,0.002815685689596687,0.32549020648002625,0.03921568766236305,455.0749950625618,455.0540540543859,50.81902506345328,50.65687426875346,0.0,0.0,455.0574712643678,50.689655172413794,0,456.0,453.0,50.0,46.0,0.0,0.0,23
1,24,0,0,1,0,4.243137337267399,1.4745098650455475,33.372549794614315,6.403921823948622,0.15000000596046448,0.03529411926865578,0.03529411554336548,0.003921568393707275,0.0746700275529621,0.013656357692045292,0.15294118225574493,0.04313725605607033,0.29411765933036804,0.04313725605607033,0.10607843343168497,0.036862746626138684,0.19516110991002522,0.03744983522776972,0.21176470816135406,0.03921568766236305,0.0784313753247261,0.0313725508749485,0.0784313753247261,0.0313725508749485,0.01558669437339831,0.0028817524668026022,0.057976275210799705,0.0027538882527394096,0.24313725531101227,0.03921568766236305,495.91069330783193,495.8726270654573,52.22408930555111,52.16533986570147,0.0,0.0,495.859649122807,52.16959064327485,0,498.0,494.0,53.0,56.0,0.0,0.0,24
1,25,1,1,0,1,3.788235366344452,3.1137255914509296,34.77647162973881,35.015687350183725,0.1411764770746231,0.12941177189350128,0.14901962131261826,0.188235305249691,0.22732531538438464,0.14846883084598622,0.21960784494876862,0.19607843458652496,0.6313725709915161,0.7803921699523926,0.11479501110134703,0.09435532095305847,0.31614974208853464,0.31832443045621567,0.2549019753932953,0.2980392277240753,0.0784313753247261,0.054901961237192154,0.0784313753247261,0.054901961237192154,0.034191160689010625,0.033021708720456545,0.2021318642024976,0.21024999250139312,0.5058823823928833,0.5039215981960297,129.97992782748565,129.98790457667235,52.228574645170106,52.06193303502567,0.0,0.0,130.13636363636363,52.06363636363636,0,129.0,127.0,53.0,51.0,0.0,0.0,25
1,26,0,0,1,0,4.749019756913185,1.505882404744625,27.44313772022724,5.9137256890535355,0.1568627506494522,0.03921568766236305,0.027450978755950928,0.0,0.14097740895065575,0.030818378031923426,0.18039216101169586,0.04313725605607033,0.250980406999588,0.0470588244497776,0.12497420412929434,0.03962848433538487,0.18542660621775164,0.039957606007118486,0.19607843458652496,0.03921568766236305,0.07450980693101883,0.03529411926865578,0.07450980693101883,0.0313725508749485,0.02984098461020571,0.0021647240158024204,0.04371402328463148,0.0025929261459742073,0.2235294133424759,0.04313725605607033,174.31580452044727,174.3547745329701,53.21063162005422,53.356100795313175,0.0,0.0,174.32432432432432,53.351351351351354,0,174.0,177.0,50.0,59.0,0.0,0.0,26
1,27,0,0,1,0,4.53725503385067,1.5803922079503536,36.07451097667217,6.815686494112015,0.18039216101169586,0.03921568766236305,0.023529425263404846,0.003921568393707275,0.06634457613040605,0.00243082934566859,0.1882352977991104,0.0470588244497776,0.2980392277240753,0.0470588244497776,0.11633987266283768,0.040522877126932144,0.214729232004001,0.04056956246495247,0.239215686917305,0.03921568766236305,0.06666667014360428,0.03529411926865578,0.06666667014360428,0.0313725508749485,0.03076758891161273,0.00311876550928472,0.060882874226856815,0.002805396506468543,0.25882354378700256,0.04313725605607033,82.41461028518954,82.39528193303396,55.247200787598615,55.18469505176793,0.0,0.0,82.39285714285714,55.18452380952381,0,83.0,88.0,54.0,53.0,0.0,0.0,27
1,28,0,0,1,0,3.6784314960241318,1.1764706335961819,19.701961115002632,4.070588394999504,0.14509804546833038,0.03529411926865578,0.0313725471496582,0.003921568393707275,0.025823155907161662,0.04786560067814283,0.15294118225574493,0.04313725605607033,0.2549019753932953,0.04313725605607033,0.11865908051690748,0.03795066559987684,0.182425565879654,0.03769063328703245,0.19607843458652496,0.03921568766236305,0.0784313753247261,0.0313725508749485,0.0784313753247261,0.0313725508749485,0.022316799414184463,0.0028846941357100232,0.04652468983550118,0.002605285409658716,0.21960784494876862,0.03921568766236305,418.1275875785693,418.10597302464083,58.91878981322996,58.96435452322494,0.0,0.0,418.10185185185185,58.916666666666664,0,420.0,415.0,59.0,56.0,0.0,0.0,28
1,29,0,0,1,0,4.866666778922081,1.5725490637123585,25.80000053346157,5.486274670809507,0.17450980842113495,0.03921568766236305,0.027450978755950928,0.003921568393707275,0.08353168152564128,0.2161904325703797,0.239215686917305,0.062745101749897,0.29019609093666077,0.062745101749897,0.13518518830339113,0.0436819184364544,0.198461542565089,0.042202112852380826,0.21176470816135406,0.04313725605607033,0.0784313753247261,0.03529411926865578,0.0784313753247261,0.0313725508749485,0.0439076205049795,0.006801957734585433,0.050662652494550965,0.004834928451657671,0.23529411852359772,0.04313725605607033,124.32299741348133,124.38741957743834,60.83006536561139,60.70693353711303,0.0,0.0,124.25384615384615,60.87692307692308,0,125.0,130.0,63.0,58.0,0.0,0.0,29
1,30,0,0,1,0,3.2431373447179794,1.0235294476151466,17.592157408595085,3.227451089769602,0.16568627953529358,0.03921568766236305,0.05882352590560913,0.0,0.09687970826085801,0.011103892974214793,0.1725490242242813,0.0470588244497776,0.3607843220233917,0.0470588244497776,0.12473605171992229,0.03936651721596718,0.2171871285011739,0.03984507518234076,0.22745098173618317,0.03921568766236305,0.0784313753247261,0.0313725508749485,0.0784313753247261,0.0313725508749485,0.03093624397563222,0.003348959575827546,0.07474912009099662,0.00285439885634409,0.27843138575553894,0.04313725605607033,200.52674989204695,200.44471445927002,63.343958977317826,63.38396111889933,0.0,0.0,200.44444444444446,63.39506172839506,0,199.0,205.0,64.0,64.0,0.0,0.0,30
1,31,0,0,1,0,5.533333510160446,1.7725490778684616,38.20784370601177,8.109804186969995,0.1725490242242813,0.03921568766236305,0.023529410362243652,0.0,0.05610355666153705,0.015624596207176782,0.1725490242242813,0.0470588244497776,0.24705882370471954,0.0470588244497776,0.12575757977637378,0.04028520631519231,0.19008877465677498,0.040347284512288535,0.20000000298023224,0.03921568766236305,0.08235294371843338,0.03529411926865578,0.08235294371843338,0.0313725508749485,0.024581326566065185,0.0032771435320912965,0.040441384327298276,0.0028647591452907605,0.21960784494876862,0.04313725605607033,52.678846347069225,52.62330754384883,71.0385918157946,71.04448742887088,0.0,0.0,52.62686567164179,71.05970149253731,0,56.0,54.0,72.0,75.0,0.0,0.0,31
1,32,0,0,1,0,4.172549158334732,1.2274510227143764,17.870588704943657,4.231372699141502,0.14901961386203766,0.03921568766236305,0.0156862735748291,0.0,0.06642843576547099,0.022675553578757862,0.16078431904315948,0.04313725605607033,0.23529411852359772,0.0470588244497776,0.1345983599462817,0.03959519428110892,0.1654684139346635,0.0391793768439028,0.16470588743686676,0.03921568766236305,0.10196078568696976,0.03529411926865578,0.10196078568696976,0.03529411926865578,0.017884748803786373,0.0025109970978065515,0.02793666345760077,0.002586747639713062,0.18039216101169586,0.03921568766236305,231.18433180141574,231.2632066715895,70.87886767274786,70.90732159231595,0.0,0.0,231.25,70.88888888888889,0,229.0,235.0,72.0,70.0,0.0,0.0,32
1,33,0,0,1,0,3.5607844218611717,1.1843137703835964,20.552941732108593,3.9764707386493683,0.14509804546833038,0.03529411926865578,0.03921569883823395,0.003921568393707275,0.026801886126413443,0.04787102057984948,0.16470588743686676,0.04313725605607033,0.3019607961177826,0.0470588244497776,0.1148640136084249,0.038203670012374076,0.1976244397318134,0.038235295563936234,0.21960784494876862,0.03921568766236305,0.0784313753247261,0.03529411926865578,0.0784313753247261,0.0313725508749485,0.02603549722952008,0.0029828780315808217,0.06144827676157242,0.0028647690469270786,0.24705882370471954,0.03921568766236305,393.3005151729126,393.30374753302743,71.20683074718204,71.27613411786804,0.0,0.0,393.28846153846155,71.23076923076923,0,395.0,395.0,70.0,74.0,0.0,0.0,33
1,34,0,0,1,0,5.874509982764721,2.156862825155258,52.02353074401617,9.176470950245857,0.14509804546833038,0.03529411926865578,0.04313726723194122,0.003921568393707275,0.7154066805929246,0.004237618142523649,0.1568627506494522,0.04313725605607033,0.615686297416687,0.04313725605607033,0.10490196397794145,0.03851540759205818,0.21321119157383678,0.03760848750100761,0.21568627655506134,0.03921568766236305,0.07450980693101883,0.0313725508749485,0.07450980693101883,0.0313725508749485,0.022050264479338128,0.002880526971332852,0.10018318388704366,0.0027844945724056856,0.24705882370471954,0.03921568766236305,495.0333936165509,495.7346153849214,72.70337705634182,72.58076923048193,0.0,0.0,495.73770491803276,72.57786885245902,0,490.0,500.0,73.0,78.0,0.0,0.0,34
1,35,0,0,1,0,3.9647059962153435,1.3019608333706856,24.047059468925,4.584313903003931,0.15294118225574493,0.03529411926865578,0.0470588356256485,0.003921568393707275,0.12455590673364578,0.0518252487243157,0.16862745583057404,0.04313725605607033,0.30588236451148987,0.04313725605607033,0.11660899988868657,0.03829296568737311,0.19873602866880163,0.03788689176036306,0.21176470816135406,0.03921568766236305,0.0784313753247261,0.0313725508749485,0.0784313753247261,0.0313725508749485,0.025061769328479512,0.003162931576365485,0.061253158888914576,0.0028766194435807108,0.24705882370471954,0.03921568766236305,443.19536855295775,443.18306244153746,76.32224397261518,76.22497861320682,0.0,0.0,443.1322314049587,76.21487603305785,0,445.0,445.0,79.0,72.0,0.0,0.0,35
1,36,0,0,1,0,4.25882364064455,1.6039216220378876,36.592157773673534,7.054902199655771,0.1774509847164154,0.03921568766236305,0.0313725620508194,0.0019607841968536377,0.053005316052720956,0.022286654684478147,0.18431372940540314,0.04313725605607033,0.30980393290519714,0.0470588244497776,0.10647059101611375,0.04009804055094719,0.2067353546535228,0.03985820451782922,0.22745098173618317,0.03921568766236305,0.06666667014360428,0.03529411926865578,0.06666667014360428,0.0313725508749485,0.030823006318650342,0.0028397544107296403,0.06242014510028074,0.0028310857459479663,0.250980406999588,0.04313725605607033,167.51516449059054,167.5864369073879,82.92208765364263,82.90994997164645,0.0,0.0,167.56497175141243,82.90395480225989,0,165.0,166.0,83.0,88.0,0.0,0.0,36
1,37,0,0,1,0,4.431372672319412,1.5372549518942833,32.43529488146305,6.466666877269745,0.1764705926179886,0.03921568766236305,0.0313725620508194,0.0,0.08230883343002349,0.0146726745868363,0.18039216101169586,0.0470588244497776,0.29411765933036804,0.0470588244497776,0.11661507032419506,0.04045407768142851,0.20272059300914408,0.0404166679829359,0.21960784494876862,0.03921568766236305,0.07450980693101883,0.03529411926865578,0.07450980693101883,0.03529411926865578,0.027797959142234617,0.0022229781160593045,0.05530836646213682,0.002518553646346338,0.24705882370471954,0.04313725605607033,74.55543465760721,74.48211037099401,84.88574538582755,84.82231655631159,0.0,0.0,74.49375,84.83125,0,74.0,80.0,86.0,84.0,0.0,0.0,37
1,38,0,0,1,0,3.988235428929329,1.1803922057151794,18.4980396181345,4.007843296974897,0.15294118225574493,0.03529411926865578,0.023529410362243652,0.003921568393707275,0.04054493260017947,0.02290421742938585,0.16078431904315948,0.04313725605607033,0.2666666805744171,0.04313725605607033,0.12463235715404153,0.03688725642859936,0.17287887493583642,0.03745647941098035,0.18039216101169586,0.03921568766236305,0.08627451211214066,0.0313725508749485,0.08627451211214066,0.0313725508749485,0.024029299022534967,0.002748487764119241,0.039267407466689254,0.0029963616958349768,0.19705882668495178,0.03921568766236305,429.36167055651686,429.3923679070115,84.67818528927538,84.6937377670075,0.0,0.0,429.4018691588785,84.67289719626169,0,427.0,434.0,84.0,88.0,0.0,0.0,38
1,39,0,0,1,0,4.568627581000328,1.4470588713884354,21.070588782429695,5.254902131855488,0.14901961386203766,0.03921568766236305,0.0156862735748291,0.003921568393707275,0.09671827102122423,0.0476641160799692,0.16470588743686676,0.0470588244497776,0.21568627655506134,0.0470588244497776,0.12690632169445357,0.04019607976078987,0.1620814521725361,0.04042232409119606,0.16862745583057404,0.03921568766236305,0.09019608050584793,0.03529411926865578,0.09019608050584793,0.03529411926865578,0.023404769512286528,0.0031174481848292106,0.028625544028538702,0.0027449321238287613,0.18039216101169586,0.04313725605607033,110.9962776776128,110.94402984668851,86.64768285847674,86.6567164162281,0.0,0.0,110.9,86.63846153846154,0,112.0,117.0,86.0,88.0,0.0,0.0,39
1,40,1,1,0,1,3.2313726246356964,3.592156946659088,35.6509814709425,45.19215799868107,0.125490203499794,0.13333334028720856,0.17647060006856918,0.24313726276159286,0.04572420990979894,0.1217098483813588,0.15294118225574493,0.23137255012989044,0.615686297416687,0.9607843160629272,0.10098039451986551,0.1122549045830965,0.3183123345619866,0.40350141070250956,0.2823529541492462,0.35686275362968445,0.07450980693101883,0.062745101749897,0.07450980693101883,0.062745101749897,0.017917321290589924,0.041683964323989374,0.2050161180581963,0.26518546050299224,0.5647059082984924,0.6392157077789307,127.98790012542992,127.91712947002175,87.0116598817264,86.98290524021134,0.0,0.0,128.02678571428572,87.03571428571429,0,130.0,124.0,88.0,89.0,0.0,0.0,40
1,41,0,0,1,0,3.9725491404533386,1.3058824054896832,22.756863236427307,5.086274707689881,0.14803922176361084,0.03529411926865578,0.027450978755950928,0.003921568393707275,0.05872963547205311,0.03190368722718351,0.14901961386203766,0.04313725605607033,0.24705882370471954,0.04313725605607033,0.11350140401295253,0.037310925871133806,0.16856935730686895,0.037676108945850974,0.1725490242242813,0.03921568766236305,0.09019608050584793,0.0313725508749485,0.09019608050584793,0.027450980618596077,0.01707939621910314,0.002712317695343947,0.03900593170094511,0.002867736448358831,0.20000000298023224,0.03921568766236305,498.5815957279083,498.6152659986387,97.5819403716338,97.51966075859687,0.0,0.0,498.6296296296296,97.54814814814814,0,497.0,498.0,97.0,99.0,0.0,0.0,41
1,42,0,0,1,0,3.564705990254879,1.2509804405272007,22.83529483526945,3.9843138828873634,0.13725490868091583,0.03529411926865578,0.058823540806770325,0.003921568393707275,0.07049554474715829,0.012903398651260542,0.16470588743686676,0.04313725605607033,0.35686275362968445,0.04313725605607033,0.10802139364408725,0.03790849819779396,0.21542730976669294,0.03758786681969211,0.239215686917305,0.03921568766236305,0.06666667014360428,0.03529411926865578,0.06666667014360428,0.0313725508749485,0.02789875000355291,0.0026731363538479687,0.08272780959526804,0.002631656408998053,0.29019609093666077,0.03921568766236305,481.54679718144314,481.48326771725874,100.4104413521081,100.35728346562155,0.0,0.0,481.49056603773585,100.36792452830188,0,481.0,485.0,103.0,101.0,0.0,0.0,42
1,43,0,0,1,0,4.043137386441231,1.3137255311012268,19.254902318120003,4.254902098327875,0.15000000596046448,0.03921568766236305,0.027450978755950928,0.003921568393707275,0.02682289150729219,0.02346160532953147,0.1725490242242813,0.0470588244497776,0.26274511218070984,0.0470588244497776,0.12634804332628846,0.04105392284691334,0.18338002207733337,0.040522877126932144,0.1921568661928177,0.03921568766236305,0.07450980693101883,0.0313725508749485,0.07450980693101883,0.0313725508749485,0.024738821389515386,0.0033939660781269407,0.044127580665062616,0.0030933748656072064,0.21568627655506134,0.04313725605607033,55.606313648919745,55.616589860226036,104.57393075861997,104.58341013977396,0.0,0.0,55.6,104.6,0,59.0,58.0,104.0,106.0,0.0,0.0,43
1,44,0,0,1,0,3.5450981482863426,1.1686274893581867,18.90196118503809,3.862745225429535,0.1568627506494522,0.03921568766236305,0.0313725471496582,0.003921568393707275,0.025563635079129565,0.044837754818752115,0.16078431904315948,0.04313725605607033,0.30588236451148987,0.0470588244497776,0.12224476373401182,0.04029749963304092,0.19689542901081344,0.040236929431557655,0.21176470816135406,0.03921568766236305,0.0784313753247261,0.03529411926865578,0.0784313753247261,0.0313725508749485,0.02432874940947564,0.0027045299266946726,0.056687574537137325,0.0029544790899930194,0.23529411852359772,0.04313725605607033,138.39170124587804,138.38883248988665,107.63049792718269,107.58984771899057,0.0,0.0,138.41666666666666,107.625,0,138.0,136.0,107.0,105.0,0.0,0.0,44
1,45,0,0,1,0,4.1411766186356544,1.3058823943138123,18.647059373557568,4.686274666339159,0.14509804546833038,0.03921568766236305,0.0156862735748291,0.0,0.0706273906663919,0.02528136022310302,0.16078431904315948,0.05098039284348488,0.21960784494876862,0.05098039284348488,0.1294117693323642,0.04080882482230663,0.15937657584237236,0.04005362962683042,0.16470588743686676,0.03921568766236305,0.09803921729326248,0.03529411926865578,0.09803921729326248,0.03529411926865578,0.016838790196289817,0.0032307415541151553,0.024045846616922266,0.002752942245616029,0.1764705926179886,0.04313725605607033,191.56319663128804,191.60251045826868,108.46161936086406,108.51631799289638,0.0,0.0,191.5811965811966,108.52991452991454,0,194.0,198.0,106.0,107.0,0.0,0.0,45
1,46,0,0,1,0,3.498039312660694,1.317647099494934,24.49803999811411,4.600000146776438,0.1411764770746231,0.03921568766236305,0.05686274915933609,0.0,0.07586984625592519,0.025343652574376253,0.16862745583057404,0.0470588244497776,0.33725491166114807,0.0470588244497776,0.10931372852064669,0.04117647185921669,0.21679681414260274,0.04070796590067644,0.23529411852359772,0.03921568766236305,0.07450980693101883,0.03529411926865578,0.07450980693101883,0.03529411926865578,0.02450490280906852,0.0025938736797701213,0.0783123703673399,0.0024647273775835503,0.2813725620508194,0.04313725605607033,97.55962862160212,97.52344416258153,109.54410116771712,109.4714407499922,0.0,0.0,97.54867256637168,109.46902654867256,0,96.0,98.0,112.0,104.0,0.0,0.0,46
1,47,0,0,1,0,3.819607950747013,1.3058823943138123,22.17647112160921,4.541176617145538,0.16470588743686676,0.03921568766236305,0.03529413044452667,0.0,0.08210375619949054,0.015423650528666268,0.18039216101169586,0.0470588244497776,0.2980392277240753,0.0470588244497776,0.11936274846084416,0.04080882482230663,0.1980042064429394,0.040546219795942307,0.21568627655506134,0.03921568766236305,0.08235294371843338,0.03529411926865578,0.08235294371843338,0.03529411926865578,0.033013715553593774,0.002567686959669236,0.05846059012360126,0.00248870512391887,0.239215686917305,0.04313725605607033,76.46560566041052,76.39378238415502,111.64986737137906,111.61139896251919,0.0,0.0,76.40178571428571,111.59821428571429,0,79.0,77.0,112.0,109.0,0.0,0.0,47
1,48,0,0,1,0,3.6745099276304245,1.188235331326723,19.015686884522438,3.6274510957300663,0.15000000596046448,0.03921568766236305,0.05686275660991669,0.003921568393707275,0.08206328617035073,0.010868958927884528,0.1725490242242813,0.0470588244497776,0.34117648005485535,0.0470588244497776,0.12670723888380775,0.04097363211471459,0.21365940319688131,0.04075787748011311,0.22549019753932953,0.03921568766236305,0.07058823853731155,0.03921568766236305,0.07058823853731155,0.03529411926865578,0.030656180953506015,0.002434076934025206,0.07250849134541637,0.002733300109260764,0.2774509936571121,0.04313725605607033,37.58218189739345,37.63999999901411,114.53949268546914,114.60540540552753,0.0,0.0,37.62921348314607,114.6067415730337,0,38.0,38.0,116.0,110.0,0.0,0.0,48
1,49,1,1,0,1,4.2549020648002625,2.462745152413845,56.850982174277306,24.682353638112545,0.1617647111415863,0.06666667014360428,0.19411765038967133,0.08431373164057732,0.1357890112310189,0.7706235904440529,0.18039216101169586,0.10980392247438431,0.6352941393852234,0.3764705955982208,0.10910005294359647,0.063147311600355,0.35311169052346153,0.15330654433610277,0.3392156958580017,0.14313726127147675,0.07058823853731155,0.03921568766236305,0.07058823853731155,0.03921568766236305,0.02616196235213536,0.019166370280859282,0.19979207110996947,0.08610916721884694,0.5519608110189438,0.239215686917305,212.1956266853448,212.88052112452527,114.52293577956523,114.89847474570713,0.0,0.0,212.27950310559007,114.41614906832298,0,214.0,211.0,116.0,114.0,0.0,0.0,49
1,50,0,0,1,0,4.035294234752655,1.5058824010193348,35.65098159015179,6.15294136479497,0.1666666716337204,0.03921568766236305,0.04313726723194122,0.003921568393707275,0.11879691261918691,0.03638765553644677,0.1725490242242813,0.0470588244497776,0.3843137323856354,0.0470588244497776,0.10906200634466635,0.04069952435187391,0.23926833281981064,0.041294908488556846,0.27450981736183167,0.04313725605607033,0.07058823853731155,0.03529411926865578,0.07058823853731155,0.03529411926865578,0.02801061651785841,0.003204285226673929,0.08513039772627257,0.002963926295038764,0.3019607961177826,0.04313725605607033,114.19128809081516,114.1032504765679,114.89627103462779,114.80624601951921,0.0,0.0,114.08724832214764,114.83892617449665,0,116.0,115.0,112.0,108.0,0.0,0.0,50
1,51,0,0,1,0,4.486274637281895,1.5254902467131615,30.62745150178671,6.364706087857485,0.17352941632270813,0.03921568766236305,0.023529410362243652,0.003921568393707275,0.08136426707014269,0.0307441656881981,0.16470588743686676,0.04313725605607033,0.27450981736183167,0.0470588244497776,0.11805985887583934,0.040144480176662146,0.19507930892857778,0.0405395292220222,0.21176470816135406,0.03921568766236305,0.0784313753247261,0.03529411926865578,0.0784313753247261,0.0313725508749485,0.025347534025392957,0.002612794251111997,0.04956860998835913,0.003052243179209145,0.23137255012989044,0.04313725605607033,166.13982074408665,166.0733210095898,116.88847631853321,116.9463955610877,0.0,0.0,166.06369426751593,116.9171974522293,0,164.0,163.0,116.0,116.0,0.0,0.0,51
1,52,0,0,1,0,7.27451004832983,2.286274589598179,53.274511098861694,11.600000411272049,0.14901961386203766,0.03921568766236305,0.0313725471496582,0.0,0.3628206889407915,0.012383362141693556,0.1725490242242813,0.0470588244497776,0.2980392277240753,0.0470588244497776,0.12542258704016948,0.039418527406865154,0.1799814564150733,0.03918919057862179,0.18039216101169586,0.03921568766236305,0.08235294371843338,0.0313725508749485,0.08235294371843338,0.0313725508749485,0.023331276557897265,0.0028598086169060884,0.043127470123978856,0.0027728410047846517,0.21176470816135406,0.03921568766236305,286.49679791623606,286.1612576075403,120.95958777955619,120.8029073693112,0.0,0.0,286.1722972972973,120.79729729729729,0,288.0,285.0,123.0,129.0,0.0,0.0,52
1,53,0,0,1,0,3.949019744992256,1.325490240007639,22.917647570371628,4.831372708082199,0.1568627506494522,0.03921568766236305,0.03529411554336548,0.0,0.08337753733796252,0.03725372931311778,0.16078431904315948,0.04313725605607033,0.2823529541492462,0.0470588244497776,0.11966726499976534,0.040166370909322395,0.19098039641976355,0.04026143923401833,0.20000000298023224,0.03921568766236305,0.08235294371843338,0.03529411926865578,0.08235294371843338,0.03529411926865578,0.025288222343665526,0.0027357964936709092,0.05205159270299251,0.0027137958502747865,0.22745098173618317,0.04313725605607033,77.53097193709284,77.41314935405904,126.86344969342571,126.888798700793,0.0,0.0,77.45,126.88333333333334,0,76.0,80.0,128.0,129.0,0.0,0.0,53
1,54,0,0,1,0,3.603921689093113,1.2196078896522522,19.454902417957783,3.9882354475557804,0.13333334028720856,0.03529411926865578,0.04313725233078003,0.0,0.14268560532118926,0.024115980524379462,0.14901961386203766,0.04313725605607033,0.2862745225429535,0.04313725605607033,0.11262255278415978,0.03811274655163288,0.18528478493293127,0.03798319473862648,0.20000000298023224,0.03921568766236305,0.08235294371843338,0.0313725508749485,0.08235294371843338,0.0313725508749485,0.020848828314527824,0.002447914603533864,0.05579579570612896,0.002439388208335268,0.23039215803146362,0.03921568766236305,430.34952631289826,430.2143559483953,127.45817375168231,127.50934119728942,0.0,0.0,430.20952380952383,127.48571428571428,0,432.0,433.0,127.0,128.0,0.0,0.0,54
1,55,0,0,1,0,3.639215797185898,1.3333333767950535,26.215687170624733,4.647058974951506,0.14901961386203766,0.03921568766236305,0.0627450942993164,0.003921568393707275,0.049254927491431684,0.005268251616219063,0.16470588743686676,0.0470588244497776,0.3686274588108063,0.05098039284348488,0.11027926658139084,0.040404041721062225,0.22796249713586725,0.04040920847783918,0.2549019753932953,0.03921568766236305,0.07058823853731155,0.03529411926865578,0.07058823853731155,0.03529411926865578,0.028765045211515277,0.003271752603071807,0.0866094775110845,0.0031104528072003717,0.29411765933036804,0.04313725605607033,122.79341810169429,122.76033755239084,133.6239341855784,133.5949367085259,0.0,0.0,122.75652173913043,133.59130434782608,0,123.0,125.0,134.0,135.0,0.0,0.0,55
1,56,0,0,1,0,3.450980491936207,1.2431373037397861,23.286275260150433,4.262745264917612,0.1352941244840622,0.03529411926865578,0.0470588356256485,0.003921568393707275,0.1037128545269023,0.0297801529246777,0.14509804546833038,0.04313725605607033,0.3137255012989044,0.04313725605607033,0.1045751664223093,0.03767082738605412,0.2060732323907118,0.03772340942404966,0.23529411852359772,0.03921568766236305,0.07058823853731155,0.0313725508749485,0.07058823853731155,0.0313725508749485,0.021816577898932574,0.002720266776007904,0.07339363821730227,0.002625156969896993,0.2705882489681244,0.03921568766236305,469.85618053161414,469.8114075457178,135.74873693666513,135.87120514965616,0.0,0.0,469.83185840707966,135.8495575221239,0,468.0,466.0,137.0,140.0,0.0,0.0,56
1,57,0,0,1,0,3.5137255862355232,1.192156907171011,19.19215727597475,3.925490342080593,0.13725490868091583,0.03529411926865578,0.03529411554336548,0.0,0.007394737469927405,0.01566684344216938,0.1725490242242813,0.0470588244497776,0.30980393290519714,0.0470588244497776,0.11334598665275882,0.03845667442487132,0.18815840466641912,0.03848519943216268,0.20000000298023224,0.03921568766236305,0.0784313753247261,0.0313725508749485,0.0784313753247261,0.0313725508749485,0.024568151305750227,0.0032152471270505286,0.05728075819823473,0.0027854662986683733,0.22745098173618317,0.03921568766236305,441.5827543939902,441.6023976010267,140.34797711804606,140.3596403589919,0.0,0.0,441.5882352941176,140.35294117647058,0,443.0,447.0,142.0,140.0,0.0,0.0,57
1,58,0,0,1,0,3.44705893099308,1.2235294505953789,19.239216297864914,3.866666790097952,0.14313726127147675,0.03921568766236305,0.05098038911819458,0.003921568393707275,0.04430280433964244,0.007074036744770974,0.1764705926179886,0.0470588244497776,0.32156863808631897,0.0470588244497776,0.114901964366436,0.04078431501984596,0.2025180662933149,0.0407017556852416,0.21568627655506134,0.03921568766236305,0.0784313753247261,0.03529411926865578,0.0784313753247261,0.03529411926865578,0.02936641518504241,0.00313725471496582,0.06926618210930989,0.002855168699299059,0.26274511218070984,0.04313725605607033,110.36893599438845,110.40365111624793,148.6057888300172,148.6227180525859,0.0,0.0,110.41052631578947,148.62105263157895,0,112.0,112.0,148.0,155.0,0.0,0.0,58
1,59,0,0,1,0,3.9803922697901726,1.262745138257742,18.823529832065105,4.494117792695761,0.14901961386203766,0.03921568766236305,0.023529410362243652,0.003921568393707275,0.09185135133365145,0.013434338431327998,0.16862745583057404,0.0470588244497776,0.21960784494876862,0.0470588244497776,0.12839975063839265,0.04073371413734651,0.16958134983842438,0.04048754768194379,0.1764705926179886,0.03921568766236305,0.09019608050584793,0.03529411926865578,0.09019608050584793,0.0313725508749485,0.01900314407539234,0.0030986585664544114,0.032055005137699176,0.003121411947651743,0.19607843458652496,0.04313725605607033,86.42979167538765,86.49738219960821,150.6660416675095,150.60122164153674,0.0,0.0,86.50450450450451,150.61261261261262,0,83.0,84.0,150.0,146.0,0.0,0.0,59
1,60,0,0,1,0,7.113725699484348,2.7058824375271797,79.654904268682,14.843137722462416,0.1568627506494522,0.03921568766236305,0.05490196496248245,0.003921568393707275,0.16005017760652238,0.03178225430077013,0.1882352977991104,0.0470588244497776,0.42352941632270813,0.05098039284348488,0.10778372271945982,0.04099821875041181,0.21943499798534988,0.040890186563257346,0.23137255012989044,0.03921568766236305,0.07058823853731155,0.03529411926865578,0.07058823853731155,0.0313725508749485,0.028689833268888274,0.0029108610775783854,0.08228971945953782,0.0027981796329345273,0.2705882489681244,0.04313725605607033,172.63701259616144,172.536063406787,146.99478141233692,147.07688243318006,0.0,0.0,172.5206611570248,147.1046831955923,0,176.0,180.0,142.0,139.0,0.0,0.0,60
1,61,0,0,1,0,4.0588236674666405,1.2862745597958565,22.066667191684246,4.403921738266945,0.14509804546833038,0.03529411926865578,0.03529411554336548,0.0,0.10593305920367399,0.006296820891261424,0.16470588743686676,0.04313725605607033,0.2823529541492462,0.04313725605607033,0.11937716669019531,0.03783160469987813,0.19022988958348488,0.03796484257126677,0.20392157137393951,0.03921568766236305,0.0784313753247261,0.0313725508749485,0.0784313753247261,0.0313725508749485,0.025095719201784078,0.002989960928316315,0.05390895731251957,0.002801465820227148,0.23137255012989044,0.03921568766236305,422.2610627371392,422.1647373106821,151.552870091121,151.58860195964917,0.0,0.0,422.16379310344826,151.5948275862069,0,424.0,416.0,151.0,155.0,0.0,0.0,61
1,62,0,0,1,0,4.372549146413803,1.3960784785449505,19.094118267297745,5.184313889592886,0.1401960849761963,0.03921568766236305,0.011764705181121826,0.003921568393707275,0.0855528227327065,0.029747991768410663,0.14901961386203766,0.0470588244497776,0.20392157137393951,0.0470588244497776,0.12492997561182295,0.03988795652985573,0.1503473879314783,0.040821369209392805,0.15294118225574493,0.03921568766236305,0.10196078568696976,0.03529411926865578,0.10196078568696976,0.03529411926865578,0.013095352873322896,0.0027307690488758115,0.020874455761671865,0.0030477555819001063,0.16470588743686676,0.04313725605607033,47.737933870776246,47.81694402222833,154.1491065938263,154.23298033096904,0.0,0.0,47.79527559055118,154.21259842519686,0,47.0,50.0,151.0,159.0,0.0,0.0,62
1,63,0,0,1,0,3.8627452179789543,1.2117647528648376,19.435294456779957,4.027451129630208,0.15294118225574493,0.03529411926865578,0.03529411554336548,0.003921568393707275,0.09044216764904608,0.03014651637195882,0.16078431904315948,0.04313725605607033,0.2549019753932953,0.0470588244497776,0.12071078806184232,0.037867648527026176,0.1850980424455234,0.0383566774250496,0.20000000298023224,0.03921568766236305,0.08627451211214066,0.0313725508749485,0.08627451211214066,0.027450980618596077,0.024504596938098182,0.002876640660476468,0.049525752871472664,0.0030125033139899835,0.22745098173618317,0.03921568766236305,478.34362388292413,478.2775073023617,158.45924132084676,158.46348588450562,0.0,0.0,478.25714285714287,158.4857142857143,0,479.0,479.0,158.0,159.0,0.0,0.0,63
1,64,0,0,1,0,4.078431509435177,1.25098043307662,19.050980798900127,4.403921712189913,0.15392157435417175,0.03921568766236305,0.019607841968536377,0.0019607841968536377,0.06901837936839623,0.05992746625790572,0.16470588743686676,0.0470588244497776,0.239215686917305,0.0470588244497776,0.13156230675597344,0.04035420751860065,0.1747796403568819,0.04040295148798085,0.18039216101169586,0.03921568766236305,0.08627451211214066,0.03529411926865578,0.08627451211214066,0.03529411926865578,0.018736854468451834,0.003180216151994375,0.032734284031769825,0.002885401901161219,0.20000000298023224,0.04313725605607033,78.04158090037988,78.12911843101504,167.93659942211525,168.00178093866063,0.0,0.0,78.11009174311927,167.94495412844037,0,78.0,75.0,166.0,172.0,0.0,0.0,64
1,65,0,0,1,0,4.658823654055595,1.5450980998575687,36.60000082850456,7.0039218328893185,0.16862745583057404,0.03529411926865578,0.03333333134651184,0.0,0.05088147214711512,0.043675771047151896,0.1725490242242813,0.04313725605607033,0.2862745225429535,0.0470588244497776,0.11362984522086818,0.03768531950872119,0.20000000452734734,0.03827279690103453,0.21568627655506134,0.03921568766236305,0.0784313753247261,0.0313725508749485,0.0784313753247261,0.0313725508749485,0.025421869298284726,0.002580724391988794,0.05485142733695296,0.0026157837540268488,0.24313725531101227,0.03921568766236305,454.15782706835427,454.1556550986501,174.71595413730157,174.65229563516135,0.0,0.0,454.1912568306011,174.6775956284153,0,453.0,455.0,172.0,177.0,0.0,0.0,65
1,66,0,0,1,0,4.113725610077381,1.3019608370959759,24.756863184273243,5.101960990577936,0.15294118225574493,0.03529411926865578,0.02549019455909729,0.003921568393707275,0.06547574477536676,0.010040418499091854,0.1568627506494522,0.04313725605607033,0.2549019753932953,0.04313725605607033,0.11753501743078232,0.037198881059885024,0.18070703054214046,0.037240591172101725,0.19411765038967133,0.03529411926865578,0.08235294371843338,0.0313725508749485,0.08235294371843338,0.0313725508749485,0.02193447422304214,0.002545168854817236,0.0433152924468926,0.00242178214828971,0.21176470816135406,0.03921568766236305,489.11563440136814,489.06302844065857,178.73863456485415,178.78708685638787,0.0,0.0,489.0729927007299,178.78832116788323,0,492.0,489.0,179.0,173.0,0.0,0.0,66
1,67,0,0,1,0,4.635294258594513,1.5215686857700348,32.62353038787842,5.980392385274172,0.15294118225574493,0.03529411926865578,0.05686274915933609,0.003921568393707275,0.13283610138514232,0.017776234754210855,0.18039216101169586,0.0470588244497776,0.35686275362968445,0.0470588244497776,0.11588235646486282,0.03803921714425087,0.20779318718393897,0.038091671243784535,0.21960784494876862,0.03921568766236305,0.07058823853731155,0.0313725508749485,0.07058823853731155,0.0313725508749485,0.028976519441908367,0.0033043722631132134,0.07138030196962254,0.002835871838858946,0.2666666805744171,0.03921568766236305,436.3567736614461,436.3632786872571,180.01166005493639,179.89114753979374,0.0,0.0,436.3503184713376,179.87898089171975,0,438.0,441.0,179.0,178.0,0.0,0.0,67
1,68,0,0,1,0,3.6823530606925488,1.4352941699326038,37.64313839003444,6.184313923120499,0.16862745583057404,0.03921568766236305,0.07058824598789215,0.003921568393707275,0.17453325804100223,0.01515588751874648,0.1764705926179886,0.04313725605607033,0.4000000059604645,0.0470588244497776,0.09952305569439321,0.038791734322502804,0.24765222625022656,0.04068627581000328,0.27450981736183167,0.03921568766236305,0.054901961237192154,0.03529411926865578,0.054901961237192154,0.03529411926865578,0.028663528598557413,0.002543720039161475,0.10059593221225317,0.0030112900146859606,0.32549020648002625,0.04313725605607033,214.12417960029705,214.0830691182022,194.64225438393171,194.4590995574546,0.0,0.0,214.07894736842104,194.47368421052633,0,213.0,209.0,197.0,195.0,0.0,0.0,68
1,69,0,0,1,0,4.8745099529623985,1.5647059381008148,34.133334554731846,6.105882570147514,0.16078431904315948,0.03921568766236305,0.0470588356256485,0.0,0.1412104420101704,0.017490831533845844,0.1764705926179886,0.04313725605607033,0.3137255012989044,0.04313725605607033,0.12186274882405997,0.03911764845252037,0.21880342663289645,0.03914027288556099,0.24313725531101227,0.03921568766236305,0.07058823853731155,0.03529411926865578,0.07058823853731155,0.03529411926865578,0.030330584148058674,0.002054149567735388,0.06893305588894359,0.00256890375956525,0.27450981736183167,0.03921568766236305,386.7526424626013,386.90044958163355,199.6755514600637,199.66217083995915,0.0,0.0,386.89102564102564,199.64743589743588,0,386.0,383.0,198.0,196.0,0.0,0.0,69
1,70,0,0,1,0,3.7882354110479355,1.2196078896522522,25.043138027191162,4.3921570256352425,0.15882353484630585,0.03529411926865578,0.05490197241306305,0.0,0.13026979982810583,0.036185647965911824,0.1764705926179886,0.04313725605607033,0.3686274588108063,0.0470588244497776,0.11838235659524798,0.03811274655163288,0.21967664936132597,0.038527693207326685,0.239215686917305,0.03921568766236305,0.07450980693101883,0.03529411926865578,0.07450980693101883,0.0313725508749485,0.02990497562886966,0.0022430152116150737,0.07532726342817242,0.0025043376179401983,0.2764706015586853,0.03921568766236305,452.5001565889619,452.5803571461135,201.07203256741235,200.99553571556555,0.0,0.0,452.6140350877193,201.00877192982455,0,450.0,448.0,201.0,199.0,0.0,0.0,70
1,71,0,0,1,0,2.7764706686139107,0.9921568967401981,17.898039676249027,2.7686275504529476,0.12843137979507446,0.038235295563936234,0.10980392247438431,0.0,0.08560688530982488,0.037586811574019094,0.1725490242242813,0.0470588244497776,0.6039215922355652,0.0470588244497776,0.11105882674455643,0.03968627586960793,0.2520850658626624,0.038994754231731654,0.21176470816135406,0.03921568766236305,0.07058823853731155,0.03529411926865578,0.07058823853731155,0.03529411926865578,0.027723466866990697,0.0031993846021443374,0.15223949974653034,0.0027047431796729526,0.35686275362968445,0.03921568766236305,427.236853639427,427.11756374294646,202.6934706384736,202.72237960301064,0.0,0.0,427.15492957746477,202.71830985915494,0,426.0,423.0,204.0,204.0,0.0,0.0,71
1,72,0,0,1,0,4.211764819920063,1.4117647632956505,31.364706747233868,5.564706098288298,0.15294118225574493,0.03529411926865578,0.050980404019355774,0.003921568393707275,0.12707881398925844,0.01662797136934913,0.15294118225574493,0.04313725605607033,0.3333333432674408,0.04313725605607033,0.11083591631368588,0.03715170429725396,0.2133653520219991,0.03785514352577073,0.22745098173618317,0.03921568766236305,0.0784313753247261,0.0313725508749485,0.0784313753247261,0.0313725508749485,0.02315988275230986,0.0029479578959259226,0.07167476620328564,0.0029165051736278922,0.27450981736183167,0.03921568766236305,484.4901225270992,484.4890768140595,209.51937983056297,209.66173361369908,0.0,0.0,484.4829931972789,209.64625850340136,0,483.0,481.0,209.0,214.0,0.0,0.0,72
1,73,0,0,1,0,3.278431460261345,1.1647059209644794,18.988235875964165,3.7058824747800827,0.14901961386203766,0.03921568766236305,0.05490197241306305,0.0,0.11509666319890897,0.013118582884973378,0.1725490242242813,0.0470588244497776,0.34117648005485535,0.0470588244497776,0.11304936069866707,0.040162273136706186,0.20639386821700179,0.040281331247609596,0.21960784494876862,0.03921568766236305,0.0784313753247261,0.03529411926865578,0.0784313753247261,0.03529411926865578,0.02983147093571318,0.0028493990871883263,0.07569329517998381,0.0028386952981104426,0.2666666805744171,0.04313725605607033,253.44816192124165,253.46455026380778,214.9626187492847,214.85820105724156,0.0,0.0,253.45652173913044,214.84782608695653,0,255.0,253.0,216.0,220.0,0.0,0.0,73
1,74,0,0,1,0,5.0509805381298065,1.5960784889757633,35.18431442975998,7.101961046457291,0.16862745583057404,0.03529411926865578,0.027450978755950928,0.0,0.06377068888937548,0.016645942029944863,0.16862745583057404,0.0470588244497776,0.27843138575553894,0.0470588244497776,0.1231946472714587,0.0389287436335552,0.19121910016173901,0.03859761438292006,0.20000000298023224,0.03921568766236305,0.08235294371843338,0.0313725508749485,0.08235294371843338,0.0313725508749485,0.023110826672161446,0.002791873486260214,0.04551264178813844,0.0028389353129325175,0.22745098173618317,0.03921568766236305,433.90459207073746,433.890115959198,218.80584039275607,218.8580894544483,0.0,0.0,433.9021739130435,218.8695652173913,0,436.0,426.0,218.0,220.0,0.0,0.0,74
1,75,0,0,1,0,3.145098127424717,1.1411765106022358,19.23529475182295,3.7411765940487385,0.13431373238563538,0.03921568766236305,0.05882353335618973,0.0,0.0915530305256387,0.024029397965338137,0.16862745583057404,0.04313725605607033,0.32549020648002625,0.0470588244497776,0.10845165956636955,0.039350914158697785,0.2068311263636876,0.04022770531235203,0.23137255012989044,0.03921568766236305,0.07058823853731155,0.0313725508749485,0.07058823853731155,0.0313725508749485,0.02676186951224158,0.0028171285212002643,0.07571274997462633,0.00262929898190604,0.272549033164978,0.04313725605607033,265.32069316727296,265.3270440267354,220.63690111695908,220.5314465424493,0.0,0.0,265.3440860215054,220.5483870967742,0,265.0,264.0,222.0,224.0,0.0,0.0,75
1,76,0,0,1,0,4.415686406195164,1.5411765240132809,34.81176579743624,6.321568857878447,0.18039216101169586,0.03529411926865578,0.0313725471496582,0.0,0.07723401849283282,0.007185086564325579,0.16862745583057404,0.0470588244497776,0.29411765933036804,0.0470588244497776,0.11322272836397855,0.039517346769571304,0.2135691153216947,0.03878263102992912,0.239215686917305,0.03921568766236305,0.07450980693101883,0.03529411926865578,0.07450980693101883,0.0313725508749485,0.028155571314044378,0.002571485387711816,0.06346758285034931,0.0027816687253906917,0.25882354378700256,0.03921568766236305,402.9540385283556,402.96650124096607,227.07153316954376,227.15384615321153,0.0,0.0,402.96932515337426,227.14723926380367,0,404.0,402.0,229.0,227.0,0.0,0.0,76
1,77,0,0,1,0,3.917647175490856,1.2745098508894444,22.443137608468533,4.6509805675596,0.14901961386203766,0.03529411926865578,0.023529410362243652,0.0,0.033353747161885425,0.02236664170169794,0.18039216101169586,0.04313725605607033,0.250980406999588,0.04313725605607033,0.11871658107548048,0.038621510633013466,0.1839601443317093,0.03812279153737377,0.20000000298023224,0.03921568766236305,0.09019608050584793,0.03529411926865578,0.09019608050584793,0.027450980618596077,0.021113279181615305,0.0021847623547275315,0.04469585442070057,0.0029816054379198185,0.21960784494876862,0.03921568766236305,467.6589201475812,467.7006745341482,228.87803599666304,228.84317032044862,0.0,0.0,467.6803278688525,228.85245901639345,0,466.0,465.0,231.0,232.0,0.0,0.0,77
1,78,0,0,1,0,3.807843256741762,1.5019608326256275,37.3960793800652,5.65882370993495,0.1558823585510254,0.03921568766236305,0.07647058367729187,0.003921568393707275,0.16452829993622953,0.0053192971888744115,0.1764705926179886,0.04313725605607033,0.46666666865348816,0.0470588244497776,0.10291468261464222,0.04059353601690885,0.26903654230262736,0.040710961941978055,0.3117647171020508,0.03921568766236305,0.05882352963089943,0.03529411926865578,0.05882352963089943,0.03529411926865578,0.03124517720582401,0.002767899115825985,0.11866920479769859,0.0026357387542537167,0.3696078509092331,0.04313725605607033,264.3467911079989,264.4483714488167,238.24056207364347,238.11295911315574,0.0,0.0,264.45323741007195,238.11510791366908,0,266.0,268.0,239.0,240.0,0.0,0.0,78
1,79,0,0,1,0,5.0627452582120895,1.5882353521883488,37.121569484472275,7.121568880975246,0.16862745583057404,0.03921568766236305,0.027450978755950928,0.0,0.12064801981846579,0.07724253734182825,0.16862745583057404,0.04313725605607033,0.3019607961177826,0.0470588244497776,0.1234815916637095,0.03873744761434997,0.2039646674971004,0.03912949934601784,0.21960784494876862,0.03921568766236305,0.08235294371843338,0.03529411926865578,0.08235294371843338,0.0313725508749485,0.024361534445225232,0.002155796651912848,0.05150639436339782,0.002786829605790255,0.24313725531101227,0.03921568766236305,447.72015633765767,447.8904184948499,241.01109232932785,241.08920704833486,0.0,0.0,447.8131868131868,241.0879120879121,0,443.0,452.0,241.0,241.0,0.0,0.0,79
1,80,0,0,1,0,4.215686395764351,1.4941177032887936,31.333334028720856,6.098039448261261,0.1568627506494522,0.03529411926865578,0.03529411554336548,0.003921568393707275,0.059470830046820355,0.02938100544828955,0.16862745583057404,0.04313725605607033,0.27450981736183167,0.04313725605607033,0.10809452296831669,0.038310710340738297,0.19583333767950534,0.03811274655163288,0.21176470816135406,0.03921568766236305,0.0784313753247261,0.0313725508749485,0.0784313753247261,0.0313725508749485,0.024639395233200075,0.0030065189535729707,0.05733188560604693,0.0027789187656673754,0.24313725531101227,0.03921568766236305,499.6282853540493,499.6630225092093,247.24305382425996,247.1794212244873,0.0,0.0,499.675,247.20625,0,501.0,498.0,248.0,253.0,0.0,0.0,80
1,81,0,0,1,0,3.88235305249691,1.3450980819761753,24.57647141814232,4.50980406627059,0.14901961386203766,0.03921568766236305,0.05490197241306305,0.003921568393707275,0.11824507310593749,0.00805687363500743,0.18431372940540314,0.04313725605607033,0.34117648005485535,0.0470588244497776,0.11764706219687607,0.04076054793867198,0.22140965241569657,0.04062886546189721,0.24313725531101227,0.03921568766236305,0.07450980693101883,0.03529411926865578,0.07450980693101883,0.03529411926865578,0.030893551902330216,0.0025431887443181935,0.07798101730757395,0.003104973853822581,0.2862745225429535,0.04313725605607033,233.3267911273276,233.4200000003139,249.75283229407106,249.67739130501656,0.0,0.0,233.42342342342343,249.6846846846847,0,231.0,237.0,249.0,252.0,0.0,0.0,81
1,82,0,0,1,0,3.11372559517622,1.1137255281209946,20.439216278493404,3.4196079559624195,0.13431373238563538,0.03921568766236305,0.10196077823638916,0.003921568393707275,0.07927133845113044,0.013653666860024576,0.15294118225574493,0.0470588244497776,0.4274509847164154,0.0470588244497776,0.11120448554200786,0.03977591171860695,0.24046136798227535,0.040230681834852,0.25882354378700256,0.03921568766236305,0.07058823853731155,0.03529411926865578,0.07058823853731155,0.03529411926865578,0.025027350607455996,0.0029110095871102593,0.10578783966478877,0.003076278124029541,0.34019608795642853,0.04313725605607033,286.3781657717001,286.4128440376867,251.81734459355926,251.87385321179624,0.0,0.0,286.4235294117647,251.88235294117646,0,288.0,282.0,252.0,252.0,0.0,0.0,82
1,83,1,1,0,1,3.360784389078617,2.4156863316893578,40.72549130767584,23.411765336990356,0.12156862765550613,0.0941176488995552,0.1882352977991104,0.07450979948043823,0.0606442331807757,0.1701285551496279,0.1764705926179886,0.18039216101169586,0.7176470756530762,0.364705890417099,0.09884659967878286,0.07104959799086347,0.3181679008412175,0.18290441669523716,0.32156863808631897,0.20000000298023224,0.06666667014360428,0.0470588244497776,0.06666667014360428,0.0470588244497776,0.02130550251159002,0.025339180674156494,0.1881755297606748,0.08762278777734701,0.48235294222831726,0.250980406999588,462.6183919140202,462.5396984880712,255.00982186619464,254.93165829196295,0.0,0.0,462.6484375,255.0625,0,464.0,463.0,253.0,259.0,0.0,0.0,83
1,84,0,0,1,0,3.235294222831726,1.1647059209644794,20.46666730940342,3.6784314922988415,0.136274516582489,0.03921568766236305,0.07647059112787247,0.003921568393707275,0.027329693724734094,0.03094510704072119,0.16470588743686676,0.0470588244497776,0.3843137323856354,0.0470588244497776,0.11156186975281814,0.040162273136706186,0.22490843197146615,0.04042232409119606,0.24117647111415863,0.03921568766236305,0.06666667014360428,0.03529411926865578,0.06666667014360428,0.03529411926865578,0.027200368200418032,0.003029797858951286,0.09168068021692687,0.002946833868272911,0.3029411882162094,0.04313725605607033,308.5541291447764,308.52345415916557,257.09848630347153,257.0938166336241,0.0,0.0,308.53846153846155,257.1208791208791,0,309.0,311.0,256.0,261.0,0.0,0.0,84
1,85,0,0,1,0,2.752941243350506,1.1137255243957043,20.858824037015438,3.525490302592516,0.11568627506494522,0.03921568766236305,0.1039215624332428,0.0019607841968536377,0.031313809703627,0.005616657540414975,0.1568627506494522,0.0470588244497776,0.4274509847164154,0.05098039284348488,0.10196078679075947,0.041249093496137194,0.24539792984724046,0.04147635650108842,0.2568627595901489,0.04313725605607033,0.062745101749897,0.03921568766236305,0.062745101749897,0.03529411926865578,0.02357777737484837,0.0022312695105407825,0.11515134940637944,0.002434307759544848,0.35686275362968445,0.04313725605607033,224.86595224184126,224.8298109014936,261.5593156646107,261.55172413804036,0.0,0.0,224.83529411764707,261.5529411764706,0,224.0,228.0,261.0,263.0,0.0,0.0,85
1,86,1,1,0,1,9.164706148207188,3.6117648109793663,125.83921902626753,35.49411864206195,0.1715686321258545,0.03921568766236305,0.06470588594675064,0.003921568393707275,0.572633015470776,3.6418534040687,0.16862745583057404,0.10980392247438431,0.6980392336845398,0.4274509847164154,0.11314452034823688,0.04458968902443662,0.26717456268846607,0.07535906293431412,0.21960784494876862,0.04313725605607033,0.07450980693101883,0.03529411926865578,0.07450980693101883,0.0313725508749485,0.026274989059271087,0.012665347500028606,0.1564927514783131,0.08423162009249867,0.3137255012989044,0.05098039284348488,385.0613605910177,384.78565904519115,261.26308080711186,264.33156555650686,0.0,0.0,385.2356687898089,260.7176220806794,0,387.0,386.0,260.0,266.0,0.0,0.0,86
1,87,0,0,1,0,2.682353012263775,1.1294118016958237,22.098039731383324,3.5098040364682674,0.10588235408067703,0.03921568766236305,0.13333333283662796,0.003921568393707275,0.16007800399087427,0.04792785273567083,0.13333334028720856,0.0470588244497776,0.5764706134796143,0.0470588244497776,0.09579832186656338,0.040336135774850845,0.25400045668256693,0.040342575131819165,0.23529411852359772,0.03921568766236305,0.07058823853731155,0.0313725508749485,0.07058823853731155,0.0313725508749485,0.019109308946722435,0.003453453017109955,0.15856603342246198,0.0029674608266202942,0.40294118225574493,0.04313725605607033,466.64844720681725,466.756424580147,266.68926352928816,266.51620112166006,0.0,0.0,466.7471264367816,266.5632183908046,0,468.0,464.0,267.0,269.0,0.0,0.0,87
1,88,1,1,0,1,2.631372608244419,1.6431372947990894,19.192157447338104,9.784314014017582,0.10196078568696976,0.06176470872014761,0.11372549086809158,0.05686274543404579,0.1297827202031623,0.09071860019138633,0.24705882370471954,0.16862745583057404,0.658823549747467,0.30588236451148987,0.10120663877863151,0.06319758826150344,0.2703120767230719,0.13780723963405045,0.20000000298023224,0.11568627506494522,0.07058823853731155,0.04313725605607033,0.07058823853731155,0.04313725605607033,0.035544931206770686,0.023662943310133938,0.19074018041949173,0.08278786532533754,0.4323529452085495,0.2088235318660736,340.04433999758027,340.2517034140863,267.7261953387196,267.72745490668825,0.0,0.0,340.16901408450707,267.6901408450704,0,337.0,338.0,269.0,268.0,0.0,0.0,88
1,89,0,0,1,0,3.7372550070285797,1.2313725911080837,20.384314134716988,4.211764845997095,0.15784314274787903,0.03921568766236305,0.03333333134651184,0.0,0.11162652849728501,0.019302722750499508,0.18039216101169586,0.04313725605607033,0.2823529541492462,0.0470588244497776,0.12055661312995418,0.03972169648735754,0.19413632509254275,0.04011204615235329,0.20980392396450043,0.03921568766236305,0.0784313753247261,0.03529411926865578,0.0784313753247261,0.03529411926865578,0.029022818590773897,0.0019268242003614064,0.054795479727113905,0.0026101070652891495,0.239215686917305,0.04313725605607033,304.71950750330507,304.6256983225202,269.6571758294536,269.62756052239365,0.0,0.0,304.6095238095238,269.6380952380952,0,308.0,306.0,269.0,268.0,0.0,0.0,89
1,90,0,0,1,0,5.533333495259285,1.976470660418272,41.63529521226883,7.71372576802969,0.12941177189350128,0.03921568766236305,0.0627450942993164,0.0,0.4009238114658509,0.059523086719344045,0.16078431904315948,0.04313725605607033,0.41960784792900085,0.0470588244497776,0.10849673520116244,0.03875432667486808,0.21027926874883246,0.0389582109496449,0.2235294133424759,0.03921568766236305,0.07450980693101883,0.0313725508749485,0.07450980693101883,0.0313725508749485,0.024883099935688064,0.002650317095333523,0.08515751652504677,0.0027889774947533635,0.2568627595901489,0.03921568766236305,475.28991240729005,475.1148957843608,269.59159837584673,270.0122013177455,0.0,0.0,475.15656565656565,269.969696969697,0,479.0,471.0,265.0,275.0,0.0,0.0,90
1,91,0,0,1,0,4.0627452209591866,1.678431425243616,40.74117798358202,7.21568650752306,0.15882353484630585,0.03921568766236305,0.039215683937072754,0.0,0.13397308239767197,0.0054308217352224105,0.1568627506494522,0.0470588244497776,0.3686274588108063,0.0470588244497776,0.09909134685266309,0.04093735183521015,0.22888302237967426,0.04053756464900595,0.25882354378700256,0.03921568766236305,0.06666667014360428,0.03529411926865578,0.06666667014360428,0.0313725508749485,0.02634265187196916,0.0027456143929066915,0.08148668442434154,0.0028158703426118792,0.29019609093666077,0.04313725605607033,259.19867167486893,259.33641304302313,272.6694580822819,272.64945652194393,0.0,0.0,259.3314606741573,272.65168539325845,0,258.0,260.0,271.0,268.0,0.0,0.0,91
1,92,1,1,0,1,4.101960897445679,1.8784314133226871,43.77255032211542,14.023529812693596,0.1411764770746231,0.04313725605607033,0.13333334028720856,0.011764705181121826,0.44589165868882785,1.5456107701328725,0.1764705926179886,0.08235294371843338,0.6627451181411743,0.3529411852359772,0.10517848454988919,0.04816490803391506,0.29981198850763985,0.09605157405954518,0.2705882489681244,0.05098039284348488,0.07058823853731155,0.03529411926865578,0.07058823853731155,0.03529411926865578,0.028360593780262528,0.008744068511836383,0.18280400342825429,0.0844348195852068,0.40980392694473267,0.11568627879023552,346.9878158033465,345.9029642053426,274.4330765166728,274.62192394201463,0.0,0.0,347.4178082191781,274.3150684931507,0,346.0,343.0,274.0,277.0,0.0,0.0,92
1,93,0,0,1,0,4.368627563118935,1.6196079030632973,40.509805247187614,6.890196327120066,0.1666666716337204,0.03529411926865578,0.04901961237192154,0.0,0.07466534381574541,0.041189457759499684,0.1725490242242813,0.04313725605607033,0.364705890417099,0.0470588244497776,0.10401494197902225,0.038562092930078506,0.22886895619880007,0.038927662865085116,0.2549019753932953,0.03921568766236305,0.07058823853731155,0.0313725508749485,0.07058823853731155,0.0313725508749485,0.025331520166076316,0.002555355997717664,0.08122362380236835,0.0028279630326116505,0.29411765933036804,0.03921568766236305,443.3727976799539,443.39954467695884,279.08509197090376,279.0495162171737,0.0,0.0,443.38418079096044,279.01129943502826,0,443.0,439.0,280.0,277.0,0.0,0.0,93
1,94,0,0,1,0,4.305882483720779,1.3843137696385384,25.46666717529297,5.129411932080984,0.16862745583057404,0.03921568766236305,0.029411762952804565,0.003921568393707275,0.11038448246710791,0.006890943220017901,0.18039216101169586,0.0470588244497776,0.29411765933036804,0.0470588244497776,0.12664360246237585,0.040715110871721714,0.20052493838813362,0.04038907033134633,0.21764706075191498,0.03921568766236305,0.07450980693101883,0.03529411926865578,0.07450980693101883,0.03529411926865578,0.03240137593376471,0.003296794711905503,0.05239047676797949,0.002797529962117851,0.239215686917305,0.04313725605607033,224.97520788880675,224.8600917436773,285.1666153400665,285.15290519847247,0.0,0.0,224.86614173228347,285.1496062992126,0,224.0,219.0,286.0,287.0,0.0,0.0,94
1,95,0,0,1,0,2.9529412612318993,1.1686274893581867,20.584314338862896,3.9372550323605537,0.13921569287776947,0.03921568766236305,0.058823540806770325,0.0,0.025778299201981627,0.019593674405247646,0.16078431904315948,0.04313725605607033,0.32549020648002625,0.0470588244497776,0.10182556073213446,0.04029749963304092,0.21004402386594792,0.040176071758781164,0.23137255012989044,0.03921568766236305,0.07450980693101883,0.03529411926865578,0.07450980693101883,0.03529411926865578,0.02498289204831968,0.002032899997609008,0.08094815116931184,0.0022451795603114022,0.2764706015586853,0.04313725605607033,306.245189558627,306.2460159380436,286.91407887876187,286.9013944219922,0.0,0.0,306.265306122449,286.8979591836735,0,306.0,304.0,288.0,285.0,0.0,0.0,95
1,96,0,0,1,0,3.380392260849476,1.1607843562960625,21.047059513628483,3.8901962228119373,0.14215686917304993,0.03529411926865578,0.05294118821620941,0.003921568393707275,0.043946962554804576,0.03331877476021956,0.15294118225574493,0.04313725605607033,0.32156863808631897,0.04313725605607033,0.11267974202831586,0.038692811876535414,0.20838672785770776,0.038516794285266706,0.22745098173618317,0.03921568766236305,0.0784313753247261,0.0313725508749485,0.0784313753247261,0.0313725508749485,0.022594348542790757,0.003158966079317362,0.07141181651509422,0.0028884043960220713,0.2705882489681244,0.03921568766236305,485.274827653384,485.2298387123456,287.0700577595786,287.0483870949671,0.0,0.0,485.25742574257424,287.029702970297,0,486.0,489.0,289.0,289.0,0.0,0.0,96
1,97,0,0,1,0,3.8901961967349052,1.5372549518942833,36.67451082915068,5.839215878397226,0.1509803980588913,0.03921568766236305,0.05882353335618973,0.0,0.03408116646931904,0.031776613080603464,0.1568627506494522,0.0470588244497776,0.40392157435417175,0.0470588244497776,0.10237358412460278,0.04045407768142851,0.2529276608906943,0.04027045433377398,0.29411765933036804,0.03921568766236305,0.07058823853731155,0.03529411926865578,0.07058823853731155,0.0313725508749485,0.025617520470224756,0.0028599392434767454,0.10180893344758768,0.002811150385018173,0.33725491166114807,0.04313725605607033,285.3504063303948,285.29281397136646,288.17835756998966,288.1658831449291,0.0,0.0,285.31724137931036,288.1862068965517,0,288.0,282.0,288.0,294.0,0.0,0.0,97
1,98,0,0,1,0,3.737255021929741,1.3960784785449505,30.247059777379036,5.254902143031359,0.14901961386203766,0.03921568766236305,0.06862746179103851,0.0,0.22540990735634234,0.012472421260275732,0.1725490242242813,0.05098039284348488,0.3607843220233917,0.05098039284348488,0.1067787149122783,0.03988795652985573,0.22742150208555667,0.03951054242880721,0.2450980395078659,0.03921568766236305,0.06666667014360428,0.03529411926865578,0.06666667014360428,0.0313725508749485,0.030636832686880566,0.0031770187190400317,0.08747307666353779,0.003065071672219128,0.3009804040193558,0.04313725605607033,396.47750550680865,396.3149253725069,287.5624270802684,287.4029850756215,0.0,0.0,396.30827067669173,287.4135338345865,0,400.0,399.0,287.0,281.0,0.0,0.0,98
1,99,0,0,1,0,4.003921695053577,1.6431373059749603,40.643138609826565,7.1058825850486755,0.1725490242242813,0.03921568766236305,0.05098038911819458,0.0,0.191095515093298,0.039256906342039384,0.1568627506494522,0.0470588244497776,0.3490196168422699,0.0470588244497776,0.10009804237633943,0.04107843264937401,0.23092692391946912,0.04037433286959475,0.25882354378700256,0.03921568766236305,0.07058823853731155,0.03529411926865578,0.07058823853731155,0.0313725508749485,0.02455270862082555,0.0027712339573907055,0.08334000914652415,0.0027513989519455722,0.2980392277240753,0.04313725605607033,209.66287148367937,209.5562913871073,291.47877266607514,291.60320088291655,0.0,0.0,209.51704545454547,291.60227272727275,0,212.0,211.0,290.0,298.0,0.0,0.0,99
1,100,0,0,1,0,4.592156983911991,1.5333333909511566,27.015686862170696,6.360784538090229,0.14705882966518402,0.03921568766236305,0.023529410362243652,0.0,0.04794148839765797,0.03937555238296009,0.1568627506494522,0.04313725605607033,0.22745098173618317,0.0470588244497776,0.11480392459779978,0.03833333477377891,0.16676349914920183,0.03926410208697672,0.1764705926179886,0.03921568766236305,0.07450980693101883,0.03529411926865578,0.07450980693101883,0.03529411926865578,0.021657350309757212,0.0023994583374753295,0.036490132730160635,0.002464384572089564,0.1921568661928177,0.03921568766236305,412.89708230439624,412.9340320590028,290.63768325238533,290.64426633412313,0.0,0.0,412.9320987654321,290.60493827160496,0,413.0,412.0,294.0,296.0,0.0,0.0,100
1,101,0,0,1,0,3.1725490987300873,1.2588235698640347,25.847059592604637,4.40784328058362,0.1303921639919281,0.03921568766236305,0.06078432500362396,0.0,0.03321507756918273,0.00941568941949357,0.13725490868091583,0.04313725605607033,0.3764705955982208,0.0470588244497776,0.10234029350742217,0.04060721193109789,0.23712898708811594,0.04043892917966624,0.26862746477127075,0.03921568766236305,0.07450980693101883,0.03529411926865578,0.07450980693101883,0.03529411926865578,0.018934808876722848,0.0021243332856185288,0.0959637425695928,0.0026398899419982475,0.32058824598789215,0.04313725605607033,134.68532848328627,134.69661921713976,292.98513123859175,292.9635231308071,0.0,0.0,134.69724770642202,292.95412844036696,0,135.0,137.0,293.0,294.0,0.0,0.0,101
1,102,0,0,1,0,3.1098040118813515,1.1568627879023552,20.941177166998386,3.7647060193121433,0.1303921639919281,0.036274511367082596,0.062745101749897,0.0,0.06364212305380555,0.006270346072163591,0.1568627506494522,0.0470588244497776,0.34117648005485535,0.0470588244497776,0.10366013372937838,0.038562092930078506,0.21588842440204523,0.03881140226094993,0.24313725531101227,0.03921568766236305,0.07450980693101883,0.03529411926865578,0.07450980693101883,0.03529411926865578,0.02410373997055536,0.00287878617423387,0.08553512510112907,0.0026100685554152855,0.29019609093666077,0.03921568766236305,467.9499999978831,467.9937500005999,293.9878277065241,293.9489583332849,0.0,0.0,468.0,293.9484536082474,0,468.0,464.0,293.0,297.0,0.0,0.0,102
1,103,0,0,1,0,2.862745188176632,1.1607843488454819,19.223530001938343,3.670588355511427,0.1411764770746231,0.03921568766236305,0.08039215952157974,0.003921568393707275,0.09363690070418072,0.308702457959075,0.16078431904315948,0.0784313753247261,0.3843137323856354,0.14509804546833038,0.10602759956209748,0.042992012920203035,0.22615917649339226,0.04318339241778149,0.24313725531101227,0.03921568766236305,0.07058823853731155,0.03529411926865578,0.07058823853731155,0.0313725508749485,0.028469166548059813,0.008021322584048547,0.09659633009679983,0.01319960285041124,0.3127451092004776,0.04313725605607033,331.20481436314327,331.1303418814977,294.9575683386342,294.6677350439896,0.0,0.0,331.29411764705884,294.9294117647059,0,332.0,329.0,295.0,291.0,0.0,0.0,103
1,104,0,0,1,0,4.588235400617123,1.4784314259886742,25.43137315660715,6.011764924973249,0.14901961386203766,0.03529411926865578,0.019607841968536377,0.0,0.10153275383427146,0.015103078886079953,0.1568627506494522,0.04313725605607033,0.21568627655506134,0.0470588244497776,0.12074303685834534,0.03890609015759669,0.1640733752039171,0.03878558016111774,0.16862745583057404,0.03921568766236305,0.08627451211214066,0.03529411926865578,0.08627451211214066,0.0313725508749485,0.01940364235482168,0.0024443175596379632,0.029737547230627822,0.002580893039094109,0.1882352977991104,0.03921568766236305,427.20740170351417,427.24787997488556,295.15250578478293,295.07566862254265,0.0,0.0,427.258064516129,295.06451612903226,0,428.0,431.0,297.0,295.0,0.0,0.0,104
1,105,0,0,1,0,3.3647059872746468,1.2313725873827934,21.258824236690998,3.9450981616973877,0.14901961386203766,0.03921568766236305,0.0627450942993164,0.003921568393707275,0.03810514788455791,0.01683933225639469,0.18431372940540314,0.0470588244497776,0.3490196168422699,0.0470588244497776,0.11215686624248823,0.04104575291275978,0.22144608579886457,0.04109477251768112,0.24705882370471954,0.04313725605607033,0.07450980693101883,0.03529411926865578,0.07450980693101883,0.03529411926865578,0.033499777895821085,0.002815772280341787,0.08507777195566282,0.0025300427523352767,0.29411765933036804,0.04313725605607033,262.80520198686264,262.80119284302305,296.9963106462381,296.9751491038434,0.0,0.0,262.8020833333333,296.9583333333333,0,263.0,263.0,298.0,298.0,0.0,0.0,105
1,106,0,0,1,0,3.46274521201849,1.2156863175332546,18.85490257292986,3.8117648400366306,0.1460784375667572,0.03921568766236305,0.05098039656877518,0.0,0.09346375115354036,0.013870383149028576,0.16862745583057404,0.0470588244497776,0.29411765933036804,0.0470588244497776,0.11170145845220934,0.03921568766236305,0.19438043889618412,0.03929654474264568,0.2137254923582077,0.03921568766236305,0.06666667014360428,0.0313725508749485,0.06666667014360428,0.0313725508749485,0.03398180194410649,0.0031498795334388083,0.06807722721187963,0.0028701416278829736,0.2549019753932953,0.03921568766236305,384.34193011146607,384.4156378587953,295.4529950013854,295.37860082331474,0.0,0.0,384.4020618556701,295.3814432989691,0,383.0,380.0,295.0,295.0,0.0,0.0,106
1,107,0,0,1,0,3.8901961892843246,1.2549020014703274,20.596078783273697,4.474509947001934,0.1568627506494522,0.03921568766236305,0.03529411554336548,0.0,0.05352371793334108,0.01842586162578444,0.16470588743686676,0.0470588244497776,0.25882354378700256,0.0470588244497776,0.12549019965433306,0.04048070972484927,0.1872370798479427,0.04067736315456304,0.19607843458652496,0.03921568766236305,0.0784313753247261,0.03529411926865578,0.0784313753247261,0.03529411926865578,0.023947375364173785,0.002707265437500012,0.04620265835408764,0.0024150500598934944,0.22549019753932953,0.04313725605607033,109.79817212374269,109.7432077135712,298.2400990066811,298.1945661713565,0.0,0.0,109.75454545454545,298.2090909090909,0,109.0,104.0,300.0,299.0,0.0,0.0,107
1,108,0,0,1,0,3.117647148668766,1.1450980752706528,19.972549587488174,3.545098152011633,0.13137255609035492,0.03921568766236305,0.09019608795642853,0.003921568393707275,0.10350982721460339,0.005129126622424887,0.18431372940540314,0.04313725605607033,0.3803921639919281,0.05098039284348488,0.1113445410238845,0.04089635983109474,0.2295695354883698,0.04074825462082337,0.24313725531101227,0.03921568766236305,0.07058823853731155,0.03529411926865578,0.07058823853731155,0.03529411926865578,0.03339653494656469,0.0022056043150376382,0.09941305837826084,0.003052513309755277,0.32549020648002625,0.04313725605607033,312.23090515406733,312.29424778803144,300.02061653329184,299.94026548693256,0.0,0.0,312.2988505747126,299.9425287356322,0,313.0,313.0,298.0,300.0,0.0,0.0,108
1,109,0,0,1,0,3.1725490987300873,1.1254902370274067,20.376471266150475,3.8549020886421204,0.15294118225574493,0.03921568766236305,0.047058820724487305,0.003921568393707275,0.09768072546365131,0.033503360931246326,0.18039216101169586,0.04313725605607033,0.3607843220233917,0.0470588244497776,0.10939824478379612,0.03881000817335885,0.21225490902240077,0.04015523009002209,0.23529411852359772,0.03921568766236305,0.07058823853731155,0.03529411926865578,0.07058823853731155,0.03529411926865578,0.030591093534569326,0.002594093975636989,0.0772775667242138,0.0030870569450671672,0.2705882489681244,0.04313725605607033,275.6393379506651,275.68769074164055,307.92032332499076,307.978636828991,0.0,0.0,275.6770833333333,308.0104166666667,0,275.0,277.0,305.0,308.0,0.0,0.0,109
1,110,0,0,1,0,3.247058905661106,1.1294118091464043,21.14902027696371,3.7568628899753094,0.12941177189350128,0.03529411926865578,0.06666667014360428,0.0,0.0280421971936115,0.025221316585995916,0.16862745583057404,0.04313725605607033,0.3607843220233917,0.04313725605607033,0.1082352968553702,0.037647060304880145,0.2136264674440779,0.0379481099997506,0.23529411852359772,0.03921568766236305,0.0784313753247261,0.0313725508749485,0.0784313753247261,0.0313725508749485,0.02299167780054052,0.002791392840687021,0.08155084839366804,0.002604155901645897,0.2823529541492462,0.03921568766236305,496.53384016484273,496.5626304794725,306.4924902656676,306.49895615628736,0.0,0.0,496.55555555555554,306.47474747474746,0,497.0,493.0,306.0,310.0,0.0,0.0,110
1,111,0,0,1,0,3.156862825155258,1.1764706298708916,20.603922195732594,4.007843282073736,0.125490203499794,0.03921568766236305,0.060784317553043365,0.0,0.1370821680892513,0.030991512165341722,0.15294118225574493,0.04313725605607033,0.3137255012989044,0.04313725605607033,0.1052287608385086,0.03921568766236305,0.20003807957021935,0.038911099825958605,0.21568627655506134,0.03921568766236305,0.0784313753247261,0.03529411926865578,0.0784313753247261,0.0313725508749485,0.01945254508071707,0.002264118567752424,0.07227400264532227,0.0025449493959304923,0.26274511218070984,0.03921568766236305,448.364864872874,448.398238744748,307.7755995399057,307.92270058611916,0.0,0.0,448.36893203883494,307.9126213592233,0,447.0,451.0,306.0,310.0,0.0,0.0,111
1,112,0,0,1,0,2.9137255772948265,1.3098039627075195,34.83137319236994,5.101960942149162,0.14901961386203766,0.03921568766236305,0.11372548341751099,0.003921568393707275,0.05770150008109987,0.010362410827738977,0.16078431904315948,0.0470588244497776,0.5098039507865906,0.0470588244497776,0.09105392429046333,0.040931373834609985,0.28089817090620917,0.04114484630765453,0.32549020648002625,0.04313725605607033,0.07058823853731155,0.03529411926865578,0.07058823853731155,0.03529411926865578,0.02174027949957253,0.0030905684954246368,0.13783420648179398,0.0030087519930341723,0.4000000059604645,0.04313725605607033,247.96948884897117,247.95849346594122,309.0257824811214,309.0883935427266,0.0,0.0,247.9516129032258,309.0806451612903,0,246.0,252.0,310.0,313.0,0.0,0.0,112
1,113,0,0,1,0,3.8196079581975937,1.274509847164154,20.996078833937645,4.282353099435568,0.15196079015731812,0.03529411926865578,0.03529411554336548,0.0,0.04191928307523936,0.04264515756956403,0.1725490242242813,0.0470588244497776,0.2823529541492462,0.0470588244497776,0.1193627486936748,0.039828432723879814,0.1891538633688076,0.03857975765257268,0.20588235557079315,0.03921568766236305,0.0784313753247261,0.0313725508749485,0.0784313753247261,0.0313725508749485,0.025620661396778033,0.0032677183410065873,0.05224593423997587,0.003048585157248588,0.23137255012989044,0.03921568766236305,475.50336197386656,475.5741758200581,308.7076951836185,308.7390109889847,0.0,0.0,475.5315315315315,308.73873873873873,0,478.0,475.0,309.0,304.0,0.0,0.0,113
1,114,0,0,1,0,4.168627575039864,1.7725490629673004,40.035294979810715,6.207843288779259,0.15294118225574493,0.04313725605607033,0.10196079313755035,0.0,0.13470297937998735,0.2670738963405089,0.18039216101169586,0.09803921729326248,0.5254902243614197,0.09803921729326248,0.11266561013621253,0.04790673143154866,0.2943771689691964,0.04564590653514161,0.3450980484485626,0.04313725605607033,0.07058823853731155,0.03921568766236305,0.07058823853731155,0.03921568766236305,0.03397583660921688,0.011609473697747471,0.13818534912384,0.007064472919191891,0.40784314274787903,0.0470588244497776,182.25810559374915,182.13455464738084,309.6631403583171,309.950726460868,0.0,0.0,182.125,309.68382352941177,0,183.0,185.0,308.0,316.0,0.0,0.0,114
1,115,0,0,1,0,3.870588354766369,1.3215686716139317,22.098039649426937,4.513725645840168,0.15294118225574493,0.03921568766236305,0.0313725471496582,0.003921568393707275,0.02314148113285238,0.014413915974428659,0.16470588743686676,0.0470588244497776,0.30588236451148987,0.0470588244497776,0.11729055620504147,0.040047535503452476,0.19384245306514858,0.03959408461263305,0.21176470816135406,0.03921568766236305,0.0784313753247261,0.03529411926865578,0.0784313753247261,0.0313725508749485,0.026427992927816633,0.0028569969254129256,0.05546414629234613,0.0030273710488207713,0.23725490272045135,0.04313725605607033,366.2599822574475,366.27715030441755,309.542324756176,309.53866203432915,0.0,0.0,366.280701754386,309.55263157894734,0,365.0,361.0,310.0,313.0,0.0,0.0,115
1,116,0,0,1,0,4.192156992852688,1.301960825920105,19.984314166009426,4.741176620125771,0.15294118225574493,0.03921568766236305,0.0156862735748291,0.003921568393707275,0.07938552333033444,0.01585534422624822,0.1764705926179886,0.0470588244497776,0.22745098173618317,0.0470588244497776,0.1310049060266465,0.04068627581000328,0.172278570396633,0.04087221224246354,0.18039216101169586,0.03921568766236305,0.09019608050584793,0.03529411926865578,0.09019608050584793,0.03529411926865578,0.023810806430951185,0.0032144304575726502,0.03169929619763842,0.00273206889195178,0.19607843458652496,0.04313725605607033,75.0421899595257,75.05872622016408,313.1807299818483,313.0876757665327,0.0,0.0,75.0603448275862,313.1034482758621,0,76.0,79.0,312.0,308.0,0.0,0.0,116
1,117,0,0,1,0,3.25490203499794,1.1647059172391891,22.482353396713734,3.7019608914852142,0.12941177189350128,0.03921568766236305,0.1254901960492134,0.003921568393707275,0.22541268119773067,0.0016371339074075476,0.22745098173618317,0.0470588244497776,0.4745098054409027,0.0470588244497776,0.11624650124992643,0.04159663990139961,0.2554812885990197,0.04206773740324107,0.239215686917305,0.04313725605607033,0.07058823853731155,0.03921568766236305,0.07058823853731155,0.03921568766236305,0.04392224771850816,0.0026388575011735593,0.13064761352847848,0.002691562918098236,0.3803921639919281,0.04313725605607033,117.22117564699538,117.05826271173649,313.89290074865534,313.7394067795928,0.0,0.0,117.05681818181819,313.7386363636364,0,117.0,116.0,314.0,315.0,0.0,0.0,117
1,118,0,0,1,0,3.250980466604233,1.2274510189890862,22.847059532999992,4.078431509435177,0.1411764770746231,0.03921568766236305,0.0627451092004776,0.0,0.0501765468789855,0.02694023927103583,0.1725490242242813,0.0470588244497776,0.3607843220233917,0.0470588244497776,0.10836601555347443,0.040915033966302874,0.22399077973529405,0.03998462264152134,0.239215686917305,0.03921568766236305,0.07450980693101883,0.03529411926865578,0.07450980693101883,0.03529411926865578,0.02662594693212617,0.0028066548070350182,0.08463240345961227,0.002855431529553435,0.29411765933036804,0.04313725605607033,321.01441811944494,320.97788461744506,314.54806041706405,314.51538461395126,0.0,0.0,321.0,314.5,0,323.0,320.0,315.0,318.0,0.0,0.0,118
1,119,0,0,1,0,3.752941273152828,1.2549020051956177,21.305882893502712,4.168627601116896,0.15196079015731812,0.03529411926865578,0.045098043978214264,0.003921568393707275,0.06943125351184361,0.028524074792389508,0.18431372940540314,0.04313725605607033,0.2980392277240753,0.04313725605607033,0.11727941478602588,0.03921568766236305,0.19912040087385713,0.03895913645903641,0.21764706075191498,0.03921568766236305,0.08235294371843338,0.0313725508749485,0.08235294371843338,0.0313725508749485,0.02685557813726057,0.0029411762952804565,0.062031653851455246,0.003092544893145336,0.24705882370471954,0.04019607976078987,417.7539112838798,417.83631232139135,315.55034052192246,315.5305738460181,0.0,0.0,417.8130841121495,315.5140186915888,0,418.0,416.0,314.0,311.0,0.0,0.0,119
1,120,0,0,1,0,3.0941177383065224,1.1490196473896503,20.521569304168224,3.7137256264686584,0.13333334028720856,0.03529411926865578,0.0627451092004776,0.003921568393707275,0.05048875548615188,0.04682558363517265,0.16862745583057404,0.04313725605607033,0.3843137323856354,0.0470588244497776,0.10669371511401801,0.03962136715136726,0.213766346918419,0.03868464194238186,0.23137255012989044,0.03921568766236305,0.07450980693101883,0.03529411926865578,0.07450980693101883,0.0313725508749485,0.025192085646874484,0.0029749829193641397,0.08400154353776478,0.002974742472305493,0.2823529541492462,0.03921568766236305,456.3890693630417,456.39070750186613,315.3476017542114,315.331573389821,0.0,0.0,456.4375,315.3333333333333,0,456.0,457.0,315.0,318.0,0.0,0.0,120
1,121,0,0,1,0,5.0509805381298065,1.7019608356058598,35.96078561246395,6.64705903083086,0.1823529452085495,0.03921568766236305,0.03529413044452667,0.003921568393707275,0.11277300391422695,0.03523498307917467,0.23137255012989044,0.0470588244497776,0.3333333432674408,0.0470588244497776,0.1231946472714587,0.041511239892825846,0.22198015810162933,0.04103122858537568,0.24705882370471954,0.03921568766236305,0.07058823853731155,0.03529411926865578,0.07058823853731155,0.03529411926865578,0.04307177910295639,0.0027355999605371264,0.0684003721743932,0.0026194172435613974,0.27450981736183167,0.04313725605607033,216.60381680446721,216.55752212203393,315.18964014295835,315.12743362571575,0.0,0.0,216.53703703703704,315.0987654320988,0,216.0,219.0,314.0,318.0,0.0,0.0,121
1,122,0,0,1,0,4.20392170548439,1.3411765173077583,22.043137654662132,4.643137417733669,0.15490196645259857,0.03921568766236305,0.0313725471496582,0.0,0.05337134941128371,0.02404712755542941,0.16470588743686676,0.04313725605607033,0.2705882489681244,0.0470588244497776,0.12364475604365854,0.03944636815611054,0.18680625131069603,0.03934862218418364,0.19607843458652496,0.03921568766236305,0.08235294371843338,0.03529411926865578,0.08235294371843338,0.0313725508749485,0.024586691710559373,0.002114221647895291,0.04701079098361517,0.0024976129090310824,0.2235294133424759,0.03921568766236305,390.81106564480785,390.8403716238971,316.02721935420846,316.0261824323606,0.0,0.0,390.864406779661,316.02542372881356,0,392.0,386.0,315.0,315.0,0.0,0.0,122
1,123,0,0,1,0,2.9921569228172302,1.1921569034457207,21.50588296353817,3.87058836966753,0.11568627506494522,0.03921568766236305,0.08235295116901398,0.0,0.05157973920930448,0.05363702842447437,0.14901961386203766,0.04313725605607033,0.3843137323856354,0.0470588244497776,0.09973856409390768,0.03973856344819069,0.21944778534222623,0.039495799690485,0.23529411852359772,0.03921568766236305,0.07450980693101883,0.03529411926865578,0.07450980693101883,0.03529411926865578,0.01824501365762293,0.0022029148420754764,0.09397902369848563,0.00275878353354578,0.30392158031463623,0.03921568766236305,427.2343180155212,427.2674772053676,317.4635302706601,317.5096251218887,0.0,0.0,427.2857142857143,317.4591836734694,0,427.0,424.0,316.0,318.0,0.0,0.0,123
1,124,0,0,1,0,4.38039231300354,1.368627492338419,20.619608372449875,5.062745254486799,0.15294118225574493,0.03921568766236305,0.01764705777168274,0.003921568393707275,0.08072632130917202,0.026726040768351122,0.16862745583057404,0.0470588244497776,0.2078431397676468,0.0470588244497776,0.13273916100010727,0.04147356037389149,0.16763909245894207,0.04116053052428292,0.1725490242242813,0.04313725605607033,0.09019608050584793,0.03529411926865578,0.09019608050584793,0.03529411926865578,0.020686240069000387,0.0025597929821288977,0.026745476001977922,0.0027559612940420263,0.1882352977991104,0.04313725605607033,93.62381134153313,93.71185127619698,319.3942563708664,319.3663826475897,0.0,0.0,93.6910569105691,319.349593495935,0,91.0,94.0,319.0,325.0,0.0,0.0,124
1,125,0,0,1,0,5.094117775559425,1.60000004991889,27.647059753537178,5.243137415498495,0.1764705926179886,0.03921568766236305,0.03921569883823395,0.0019607841968536377,0.041819754448063594,0.03304088376114467,0.26274511218070984,0.0470588244497776,0.34117648005485535,0.0470588244497776,0.13061840450152373,0.041025642305612564,0.2176933838861195,0.04128454657872831,0.24313725531101227,0.04117647185921669,0.07058823853731155,0.03529411926865578,0.07058823853731155,0.03529411926865578,0.053557877327492245,0.002786607468002983,0.07143381863541373,0.0029456203321220884,0.2705882489681244,0.04313725605607033,124.08425532341971,124.01495886603965,320.15375886276877,320.18025430003917,0.0,0.0,124.04724409448819,320.1732283464567,0,126.0,118.0,319.0,324.0,0.0,0.0,125
1,126,1,1,0,1,4.862745203077793,4.305882476270199,44.03529557585716,43.992157988250256,0.1568627506494522,0.16470588743686676,0.1764705926179886,0.13725489377975464,0.09500898740998186,0.1628247853594879,0.2666666805744171,0.27843138575553894,0.5803921818733215,0.6313725709915161,0.127966979028363,0.1133126967439526,0.32378893805777326,0.32347174991360483,0.3137255012989044,0.35686275362968445,0.07058823853731155,0.062745101749897,0.07058823853731155,0.062745101749897,0.05095991636300367,0.049895494653616305,0.17440007606366076,0.1689503582442284,0.5098039507865906,0.4588235318660736,186.6391486314382,186.7598502443759,321.739602813414,321.56774826467296,0.0,0.0,186.61764705882354,321.6470588235294,0,188.0,182.0,322.0,319.0,0.0,0.0,126
1,127,0,0,1,0,3.0941177532076836,1.2862745523452759,29.027451656758785,4.482353087514639,0.1401960849761963,0.03921568766236305,0.09019608050584793,0.0,0.038372880272170055,0.019241854289707695,0.19607843458652496,0.04313725605607033,0.45490196347236633,0.0470588244497776,0.09669117978774011,0.04019607976078987,0.2615085734843134,0.04038155934697873,0.29411765933036804,0.03921568766236305,0.062745101749897,0.03529411926865578,0.062745101749897,0.03529411926865578,0.03295064971308941,0.0025938736797701213,0.12311948041212628,0.002502162890552206,0.37352941930294037,0.04313725605607033,259.8792218311702,259.9282589659363,322.09510942790223,322.0778652663072,0.0,0.0,259.9099099099099,322.07207207207205,0,260.0,258.0,321.0,324.0,0.0,0.0,127
1,128,0,0,1,0,3.458823636174202,1.2862745560705662,21.552941858768463,4.301960937678814,0.12941177189350128,0.03921568766236305,0.05490197241306305,0.0,0.18347477239629964,0.024293441741903156,0.14901961386203766,0.0470588244497776,0.3333333432674408,0.0470588244497776,0.1048128374598243,0.038978016850623215,0.1959358350797133,0.03910873579708013,0.21568627655506134,0.03921568766236305,0.07058823853731155,0.0313725508749485,0.07058823853731155,0.0313725508749485,0.024713196252350397,0.003193114210755622,0.07376857879112962,0.002770904298559307,0.2607843279838562,0.03921568766236305,437.03438865110064,436.89881494997616,321.25218342561845,321.10300820650457,0.0,0.0,436.9,321.1272727272727,0,439.0,435.0,321.0,316.0,0.0,0.0,128
1,129,0,0,1,0,3.92549030482769,1.400000050663948,31.73725590109825,5.780392367392778,0.16568627953529358,0.03529411926865578,0.03921569883823395,0.003921568393707275,0.15060199702532498,0.024154889287846305,0.15294118225574493,0.0470588244497776,0.33725491166114807,0.0470588244497776,0.10904139735632473,0.03888889029622078,0.21300171745703525,0.0387945796469314,0.23529411852359772,0.03921568766236305,0.07450980693101883,0.0313725508749485,0.07450980693101883,0.0313725508749485,0.021114642190901343,0.003504511325351308,0.06787049238225205,0.0031194697211642604,0.2666666805744171,0.03921568766236305,475.1537130915705,475.1261872457179,322.73891017874354,322.5664857553689,0.0,0.0,475.1275167785235,322.59060402684565,0,477.0,473.0,325.0,320.0,0.0,0.0,129
1,130,0,0,1,0,5.607843272387981,1.9686275087296963,53.47843301296234,8.89803947135806,0.1715686321258545,0.03921568766236305,0.07058823853731155,0.0,0.27043620986523004,0.007206872735843101,0.2549019753932953,0.0470588244497776,0.4431372582912445,0.0470588244497776,0.11931581430612727,0.04188569167509992,0.25345228916095897,0.042170803181791755,0.27450981736183167,0.04313725605607033,0.07058823853731155,0.03529411926865578,0.07058823853731155,0.03529411926865578,0.04249720365009958,0.002814706180738229,0.09721057563073839,0.0025779819497730168,0.32647059857845306,0.04313725605607033,220.50883625671474,220.6267078002761,328.70646038833974,328.9568091666627,0.0,0.0,220.6208530805687,328.9526066350711,0,221.0,225.0,327.0,335.0,0.0,0.0,130
1,131,0,0,1,0,4.815686419606209,1.6745098568499088,39.17647172510624,7.27451004460454,0.17352941632270813,0.03921568766236305,0.02941177785396576,0.0019607841968536377,0.0799563292383024,0.02246757100696433,0.1764705926179886,0.0470588244497776,0.3333333432674408,0.0470588244497776,0.11745576633185875,0.040841703825607534,0.21644459516633283,0.040190663229859334,0.23725490272045135,0.03921568766236305,0.07058823853731155,0.03529411926865578,0.07058823853731155,0.03529411926865578,0.033184762875658226,0.0032379358911380214,0.06288457871934311,0.003082229796939433,0.26274511218070984,0.04313725605607033,312.80290290553637,312.8307277646664,329.4608608628081,329.514824798774,0.0,0.0,312.8508287292818,329.52486187845307,0,310.0,309.0,327.0,325.0,0.0,0.0,131
1,132,0,0,1,0,3.2274510711431503,1.1647059246897697,20.678432017564774,3.5607844442129135,0.13333334028720856,0.03529411926865578,0.08235293626785278,0.0,0.1216294059465577,0.013825745866363398,0.16078431904315948,0.04313725605607033,0.3764705955982208,0.0470588244497776,0.10758170237143834,0.03882353082299232,0.22476556540831275,0.03870417874144471,0.24313725531101227,0.03921568766236305,0.07450980693101883,0.03529411926865578,0.07450980693101883,0.0313725508749485,0.026281013736610667,0.0027450978755950923,0.09384004824052211,0.0027860415455107025,0.30588236451148987,0.03921568766236305,445.7100322433407,445.59361233520735,328.9599848338058,328.92621145247705,0.0,0.0,445.5978260869565,328.9130434782609,0,446.0,445.0,328.0,333.0,0.0,0.0,132
1,133,0,0,1,0,4.741176605224609,1.662745151668787,22.286275133490562,4.8196079805493355,0.15980392694473267,0.03921568766236305,0.04117647558450699,0.003921568393707275,0.1387379203859232,0.3103783837091494,0.27843138575553894,0.0784313753247261,0.3137255012989044,0.0784313753247261,0.13944637074190028,0.04890426916672903,0.208282945172809,0.04504306523877884,0.22745098173618317,0.04313725605607033,0.07450980693101883,0.03529411926865578,0.07450980693101883,0.03529411926865578,0.05421544236120106,0.01097855110013209,0.06337717264862523,0.007436102960311155,0.2558823674917221,0.0470588244497776,188.7531233575916,188.68348250384784,331.9588245570648,331.78519121429105,0.0,0.0,188.7196261682243,332.0934579439252,0,189.0,186.0,330.0,327.0,0.0,0.0,133
1,134,0,0,1,0,4.0313726887106895,1.2549020051956177,19.819608189165592,4.309804067015648,0.15294118225574493,0.03921568766236305,0.027450978755950928,0.0,0.03135629455764814,0.012184798375617914,0.1764705926179886,0.0470588244497776,0.2549019753932953,0.0470588244497776,0.12598039652220905,0.03921568766236305,0.18351489064042215,0.039905593213107854,0.1921568661928177,0.03921568766236305,0.08235294371843338,0.03529411926865578,0.08235294371843338,0.03529411926865578,0.025504334011075627,0.002772967604077251,0.04322879003323529,0.002764157328804488,0.21960784494876862,0.04313725605607033,295.5510486799693,295.5641492274961,331.95647011963905,331.9281164701776,0.0,0.0,295.5740740740741,331.93518518518516,0,294.0,291.0,333.0,335.0,0.0,0.0,134
1,135,0,0,1,0,3.8823530599474907,1.2705882787704468,21.95294166356325,4.513725642114878,0.15784314274787903,0.03921568766236305,0.03529411554336548,0.0,0.09019056148868906,0.021654862028134412,0.18039216101169586,0.0470588244497776,0.2862745225429535,0.0470588244497776,0.12132353312335908,0.03970588371157646,0.1942738200315332,0.03994447470898122,0.20392157137393951,0.03921568766236305,0.0784313753247261,0.03529411926865578,0.0784313753247261,0.03529411926865578,0.030815171077724447,0.0030612733461605444,0.05428381080712438,0.0026881715185560436,0.23529411852359772,0.04313725605607033,384.5585923579349,384.6403127720351,334.8804930284072,334.9235447417529,0.0,0.0,384.646017699115,334.9026548672566,0,384.0,390.0,333.0,338.0,0.0,0.0,135
1,136,0,0,1,0,4.227451115846634,1.368627492338419,20.36470639705658,4.258823659271002,0.15980392694473267,0.03921568766236305,0.039215683937072754,0.003921568393707275,0.13803964364516907,0.007248962206612848,0.18431372940540314,0.0470588244497776,0.3019607961177826,0.0470588244497776,0.1281045792680798,0.04147356037389149,0.19771559608792796,0.04134780251719419,0.2078431397676468,0.04313725605607033,0.07058823853731155,0.03529411926865578,0.07058823853731155,0.03529411926865578,0.03386788523036652,0.0027357964936709092,0.05769078787944498,0.002607963871135178,0.24313725531101227,0.04313725605607033,124.77777778932261,124.64272559835112,335.813017524826,335.78913443893475,0.0,0.0,124.64077669902913,335.79611650485435,0,127.0,128.0,336.0,338.0,0.0,0.0,136
1,137,0,0,1,0,4.262745216488838,1.3058823980391026,20.792157217860222,4.298039365559816,0.1568627506494522,0.036274511367082596,0.0313725471496582,0.003921568393707275,0.09686862840436283,0.023347479649062437,0.20392157137393951,0.0470588244497776,0.25882354378700256,0.0470588244497776,0.12917409746935873,0.0395721938799728,0.19075373594367176,0.03943155381247538,0.20588235557079315,0.03921568766236305,0.08627451211214066,0.03529411926865578,0.08627451211214066,0.03529411926865578,0.029042073262280203,0.003254441621261781,0.048165681154241274,0.0030898952004055243,0.23137255012989044,0.04313725605607033,349.92870614584854,349.9498175177887,335.5909090964796,335.51824817302514,0.0,0.0,349.9449541284404,335.4954128440367,0,351.0,353.0,337.0,335.0,0.0,0.0,137
1,138,0,0,1,0,3.6745099052786827,1.3607843555510044,24.713726364076138,4.619607985019684,0.13725490868091583,0.03921568766236305,0.0627450942993164,0.003921568393707275,0.1496295287297011,0.03869287965419067,0.1921568661928177,0.0470588244497776,0.3490196168422699,0.0470588244497776,0.11134878500844493,0.04123588956215165,0.22065827110782266,0.04124649986624718,0.2549019753932953,0.04313725605607033,0.07058823853731155,0.03529411926865578,0.07058823853731155,0.03529411926865578,0.031784864333032674,0.0030713837701861727,0.08686768404797773,0.002671180670303514,0.2980392277240753,0.04313725605607033,229.45239606278034,229.34380305723198,338.5082513484468,338.3565365058271,0.0,0.0,229.35714285714286,338.39285714285717,0,229.0,234.0,339.0,338.0,0.0,0.0,138
1,139,0,0,1,0,2.7450981214642525,1.109803956001997,20.098039649426937,3.2352942191064358,0.12156862765550613,0.03921568766236305,0.12941177189350128,0.003921568393707275,0.0668330282013437,0.047694112887259235,0.1568627506494522,0.0470588244497776,0.48235294222831726,0.0470588244497776,0.10167030079497232,0.041103850222296186,0.2544055651826195,0.040953091381094126,0.26274511218070984,0.03921568766236305,0.07058823853731155,0.03529411926865578,0.07058823853731155,0.03529411926865578,0.026574362240882415,0.0026938614212766786,0.1335322823778552,0.002772745437862571,0.36666667461395264,0.04313725605607033,269.0154146328949,269.0206060598831,338.88956097271307,338.7757575800354,0.0,0.0,269.0126582278481,338.82278481012656,0,269.0,267.0,340.0,334.0,0.0,0.0,139
1,140,0,0,1,0,4.200000122189522,1.529411818832159,38.83529534935951,6.360784541815519,0.1568627506494522,0.03921568766236305,0.06470588594675064,0.0,0.0307483783287654,0.039068457446114487,0.1568627506494522,0.04313725605607033,0.3764705955982208,0.0470588244497776,0.10769231082537235,0.03921568766236305,0.2382533457015921,0.03902321804794797,0.2568627595901489,0.03921568766236305,0.07450980693101883,0.03529411926865578,0.07450980693101883,0.0313725508749485,0.02187670162514029,0.0025118140276189083,0.08729544228454673,0.002705935572913588,0.30980393290519714,0.03921568766236305,489.11269312528316,489.11035758499446,340.13046552066083,340.13871762926624,0.0,0.0,489.12883435582825,340.1042944785276,0,487.0,483.0,340.0,339.0,0.0,0.0,140
1,141,0,0,1,0,4.0705883502960205,1.5490196533501148,38.01568728685379,6.1607844941318035,0.14411765336990356,0.03921568766236305,0.08431372046470642,0.003921568393707275,0.19455099023600508,0.03562885217008607,0.21568627655506134,0.05098039284348488,0.43529412150382996,0.05098039284348488,0.11001590135935191,0.04186539603648959,0.25861011759764485,0.04191009859953608,0.29019609093666077,0.04313725605607033,0.07058823853731155,0.03529411926865578,0.07058823853731155,0.03529411926865578,0.035592520608235464,0.003165486726652023,0.10984372506321202,0.0030273781305745063,0.35784314572811127,0.04313725605607033,212.97606766083274,212.91406747574808,341.8486692930169,342.0241884165003,0.0,0.0,212.94557823129253,342.0408163265306,0,215.0,206.0,340.0,342.0,0.0,0.0,141
1,142,0,0,1,0,5.2196079939603806,1.933333396911621,42.925491496920586,7.666666924953461,0.14901961386203766,0.03921568766236305,0.0627451092004776,0.003921568393707275,0.13077660612302755,0.025459148981165625,0.1725490242242813,0.04313725605607033,0.364705890417099,0.0470588244497776,0.10874183320750792,0.04027777910232544,0.22357026821312806,0.039930556900799274,0.239215686917305,0.03921568766236305,0.07450980693101883,0.03529411926865578,0.07450980693101883,0.03529411926865578,0.027772852715558245,0.002498183650348383,0.08408445898734133,0.0028389051732964138,0.29411765933036804,0.04313725605607033,360.99963457997933,360.8951406625967,341.85940068682464,341.87263427132046,0.0,0.0,360.8697916666667,341.875,0,364.0,366.0,342.0,336.0,0.0,0.0,142
1,143,0,0,1,0,3.7372550144791603,1.3176471032202244,21.56078476458788,4.580392315983772,0.14509804546833038,0.03921568766236305,0.0313725471496582,0.0,0.09203265130045937,0.04505610572474784,0.16470588743686676,0.04313725605607033,0.27843138575553894,0.0470588244497776,0.11325015195391396,0.03992870009758256,0.1858688341774817,0.03948614065503252,0.20000000298023224,0.03921568766236305,0.0784313753247261,0.03529411926865578,0.0784313753247261,0.0313725508749485,0.024627906305725273,0.0026358968141085982,0.0526306968656609,0.0029002852347734943,0.22745098173618317,0.04313725605607033,406.35176427171257,406.41010274251414,342.25718443487506,342.31849314747626,0.0,0.0,406.4396551724138,342.2844827586207,0,407.0,406.0,345.0,343.0,0.0,0.0,143
1,144,0,0,1,0,4.003921709954739,1.254901997745037,20.25098081678152,4.396078564226627,0.16078431904315948,0.03921568766236305,0.027450978755950928,0.003921568393707275,0.043457484474720615,0.03241215558456193,0.18039216101169586,0.0470588244497776,0.2705882489681244,0.0470588244497776,0.1334640569984913,0.041830066591501236,0.19104698883756152,0.04147243928515686,0.20000000298023224,0.04313725605607033,0.0784313753247261,0.03529411926865578,0.0784313753247261,0.03529411926865578,0.025725079616687234,0.002922964502248042,0.04439937117392699,0.0028477253793449523,0.2235294133424759,0.04313725605607033,99.1241285754361,99.1507582490355,343.5528659964276,343.49330954649747,0.0,0.0,99.12264150943396,343.50943396226415,0,98.0,100.0,344.0,339.0,0.0,0.0,144
1,145,0,0,1,0,3.149019680917263,1.1647059172391891,19.72549081593752,3.5960785411298275,0.13137255609035492,0.03921568766236305,0.07058823108673096,0.0019607841968536377,0.09967740093251498,0.015335770149929241,0.16470588743686676,0.0470588244497776,0.3764705955982208,0.0470588244497776,0.11246498860418797,0.04159663990139961,0.2267297794935347,0.041334236104940546,0.250980406999588,0.04117647185921669,0.07450980693101883,0.03921568766236305,0.07450980693101883,0.03529411926865578,0.024935873687959,0.0028393744711961186,0.09038603935509541,0.0027120321045646257,0.30588236451148987,0.04313725605607033,16.638966204297606,16.70665212600352,344.75606362349845,344.6924754621777,0.0,0.0,16.701149425287355,344.67816091954023,0,15.0,13.0,346.0,348.0,0.0,0.0,145
1,146,0,0,1,0,4.635294243693352,1.7058824077248573,40.21176598966122,7.31764729693532,0.1725490242242813,0.03921568766236305,0.041176483035087585,0.0,0.09612762228149282,0.02563217853384475,0.16862745583057404,0.0470588244497776,0.3529411852359772,0.0470588244497776,0.11036414865936552,0.040616247802972794,0.22216445298155368,0.04042899059080287,0.24117647111415863,0.03921568766236305,0.07058823853731155,0.03529411926865578,0.07058823853731155,0.03529411926865578,0.028052258561121285,0.002815091042605497,0.07184516159118787,0.0026822276145276273,0.27450981736183167,0.04313725605607033,332.4548469013043,332.35316184508235,345.2278135368221,345.20150053413835,0.0,0.0,332.37016574585635,345.18232044198896,0,331.0,332.0,348.0,337.0,0.0,0.0,146
1,147,0,0,1,0,4.039215795695782,1.3607843555510044,23.33725557476282,4.6823530830442905,0.1568627506494522,0.03921568766236305,0.04901961237192154,0.003921568393707275,0.023732189590962686,0.014817391953780162,0.2078431397676468,0.0470588244497776,0.3294117748737335,0.0470588244497776,0.12240047865744794,0.04123588956215165,0.2065243856173701,0.041436752947294604,0.21568627655506134,0.04313725605607033,0.07058823853731155,0.03529411926865578,0.07058823853731155,0.03529411926865578,0.03523144450685777,0.003361172853426971,0.06612164992364819,0.002653902919282365,0.2549019753932953,0.04313725605607033,203.17492857722013,203.206867670597,348.37623927914433,348.39782244480216,0.0,0.0,203.1946902654867,348.3893805309734,0,206.0,204.0,348.0,348.0,0.0,0.0,147
1,148,0,0,1,0,4.439215816557407,1.4509804472327232,30.070588804781437,6.270588461309671,0.16470588743686676,0.03921568766236305,0.029411762952804565,0.0,0.09683426494897952,0.03513315113853124,0.1568627506494522,0.04313725605607033,0.27450981736183167,0.0470588244497776,0.11682146885677387,0.03818369597980851,0.18677384350795923,0.038947754418072494,0.1980392187833786,0.03921568766236305,0.08235294371843338,0.03529411926865578,0.08235294371843338,0.0313725508749485,0.020793034896569414,0.0026512346363322197,0.04642700963398329,0.0026270063006512434,0.21960784494876862,0.03921568766236305,456.4076682238738,456.39587242339024,348.9551382331666,349.0625390857003,0.0,0.0,456.42857142857144,349.0496894409938,0,455.0,457.0,349.0,343.0,0.0,0.0,148
1,149,0,0,1,0,3.627451077103615,1.2039216086268425,19.92941229045391,3.9215687587857246,0.16078431904315948,0.03921568766236305,0.03921569883823395,0.003921568393707275,0.08151938072273238,0.02448628998683688,0.18039216101169586,0.04313725605607033,0.3294117748737335,0.0470588244497776,0.12091503590345383,0.040130720287561414,0.20336134990259092,0.040016007742711475,0.21960784494876862,0.03921568766236305,0.0784313753247261,0.03529411926865578,0.0784313753247261,0.03529411926865578,0.031045408952875185,0.0026176448628651905,0.064186625018928,0.0028543502900718574,0.250980406999588,0.04313725605607033,286.77410469028223,286.73199999930085,349.8299882041307,349.7420000021697,0.0,0.0,286.7244897959184,349.765306122449,0,287.0,285.0,351.0,349.0,0.0,0.0,149
1,150,0,0,1,0,4.196078546345234,1.4941176995635033,40.282354049384594,6.3686276488006115,0.16862745583057404,0.03921568766236305,0.0627450942993164,0.003921568393707275,0.09691661831488996,0.033658101011433045,0.18431372940540314,0.0470588244497776,0.40392157435417175,0.0470588244497776,0.11042311964066405,0.03931888683061851,0.25988615515731994,0.04108792031484265,0.30392158031463623,0.04313725605607033,0.07450980693101883,0.03529411926865578,0.07450980693101883,0.03529411926865578,0.03388455060590659,0.0029134351645279935,0.1049929260732142,0.002829127876606879,0.3450980484485626,0.04313725605607033,423.36721183838415,423.4833743819417,349.614388632543,349.60283251030364,0.0,0.0,423.458064516129,349.5806451612903,0,425.0,422.0,352.0,355.0,0.0,0.0,150
1,151,0,0,1,0,4.400000132620335,1.7372549585998058,41.98431510478258,7.247059065848589,0.14901961386203766,0.03921568766236305,0.06666667014360428,0.0,0.15580670899892787,0.06726960701595089,0.16078431904315948,0.0470588244497776,0.4274509847164154,0.0470588244497776,0.10232558447954267,0.04040127810697223,0.23195754201537339,0.04003900036380436,0.26274511218070984,0.03921568766236305,0.07450980693101883,0.03529411926865578,0.07450980693101883,0.03529411926865578,0.024023004086179935,0.002994337287895125,0.09280261533221194,0.002856315028134405,0.30980393290519714,0.04313725605607033,437.22221184209167,437.2938311728492,348.59704837999107,348.5432900384912,0.0,0.0,437.3370165745856,348.49171270718233,0,436.0,437.0,352.0,356.0,0.0,0.0,151
1,152,0,0,1,0,4.250980526208878,1.2980392575263977,20.094118043780327,4.533333484083414,0.15882353484630585,0.03921568766236305,0.019607841968536377,0.0,0.01140014457862843,0.038028851996863025,0.1725490242242813,0.0470588244497776,0.24313725531101227,0.0470588244497776,0.13284314144402742,0.04056372679769993,0.17782405348478164,0.0401179954343665,0.1882352977991104,0.03921568766236305,0.09019608050584793,0.03921568766236305,0.09019608050584793,0.03529411926865578,0.023153659948377783,0.002321972327469315,0.03428987469483114,0.0025563554763925306,0.20392157137393951,0.04313725605607033,309.2215066345503,309.2439446345698,354.4627244347689,354.4818339072018,0.0,0.0,309.2212389380531,354.4513274336283,0,310.0,304.0,357.0,354.0,0.0,0.0,152
1,153,0,0,1,0,2.768627516925335,1.1254902333021164,21.682353608310223,3.835294246673584,0.12156862765550613,0.03921568766236305,0.07450981438159943,0.0,0.07402337620853561,0.01178176390617495,0.1411764770746231,0.04313725605607033,0.35686275362968445,0.0470588244497776,0.09887955417590481,0.04019607976078987,0.2258578500865648,0.039950981736183167,0.250980406999588,0.03921568766236305,0.07450980693101883,0.03529411926865578,0.07450980693101883,0.03529411926865578,0.0191359792904312,0.002697669346805558,0.09412714461959278,0.0027909623912500347,0.3137255012989044,0.04313725605607033,379.2381985917836,379.2873210628286,353.7106167535907,353.76073619726054,0.0,0.0,379.28125,353.7708333333333,0,379.0,378.0,353.0,356.0,0.0,0.0,153
1,154,0,0,1,0,3.9647059962153435,1.2862745448946953,22.188235975801945,3.8862746246159077,0.14509804546833038,0.03921568766236305,0.054901957511901855,0.003921568393707275,0.33245333777364633,0.13281528860845154,0.3450980484485626,0.07450980693101883,0.38823530077934265,0.07450980693101883,0.1367139998694946,0.04435429465154122,0.24117647799784722,0.04224211548495552,0.27843138575553894,0.04313725605607033,0.07058823853731155,0.03921568766236305,0.07058823853731155,0.03529411926865578,0.08259229607035033,0.007504766492385423,0.09691167801836613,0.0047716090789969015,0.32549020648002625,0.04313725605607033,400.43336867796154,400.360242174342,353.87115588468583,353.6750756765462,0.0,0.0,400.2608695652174,353.5869565217391,0,402.0,404.0,355.0,357.0,0.0,0.0,154
1,155,0,0,1,0,3.9960785657167435,1.4980392642319202,32.82745212316513,5.592157043516636,0.16470588743686676,0.03921568766236305,0.0470588356256485,0.0,0.01884511539363348,0.01179242365235633,0.1764705926179886,0.0470588244497776,0.3764705955982208,0.0470588244497776,0.10800212339774982,0.04048754768194379,0.23788008784902268,0.040522877126932144,0.27843138575553894,0.03921568766236305,0.06666667014360428,0.03529411926865578,0.06666667014360428,0.03529411926865578,0.03338279548073155,0.002743440028432601,0.09009161459207572,0.0024682068151577357,0.30980393290519714,0.04313725605607033,249.45335085173485,249.44389901739476,355.2785808161043,355.26788218862595,0.0,0.0,249.43478260869566,355.27536231884056,0,250.0,255.0,354.0,355.0,0.0,0.0,155
1,156,0,0,1,0,3.6235295087099075,1.2666667141020298,22.450980871915817,4.733333509415388,0.14901961386203766,0.03529411926865578,0.037254899740219116,0.0,0.0731764213659505,0.021106372506589553,0.16470588743686676,0.04313725605607033,0.29411765933036804,0.0470588244497776,0.10980392450636084,0.03838383982127363,0.1825282997716733,0.03848238625540966,0.19411765038967133,0.03921568766236305,0.0784313753247261,0.03529411926865578,0.0784313753247261,0.0313725508749485,0.023902763363511246,0.0023165285237919785,0.05347664222179911,0.0025177217721255576,0.2235294133424759,0.03921568766236305,478.97275109092277,478.92460646094435,357.42882095982515,357.37448218876693,0.0,0.0,478.9105691056911,357.390243902439,0,481.0,477.0,359.0,355.0,0.0,0.0,156
1,157,0,0,1,0,4.61176485568285,1.4823529869318008,21.89803972095251,5.258823696523905,0.15294118225574493,0.03921568766236305,0.019607841968536377,0.003921568393707275,0.1206984103351586,0.03105532105831075,0.1725490242242813,0.0470588244497776,0.23137255012989044,0.05098039284348488,0.1281045793245236,0.04117647185921669,0.16975224589885668,0.040766075166851976,0.1764705926179886,0.03921568766236305,0.07058823853731155,0.03529411926865578,0.07058823853731155,0.0313725508749485,0.02551532358371425,0.0025313615133069414,0.033100295857527745,0.0030657063952854438,0.1921568661928177,0.04313725605607033,175.5897206234649,175.44891871956364,357.5496060153022,357.53914988633653,0.0,0.0,175.47286821705427,357.51937984496124,0,179.0,173.0,360.0,360.0,0.0,0.0,157
1,158,0,0,1,0,3.627451092004776,1.2235294468700886,19.792157366871834,4.10196090862155,0.16274510324001312,0.03921568766236305,0.03725490719079971,0.003921568393707275,0.14640316850533247,0.031202478495862804,0.1921568661928177,0.0470588244497776,0.29411765933036804,0.0470588244497776,0.1250845204139578,0.042190670581727194,0.19992078148355388,0.041433948571934845,0.2137254923582077,0.04313725605607033,0.0784313753247261,0.03529411926865578,0.0784313753247261,0.03529411926865578,0.03161409565559725,0.0028493990871883263,0.05654937345532027,0.0028509492007093647,0.24313725531101227,0.04313725605607033,35.94036059538601,36.09082217701561,359.3360412141279,359.24474187450477,0.0,0.0,36.06060606060606,359.25252525252523,0,33.0,31.0,360.0,357.0,0.0,0.0,158
1,159,0,0,1,0,3.1411765664815903,1.2156863175332546,21.92549093812704,4.160784468054771,0.13333334028720856,0.03529411926865578,0.050980404019355774,0.0,0.05727295276382768,0.04000786774033896,0.16078431904315948,0.04313725605607033,0.3176470696926117,0.0470588244497776,0.10132827633811582,0.03921568766236305,0.20301380498265778,0.03852578211161825,0.23137255012989044,0.03921568766236305,0.07058823853731155,0.03529411926865578,0.07058823853731155,0.0313725508749485,0.024963603163614907,0.0026353782940260547,0.07716775912973912,0.0027641573288044886,0.2666666805744171,0.03921568766236305,491.43802539848537,491.4524033931512,358.81434448290196,358.7992459904784,0.0,0.0,491.4537037037037,358.75925925925924,0,492.0,495.0,360.0,356.0,0.0,0.0,159
1,160,0,0,1,0,4.266666799783707,1.5725490674376488,35.39607971906662,6.439215883612633,0.1725490242242813,0.03921568766236305,0.039215683937072754,0.003921568393707275,0.10148053165849555,0.02272652297248209,0.1764705926179886,0.04313725605607033,0.3450980484485626,0.05098039284348488,0.11228070525746596,0.041382870195727596,0.22689794691709372,0.041277024894952774,0.2549019753932953,0.04313725605607033,0.07058823853731155,0.03529411926865578,0.07058823853731155,0.03529411926865578,0.028327751779830608,0.0023282793602285726,0.0737443835557623,0.0028586964562206706,0.27843138575553894,0.04313725605607033,133.10868601889365,133.04202192647514,360.82550409833635,360.92204628453277,0.0,0.0,133.06410256410257,360.9166666666667,0,135.0,136.0,360.0,363.0,0.0,0.0,160
1,161,0,0,1,0,3.0588236078619957,1.2274510152637959,20.964706405997276,3.643137365579605,0.11764705926179886,0.03921568766236305,0.1098039299249649,0.003921568393707275,0.04609553706723702,0.02334821536261991,0.18039216101169586,0.0470588244497776,0.4588235318660736,0.0470588244497776,0.10547667613317227,0.042325897078061926,0.23823530006815086,0.041399288245222786,0.24705882370471954,0.04313725605607033,0.06666667014360428,0.03921568766236305,0.06666667014360428,0.03529411926865578,0.02994282556481463,0.002388576156839453,0.114753865745477,0.0024983271755818093,0.3450980484485626,0.04313725605607033,186.33146278269933,186.29817007612803,363.36849981482675,363.3078579136846,0.0,0.0,186.3068181818182,363.32954545454544,0,185.0,191.0,365.0,362.0,0.0,0.0,161
1,162,1,1,0,1,4.6352942287921906,3.0784314647316933,44.803922429680824,24.41176538169384,0.14509804546833038,0.11372549086809158,0.1294117569923401,0.05490196496248245,0.32433803600108085,0.4229264967057565,0.3529411852359772,0.2549019753932953,0.572549045085907,0.3803921639919281,0.12527822239978895,0.08320085039815388,0.31552058049071,0.17191384071615382,0.35686275362968445,0.1764705926179886,0.07450980693101883,0.05098039284348488,0.07450980693101883,0.05098039284348488,0.06016106054405885,0.03698066919845169,0.15388757334263278,0.07721178119688175,0.4470588266849518,0.2235294133424759,405.649102833884,405.5720481849561,363.009978120535,363.18024096139885,0.0,0.0,405.9718309859155,363.0422535211268,0,402.0,404.0,364.0,367.0,0.0,0.0,162
1,163,1,1,0,1,3.4431373327970505,2.262745149433613,44.17647169530392,24.337255530059338,0.12745098769664764,0.09215686470270157,0.1607843041419983,0.06666666269302368,0.1226444450887809,0.23476538564359883,0.12941177189350128,0.10196078568696976,0.6117647290229797,0.35686275362968445,0.09564270368880695,0.06285403192871147,0.3025785732555063,0.16669353102780368,0.30588236451148987,0.1764705926179886,0.07450980693101883,0.0470588244497776,0.07450980693101883,0.0470588244497776,0.015195980781996377,0.014032852759371252,0.16816876701207584,0.07961271026114734,0.45098039507865906,0.23529411852359772,435.2487350169603,435.314856599628,363.600710173745,363.70931357229153,0.0,0.0,435.2671232876712,363.47945205479454,0,434.0,435.0,366.0,368.0,0.0,0.0,163
1,164,0,0,1,0,3.5764707028865814,1.188235331326723,20.20784367620945,4.070588361471891,0.15490196645259857,0.03921568766236305,0.04313726723194122,0.003921568393707275,0.040947708435229165,0.043404662408715204,0.18039216101169586,0.0470588244497776,0.3137255012989044,0.0470588244497776,0.12332657596160626,0.04097363211471459,0.20411963309302475,0.04111705415628173,0.21568627655506134,0.03921568766236305,0.0784313753247261,0.03529411926865578,0.0784313753247261,0.03529411926865578,0.025881662015116123,0.0026429775687261655,0.06207649005721777,0.002807132764593359,0.25196079909801483,0.04313725605607033,14.828061326905297,14.875722541799982,363.9019988311804,363.96917148000927,0.0,0.0,14.858585858585858,363.92929292929296,0,14.0,10.0,362.0,366.0,0.0,0.0,164
1,165,0,0,1,0,3.2784314677119255,1.2862745486199856,21.113726250827312,3.996078558266163,0.13333334028720856,0.03921568766236305,0.05490197241306305,0.003921568393707275,0.04269552261692133,0.02848245526539281,0.18039216101169586,0.0470588244497776,0.3333333432674408,0.0470588244497776,0.10575585379715889,0.041492727374838244,0.21544618623293177,0.040776311819042475,0.250980406999588,0.03921568766236305,0.062745101749897,0.03529411926865578,0.062745101749897,0.03529411926865578,0.03078971460048088,0.0025925237584297875,0.08520162767281823,0.0029506206974107287,0.29411765933036804,0.04313725605607033,240.14115898668612,240.14720314273333,364.09453938206167,364.13346417956285,0.0,0.0,240.1734693877551,364.1224489795918,0,239.0,241.0,362.0,364.0,0.0,0.0,165
1,166,0,0,1,0,4.066666804254055,1.2862745523452759,20.84313776344061,4.1882354356348515,0.16862745583057404,0.03921568766236305,0.037254899740219116,0.0019607841968536377,0.06828015156340722,0.01236062061005755,0.18039216101169586,0.0470588244497776,0.27843138575553894,0.0470588244497776,0.12708333763293922,0.04019607976078987,0.19850607393752961,0.03988795652985573,0.21568627655506134,0.03921568766236305,0.07450980693101883,0.0313725508749485,0.07450980693101883,0.0313725508749485,0.03442362594381494,0.0033961778516286355,0.0553652101093094,0.002986927780603085,0.23823529481887817,0.04313725605607033,338.1027281296767,338.13108614342144,363.55428033571303,363.61329587979753,0.0,0.0,338.14285714285717,363.6095238095238,0,338.0,340.0,360.0,365.0,0.0,0.0,166
1,167,0,0,1,0,3.8196079656481743,1.2941176891326904,22.321569316089153,4.470588386058807,0.14901961386203766,0.03921568766236305,0.0470588356256485,0.0,0.10937130622716178,0.03210273741141749,0.1764705926179886,0.0470588244497776,0.3333333432674408,0.0470588244497776,0.11936274892650545,0.040441177785396576,0.1992997260365103,0.03991596773266792,0.21176470816135406,0.03921568766236305,0.07450980693101883,0.03921568766236305,0.07450980693101883,0.03529411926865578,0.030248515684493563,0.0020652326644457586,0.06308167692439269,0.002297089424267208,0.250980406999588,0.04313725605607033,355.5393534748398,355.60438596766943,364.6888615645298,364.64649122689775,0.0,0.0,355.63392857142856,364.63392857142856,0,356.0,352.0,366.0,361.0,0.0,0.0,167
1,168,0,0,1,0,5.035294257104397,1.7529412358999252,43.22745235264301,8.015686523169279,0.1568627506494522,0.03921568766236305,0.05490197241306305,0.0019607841968536377,0.23191853688217137,0.046817500466402574,0.1725490242242813,0.04313725605607033,0.3607843220233917,0.0470588244497776,0.11443850584328175,0.03983957354318012,0.22167924283406673,0.04110608473420143,0.239215686917305,0.04117647185921669,0.07058823853731155,0.0313725508749485,0.07058823853731155,0.0313725508749485,0.02763210972777169,0.003007938685362819,0.07513883411642237,0.0029545486701024184,0.27941177785396576,0.04313725605607033,267.1463304025623,267.07925635614885,366.2524721098482,366.47407044849734,0.0,0.0,267.0358974358974,366.45641025641027,0,268.0,266.0,369.0,362.0,0.0,0.0,168
1,169,0,0,1,0,4.623529553413391,1.572549071162939,36.4352952837944,6.788235507905483,0.1764705926179886,0.03921568766236305,0.03921569883823395,0.003921568393707275,0.18527749806421293,0.015062909963841834,0.1725490242242813,0.0470588244497776,0.32156863808631897,0.0470588244497776,0.1185520398311126,0.040321771055459976,0.2194897306252675,0.040892984987382426,0.23529411852359772,0.03921568766236305,0.07058823853731155,0.0313725508749485,0.07058823853731155,0.0313725508749485,0.028741642176371825,0.0029384893565170224,0.06598282861701348,0.002766822348522802,0.2705882489681244,0.04313725605607033,292.05812074872824,292.2264586951689,366.1073081333405,366.1502021963969,0.0,0.0,292.23493975903614,366.16265060240966,0,290.0,287.0,366.0,364.0,0.0,0.0,169
1,170,0,0,1,0,3.1137255877256393,1.2000000402331352,21.039216369390488,4.07450994476676,0.12941177189350128,0.03921568766236305,0.05490196496248245,0.0,0.09516437354614786,0.031136954919876475,0.16862745583057404,0.0470588244497776,0.3137255012989044,0.0470588244497776,0.10379085292418798,0.040000001341104506,0.20426423659602416,0.03955834897831806,0.2235294133424759,0.03921568766236305,0.06666667014360428,0.03529411926865578,0.06666667014360428,0.0313725508749485,0.02907843179415219,0.0025615577482689797,0.07509585171151088,0.002897089091321061,0.26764707267284393,0.04019607976078987,420.1297297131814,420.1847930702291,367.88331779572087,367.9923002858071,0.0,0.0,420.18446601941747,367.9611650485437,0,416.0,418.0,367.0,364.0,0.0,0.0,170
1,171,0,0,1,0,3.815686374902725,1.470588281750679,31.3411775380373,6.027451168745756,0.16764706373214722,0.03921568766236305,0.035294122993946075,0.003921568393707275,0.030156723922212827,0.03043520762247786,0.16470588743686676,0.0470588244497776,0.33725491166114807,0.0470588244497776,0.10599128819174236,0.04084967449307442,0.2132052893744034,0.041003069175141196,0.23725490272045135,0.03921568766236305,0.07450980693101883,0.03529411926865578,0.07450980693101883,0.03529411926865578,0.02590555140693407,0.0023338000009413547,0.06901767392437834,0.002556295780383051,0.26274511218070984,0.04313725605607033,226.20783283143356,226.21210149631102,370.39176677072345,370.4521795678291,0.0,0.0,226.2108843537415,370.421768707483,0,224.0,225.0,368.0,376.0,0.0,0.0,171
1,172,0,0,1,0,3.890196181833744,1.6117647588253021,42.96470696479082,6.913725711405277,0.13725490868091583,0.03921568766236305,0.09411764144897461,0.0,0.06163037665218136,0.02770503842043509,0.14509804546833038,0.0470588244497776,0.47058823704719543,0.0470588244497776,0.0972549045458436,0.04029411897063255,0.2527335703811225,0.04066897477297222,0.2823529541492462,0.03921568766236305,0.07450980693101883,0.03529411926865578,0.07450980693101883,0.03529411926865578,0.017629621869222394,0.0030360513028023324,0.11218784278253834,0.0027509072032175226,0.343137264251709,0.04313725605607033,392.5370573206024,392.5802609163858,372.88307776563823,372.8281338623122,0.0,0.0,392.5529411764706,372.8235294117647,0,394.0,390.0,374.0,374.0,0.0,0.0,172
1,173,0,0,1,0,3.8392158076167107,1.3411765173077583,22.36078465729952,4.658823698759079,0.14509804546833038,0.03921568766236305,0.023529410362243652,0.0,0.030433476831819264,0.03152983074409396,0.1568627506494522,0.04313725605607033,0.25882354378700256,0.0470588244497776,0.11291811198872678,0.03944636815611054,0.18633987214416264,0.03882353082299232,0.2078431397676468,0.03921568766236305,0.07450980693101883,0.0313725508749485,0.07450980693101883,0.0313725508749485,0.024889188387437148,0.002680265131736763,0.051333576071839325,0.0027913928406870197,0.22745098173618317,0.03921568766236305,484.92792002546736,484.9452861965381,375.09277446480866,375.12037036761615,0.0,0.0,484.9583333333333,375.09166666666664,0,482.0,483.0,377.0,378.0,0.0,0.0,173
1,174,0,0,1,0,4.235294245183468,1.4000000469386578,23.227451495826244,4.854902122169733,0.15294118225574493,0.03921568766236305,0.03333333134651184,0.0,0.1563035540020958,0.04084679870625335,0.1882352977991104,0.0470588244497776,0.30980393290519714,0.0470588244497776,0.12100840700524194,0.040000001341104506,0.19196240905641523,0.04012315803446061,0.20588235557079315,0.03921568766236305,0.08235294371843338,0.03529411926865578,0.08235294371843338,0.03529411926865578,0.029808977189321288,0.002780879082647993,0.055965466047299996,0.0026081216450598793,0.23137255012989044,0.04313725605607033,375.25899036910715,375.3739903105893,377.05841634534806,377.0444264932902,0.0,0.0,375.41322314049586,377.0330578512397,0,374.0,372.0,377.0,379.0,0.0,0.0,174
1,175,0,0,1,0,3.400000087916851,1.2431372962892056,21.537255473434925,4.396078575402498,0.15882353484630585,0.03921568766236305,0.04313725233078003,0.0,0.027413360747095387,0.04239165725724142,0.18431372940540314,0.04313725605607033,0.30588236451148987,0.0470588244497776,0.10967742219086617,0.040101203106103406,0.1975894997562837,0.04033099610461008,0.21568627655506134,0.03921568766236305,0.07058823853731155,0.03529411926865578,0.07058823853731155,0.03529411926865578,0.032711526426308306,0.002380124807181793,0.06458428229537456,0.00281546988744864,0.2500000111758709,0.04313725605607033,242.26638746219504,242.29348795379977,378.7174071197924,378.7644959837525,0.0,0.0,242.25688073394497,378.74311926605503,0,243.0,245.0,377.0,381.0,0.0,0.0,175
1,176,0,0,1,0,3.5843138322234154,1.3333333767950535,22.278431959450245,4.6784315295517445,0.1352941244840622,0.03921568766236305,0.04509803652763367,0.0019607841968536377,0.07635189032918707,0.04083484688150494,0.1568627506494522,0.0470588244497776,0.29411765933036804,0.0470588244497776,0.10861557067343683,0.040404041721062225,0.1904139483713696,0.03998659426967303,0.20196078717708588,0.03921568766236305,0.0784313753247261,0.03529411926865578,0.0784313753247261,0.03529411926865578,0.020739419955831825,0.0026412488943687975,0.060662707799073734,0.0028657125156053742,0.24313725531101227,0.04313725605607033,413.1608871796753,413.0477787126481,378.62911459327637,378.62531433507644,0.0,0.0,413.0854700854701,378.64102564102564,0,413.0,410.0,380.0,377.0,0.0,0.0,176
1,177,0,0,1,0,4.074509911239147,1.3568627946078777,24.7137259170413,5.3137256763875484,0.15980392694473267,0.03921568766236305,0.029411762952804565,0.0,0.02945405387088394,0.04159765953943926,0.16470588743686676,0.04313725605607033,0.26274511218070984,0.04313725605607033,0.11641456889254706,0.03876750841736794,0.18306463642252815,0.03936093093620406,0.19411765038967133,0.03921568766236305,0.0784313753247261,0.03529411926865578,0.0784313753247261,0.03529411926865578,0.02418819155449632,0.0022520728340843974,0.04640713589714859,0.00258842911629949,0.21960784494876862,0.03921568766236305,441.4327197656695,441.4081180818146,377.5025388777086,377.4848708525941,0.0,0.0,441.4148148148148,377.52592592592595,0,444.0,441.0,377.0,382.0,0.0,0.0,177
1,178,0,0,1,0,3.6039216741919518,1.2666667066514492,21.86666738241911,3.941176600754261,0.13725490868091583,0.03921568766236305,0.07058824598789215,0.003921568393707275,0.043406789807045695,0.051738828056362,0.1764705926179886,0.0470588244497776,0.37254902720451355,0.0470588244497776,0.11625553787715974,0.040860216343595136,0.22312925900427663,0.04021608776279858,0.24313725531101227,0.03921568766236305,0.07058823853731155,0.03529411926865578,0.07058823853731155,0.0313725508749485,0.030254401399778783,0.0031141133185187595,0.08623901860001373,0.0028736394934442155,0.3019607961177826,0.04313725605607033,365.84917503514345,365.8537313388735,378.79124820168363,378.80597014737737,0.0,0.0,365.8061224489796,378.7857142857143,0,364.0,369.0,377.0,376.0,0.0,0.0,178
1,179,0,0,1,0,3.85098048299551,1.4705882892012596,31.639216639101505,6.003921784460545,0.14901961386203766,0.037254903465509415,0.03529411554336548,0.0,0.05694055081552372,0.020069904291740825,0.14901961386203766,0.04313725605607033,0.29411765933036804,0.0470588244497776,0.10134159165777658,0.03869969182108578,0.20544945869546433,0.03898650509389964,0.23137255012989044,0.03921568766236305,0.07450980693101883,0.03529411926865578,0.07450980693101883,0.0313725508749485,0.021147523360506255,0.0024092088409053735,0.0670867304466442,0.0027271049345907006,0.2549019753932953,0.03921568766236305,455.3195339682184,455.3834095349819,379.3637828475529,379.3527106451983,0.0,0.0,455.37012987012986,379.3376623376623,0,456.0,459.0,376.0,378.0,0.0,0.0,179
1,180,1,1,0,1,3.537254996597767,3.737254999577999,42.03921706229448,43.74902077764273,0.1411764770746231,0.16862745583057404,0.18431372195482254,0.13137254863977432,0.1293196478383523,0.16325305855866576,0.14901961386203766,0.19607843458652496,0.5529412031173706,0.6901960968971252,0.1040369116646402,0.10991926469347056,0.3209100539106449,0.33396199066902843,0.3078431487083435,0.3529411852359772,0.07450980693101883,0.06666667014360428,0.07450980693101883,0.06666667014360428,0.02013670530739283,0.03311872504262479,0.17838188284994047,0.17174967224322515,0.5098039507865906,0.4627451002597809,61.90037313360271,61.87486553340336,379.23983209363695,379.26730010730637,0.0,0.0,62.02290076335878,379.19847328244276,0,63.0,63.0,376.0,376.0,0.0,0.0,180
1,181,0,0,1,0,3.388235382735729,1.1960784681141376,20.70588294416666,4.04313737899065,0.16274510324001312,0.03921568766236305,0.054901957511901855,0.003921568393707275,0.030875530785381952,0.04515277975318234,0.1882352977991104,0.0470588244497776,0.3450980484485626,0.0470588244497776,0.11683570285295618,0.04124408510738406,0.2112845198384353,0.041256503867251534,0.21960784494876862,0.04313725605607033,0.07450980693101883,0.03529411926865578,0.07450980693101883,0.03529411926865578,0.03344061616192515,0.0026498873257954966,0.07397560628488555,0.0027001167510792724,0.2705882489681244,0.04313725605607033,170.2136363721496,170.1590688692439,380.4477272746368,380.42192046524656,0.0,0.0,170.20408163265307,380.4183673469388,0,170.0,173.0,382.0,378.0,0.0,0.0,181
1,182,0,0,1,0,4.650980547070503,1.5411765165627003,32.20000118017197,5.780392326414585,0.1666666716337204,0.03921568766236305,0.03921569883823395,0.0,0.13569872899452523,0.014757515906212004,0.26274511218070984,0.05098039284348488,0.34117648005485535,0.05098039284348488,0.12570217694785144,0.04165341936655947,0.2333333418853041,0.04188690091604772,0.26274511218070984,0.04313725605607033,0.07058823853731155,0.03529411926865578,0.07058823853731155,0.03529411926865578,0.054901554946607985,0.0034539840520597916,0.07983714977917447,0.002752213535938968,0.2980392277240753,0.04313725605607033,196.7317013733363,196.67232021594907,378.89745463603106,378.775440977571,0.0,0.0,196.65942028985506,378.7826086956522,0,195.0,200.0,381.0,373.0,0.0,0.0,182
1,183,0,0,1,0,3.3607844337821007,1.1686274856328964,20.894118316471577,3.5686275623738766,0.14509804546833038,0.03921568766236305,0.08627451211214066,0.003921568393707275,0.09440887616360077,0.009509298706015423,0.1764705926179886,0.0470588244497776,0.4274509847164154,0.05098039284348488,0.12002801549221788,0.04173669591546059,0.2401622794996733,0.041018707613492834,0.2607843279838562,0.03921568766236305,0.07450980693101883,0.03529411926865578,0.07450980693101883,0.03529411926865578,0.029221407663332134,0.0023932782173824154,0.09804186037461363,0.0028393986584392557,0.3274509906768799,0.04313725605607033,138.08089339596452,138.02527472611098,382.8718093117858,382.95164835186404,0.0,0.0,138.0344827586207,382.95402298850576,0,138.0,139.0,382.0,381.0,0.0,0.0,183
1,184,0,0,1,0,3.3647059723734856,1.3019608221948147,21.215686909854412,4.337255034595728,0.14215686917304993,0.03921568766236305,0.06078432500362396,0.003921568393707275,0.05786137907653513,0.02496272358294207,0.18431372940540314,0.05098039284348488,0.34117648005485535,0.05098039284348488,0.10853890233462857,0.04199873619983273,0.2020541610462325,0.0413071908056736,0.20980392396450043,0.04313725605607033,0.07058823853731155,0.03529411926865578,0.07058823853731155,0.03529411926865578,0.0318961237403461,0.0034782356142793497,0.07592464145085495,0.003339277925670458,0.26274511218070984,0.04313725605607033,229.01423290146107,229.00180831724202,382.8813308625318,382.8508137412129,0.0,0.0,228.9904761904762,382.8285714285714,0,229.0,230.0,381.0,388.0,0.0,0.0,184
1,185,0,0,1,0,3.596078537404537,1.2431372962892056,22.396079190075397,3.9960785657167435,0.13725490868091583,0.03921568766236305,0.05098038911819458,0.0,0.0003171173560927922,0.039524092796356596,0.1725490242242813,0.04313725605607033,0.3607843220233917,0.04313725605607033,0.1160025334646625,0.040101203106103406,0.22396079190075396,0.03996078565716744,0.250980406999588,0.03921568766236305,0.07058823853731155,0.03529411926865578,0.07058823853731155,0.03529411926865578,0.02629299283133312,0.002380124807181793,0.08061451204558819,0.0025229433957332896,0.29019609093666077,0.04313725605607033,302.1999649744774,302.17762512475514,383.20031517714114,383.2325809586899,0.0,0.0,302.2,383.2,0,305.0,298.0,383.0,381.0,0.0,0.0,185
1,186,0,0,1,0,4.556862883269787,1.5921569094061852,25.898039750754833,6.086274694651365,0.15294118225574493,0.03921568766236305,0.027450978755950928,0.003921568393707275,0.22077299149287838,0.02340992369004857,0.1764705926179886,0.0470588244497776,0.26274511218070984,0.0470588244497776,0.11991744429657333,0.04189886603700487,0.1761771411615975,0.04140322921531541,0.1764705926179886,0.04313725605607033,0.07450980693101883,0.03529411926865578,0.07450980693101883,0.03529411926865578,0.02717883210926307,0.0031301857552433246,0.04343113153722416,0.002824523973582854,0.2078431397676468,0.04313725605607033,212.29951545394061,212.41817010464072,385.07768019708067,385.23582474369647,0.0,0.0,212.43537414965985,385.2517006802721,0,210.0,209.0,383.0,390.0,0.0,0.0,186
1,187,0,0,1,0,3.9254902824759483,1.2470588609576225,21.725490897893906,4.156862869858742,0.16862745583057404,0.03921568766236305,0.05490197241306305,0.0,0.25795301021762906,0.02163978842191288,0.26274511218070984,0.0470588244497776,0.33725491166114807,0.0470588244497776,0.13084967608253162,0.04156862869858742,0.21725490897893907,0.04156862869858742,0.22745098173618317,0.04313725605607033,0.07450980693101883,0.03529411926865578,0.07450980693101883,0.03529411926865578,0.05329567527275921,0.002396117867614663,0.07553882191624964,0.0025414667890688676,0.27843138575553894,0.04313725605607033,202.08916967375364,202.3160377344118,386.66137184312794,386.8245283005848,0.0,0.0,202.3,386.81,0,202.0,202.0,384.0,391.0,0.0,0.0,187
1,188,0,0,1,0,3.929411895573139,1.6117647551000118,37.03921688348055,6.400000207126141,0.1666666716337204,0.03921568766236305,0.05490197241306305,0.003921568393707275,0.10477020543753429,0.03716566594937901,0.16862745583057404,0.0470588244497776,0.3686274588108063,0.05098039284348488,0.10075415116854203,0.041327301412820816,0.23442542331316804,0.04050633042484899,0.26274511218070984,0.03921568766236305,0.06666667014360428,0.03529411926865578,0.06666667014360428,0.03529411926865578,0.026982337762365582,0.002641312167666311,0.08902804447888671,0.0031336238593046733,0.30588236451148987,0.04313725605607033,348.33615669694177,348.46874999705324,386.57183695432207,386.62009803748373,0.0,0.0,348.4367088607595,386.6012658227848,0,348.0,353.0,384.0,391.0,0.0,0.0,188
1,189,0,0,1,0,3.2274510487914085,1.2078431770205498,22.000000558793545,3.796078559011221,0.12058823555707932,0.03921568766236305,0.10784314200282097,0.003921568393707275,0.11410510887889327,0.03583064084638591,0.23137255012989044,0.0470588244497776,0.48235294222831726,0.0470588244497776,0.10758170162638028,0.04026143923401833,0.23157895325045835,0.03995872167380233,0.22745098173618317,0.03921568766236305,0.07058823853731155,0.03529411926865578,0.07058823853731155,0.03529411926865578,0.038645307338964895,0.003348038617399688,0.11625230328472928,0.0031318184698228783,0.3343137353658676,0.04313725605607033,390.27254901777576,390.3739669426131,387.8114082014508,387.8171487636386,0.0,0.0,390.37894736842105,387.85263157894735,0,391.0,388.0,387.0,386.0,0.0,0.0,189
1,190,0,0,1,0,3.3215687051415443,1.4196078889071941,40.20784433186054,5.4705884121358395,0.13039216212928295,0.03921568766236305,0.15294117480516434,0.003921568393707275,0.3139181374717802,0.030492875403046543,0.15294118225574493,0.0470588244497776,0.6509804129600525,0.0470588244497776,0.09490196300404412,0.0405602253973484,0.2978358839397077,0.040522877126932144,0.2921568751335144,0.03921568766236305,0.07450980693101883,0.03529411926865578,0.07450980693101883,0.03529411926865578,0.019138356926320963,0.0029559451365901747,0.17403226503747146,0.0029423864069528394,0.4284313768148422,0.04313725605607033,401.8375109746812,402.0594982105872,389.3065444243994,389.11039426597983,0.0,0.0,402.0888888888889,389.1185185185185,0,401.0,403.0,391.0,390.0,0.0,0.0,190
1,191,0,0,1,0,3.682353049516678,1.2470588646829128,21.086275219917297,3.9019609205424786,0.15980392694473267,0.03921568766236305,0.05882352590560913,0.0,0.0647859472662526,0.01664281041813593,0.1921568661928177,0.04313725605607033,0.32156863808631897,0.0470588244497776,0.11878558224247347,0.04022770531235203,0.2129926789890636,0.03941374667214625,0.23137255012989044,0.03921568766236305,0.06666667014360428,0.03529411926865578,0.06666667014360428,0.03529411926865578,0.03828359232930538,0.0028116520488442043,0.07610257904663704,0.0027518088172364293,0.27941177785396576,0.04313725605607033,416.2490236124961,416.27437186009575,389.307792450997,389.23819095612873,0.0,0.0,416.2828282828283,389.25252525252523,0,415.0,415.0,388.0,391.0,0.0,0.0,191
1,192,0,0,1,0,4.443137377500534,1.4862745553255081,26.949020072817802,6.082353129982948,0.16862745583057404,0.03921568766236305,0.019607841968536377,0.003921568393707275,0.10418184072196487,0.03707256951586448,0.16862745583057404,0.0470588244497776,0.250980406999588,0.0470588244497776,0.12342048270834817,0.04128540431459745,0.18208797346498515,0.0410969806079929,0.1921568661928177,0.03921568766236305,0.09019608050584793,0.03529411926865578,0.09019608050584793,0.0313725508749485,0.02302446952329629,0.00252901657393073,0.03932724482027702,0.0029356807744315896,0.21176470816135406,0.04313725605607033,39.626746220612795,39.553191492502265,390.61015715627417,390.5003223738585,0.0,0.0,39.58783783783784,390.5135135135135,0,39.0,39.0,391.0,391.0,0.0,0.0,192
1,193,0,0,1,0,5.329411938786507,1.6705882847309113,33.03921626508236,6.913725703954697,0.1725490242242813,0.03921568766236305,0.023529410362243652,0.003921568393707275,0.0052985139187688894,0.016163327047638912,0.16862745583057404,0.0470588244497776,0.2823529541492462,0.05098039284348488,0.13323529846966267,0.04176470711827278,0.1966620015778712,0.04115312919020653,0.2078431397676468,0.03921568766236305,0.08627451211214066,0.03529411926865578,0.08627451211214066,0.03529411926865578,0.02229589554292305,0.0028482035648091128,0.04168166358471095,0.003085385213124266,0.22745098173618317,0.04313725605607033,21.977922859162135,21.972773682073306,391.27655786562514,391.26659103919565,0.0,0.0,21.982142857142858,391.2797619047619,0,24.0,24.0,392.0,396.0,0.0,0.0,193
1,194,0,0,1,0,4.29019621014595,1.5137255415320396,34.53333446383476,6.415686491876841,0.1764705926179886,0.03921568766236305,0.02745099365711212,0.0,0.03154202957285483,0.0051858528101067615,0.1725490242242813,0.04313725605607033,0.30588236451148987,0.0470588244497776,0.1128999002669987,0.03983488267189578,0.21449276064493641,0.039848984421595283,0.239215686917305,0.03921568766236305,0.07058823853731155,0.03529411926865578,0.07058823853731155,0.03529411926865578,0.028749446569876824,0.0026270219407047643,0.06370902149496618,0.0026550866048536035,0.26274511218070984,0.04313725605607033,331.17794686732765,331.1778728602655,391.8573699853829,391.8227383866211,0.0,0.0,331.17391304347825,391.82608695652175,0,333.0,335.0,396.0,391.0,0.0,0.0,194
1,195,0,0,1,0,3.250980481505394,1.2705882750451565,22.741177201271057,4.400000136345625,0.14705882966518402,0.03921568766236305,0.050980404019355774,0.003921568393707275,0.0784100684020236,0.021614821783961933,0.1764705926179886,0.0470588244497776,0.3294117748737335,0.0470588244497776,0.10487033811307722,0.04098671854984376,0.21253436636701922,0.04112149660136098,0.23529411852359772,0.04313725605607033,0.07450980693101883,0.03529411926865578,0.07450980693101883,0.03529411926865578,0.028243160716629793,0.002604839855109329,0.07927064477327112,0.002752913445327367,0.2823529541492462,0.04313725605607033,151.53854111310582,151.59536542083868,392.6213140072193,392.61942958978165,0.0,0.0,151.61682242990653,392.61682242990656,0,152.0,153.0,393.0,391.0,0.0,0.0,195
1,196,0,0,1,0,4.454902097582817,1.4274510331451893,26.278431862592697,5.482353143393993,0.15294118225574493,0.03529411926865578,0.0313725471496582,0.0,0.046832710975508195,0.01198760224679323,0.16078431904315948,0.0470588244497776,0.2666666805744171,0.0470588244497776,0.12040275939413018,0.03857975765257268,0.18505937931403307,0.038608120728126714,0.19607843458652496,0.03921568766236305,0.08235294371843338,0.03529411926865578,0.08235294371843338,0.03529411926865578,0.021841316347799976,0.002660286094325126,0.046168821158343594,0.002603595260310483,0.2235294133424759,0.03921568766236305,471.7736158803485,471.80400572234595,392.56901955441043,392.5937052944271,0.0,0.0,471.80281690140845,392.6056338028169,0,473.0,472.0,390.0,399.0,0.0,0.0,196
1,197,0,0,1,0,4.6509805098176,1.7490196637809277,41.078432358801365,8.164706148207188,0.16862745583057404,0.03921568766236305,0.03529413044452667,0.0,0.12967205444017096,0.04357270974029602,0.16862745583057404,0.0470588244497776,0.3176470696926117,0.05098039284348488,0.1081623374376186,0.04067487590188204,0.20335857603367014,0.040419337367362314,0.2235294133424759,0.03921568766236305,0.0784313753247261,0.03529411926865578,0.0784313753247261,0.03529411926865578,0.020943690883030438,0.002807989676377347,0.05949582822286811,0.0027725598247160957,0.24705882370471954,0.04313725605607033,272.41212409721476,272.37127761813247,395.0387589422869,395.1200768531733,0.0,0.0,272.3762376237624,395.16336633663366,0,270.0,277.0,393.0,396.0,0.0,0.0,197
1,198,0,0,1,0,4.717647172510624,1.7843137830495834,42.12156976014376,7.992157109081745,0.1823529452085495,0.03921568766236305,0.03529413044452667,0.003921568393707275,0.2570856037973451,0.006999089126725851,0.18039216101169586,0.04313725605607033,0.3450980484485626,0.0470588244497776,0.10721925392069599,0.04055258597839962,0.21712149360898844,0.04119668612928735,0.23529411852359772,0.03921568766236305,0.07450980693101883,0.03529411926865578,0.07450980693101883,0.03529411926865578,0.026530838613457057,0.00220306708692373,0.06898490236487947,0.0026486094001106305,0.26862746477127075,0.04313725605607033,186.43804116838336,186.29048086296098,396.12959686005945,396.33562315990906,0.0,0.0,186.2835051546392,396.33505154639175,0,189.0,189.0,392.0,402.0,0.0,0.0,198
1,199,0,0,1,0,4.050980493426323,1.6509804464876652,41.603922717273235,6.623529624193907,0.136274516582489,0.03921568766236305,0.06862744688987732,0.0,0.09204729535686366,0.03750108861222438,0.21960784494876862,0.0470588244497776,0.42352941632270813,0.0470588244497776,0.0988044022786908,0.040267815767991835,0.2552387896765229,0.040635151068674276,0.30000001192092896,0.03921568766236305,0.07058823853731155,0.03529411926865578,0.07058823853731155,0.03529411926865578,0.027569866554045194,0.002742280312268331,0.11062264736662453,0.002599898687271123,0.3490196168422699,0.04313725605607033,384.15665943574754,384.1693309681047,397.35573569570533,397.41799881747943,0.0,0.0,384.20245398773005,397.4355828220859,0,382.0,388.0,398.0,401.0,0.0,0.0,199
1,200,0,0,1,0,3.9333334490656853,1.325490240007639,21.584314100444317,4.909804079681635,0.15392157435417175,0.03921568766236305,0.019607841968536377,0.0019607841968536377,0.03403338396667198,0.023994246508103983,0.1764705926179886,0.04313725605607033,0.24313725531101227,0.0470588244497776,0.11919192269896016,0.040166370909322395,0.17838276116069685,0.04057689322050938,0.1921568661928177,0.03921568766236305,0.07450980693101883,0.0313725508749485,0.07450980693101883,0.0313725508749485,0.03003599005255336,0.0025597929821288973,0.042485958831927156,0.0028391302748615966,0.2078431397676468,0.04313725605607033,304.7901526200057,304.8003194904578,402.1845930194021,402.18130990268253,0.0,0.0,304.8181818181818,402.1652892561983,0,301.0,300.0,403.0,405.0,0.0,0.0,200
1,201,0,0,1,0,3.4000000953674316,1.2274510189890862,21.933333933353424,3.909804042428732,0.13725490868091583,0.03921568766236305,0.09607843309640884,0.003921568393707275,0.10266308104629196,0.01945424826490046,0.16470588743686676,0.05098039284348488,0.3843137323856354,0.05098039284348488,0.11333333651224772,0.040915033966302874,0.2308771992984571,0.0411558320255656,0.23529411852359772,0.03921568766236305,0.07058823853731155,0.03529411926865578,0.07058823853731155,0.03529411926865578,0.024371638168660947,0.003460967713938662,0.09760687963920546,0.0030040708878016566,0.3294117748737335,0.04313725605607033,197.07938494671674,197.02306920934595,403.0956552842433,402.9959879642548,0.0,0.0,197.0421052631579,403.0,0,196.0,199.0,402.0,408.0,0.0,0.0,201
1,202,1,1,0,1,5.007843255996704,2.6235294938087463,66.36078634858131,28.58431451022625,0.1568627506494522,0.04313725605607033,0.10588235408067703,0.029411766678094864,0.632070857651997,2.0354060540290777,0.16862745583057404,0.14509804546833038,0.7372549176216125,0.3843137323856354,0.10433006783326466,0.054656864454348884,0.2923382658527811,0.1259220903534196,0.250980406999588,0.06862745434045792,0.07450980693101883,0.03529411926865578,0.07450980693101883,0.03529411926865578,0.021430628713271265,0.019647122402658722,0.17329737454565858,0.09598019380429373,0.39803922176361084,0.2078431397676468,443.88902021062717,443.1499519829387,404.0251152391874,405.22225270454936,0.0,0.0,444.14977973568284,403.44933920704847,0,446.0,447.0,404.0,404.0,0.0,0.0,202
1,203,0,0,1,0,3.9921569898724556,1.3215686678886414,24.796079210937023,4.6823530830442905,0.17058824002742767,0.03921568766236305,0.03921569883823395,0.003921568393707275,0.009098261187493543,0.016009841959870777,0.1882352977991104,0.0470588244497776,0.3607843220233917,0.0470588244497776,0.12475490593351424,0.04129902087152004,0.21943432930032764,0.041436752947294604,0.239215686917305,0.04313725605607033,0.08235294371843338,0.03529411926865578,0.08235294371843338,0.03529411926865578,0.03328193261231608,0.0025909771141767466,0.0691337826604467,0.0026539029192823647,0.27352942526340485,0.04313725605607033,63.49232958372104,63.479899498896735,404.55717222482,404.55192629786495,0.0,0.0,63.49557522123894,404.5486725663717,0,65.0,66.0,405.0,402.0,0.0,0.0,203
1,204,0,0,1,0,3.8509805276989937,1.3215686678886414,21.91372610628605,4.525490336120129,0.15294118225574493,0.03921568766236305,0.0470588356256485,0.003921568393707275,0.1274096664839691,0.03040060989913736,0.1764705926179886,0.0470588244497776,0.32156863808631897,0.0470588244497776,0.12034314149059355,0.04129902087152004,0.19921569187532773,0.041140821237455716,0.21568627655506134,0.04313725605607033,0.07058823853731155,0.03529411926865578,0.07058823853731155,0.03529411926865578,0.03113324150969033,0.0029386220817762777,0.06278474911586714,0.0029793342132593543,0.24901961535215378,0.04313725605607033,233.36363635961823,233.51386481594562,403.99409449550694,404.0199306741052,0.0,0.0,233.4909090909091,404.0,0,233.0,233.0,404.0,410.0,0.0,0.0,204
1,205,0,0,1,0,3.596078544855118,1.152941219508648,20.88235352933407,3.941176611930132,0.16078431904315948,0.036274511367082596,0.03921569883823395,0.0,0.0468986251896714,0.04202864737448924,0.1725490242242813,0.04313725605607033,0.3019607961177826,0.0470588244497776,0.11986928482850392,0.0384313739836216,0.20675597553796107,0.03902155061316962,0.2235294133424759,0.03921568766236305,0.07058823853731155,0.03529411926865578,0.07058823853731155,0.03529411926865578,0.02868707935313125,0.0021239314824589637,0.06380897703787677,0.002724566685648021,0.25784315168857574,0.03921568766236305,422.96807511945934,422.96119403261025,405.3087324000933,405.2368159233108,0.0,0.0,422.990099009901,405.26732673267327,0,421.0,423.0,407.0,401.0,0.0,0.0,205
1,206,0,0,1,0,3.019607938826084,1.2235294543206692,21.976471208035946,3.8274511098861694,0.11372549086809158,0.03921568766236305,0.10196079313755035,0.003921568393707275,0.0298921151701607,0.026433850124057974,0.14509804546833038,0.0470588244497776,0.3960784375667572,0.0470588244497776,0.09740670770406723,0.0394686920748603,0.22892157508370778,0.0398692823946476,0.24705882370471954,0.03921568766236305,0.07450980693101883,0.03529411926865578,0.07450980693101883,0.03529411926865578,0.02177970052981852,0.003293919238528971,0.10981741837880397,0.0030830001861919965,0.33725491166114807,0.04313725605607033,389.5724482511596,389.53176229698073,408.6343683028246,408.6731557361253,0.0,0.0,389.5520833333333,408.65625,0,391.0,394.0,408.0,410.0,0.0,0.0,206
1,207,1,1,0,1,6.6784315556287766,2.976470660418272,113.1019639223814,33.321569576859474,0.16862745583057404,0.04313725605607033,0.11372548341751099,0.027450982481241226,1.480049498130866,2.240276460773858,0.1764705926179886,0.07450980693101883,0.8078431487083435,0.2705882489681244,0.10600685008934566,0.04724556603838527,0.32500564345511895,0.09575163671511343,0.239215686917305,0.06666667014360428,0.07450980693101883,0.03529411926865578,0.07450980693101883,0.0313725508749485,0.024133427575095266,0.008280037139644104,0.20798169230485317,0.06062619383520387,0.49803921580314636,0.14901961386203766,498.41399397825546,498.95727903593416,407.22239174051856,407.7585029956146,0.0,0.0,497.2528735632184,406.3045977011494,0,501.0,500.0,408.0,410.0,0.0,0.0,207
1,208,0,0,1,0,3.92549030482769,1.313725534826517,24.752941891551018,4.768627613782883,0.1568627506494522,0.03921568766236305,0.050980404019355774,0.0,0.07619515597317363,0.012953918495754306,0.16470588743686676,0.04313725605607033,0.3529411852359772,0.0470588244497776,0.11895425166144516,0.03980986469171264,0.20627451576292516,0.03973856344819069,0.21568627655506134,0.03921568766236305,0.0784313753247261,0.03529411926865578,0.0784313753247261,0.0313725508749485,0.026835763924368445,0.0029157084765691747,0.06876624940258587,0.002860923833167052,0.26274511218070984,0.04313725605607033,366.8757921490304,366.79111842188524,409.0994930284733,409.0822368429893,0.0,0.0,366.8,409.09166666666664,0,367.0,368.0,409.0,405.0,0.0,0.0,208
1,209,0,0,1,0,3.7176471650600433,1.3450980819761753,22.61176512390375,4.937255058437586,0.1460784375667572,0.03921568766236305,0.0313725471496582,0.003921568393707275,0.06708918228043102,0.012617910489937972,0.1725490242242813,0.04313725605607033,0.2823529541492462,0.0470588244497776,0.11265597469878919,0.04076054793867198,0.18687409193308885,0.04080376081353377,0.20392157137393951,0.03921568766236305,0.07058823853731155,0.03529411926865578,0.07058823853731155,0.0313725508749485,0.025945884405957423,0.0023528209973988803,0.054106117018407056,0.0028332046116839,0.22745098173618317,0.04313725605607033,238.7800901944194,238.73947577557362,411.8563995732339,411.91818903884365,0.0,0.0,238.7520661157025,411.91735537190084,0,241.0,236.0,411.0,416.0,0.0,0.0,209
1,210,0,0,1,0,3.0549020543694496,1.1254902370274067,21.521569304168224,3.796078570187092,0.12941177189350128,0.03529411926865578,0.07058824598789215,0.0,0.05796293850845752,0.013475611156247399,0.16862745583057404,0.0470588244497776,0.38823530077934265,0.0470588244497776,0.10534145015067067,0.03881000817335885,0.21960785004253291,0.038735495614154,0.24313725531101227,0.03921568766236305,0.07450980693101883,0.0313725508749485,0.07450980693101883,0.0313725508749485,0.02447338366473045,0.0027910434361493285,0.09020130097351875,0.002759654041124702,0.2980392277240753,0.03921568766236305,461.4580903750352,461.4793388420182,413.2594752206523,413.3254132222666,0.0,0.0,461.46938775510205,413.31632653061223,0,463.0,464.0,413.0,418.0,0.0,0.0,210
1,211,0,0,1,0,3.4901961907744408,1.1372549459338188,21.482353575527668,3.6980393566191196,0.14509804546833038,0.03529411926865578,0.07647059112787247,0.0,0.11840656726879,0.028567407105738546,0.16470588743686676,0.04313725605607033,0.3921568691730499,0.04313725605607033,0.1163398730258147,0.03790849819779396,0.22146756263430586,0.038124117078547626,0.21960784494876862,0.03921568766236305,0.07058823853731155,0.03529411926865578,0.07058823853731155,0.0313725508749485,0.026967419913051304,0.0021077796778432786,0.0891771386030691,0.002564584690826514,0.2970588356256485,0.03921568766236305,479.7458926710255,479.6945917281478,415.32822197835515,415.4612937406065,0.0,0.0,479.69072164948454,415.4329896907216,0,480.0,481.0,416.0,413.0,0.0,0.0,211
1,212,0,0,1,0,3.945098154246807,1.3333333730697632,22.223529912531376,4.549019750207663,0.16470588743686676,0.03921568766236305,0.035294122993946075,0.003921568393707275,0.022364374069478714,0.003861550083426777,0.18039216101169586,0.05098039284348488,0.2980392277240753,0.05098039284348488,0.12328431732021272,0.0416666679084301,0.20021198119397635,0.040982159911780745,0.21568627655506134,0.03921568766236305,0.07450980693101883,0.03921568766236305,0.07450980693101883,0.03529411926865578,0.03393258330201166,0.002900038936506756,0.05783623809223082,0.0031468997865185884,0.24705882370471954,0.04313725605607033,219.78048349754474,219.78448275855715,415.8697723679761,415.8956896548272,0.0,0.0,219.78378378378378,415.8918918918919,0,221.0,224.0,416.0,418.0,0.0,0.0,212
1,213,0,0,1,0,3.9725491553545,1.4862745590507984,33.964707151055336,6.031372748315334,0.16078431904315948,0.03921568766236305,0.04313725233078003,0.0,0.041161353640389,0.015835487577460113,0.16862745583057404,0.0470588244497776,0.3333333432674408,0.0470588244497776,0.10736619338795945,0.04016958267704861,0.22643138100703558,0.040209151655435565,0.2549019753932953,0.03921568766236305,0.07450980693101883,0.03529411926865578,0.07450980693101883,0.03529411926865578,0.029828894397667925,0.0032112891371652375,0.07796387841801852,0.0027982404941812,0.2862745225429535,0.04313725605607033,284.4239695162512,284.39336800978225,415.6507331737459,415.618985697038,0.0,0.0,284.38666666666666,415.6333333333333,0,285.0,286.0,418.0,415.0,0.0,0.0,213
1,214,0,0,1,0,4.298039339482784,1.3843137733638287,26.521569333970547,5.22352958843112,0.16078431904315948,0.03921568766236305,0.04313726723194122,0.0,0.13978095404866692,0.026825648904736276,0.16862745583057404,0.0470588244497776,0.3176470696926117,0.0470588244497776,0.1228011239852224,0.03955182209610939,0.20245472774023318,0.03987427166741313,0.21176470816135406,0.03921568766236305,0.07058823853731155,0.03529411926865578,0.07058823853731155,0.0313725508749485,0.026659605687247446,0.003018978774745584,0.05972828579233429,0.0028317276780377145,0.24803921952843666,0.04313725605607033,328.04347182659245,328.20420420224247,416.4162353993952,416.4031531547128,0.0,0.0,328.1832061068702,416.41984732824426,0,326.0,327.0,414.0,419.0,0.0,0.0,214
1,215,0,0,1,0,3.0705883279442787,1.2274510227143764,22.152941934764385,4.070588372647762,0.12941177189350128,0.03921568766236305,0.0784313827753067,0.0,0.10171208862013978,0.02197666157159606,0.14901961386203766,0.0470588244497776,0.34117648005485535,0.0470588244497776,0.09905123638529931,0.03959519428110892,0.2171857052427881,0.03990772914360551,0.24313725531101227,0.03921568766236305,0.07058823853731155,0.03529411926865578,0.07058823853731155,0.03529411926865578,0.02240553951784196,0.0028791413025810774,0.09237631455862061,0.0028750354450651156,0.3019607961177826,0.04313725605607033,394.0430164674625,394.09826589410227,418.43848469046884,418.35260115518594,0.0,0.0,394.078431372549,418.34313725490193,0,392.0,395.0,419.0,416.0,0.0,0.0,215
1,216,0,0,1,0,5.513725653290749,2.0313726104795933,50.5921583622694,8.501961033791304,0.16372549533843994,0.03921568766236305,0.058823540806770325,0.003921568393707275,0.7056488940916361,0.044421257289369485,0.18431372940540314,0.0470588244497776,0.5372549295425415,0.05098039284348488,0.11252501333246426,0.04145658388733864,0.24922245498654877,0.0418815814472478,0.24705882370471954,0.04313725605607033,0.07058823853731155,0.03529411926865578,0.07058823853731155,0.03529411926865578,0.030522746215427058,0.003361344337463379,0.11269806283710757,0.003017455466681816,0.29509805142879486,0.04313725605607033,74.25261607832233,74.08487084685557,422.15781721910645,421.5170664171744,0.0,0.0,74.06403940886699,421.4778325123153,0,75.0,77.0,427.0,415.0,0.0,0.0,216
1,217,0,0,1,0,3.482353061437607,1.196078471839428,21.552941918373108,3.780392289161682,0.14509804546833038,0.03921568766236305,0.06666666269302368,0.0,0.1949366064055278,0.019600472320585694,0.20000000298023224,0.0470588244497776,0.3529411852359772,0.0470588244497776,0.11607843538125356,0.0398692823946476,0.22450981164971986,0.03937908634543419,0.250980406999588,0.03921568766236305,0.07058823853731155,0.0313725508749485,0.07058823853731155,0.0313725508749485,0.03525924311971106,0.003051664531813472,0.08658034359501893,0.002936633935356991,0.3019607961177826,0.03921568766236305,409.47634642942603,409.548755185066,418.56204512411483,418.36618257344827,0.0,0.0,409.53125,418.375,0,410.0,407.0,419.0,421.0,0.0,0.0,217
1,218,0,0,1,0,4.3529413267970085,1.5921569131314754,36.15294241160154,6.639215894043446,0.1764705926179886,0.03921568766236305,0.0470588356256485,0.003921568393707275,0.10722665003547832,0.033967093835180144,0.18431372940540314,0.0470588244497776,0.32549020648002625,0.0470588244497776,0.11161388017428227,0.040824536234140396,0.22316631118272556,0.04098281416076201,0.24313725531101227,0.03921568766236305,0.07058823853731155,0.03529411926865578,0.07058823853731155,0.03529411926865578,0.03239712386369464,0.002768406048753068,0.07297376852784253,0.0027576041974420556,0.2862745225429535,0.04313725605607033,143.1111834357172,143.0655640848257,419.41696497505455,419.3579444755833,0.0,0.0,143.03703703703704,419.3395061728395,0,142.0,144.0,422.0,424.0,0.0,0.0,218
1,219,0,0,1,0,4.031372681260109,1.3450980819761753,21.878432124853134,4.254902098327875,0.15882353484630585,0.03921568766236305,0.03921569138765335,0.0,0.06972576454391216,0.012535916367135165,0.1764705926179886,0.0470588244497776,0.3137255012989044,0.0470588244497776,0.1221628085230336,0.04076054793867198,0.2083660202366965,0.040522877126932144,0.23137255012989044,0.03921568766236305,0.0784313753247261,0.03529411926865578,0.0784313753247261,0.03529411926865578,0.03043950160501187,0.002543188744318193,0.06569861932793757,0.002519278573131918,0.261764720082283,0.04313725605607033,255.61193763007668,255.55299539077305,420.38089263645077,420.37880184264014,0.0,0.0,255.54285714285714,420.37142857142857,0,258.0,259.0,422.0,425.0,0.0,0.0,219
1,220,0,0,1,0,2.541176550090313,1.0509804263710976,22.45490261167288,3.184313826262951,0.1196078434586525,0.03921568766236305,0.14901960641145706,0.003921568393707275,0.15517782110324765,0.045669070285796594,0.14901961386203766,0.04313725605607033,0.6509804129600525,0.05098039284348488,0.09773755961885819,0.04042232409119606,0.28788336681631893,0.040824536234140396,0.23529411852359772,0.03921568766236305,0.07058823853731155,0.03921568766236305,0.07058823853731155,0.0313725508749485,0.023044862831757346,0.0018099546432495117,0.1871790815326974,0.002907356748739388,0.4215686321258545,0.04313725605607033,343.98847363373136,343.8411330042144,419.5803353129577,419.6219211781599,0.0,0.0,343.8333333333333,419.5769230769231,0,344.0,346.0,419.0,423.0,0.0,0.0,220
1,221,1,1,0,1,3.5294118374586105,2.1254902444779873,41.99607949703932,24.478432022035122,0.1196078434586525,0.06666667014360428,0.13333334028720856,0.1098039261996746,0.060838649406167844,0.24586201214719985,0.13725490868091583,0.11372549086809158,0.7372549176216125,0.46666666865348816,0.10084033821310316,0.060728292699371064,0.3333022182304708,0.19427327001615177,0.22745098173618317,0.16470588743686676,0.0784313753247261,0.0470588244497776,0.0784313753247261,0.0470588244497776,0.015132274321331992,0.015039069755614757,0.24345055173124494,0.12986899550321473,0.5666666924953461,0.30588236451148987,444.30329629030456,444.44408842811845,420.4633485876184,420.3428388375047,0.0,0.0,444.26190476190476,420.5079365079365,0,445.0,448.0,421.0,420.0,0.0,0.0,221
1,222,0,0,1,0,4.149019725620747,1.4352941624820232,24.94117695838213,5.333333499729633,0.1568627506494522,0.03921568766236305,0.027450978755950928,0.0,0.09286642406724638,0.013132040851492463,0.20392157137393951,0.04313725605607033,0.27843138575553894,0.0470588244497776,0.11854342073202133,0.041008404642343524,0.19185520737217024,0.041025642305612564,0.21176470816135406,0.03921568766236305,0.0784313753247261,0.03921568766236305,0.0784313753247261,0.03529411926865578,0.0313877526276775,0.0019535680375260727,0.05269787293524096,0.0026710035959907814,0.23137255012989044,0.04313725605607033,245.45235849239575,245.36102941181093,421.8498427648436,421.8823529399849,0.0,0.0,245.36153846153846,421.8692307692308,0,248.0,250.0,422.0,425.0,0.0,0.0,222
1,223,0,0,1,0,4.847058966755867,1.3529412224888802,22.396078780293465,4.686274666339159,0.1764705926179886,0.03921568766236305,0.01764705777168274,0.0,0.08786780609573203,0.006372160319904667,0.21176470816135406,0.04313725605607033,0.250980406999588,0.0470588244497776,0.1425605578457608,0.03979238889673177,0.191419476754645,0.04005362962683042,0.20392157137393951,0.03921568766236305,0.08235294371843338,0.03529411926865578,0.08235294371843338,0.0313725508749485,0.03622859270077716,0.002154733630768483,0.03989665639580119,0.002982131737053865,0.21960784494876862,0.04313725605607033,265.7280686429463,265.8142259412124,422.35090176808313,422.31882845243695,0.0,0.0,265.8119658119658,422.3247863247863,0,262.0,268.0,424.0,427.0,0.0,0.0,223
1,224,0,0,1,0,3.917647160589695,1.4588235802948475,32.39215794950724,5.882353141903877,0.16470588743686676,0.03921568766236305,0.0470588356256485,0.0,0.12317623478107008,0.033364306803931244,0.1764705926179886,0.04313725605607033,0.3333333432674408,0.0470588244497776,0.10588235569161338,0.03942766433229317,0.21886593209126512,0.03974562933718836,0.24313725531101227,0.03921568766236305,0.07058823853731155,0.03529411926865578,0.07058823853731155,0.0313725508749485,0.027031391743258082,0.0025700805363676163,0.07624176507293186,0.002977121583055944,0.27843138575553894,0.04313725605607033,360.8790556845483,360.9533333364407,422.5208232383571,422.5773333336846,0.0,0.0,360.9864864864865,422.5810810810811,0,359.0,364.0,423.0,428.0,0.0,0.0,224
1,225,0,0,1,0,4.192156992852688,1.4274510256946087,28.447059519588947,5.796078614890575,0.1764705926179886,0.03921568766236305,0.0313725471496582,0.003921568393707275,0.061897834834966796,0.029025329503239983,0.1764705926179886,0.0470588244497776,0.2823529541492462,0.0470588244497776,0.11977591408150537,0.04078431501984596,0.2003314050675278,0.040817455034440675,0.21176470816135406,0.03921568766236305,0.08235294371843338,0.03529411926865578,0.08235294371843338,0.0313725508749485,0.027158796383297015,0.002515399773952122,0.05363168087340128,0.00283686611942575,0.24313725531101227,0.04313725605607033,34.65398400203168,34.66982408395869,424.4125999510274,424.35047361314014,0.0,0.0,34.640845070422536,424.3521126760563,0,37.0,39.0,425.0,425.0,0.0,0.0,225
1,226,0,0,1,0,3.5333334282040596,1.2392157316207886,22.345098592340946,4.3686276115477085,0.14313726127147675,0.03529411926865578,0.03921569883823395,0.0,0.09036430492411374,0.03494623704635888,0.1725490242242813,0.04313725605607033,0.2980392277240753,0.04313725605607033,0.11041666963137686,0.03872549161314964,0.19774423533045085,0.038660421341130166,0.2235294133424759,0.03921568766236305,0.07058823853731155,0.03529411926865578,0.07058823853731155,0.0313725508749485,0.026599349838501107,0.002547133388721477,0.0636299022589,0.002653449066706275,0.24705882370471954,0.03921568766236305,464.01281152173374,463.9174147237122,424.9622674584484,424.88330341384847,0.0,0.0,463.9380530973451,424.91150442477874,0,466.0,461.0,425.0,429.0,0.0,0.0,226
1,227,0,0,1,0,5.0196080058813095,1.5921569131314754,29.03137308359146,6.556862950325012,0.16078431904315948,0.03921568766236305,0.023529410362243652,0.003921568393707275,0.06174500731379526,0.029317719177064782,0.16470588743686676,0.0470588244497776,0.239215686917305,0.0470588244497776,0.12870789758670023,0.040824536234140396,0.18144608177244664,0.040980393439531325,0.1882352977991104,0.03921568766236305,0.08235294371843338,0.03529411926865578,0.08235294371843338,0.03529411926865578,0.02369427575451576,0.002467137941712379,0.037426646451024434,0.0026233504632948716,0.2078431397676468,0.04313725605607033,55.550452523011906,55.62081339466901,426.9997298408153,427.0550239224201,0.0,0.0,55.59375,427.04375,0,54.0,58.0,424.0,424.0,0.0,0.0,227
1,228,0,0,1,0,4.752941302955151,1.5607843659818172,28.49411829560995,5.560784507542849,0.16078431904315948,0.03921568766236305,0.0313725620508194,0.0,0.12677507344712988,0.04254154645707928,0.24705882370471954,0.0470588244497776,0.29411765933036804,0.0470588244497776,0.12187028981936283,0.040020111948251724,0.20208594535893581,0.039438187996757794,0.21960784494876862,0.03921568766236305,0.07450980693101883,0.03529411926865578,0.07450980693101883,0.0313725508749485,0.04142956191212712,0.002969295561625212,0.059831085789637334,0.0029455044373946056,0.24705882370471954,0.04215686395764351,404.45155517907347,404.3857545876783,427.5496834487913,427.6586741904235,0.0,0.0,404.4255319148936,427.6737588652482,0,402.0,409.0,425.0,424.0,0.0,0.0,228
1,229,0,0,1,0,3.5803922712802887,1.2470588721334934,23.407843843102455,4.603921744972467,0.14215686917304993,0.03529411926865578,0.050980404019355774,0.0,0.06915434970264163,0.03268326763749978,0.16078431904315948,0.04313725605607033,0.3333333432674408,0.04313725605607033,0.10849673549334209,0.03778966279192404,0.19345325490167317,0.03804894004109477,0.20000000298023224,0.03921568766236305,0.0784313753247261,0.0313725508749485,0.0784313753247261,0.0313725508749485,0.022448259643045983,0.002328688862062709,0.06407477390916765,0.0026983836727724293,0.250980406999588,0.03921568766236305,485.7356341196087,485.71550255247286,430.57999664344777,430.6141396947228,0.0,0.0,485.68595041322317,430.6280991735537,0,484.0,490.0,431.0,429.0,0.0,0.0,229
1,230,0,0,1,0,2.5960785150527954,1.082352977246046,20.78431434929371,3.145098142325878,0.10980392247438431,0.03921568766236305,0.13333333283662796,0.0,0.10208140386950741,0.038158272513173885,0.13725490868091583,0.04313725605607033,0.5686274766921997,0.0470588244497776,0.0961510561130665,0.04008714730540911,0.2664655685806886,0.040321771055459976,0.21960784494876862,0.03921568766236305,0.07058823853731155,0.03529411926865578,0.07058823853731155,0.03529411926865578,0.02037344567524961,0.002464860092513112,0.16621670829651172,0.0027297880646420134,0.4176470637321472,0.04313725605607033,345.33037735505127,345.3042393994463,431.2690565983018,431.3279301774317,0.0,0.0,345.28205128205127,431.35897435897436,0,345.0,348.0,431.0,430.0,0.0,0.0,230
1,231,0,0,1,0,5.68627467751503,1.8392157442867756,41.93725621700287,7.894117902964354,0.18039216101169586,0.03921568766236305,0.03529411554336548,0.0,0.10067909827173543,0.024262017004278224,0.18039216101169586,0.0470588244497776,0.2980392277240753,0.0470588244497776,0.126361659500334,0.04087146098415057,0.2150628523948865,0.04048265591263771,0.23137255012989044,0.03921568766236305,0.07058823853731155,0.03529411926865578,0.07058823853731155,0.03529411926865578,0.03538491362600626,0.0025466907756480864,0.05801697877436062,0.0025837239009439098,0.25882354378700256,0.04313725605607033,292.2291004515914,292.13015400118667,433.13867589675465,433.06656731295,0.0,0.0,292.15384615384613,433.07179487179485,0,293.0,298.0,434.0,428.0,0.0,0.0,231
1,232,0,0,1,0,3.5529412776231766,1.2039216049015522,20.592157542705536,3.764706000685692,0.15294118225574493,0.03921568766236305,0.05490197241306305,0.003921568393707275,0.042774332839334545,0.020715094621265282,0.16862745583057404,0.0470588244497776,0.3294117748737335,0.0470588244497776,0.12251521646976471,0.041514538100053525,0.2238277993772341,0.04092071739875752,0.24313725531101227,0.03921568766236305,0.07450980693101883,0.03529411926865578,0.07450980693101883,0.03529411926865578,0.025302900649376663,0.0028236121397213756,0.07736321971030265,0.002605405946996594,0.29411765933036804,0.04313725605607033,75.9443915438294,75.88437500162036,436.5612264306456,436.5437500009648,0.0,0.0,75.90217391304348,436.55434782608694,0,75.0,75.0,437.0,439.0,0.0,0.0,232
1,233,0,0,1,0,3.8784314766526222,1.5411765165627003,37.86274615675211,6.019608028233051,0.15490196645259857,0.03921568766236305,0.07843136787414551,0.003921568393707275,0.12718887731805462,0.023737173917935044,0.16470588743686676,0.0470588244497776,0.4156862795352936,0.05098039284348488,0.10482247234196276,0.04165341936655947,0.25933387778597333,0.041230191974198985,0.2862745225429535,0.04313725605607033,0.06666667014360428,0.03529411926865578,0.06666667014360428,0.03529411926865578,0.024339502905386574,0.0030718337853600586,0.10695359071740602,0.002947394142519353,0.35686275362968445,0.04313725605607033,108.22879336977276,108.1094462534657,437.2429829099905,437.2032573310476,0.0,0.0,108.1027397260274,437.2260273972603,0,110.0,109.0,439.0,439.0,0.0,0.0,233
1,234,0,0,1,0,3.713725581765175,1.2627451419830322,22.117647528648376,4.4588236808776855,0.16470588743686676,0.03921568766236305,0.0313725471496582,0.003921568393707275,0.0796775250828304,0.07035285224581876,0.18431372940540314,0.04313725605607033,0.2980392277240753,0.0470588244497776,0.11605392443016171,0.03946078568696976,0.19747899579150335,0.03981092572212219,0.21568627655506134,0.03921568766236305,0.0784313753247261,0.0313725508749485,0.0784313753247261,0.0313725508749485,0.02997595245125478,0.0032423420997126514,0.05905383938405034,0.003196646208989873,0.24313725531101227,0.04313725605607033,454.9517730498389,454.9305189159124,437.20443262645,437.2568161839707,0.0,0.0,455.0,437.26785714285717,0,456.0,456.0,435.0,441.0,0.0,0.0,234
1,235,0,0,1,0,4.027451112866402,1.3098039701581001,21.188235744833946,4.392157018184662,0.15294118225574493,0.03921568766236305,0.0313725471496582,0.0,0.06756271526764639,0.02802205952818202,0.16470588743686676,0.04313725605607033,0.2705882489681244,0.04313725605607033,0.11845444449607063,0.03852364618112059,0.18918067629316024,0.03921568766236305,0.2078431397676468,0.03921568766236305,0.07058823853731155,0.03529411926865578,0.07058823853731155,0.03529411926865578,0.02892374073601224,0.0022246021190741815,0.05412679537959336,0.0024579730712502765,0.23137255012989044,0.03921568766236305,376.4219877789178,376.39553571657575,439.11104941855837,439.1642857156428,0.0,0.0,376.41964285714283,439.17857142857144,0,377.0,379.0,440.0,438.0,0.0,0.0,235
1,236,0,0,1,0,4.486274644732475,1.65882358700037,39.42745214700699,7.384313978254795,0.1823529452085495,0.03921568766236305,0.0313725620508194,0.0,0.06815781352260517,0.016737181019213697,0.1882352977991104,0.04313725605607033,0.3176470696926117,0.0470588244497776,0.10681606296982084,0.039495799690485,0.21197554917745692,0.039700612786316106,0.23137255012989044,0.03921568766236305,0.07450980693101883,0.03529411926865578,0.07450980693101883,0.0313725508749485,0.033229470986702446,0.0024791628862829832,0.06531189533044923,0.0027603549244026547,0.25882354378700256,0.04313725605607033,324.9288840176727,324.9978757294081,439.51014522022075,439.46415294877005,0.0,0.0,324.98924731182797,439.47849462365593,0,321.0,324.0,439.0,441.0,0.0,0.0,236
1,237,0,0,1,0,3.713725596666336,1.2941176928579807,21.91372612118721,4.121568780392408,0.1401960849761963,0.03529411926865578,0.04901961237192154,0.003921568393707275,0.06873072081876352,0.03604978825938238,0.16078431904315948,0.04313725605607033,0.32549020648002625,0.04313725605607033,0.11253713929291928,0.03921568766236305,0.20480117870268422,0.038519334396190735,0.2294117659330368,0.03921568766236305,0.0784313753247261,0.03529411926865578,0.0784313753247261,0.0313725508749485,0.02607510168026817,0.0025542702292396195,0.0703767931390613,0.0029274288960948595,0.26372550427913666,0.03921568766236305,474.83017180253995,474.82112274127763,440.2369363030691,440.2026641260698,0.0,0.0,474.8317757009346,440.1682242990654,0,476.0,470.0,439.0,438.0,0.0,0.0,237
1,238,0,0,1,0,3.913725607097149,1.3372549414634705,20.596078895032406,4.984313882887363,0.15294118225574493,0.03921568766236305,0.019607841968536377,0.003921568393707275,0.03482821357242701,0.035924226538265276,0.1568627506494522,0.05098039284348488,0.2235294133424759,0.05098039284348488,0.1223039252217859,0.04178921692073345,0.16882031881174103,0.0408550318269456,0.1764705926179886,0.03921568766236305,0.09019608050584793,0.03529411926865578,0.09019608050584793,0.03529411926865578,0.019934475223705988,0.003616753353879028,0.03297824545233659,0.0030886690821463262,0.1921568661928177,0.04313725605607033,48.8518659509885,48.852084969507125,442.8821401384487,442.8843430355663,0.0,0.0,48.81967213114754,442.8688524590164,0,50.0,54.0,441.0,442.0,0.0,0.0,238
1,239,0,0,1,0,3.807843253016472,1.3333333805203438,22.992157340049744,4.807843308895826,0.14411765336990356,0.03921568766236305,0.037254899740219116,0.0,0.057266395994405535,0.02007419441829047,0.16078431904315948,0.04313725605607033,0.2980392277240753,0.04313725605607033,0.11199538979460211,0.03921568766236305,0.18692810845568897,0.0390881569828929,0.1980392187833786,0.03921568766236305,0.0784313753247261,0.0313725508749485,0.0784313753247261,0.0313725508749485,0.02294923431312585,0.0025164270967533574,0.05467527874860677,0.002546625137253252,0.23137255012989044,0.03921568766236305,417.48183523453184,417.4388254486323,445.13559611359483,445.0774877670028,0.0,0.0,417.4390243902439,445.0975609756098,0,417.0,421.0,447.0,441.0,0.0,0.0,239
1,240,0,0,1,0,3.3098040148615837,1.2274510152637959,20.239216320216656,3.7450981438159943,0.13333334028720856,0.03921568766236305,0.08627450466156006,0.003921568393707275,0.07259609036751456,0.09079938623503689,0.1921568661928177,0.0470588244497776,0.37254902720451355,0.0470588244497776,0.1141311729262615,0.042325897078061926,0.22999109454791655,0.04255793345245448,0.250980406999588,0.04313725605607033,0.07058823853731155,0.03529411926865578,0.07058823853731155,0.03529411926865578,0.03153011289576147,0.00376697429262677,0.09603484318002638,0.0030456644574734697,0.3176470696926117,0.04313725605607033,24.457469484500884,24.46282722241653,445.4320867979894,445.5853403066659,0.0,0.0,24.431818181818183,445.5,0,24.0,22.0,447.0,450.0,0.0,0.0,240
1,241,0,0,1,0,4.027451112866402,1.5450980886816978,38.96470683813095,5.937255088239908,0.15784314274787903,0.03921568766236305,0.0882352963089943,0.003921568393707275,0.1007447259270781,0.02856616457431496,0.18431372940540314,0.0470588244497776,0.46666666865348816,0.0470588244497776,0.10598555560174741,0.040660476017939415,0.26872211612504104,0.04094658681544764,0.2960784435272217,0.03921568766236305,0.06666667014360428,0.03529411926865578,0.06666667014360428,0.03529411926865578,0.029449400303944575,0.0027614215403103932,0.11807098230049175,0.002640762627990381,0.364705890417099,0.04313725605607033,144.65479066575,144.57199471664973,443.50120772363056,443.40686922311994,0.0,0.0,144.57931034482758,443.4344827586207,0,145.0,143.0,446.0,437.0,0.0,0.0,241
1,242,0,0,1,0,4.074509911239147,1.4117647521197796,22.717647440731525,5.027451150119305,0.16078431904315948,0.03921568766236305,0.023529410362243652,0.003921568393707275,0.06568021183194138,0.022092029372191787,0.16470588743686676,0.0470588244497776,0.26274511218070984,0.0470588244497776,0.11641456889254706,0.040336135774850845,0.18029878921215498,0.03990040595332781,0.1921568661928177,0.03921568766236305,0.06666667014360428,0.03529411926865578,0.06666667014360428,0.0313725508749485,0.027230350115080227,0.0029002080300573213,0.04600294935743713,0.003317251615404113,0.21176470816135406,0.04313725605607033,383.5038840004194,383.4703588126741,447.7471085766711,447.7191887663519,0.0,0.0,383.45238095238096,447.7063492063492,0,384.0,377.0,449.0,450.0,0.0,0.0,242
1,243,0,0,1,0,3.3176471516489983,1.16470592841506,22.098039880394936,3.980392310768366,0.1411764770746231,0.03529411926865578,0.06862746179103851,0.0019607841968536377,0.12069784772084313,0.008866994202548995,0.16470588743686676,0.04313725605607033,0.33725491166114807,0.04313725605607033,0.1070208758596451,0.03757115898113097,0.21045752267042797,0.03790849819779396,0.22549019753932953,0.03921568766236305,0.07058823853731155,0.0313725508749485,0.07058823853731155,0.0313725508749485,0.025978271138577955,0.0029505131169100486,0.08159029478036682,0.002519278573131918,0.28431373834609985,0.03921568766236305,497.73966281634,497.85714285714283,447.2848269763705,447.2482758629403,0.0,0.0,497.85714285714283,447.25714285714287,0,499.0,501.0,448.0,452.0,0.0,0.0,243
1,244,0,0,1,0,4.984313920140266,1.4196078926324844,23.65490248799324,5.207843322306871,0.16078431904315948,0.03921568766236305,0.019607841968536377,0.0,0.0322157979961702,0.018707091641664602,0.16470588743686676,0.04313725605607033,0.24705882370471954,0.04313725605607033,0.13845316444834074,0.039433552573124565,0.1778564096841597,0.039156716709074224,0.18039216101169586,0.03921568766236305,0.09019608050584793,0.03529411926865578,0.09019608050584793,0.03529411926865578,0.020664750371870072,0.002605285409658718,0.031203270319415492,0.0024981003470444228,0.20000000298023224,0.03921568766236305,352.5643236005846,352.54819276971836,449.02718832983567,449.0256024107794,0.0,0.0,352.5338345864662,449.0375939849624,0,353.0,356.0,448.0,454.0,0.0,0.0,244
1,245,0,0,1,0,4.909804046154022,1.741176526993513,40.517647832632065,8.137255169451237,0.1823529452085495,0.03921568766236305,0.027450978755950928,0.0,0.045898712598986945,0.027929130940143532,0.1725490242242813,0.0470588244497776,0.2862745225429535,0.05098039284348488,0.11418148944544237,0.040492477371942164,0.20058241501303004,0.04028344143292691,0.21568627655506134,0.03921568766236305,0.07450980693101883,0.03529411926865578,0.07450980693101883,0.03529411926865578,0.029177782286879148,0.0024975947325962503,0.052115805255228465,0.00270380711865198,0.23529411852359772,0.04313725605607033,267.4504452264996,267.4298795158585,453.64488965288245,453.61927710976414,0.0,0.0,267.4059405940594,453.63366336633663,0,270.0,260.0,452.0,455.0,0.0,0.0,245
1,246,1,1,0,1,3.466666743159294,2.0588235706090927,42.2862755805254,22.913726165890694,0.11764705926179886,0.06470588594675064,0.1411764696240425,0.10588235780596733,0.3414318651502751,0.6214750123966176,0.1411764770746231,0.12156862765550613,0.7607843279838562,0.4627451002597809,0.10196078656350865,0.0605536344296792,0.33560536175020156,0.18185496957056105,0.24313725531101227,0.16470588743686676,0.06666667014360428,0.04313725605607033,0.06666667014360428,0.04313725605607033,0.015886838384023008,0.01669726994747982,0.25018273361095783,0.12012001732810347,0.5960784554481506,0.29411765933036804,460.66827413677953,460.83381822666774,452.94250208815316,452.7102515910218,0.0,0.0,460.54761904761904,453.26190476190476,0,464.0,464.0,451.0,451.0,0.0,0.0,246
1,247,0,0,1,0,3.1647059619426727,1.23529414832592,19.90980450809002,3.662745200097561,0.1352941244840622,0.03921568766236305,0.09019607305526733,0.003921568393707275,0.06825515812583749,0.035570098334802916,0.16862745583057404,0.05098039284348488,0.38823530077934265,0.05098039284348488,0.11302521292652402,0.04411764815449715,0.2315093547452328,0.04259006046625071,0.250980406999588,0.04313725605607033,0.06666667014360428,0.03921568766236305,0.06666667014360428,0.03529411926865578,0.02672208830841348,0.0032515927379109387,0.09822954507940823,0.0030589163395619034,0.32549020648002625,0.04313725605607033,22.038605486082286,22.123126335696693,455.0169391350287,455.07708779277516,0.0,0.0,22.093023255813954,455.0581395348837,0,22.0,23.0,454.0,460.0,0.0,0.0,247
1,248,0,0,1,0,3.3921569511294365,1.2196078822016716,20.984314374625683,4.113725621253252,0.15000000596046448,0.03921568766236305,0.05490197241306305,0.003921568393707275,0.10297621282319921,0.03410778915174193,0.1725490242242813,0.0470588244497776,0.32549020648002625,0.0470588244497776,0.11307189837098122,0.04065359607338905,0.20776548885768004,0.040729956646071805,0.2235294133424759,0.03921568766236305,0.0784313753247261,0.03529411926865578,0.0784313753247261,0.03529411926865578,0.02811673386095882,0.0031181332630013806,0.07275934173776032,0.003168659219108825,0.2666666805744171,0.04313725605607033,67.83816108153874,67.97426119806464,454.77293963919084,454.7569113446371,0.0,0.0,67.94059405940594,454.76237623762376,0,68.0,69.0,455.0,450.0,0.0,0.0,248
1,249,0,0,1,0,3.8666667714715004,1.321568675339222,23.90196117013693,5.137255076318979,0.15784314274787903,0.03921568766236305,0.027450978755950928,0.003921568393707275,0.022256805713560864,0.05685500402207657,0.16470588743686676,0.04313725605607033,0.2705882489681244,0.0470588244497776,0.11372549327857354,0.03886966692174182,0.18528652069873588,0.03982368276216263,0.20000000298023224,0.03921568766236305,0.07058823853731155,0.03529411926865578,0.07058823853731155,0.03529411926865578,0.022102035362824464,0.003062495330114273,0.04878534944008888,0.0028659730772409983,0.22254902124404907,0.04313725605607033,407.2356029522268,407.25114503642925,458.458572603786,458.53435114001195,0.0,0.0,407.2325581395349,458.48062015503876,0,410.0,409.0,459.0,458.0,0.0,0.0,249
1,250,0,0,1,0,4.043137386441231,1.3725490607321262,21.015686839818954,4.396078564226627,0.14509804546833038,0.03921568766236305,0.03529413044452667,0.003921568393707275,0.03505556792386384,0.013152867282465413,0.1764705926179886,0.0470588244497776,0.2823529541492462,0.0470588244497776,0.12251931474064336,0.0415923957797614,0.19826119660206562,0.04147243928515686,0.21960784494876862,0.04313725605607033,0.08627451211214066,0.03529411926865578,0.08627451211214066,0.03529411926865578,0.025706933528435543,0.0025431887443181935,0.05795156175905059,0.0028982242773720637,0.24705882370471954,0.04313725605607033,51.547676798413704,51.544157002099396,459.3248740467601,459.3470115978197,0.0,0.0,51.5377358490566,459.35849056603774,0,52.0,50.0,459.0,464.0,0.0,0.0,250
1,251,0,0,1,0,4.509804077446461,1.5529412291944027,34.07058895379305,6.501961011439562,0.1764705926179886,0.03921568766236305,0.021568626165390015,0.0,0.022649161308047405,0.038512346062741655,0.1764705926179886,0.0470588244497776,0.27450981736183167,0.0470588244497776,0.11563600198580669,0.039819005876779556,0.20648841790177605,0.03940582431175492,0.22745098173618317,0.03921568766236305,0.07058823853731155,0.0313725508749485,0.07058823853731155,0.0313725508749485,0.025366088305050116,0.00314459423611948,0.05573705812061552,0.0027580056690747904,0.24705882370471954,0.03921568766236305,330.16079649756756,330.14414958021973,459.50644567506095,459.5560916739945,0.0,0.0,330.169696969697,459.5272727272727,0,331.0,324.0,459.0,462.0,0.0,0.0,251
1,252,0,0,1,0,3.737254999577999,1.2117647491395473,20.803922049701214,4.109804067760706,0.15294118225574493,0.03921568766236305,0.03529413044452667,0.0,0.08978624255368217,0.01730802048723063,0.16470588743686676,0.0470588244497776,0.29019609093666077,0.0470588244497776,0.12055661288961288,0.03908918545611443,0.19813259094953536,0.039140991121530536,0.21960784494876862,0.03921568766236305,0.0784313753247261,0.0313725508749485,0.0784313753247261,0.0313725508749485,0.02490134470710522,0.0029012888697464126,0.05789898033678496,0.002758720330449892,0.24313725531101227,0.03921568766236305,385.90989632773716,385.8425572505773,463.30480677981564,463.35305343414404,0.0,0.0,385.8285714285714,463.34285714285716,0,384.0,388.0,462.0,467.0,0.0,0.0,252
1,253,1,1,0,1,4.29019621014595,4.4666668102145195,37.592158168554306,39.57647178322077,0.1411764770746231,0.14901961386203766,0.16078432649374008,0.16470588743686676,0.20196578265772325,0.15796540548673604,0.3529411852359772,0.41960784792900085,0.5568627715110779,0.686274528503418,0.12257703457559858,0.12761905172041485,0.30316256587543794,0.31916509502597395,0.27843138575553894,0.2980392277240753,0.06666667014360428,0.062745101749897,0.06666667014360428,0.062745101749897,0.063214930127356,0.07873522775199403,0.17718681603674408,0.1899476195857107,0.4941176474094391,0.4745098054409027,35.221886078993194,35.25356718475927,463.90882536664515,463.8299643285774,0.0,0.0,35.41129032258065,463.83870967741933,0,32.0,33.0,462.0,463.0,0.0,0.0,253
1,254,0,0,0,1,4.003921665251255,3.384313829243183,34.568628668785095,25.874510444700718,0.13725490868091583,0.10980392247438431,0.188235305249691,0.11372549831867218,0.17146512156656799,0.08541926914989925,0.35686275362968445,0.27450981736183167,0.5568627715110779,0.48627451062202454,0.12512255203910172,0.10575980716384947,0.3200798950813435,0.23957880041389554,0.3019607961177826,0.2549019753932953,0.07450980693101883,0.05098039284348488,0.07450980693101883,0.05098039284348488,0.06209342655765486,0.05695128875350334,0.18458988997011233,0.12618897969549397,0.5568627715110779,0.3450980484485626,24.83811684590295,24.734161869072665,467.6596710225878,467.7097605276036,0.0,0.0,24.666666666666668,467.6574074074074,0,23.0,23.0,467.0,471.0,0.0,0.0,254
1,255,0,0,1,0,3.4509804993867874,1.1921569108963013,21.627451598644257,4.000000158324838,0.14705882966518402,0.03529411926865578,0.05686274915933609,0.0,0.12875509477384706,0.01889928903966912,0.1725490242242813,0.04313725605607033,0.3764705955982208,0.04313725605607033,0.1078431406058371,0.037254903465509415,0.20212571587517997,0.03738317904976484,0.2137254923582077,0.03921568766236305,0.06666667014360428,0.03529411926865578,0.06666667014360428,0.027450980618596077,0.030106182644838893,0.0021922233766860314,0.0750954136330147,0.00247544720699851,0.26274511218070984,0.03921568766236305,480.43064370064087,480.4343137261846,465.7593834839058,465.8696078453601,0.0,0.0,480.4392523364486,465.8878504672897,0,481.0,480.0,463.0,466.0,0.0,0.0,255
1,256,0,0,1,0,4.745098195970058,1.5568627938628197,30.650981463491917,5.635294295847416,0.17058824002742767,0.03921568766236305,0.04313726723194122,0.0,0.11133469294817178,0.03622594271033261,0.1921568661928177,0.0470588244497776,0.3333333432674408,0.0470588244497776,0.1248710051571068,0.040970073522705784,0.22210856132965157,0.0408354659119378,0.24313725531101227,0.03921568766236305,0.07450980693101883,0.0313725508749485,0.07450980693101883,0.0313725508749485,0.030872254631560733,0.0030769970334956565,0.06910271709582451,0.0028611157660841206,0.27843138575553894,0.04313725605607033,139.3403275402202,139.22616562400808,469.1623592639841,469.0821155215271,0.0,0.0,139.2391304347826,469.1159420289855,0,140.0,139.0,469.0,467.0,0.0,0.0,256
1,257,0,0,1,0,3.8549020662903786,1.5019608400762081,43.070589408278465,6.549019850790501,0.16274510324001312,0.03529411926865578,0.09019607305526733,0.0,0.07540795971898086,0.030321685562604287,0.16470588743686676,0.04313725605607033,0.45490196347236633,0.0470588244497776,0.09884364272539432,0.038511816412210464,0.253356408283991,0.03852364618112059,0.2666666805744171,0.03921568766236305,0.07450980693101883,0.0313725508749485,0.07450980693101883,0.0313725508749485,0.020563528147350286,0.0033075682701031346,0.10859967379444,0.0029270073319841664,0.34117648005485535,0.03921568766236305,463.73422562390914,463.65449101838306,468.12847126782003,468.09940120050686,0.0,0.0,463.6588235294118,468.1294117647059,0,464.0,468.0,465.0,470.0,0.0,0.0,257
1,258,0,0,1,0,3.2470589205622673,1.1803922057151794,21.478432096540928,3.8588236831128597,0.13235294818878174,0.03529411926865578,0.06470589339733124,0.003921568393707275,0.003769846032141299,0.012085009351107075,0.16862745583057404,0.04313725605607033,0.32156863808631897,0.04313725605607033,0.10147059126757085,0.03688725642859936,0.20852846695670804,0.037464307603037476,0.23333333432674408,0.03921568766236305,0.062745101749897,0.0313725508749485,0.062745101749897,0.0313725508749485,0.027725345603746815,0.0023731514187252576,0.0825972087589783,0.002547226756024612,0.2862745225429535,0.03921568766236305,492.52802629591463,492.5162601633983,468.4365528586411,468.42784552935495,0.0,0.0,492.5242718446602,468.43689320388347,0,491.0,495.0,469.0,468.0,0.0,0.0,258
1,259,0,0,1,0,4.98823544383049,1.0666666999459267,18.11764757335186,3.211764808744192,0.19411765038967133,0.03921568766236305,0.03921569883823395,0.0,0.4845046887189076,0.09562575203800375,0.364705890417099,0.054901961237192154,0.364705890417099,0.054901961237192154,0.19185520937809578,0.041025642305612564,0.22933731105508684,0.04065525074359737,0.239215686917305,0.03921568766236305,0.07058823853731155,0.03529411926865578,0.07058823853731155,0.03529411926865578,0.08673893607382029,0.004244719891631552,0.06448282975451175,0.003484014117552069,0.2754902094602585,0.04313725605607033,419.6967532310831,419.8021978040842,469.0374458985437,468.6630036544468,0.0,0.0,419.82278481012656,468.56962025316454,0,419.0,420.0,473.0,474.0,0.0,0.0,259
1,260,0,0,1,0,3.513725593686104,1.196078471839428,20.83921629190445,4.023529551923275,0.1509803980588913,0.03921568766236305,0.04313726723194122,0.003921568393707275,0.10951921067473135,0.016581494438190594,0.16862745583057404,0.0470588244497776,0.3333333432674408,0.0470588244497776,0.11712418645620346,0.0398692823946476,0.20430604207749462,0.03944636815611054,0.21960784494876862,0.03921568766236305,0.07058823853731155,0.03529411926865578,0.07058823853731155,0.03529411926865578,0.028508723532544408,0.003051664531813472,0.06789805420028809,0.0029481412333783176,0.2549019753932953,0.04313725605607033,360.36375612835803,360.2524366474063,475.7918705226709,475.7875243680203,0.0,0.0,360.2549019607843,475.80392156862746,0,363.0,365.0,476.0,478.0,0.0,0.0,260
1,261,1,1,0,1,7.098039411008358,3.1607844196259975,55.68235432356596,32.49804015085101,0.14901961386203766,0.062745101749897,0.15490195900201797,0.10588235408067703,0.49109170250045603,1.3731346438381014,0.3450980484485626,0.16862745583057404,0.6431372761726379,0.47843137383461,0.14196078822016717,0.06321568839251995,0.30427516023806533,0.17758491885710936,0.3019607961177826,0.16862745583057404,0.06666667014360428,0.03529411926865578,0.06666667014360428,0.03529411926865578,0.08231185058081561,0.0265700679592012,0.1569495838529151,0.11854127541349216,0.4598039239645004,0.2715686410665512,416.1413479778112,415.6813080773228,477.54454538134036,478.3674429848999,0.0,0.0,416.58469945355193,477.3333333333333,0,414.0,413.0,482.0,474.0,0.0,0.0,261
1,262,0,0,1,0,4.086274646222591,1.262745138257742,20.023529775440693,4.258823670446873,0.16078431904315948,0.03921568766236305,0.023529410362243652,0.003921568393707275,0.02172669435661385,0.032704377516959704,0.1764705926179886,0.0470588244497776,0.27450981736183167,0.0470588244497776,0.1318153111684707,0.04073371413734651,0.1889012242966103,0.04017758179666861,0.20392157137393951,0.03921568766236305,0.08627451211214066,0.03529411926865578,0.08627451211214066,0.03529411926865578,0.026721629297261577,0.003403826247988673,0.04381624068081534,0.00284074771383805,0.21960784494876862,0.04313725605607033,74.93439092073073,74.91344383072393,478.93341167809257,478.97605892883155,0.0,0.0,74.91509433962264,478.9433962264151,0,77.0,70.0,478.0,477.0,0.0,0.0,262
1,263,0,0,1,0,4.921568751335144,1.678431436419487,39.91764811426401,7.141176741570234,0.16470588743686676,0.03529411926865578,0.052941180765628815,0.003921568393707275,0.06655522818593267,0.016192005922594295,0.16470588743686676,0.0470588244497776,0.37254902720451355,0.0470588244497776,0.11185383525761691,0.0381461690095338,0.21346335889980755,0.03818811091748788,0.21960784494876862,0.03921568766236305,0.07450980693101883,0.0313725508749485,0.07450980693101883,0.0313725508749485,0.023773080789227324,0.003168696573097298,0.0731243857842803,0.0029547471362811146,0.2705882489681244,0.03921568766236305,439.32999312363285,439.27567270858134,478.20198448043817,478.159253156677,0.0,0.0,439.28877005347596,478.14973262032083,0,439.0,434.0,479.0,485.0,0.0,0.0,263
1,264,0,0,1,0,3.654902085661888,1.1529412157833576,17.027451276779175,3.6196079701185226,0.14509804546833038,0.03921568766236305,0.0313725471496582,0.0,0.03199225964224824,0.0477790614647065,0.16862745583057404,0.04313725605607033,0.2549019753932953,0.04313725605607033,0.12603110640213408,0.03975659364770199,0.18508099213890408,0.039343564892592636,0.19607843458652496,0.03921568766236305,0.08627451211214066,0.03529411926865578,0.08627451211214066,0.03529411926865578,0.02272046923659625,0.0026705093280641077,0.04551767038052974,0.0025500741892050933,0.21960784494876862,0.03921568766236305,10.32012896961069,10.335861317763726,479.86273607077385,479.90249187223435,0.0,0.0,10.293478260869565,479.8804347826087,0,8.0,16.0,480.0,481.0,0.0,0.0,264
1,265,0,0,1,0,7.223529599606991,2.078431438654661,35.81960851699114,8.17254926636815,0.16470588743686676,0.03921568766236305,0.023529410362243652,0.003921568393707275,0.1451315726141627,0.05837114001598516,0.250980406999588,0.0470588244497776,0.26274511218070984,0.0470588244497776,0.14163783528641158,0.04075355762067963,0.18182542394411746,0.04148502165669112,0.1882352977991104,0.04313725605607033,0.08627451211214066,0.03529411926865578,0.08627451211214066,0.03529411926865578,0.04324300874779158,0.002698950823333637,0.0380965880339972,0.0030096270508434154,0.21176470816135406,0.04313725605607033,299.0825487192545,299.1607485633472,480.870921823589,480.727927067715,0.0,0.0,299.1928934010152,480.7766497461929,0,298.0,292.0,481.0,482.0,0.0,0.0,265
1,266,0,0,1,0,3.5921569615602493,1.325490240007639,21.607843831181526,4.082353077828884,0.14509804546833038,0.03921568766236305,0.058823540806770325,0.0,0.1002765895452673,0.009113191255976096,0.18431372940540314,0.0470588244497776,0.33725491166114807,0.0470588244497776,0.10885324125940149,0.040166370909322395,0.21184160618805417,0.040023069390479254,0.23137255012989044,0.03921568766236305,0.06666667014360428,0.03529411926865578,0.06666667014360428,0.03529411926865578,0.03363819038813579,0.0025597929821288973,0.0806995788391424,0.0026528256780960977,0.27843138575553894,0.04313725605607033,244.03647913171736,244.0086455323365,482.76007259452984,482.66954851077884,0.0,0.0,244.0,482.6666666666667,0,245.0,241.0,485.0,486.0,0.0,0.0,266
1,267,0,0,1,0,3.2352942153811455,1.0980392508208752,21.356863297522068,3.058823626488447,0.12352941744029522,0.03921568766236305,0.15490197390317917,0.003921568393707275,0.1467059581991608,0.011766967033487886,0.2549019753932953,0.04313725605607033,0.5647059082984924,0.0470588244497776,0.11982571168078317,0.04066812040077315,0.28475817730029424,0.04078431501984596,0.272549033164978,0.03921568766236305,0.07058823853731155,0.03529411926865578,0.07058823853731155,0.03529411926865578,0.049146775558643295,0.0024216893255955027,0.16131193079816328,0.002561557748268979,0.44607843458652496,0.04313725605607033,321.72126331088,321.65512820618216,482.36283510872204,482.2243589745698,0.0,0.0,321.6666666666667,482.2266666666667,0,321.0,324.0,482.0,482.0,0.0,0.0,267
1,268,0,0,1,0,4.317647181451321,1.3960784822702408,21.909804359078407,4.929411947727203,0.12941177189350128,0.03529411926865578,0.03529411554336548,0.0,0.32060811390445443,0.0677737492627412,0.16470588743686676,0.04313725605607033,0.250980406999588,0.04313725605607033,0.11993464392920335,0.03877995784084002,0.17117034655530006,0.038511030841618776,0.18431372940540314,0.03921568766236305,0.0784313753247261,0.03529411926865578,0.0784313753247261,0.0313725508749485,0.02144697482223383,0.0027385194642173785,0.043980149859422224,0.0029588354434742273,0.21176470816135406,0.03921568766236305,394.9674243755117,394.8918058884298,483.5446572558512,483.7931583198501,0.0,0.0,394.90625,483.859375,0,394.0,391.0,484.0,481.0,0.0,0.0,268
1,269,0,0,1,0,4.615686394274235,1.4627451598644257,39.23137389868498,6.192157115787268,0.1764705926179886,0.03529411926865578,0.047058820724487305,0.003921568393707275,0.1872217783707394,0.0315496616352743,0.27843138575553894,0.04313725605607033,0.37254902720451355,0.04313725605607033,0.11539215985685587,0.03656862899661064,0.23491840657895197,0.037078785124474656,0.26274511218070984,0.03529411926865578,0.07058823853731155,0.0313725508749485,0.07058823853731155,0.0313725508749485,0.0458663258830061,0.002959095563386222,0.08137624725826281,0.0028045551695659882,0.2980392277240753,0.03921568766236305,499.07936825245446,498.8689043721964,485.25239903735707,485.2362254612873,0.0,0.0,498.8922155688623,485.25748502994014,0,500.0,496.0,487.0,481.0,0.0,0.0,269
1,270,1,1,0,1,4.839215815067291,3.031372644007206,61.58431554585695,33.2627459615469,0.16078431904315948,0.04313725605607033,0.1098039299249649,0.05098039284348488,0.47340872988953425,2.1929259619392227,0.18039216101169586,0.1764705926179886,0.5686274766921997,0.5215686559677124,0.102962038618453,0.06449729029802566,0.28511257197156,0.15399419426642083,0.27450981736183167,0.09019608050584793,0.06666667014360428,0.03529411926865578,0.06666667014360428,0.03529411926865578,0.025638580325843,0.031098180947213075,0.1509080034011873,0.12858233016135778,0.3764705955982208,0.250980406999588,115.34914671139151,116.94187691497125,486.44020632043913,487.12532421097524,0.0,0.0,114.87962962962963,486.3796296296296,0,115.0,122.0,484.0,486.0,0.0,0.0,270
1,271,0,0,1,0,4.729411922395229,1.7686275094747543,41.23529543727636,7.780392408370972,0.18039216101169586,0.03921568766236305,0.04313725233078003,0.0,0.060969886227928885,0.02102820669098224,0.16078431904315948,0.04313725605607033,0.3137255012989044,0.0470588244497776,0.10748663459989158,0.04019607976078987,0.2147671637358144,0.040522877126932144,0.22745098173618317,0.03921568766236305,0.06666667014360428,0.03529411926865578,0.06666667014360428,0.0313725508749485,0.027594712748545747,0.0023831980677757963,0.06805695346088804,0.0025732050342105782,0.2666666805744171,0.04313725605607033,271.3554921596245,271.34324596587305,486.49424632209116,486.4480846769251,0.0,0.0,271.3229166666667,486.4427083333333,0,271.0,272.0,490.0,489.0,0.0,0.0,271
1,272,0,0,1,0,3.960784427821636,1.2666667103767395,23.984314315021038,4.682353105396032,0.16372549533843994,0.03921568766236305,0.037254899740219116,0.0,0.0719718136170395,0.006998502073754098,0.16862745583057404,0.0470588244497776,0.30588236451148987,0.0470588244497776,0.12377451336942613,0.03958333469927311,0.20154885979009277,0.039347505087361616,0.2137254923582077,0.03921568766236305,0.08627451211214066,0.03529411926865578,0.08627451211214066,0.03529411926865578,0.023973296440311365,0.0028345668668849668,0.055805987096887416,0.0027814726100899257,0.24313725531101227,0.03921568766236305,350.5024525805409,350.49664991616726,487.10480704964675,487.1834170847695,0.0,0.0,350.4957983193277,487.1764705882353,0,350.0,346.0,485.0,487.0,0.0,0.0,272
1,273,0,0,1,0,3.3333334252238274,1.0745098404586315,20.18823581188917,2.843137349933386,0.13235294818878174,0.03921568766236305,0.14705882966518402,0.0,0.149595647129595,0.006229769366982906,0.27843138575553894,0.0470588244497776,0.6117647290229797,0.0470588244497776,0.12345679352680843,0.039796660757727094,0.28434134946322775,0.04004418802723079,0.25686275213956833,0.03921568766236305,0.07450980693101883,0.03529411926865578,0.07450980693101883,0.03529411926865578,0.051810134973771765,0.0029623931501336458,0.1638645510920004,0.0028625590163099505,0.4274509847164154,0.04313725605607033,322.28904429060566,322.2620689660323,490.18997668595966,490.3351724140588,0.0,0.0,322.2676056338028,490.3380281690141,0,323.0,321.0,489.0,489.0,0.0,0.0,273
1,274,0,0,1,0,3.768627554178238,1.4352941736578941,41.12549136579037,6.066666904836893,0.16568627953529358,0.03529411926865578,0.07058823853731155,0.0,0.05085556127011317,0.02804581638386736,0.16862745583057404,0.04313725605607033,0.43529412150382996,0.04313725605607033,0.09917440932047994,0.03777089930678669,0.2554378345701265,0.03768116089960803,0.29411765933036804,0.03921568766236305,0.07450980693101883,0.0313725508749485,0.07450980693101883,0.0313725508749485,0.023596532135050703,0.002610755394577455,0.10558603875532287,0.002664900466488076,0.3480392247438431,0.03921568766236305,465.6835129118479,465.643826761685,488.72346715060075,488.7297996149172,0.0,0.0,465.64596273291926,488.7577639751553,0,467.0,464.0,489.0,485.0,0.0,0.0,274
1,275,0,0,1,0,3.28627460449934,1.2156863175332546,21.54902007430792,4.341176629066467,0.14509804546833038,0.03529411926865578,0.0313725471496582,0.0,0.10810361828748757,0.01060355622893107,0.16078431904315948,0.04313725605607033,0.2705882489681244,0.04313725605607033,0.10600885820965614,0.03921568766236305,0.19240196494917786,0.038760505616664886,0.21568627655506134,0.03921568766236305,0.07450980693101883,0.03529411926865578,0.07450980693101883,0.0313725508749485,0.02518887592599158,0.0028173379030817986,0.05928688158925636,0.002710138156812938,0.239215686917305,0.03921568766236305,383.1987261068009,383.287262873338,490.4784349351739,490.42095754364055,0.0,0.0,383.29464285714283,490.42857142857144,0,385.0,383.0,490.0,485.0,0.0,0.0,275
1,276,0,0,1,0,4.3215687945485115,1.2666667103767395,19.44705932587385,4.56862760707736,0.14901961386203766,0.03921568766236305,0.0156862735748291,0.0,0.047879533344339524,0.031197012921262816,0.16078431904315948,0.0470588244497776,0.23529411852359772,0.0470588244497776,0.13504902482964098,0.03958333469927311,0.1691048637032509,0.039727196583281395,0.1764705926179886,0.03921568766236305,0.10196078568696976,0.0313725508749485,0.10196078568696976,0.0313725508749485,0.01589740114297336,0.0029993229218441613,0.027081412885107497,0.0029492579057709143,0.1882352977991104,0.04313725605607033,64.95220810021196,64.88841201947712,492.085501109069,492.1321888394064,0.0,0.0,64.91304347826087,492.11304347826086,0,68.0,63.0,494.0,495.0,0.0,0.0,276
1,277,0,0,1,0,6.533333502709866,2.0196079090237617,50.411766059696674,9.450980693101883,0.1882352977991104,0.03921568766236305,0.03529413044452667,0.003921568393707275,0.20248661039444416,0.044913415622420676,0.21568627655506134,0.0470588244497776,0.3137255012989044,0.0470588244497776,0.1306666700541973,0.040392158180475236,0.21729209508489947,0.04073698574612881,0.23137255012989044,0.03921568766236305,0.07450980693101883,0.03529411926865578,0.07450980693101883,0.03529411926865578,0.04162364162767705,0.002745097875595093,0.059402215643924054,0.0029252010525263,0.26274511218070984,0.04313725605607033,295.2427071267231,295.1120331946299,493.22403732875847,493.33029046052013,0.0,0.0,295.10775862068965,493.375,0,296.0,290.0,492.0,486.0,0.0,0.0,277
1,278,0,0,1,0,3.298039309680462,1.200000036507845,21.200000680983067,3.8784314952790737,0.1411764770746231,0.03921568766236305,0.0627451092004776,0.003921568393707275,0.08785265933560638,0.024273958640685694,0.16862745583057404,0.0470588244497776,0.4000000059604645,0.0470588244497776,0.11372549343725731,0.04137931160371879,0.22315790190508492,0.040825594687148144,0.24117647111415863,0.03921568766236305,0.0784313753247261,0.03921568766236305,0.0784313753247261,0.03529411926865578,0.027518511979855474,0.0024340769340252056,0.0876410682016299,0.0028730173959466048,0.29411765933036804,0.04313725605607033,134.14187939466177,134.12335692549755,494.526637068709,494.5874620850166,0.0,0.0,134.1157894736842,494.61052631578946,0,134.0,133.0,494.0,497.0,0.0,0.0,278
1,279,0,0,1,0,3.368627540767193,1.3960784785449505,40.56470672041178,5.317647241055965,0.13333334028720856,0.03921568766236305,0.12156862020492554,0.003921568393707275,0.00928758038726385,0.02011781872223522,0.13725490868091583,0.0470588244497776,0.5686274766921997,0.0470588244497776,0.09624650116477694,0.03988795652985573,0.30272169194337145,0.03968393463474601,0.34117648005485535,0.03921568766236305,0.06666667014360428,0.03529411926865578,0.06666667014360428,0.0313725508749485,0.018592014182262563,0.003035566695064785,0.15149620252406315,0.0029159889879333094,0.43921568989753723,0.04313725605607033,337.5453402910775,337.5184365799431,496.41511988022273,496.4174041291405,0.0,0.0,337.53731343283584,496.410447761194,0,337.0,336.0,496.0,494.0,0.0,0.0,279
1,280,0,0,1,0,4.078431472182274,1.3137255422770977,22.00392198562622,4.964706063270569,0.15294118225574493,0.03921568766236305,0.019607841968536377,0.0,0.009096072407493053,0.05712900187060302,0.16862745583057404,0.04313725605607033,0.24705882370471954,0.0470588244497776,0.11652661349092211,0.03753501549363136,0.17190564051270485,0.03878676611930132,0.18431372940540314,0.03921568766236305,0.0784313753247261,0.0313725508749485,0.0784313753247261,0.0313725508749485,0.022411765956680513,0.00328579886266432,0.03968704875029553,0.0028259440858743722,0.20000000298023224,0.03921568766236305,371.7431830321699,371.7804107380745,498.27570842548016,498.30726697937325,0.0,0.0,371.734375,498.2734375,0,374.0,370.0,501.0,492.0,0.0,0.0,280
