ImageNumber,ObjectNumber,Children_Cytoplasm_Count,Intensity_IntegratedIntensityEdge_CorrProtein,Intensity_IntegratedIntensity_CorrProtein,Intensity_LowerQuartileIntensity_CorrProtein,Intensity_MADIntensity_CorrProtein,Intensity_MassDisplacement_CorrProtein,Intensity_MaxIntensityEdge_CorrProtein,Intensity_MaxIntensity_CorrProtein,Intensity_MeanIntensityEdge_CorrProtein,Intensity_MeanIntensity_CorrProtein,Intensity_MedianIntensity_CorrProtein,Intensity_MinIntensityEdge_CorrProtein,Intensity_MinIntensity_CorrProtein,Intensity_StdIntensityEdge_CorrProtein,Intensity_StdIntensity_CorrProtein,Intensity_UpperQuartileIntensity_CorrProtein,Location_CenterMassIntensity_X_CorrProtein,Location_CenterMassIntensity_Y_CorrProtein,Location_CenterMassIntensity_Z_CorrProtein,Location_Center_X,Location_Center_Y,Location_Center_Z,Location_MaxIntensity_X_CorrProtein,Location_MaxIntensity_Y_CorrProtein,Location_MaxIntensity_Z_CorrProtein,Math_Ratio1,Math_Ratio2,Number_Object_Number,Parent_Nuclei
1,1,1,11.68588586896658,132.3166044652462,0.1345447227358818,0.04879316687583923,0.9875280174202595,0.18341273069381714,0.3114791214466095,0.12172797780173521,0.18200358248314472,0.17612037062644958,0.07897540181875229,0.07897540181875229,0.03686909069351817,0.058921500544214925,0.23142274096608162,118.63367630716826,16.713712208815767,0.0,117.70013755158185,17.03576341127923,0,122.0,11.0,0.0,1.1064153310780218,0.6951155181458815,1,1
1,2,1,8.933555833995342,58.112992241978645,0.12260051630437374,0.024174682796001434,0.8624027314954299,0.18046951293945312,0.21137863397598267,0.12237747717801839,0.14787020926712124,0.14176960289478302,0.0793786346912384,0.0793786346912384,0.02904876626264389,0.033666317204418206,0.18032660335302353,883.3584769685858,15.07036833947907,0.0,884.1399491094147,15.435114503816793,0,876.0,14.0,0.0,1.1332714651183025,0.8409483058681211,2,2
1,3,1,11.81948521733284,72.90428107231855,0.12693504989147186,0.03485865890979767,0.46772451561309675,0.2712339460849762,0.2749634087085724,0.1390527672627393,0.16606897738569146,0.14480633288621902,0.07940378785133362,0.07940378785133362,0.049630539712473304,0.051307652370481106,0.2156434953212738,1033.300046881727,13.17329157240825,0.0,1033.7289293849658,13.35990888382688,0,1032.0,10.0,0.0,1.1558224118037224,0.8167329952900777,3,3
1,4,1,7.691448420286179,74.2896046936512,0.10493623465299606,0.025305546820163727,0.6058243216680202,0.1363501250743866,0.32112306356430054,0.097360106585901,0.1503838151693344,0.12240120023488998,0.0781516432762146,0.0781516432762146,0.01575671984745461,0.06479286696817531,0.17998555302619934,593.7746721972907,14.471419696449404,0.0,594.2287449392712,14.87246963562753,0,591.0,11.0,0.0,1.3284799340679903,0.7504205125656953,4,4
1,5,1,8.004298642277718,59.16776268184185,0.13464558497071266,0.057186201214790344,0.969608331650571,0.2152007520198822,0.3204161822795868,0.1356660786826732,0.19025004077762653,0.1916969045996666,0.07937688380479813,0.07937688380479813,0.04753769035659336,0.06457206428769215,0.2465907447040081,760.9497264580164,14.738887961666268,0.0,760.903536977492,15.707395498392282,0,758.0,15.0,0.0,1.1074663624773904,0.7276362607975244,5,5
1,6,1,6.764953874051571,33.03362365812063,0.11105940118432045,0.07372468709945679,1.0929474076203907,0.2693018317222595,0.3808947801589966,0.13264615439316807,0.1898484118282795,0.18263062834739685,0.03948770463466644,0.03948770463466644,0.06700308589812308,0.08781281206770411,0.2627446949481964,707.8273044004849,12.885560866521056,0.0,707.316091954023,11.919540229885058,0,708.0,15.0,0.0,1.130344436658922,0.7109729292980034,6,6
1,7,1,10.160551846027374,67.22430019825697,0.1561598815023899,0.04281642287969589,0.8100537826359379,0.2399604171514511,0.31085604429244995,0.15165002755264737,0.19830177049633324,0.18927619606256485,0.07978245615959167,0.07978245615959167,0.048768358662105014,0.058666516936370566,0.24897955730557442,738.1697590150004,17.172747648159188,0.0,738.2713864306785,17.976401179941004,0,736.0,17.0,0.0,1.0890519579514406,0.7762037831348972,7,7
1,8,1,13.188947841525078,80.27574545890093,0.19106999039649963,0.054795145988464355,0.676108599951461,0.27872994542121887,0.3723495304584503,0.18575982875387434,0.24474312639908818,0.2530137896537781,0.08132586628198624,0.08132586628198624,0.04863210329281306,0.06865433193090528,0.30262434482574463,719.5889479726875,14.888690780226222,0.0,719.8841463414634,15.496951219512194,0,723.0,19.0,0.0,1.0931324738312653,0.763349276996525,8,8
1,9,1,6.470905810594559,23.74050909280777,0.11878353357315063,0.045300453901290894,1.2137208334304752,0.2658121585845947,0.2658121585845947,0.1504861816417339,0.16150006185583518,0.1455172300338745,0.07918901741504669,0.07918901741504669,0.060287953884237154,0.052936393554748176,0.21522411704063416,1036.5066698128699,22.089816889657868,0.0,1037.360544217687,22.952380952380953,0,1038.0,17.0,0.0,1.123275094165314,0.8946897452366739,9,9
1,10,1,10.730245850980282,62.23718798905611,0.113316610455513,0.059320949018001556,0.6672764489211455,0.24811841547489166,0.32011187076568604,0.14118744540763528,0.1753160225043834,0.16904755681753159,0.07849499583244324,0.07849499583244324,0.0534455245439694,0.06750591777048259,0.23190606012940407,573.1175493434889,18.869581328120848,0.0,573.6309859154929,19.295774647887324,0,568.0,18.0,0.0,1.2060471839128193,0.7478402563934825,10,10
1,11,1,9.648054391145706,86.3624048680067,0.09896442294120789,0.02425849437713623,0.8649615866175343,0.1696215718984604,0.23823927342891693,0.10155846727521796,0.13664937479114986,0.1163022592663765,0.07845932990312576,0.07845932990312576,0.02131058226836198,0.04684505468523842,0.18195587396621704,1169.2519535053898,22.947767775582072,0.0,1169.0901898734178,23.79746835443038,0,1170.0,24.0,0.0,1.3290607304771445,0.7879502003213421,11,11
1,12,1,8.955831304192543,81.18783301115036,0.10122695565223694,0.023092053830623627,0.2571583935573956,0.15505899488925934,0.24460913240909576,0.09841572861750048,0.13622119632743349,0.117931067943573,0.07822182774543762,0.07822182774543762,0.01684663958837184,0.047523478402370666,0.17122714221477509,1193.8666404435814,24.150937268668624,0.0,1193.6241610738255,24.236577181208055,0,1199.0,21.0,0.0,1.344056713661257,0.8043709296859508,12,12
1,13,1,6.947248235344887,62.762779757380486,0.09111905284225941,0.030802663415670395,0.5192815751171846,0.1112162321805954,0.18271130323410034,0.08270533613505818,0.12887634447100715,0.13550950586795807,0.06794005632400513,0.06794005632400513,0.006836303107108872,0.03492718912973411,0.16226940602064133,1348.2635197835878,19.8311058284165,0.0,1348.6878850102669,19.531827515400412,0,1345.0,18.0,0.0,1.0613395067699352,0.6731882985623061,13,13
1,14,1,9.568670205771923,43.334178365767,0.16128530353307724,0.08990052342414856,0.4517391804813863,0.3461098074913025,0.40689194202423096,0.18054094727871553,0.2490470021021092,0.2618040442466736,0.07846516370773315,0.07846516370773315,0.1028389972615655,0.1023096278707214,0.3423642963171005,434.91830117768006,22.665488786486076,0.0,434.5287356321839,22.436781609195403,0,434.0,26.0,0.0,1.2247751925258168,0.783863938749912,14,14
1,15,1,4.925038371235132,21.27438398078084,0.08985324949026108,0.07888972014188766,1.0178340348116495,0.28649285435676575,0.3304707407951355,0.12960627292724033,0.17438019656377737,0.15760917961597443,0.046655673533678055,0.046655673533678055,0.07581798150652097,0.09045872788751673,0.26639769971370697,714.1638990762477,24.914889058610033,0.0,714.2786885245902,25.92622950819672,0,714.0,24.0,0.0,1.0554674557144361,0.7890307276348256,15,15
1,16,1,8.949179966002703,49.846443977206945,0.09994013607501984,0.03355395793914795,0.6491907420865528,0.2109450101852417,0.30609002709388733,0.10913634104881345,0.14879535515584164,0.12414097785949707,0.06033141538500786,0.06033141538500786,0.034652954287930256,0.06268583501239225,0.19996734336018562,565.071677638122,27.28681288032205,0.0,564.9940298507463,27.93134328358209,0,566.0,27.0,0.0,1.251374893053981,0.7691087365748152,16,16
1,17,1,8.113269343972206,65.65812269598246,0.15147167444229126,0.06719468533992767,0.6118801703874055,0.23416031897068024,0.36885371804237366,0.13751303972834247,0.21598066676310018,0.21101747453212738,0.07907862216234207,0.07907862216234207,0.04676324841873685,0.07566414983210422,0.2887565791606903,270.03842289596935,25.170574935280396,0.0,270.54605263157896,24.82894736842105,0,275.0,24.0,0.0,1.135238393000093,0.7003710733010816,17,17
1,18,1,11.100814267992973,92.32717242091894,0.12729639187455177,0.04347795993089676,0.6499245227129086,0.17343401908874512,0.29869189858436584,0.12334238075547749,0.1712934553263802,0.15889713913202286,0.07932277023792267,0.07932277023792267,0.028538301180559226,0.055185292397799256,0.22159063071012497,863.4641846263966,26.207484238399296,0.0,862.9647495361781,26.623376623376622,0,862.0,25.0,0.0,1.166436744149473,0.7285424559845624,18,18
1,19,1,8.386812888085842,26.697067014873028,0.10251002013683319,0.032374098896980286,1.1606558841143733,0.2489914745092392,0.2489914745092392,0.13527117561428778,0.1450927555156143,0.12714459002017975,0.0788235291838646,0.0788235291838646,0.0509613556261271,0.04980712699223597,0.18976035714149475,1032.7767251205141,29.763916651843104,0.0,1033.9239130434783,29.940217391304348,0,1026.0,27.0,0.0,1.1648974940582404,0.8877747728637546,19,19
1,20,1,7.3886280953884125,50.70238873362541,0.11142433434724808,0.020917996764183044,1.2514270623095087,0.24378833174705505,0.24378833174705505,0.12962505430505986,0.14653869576192316,0.12232118844985962,0.07846140116453171,0.07846140116453171,0.05524759023355616,0.04726248409126469,0.19518280774354935,1019.1098000607898,31.362995094242773,0.0,1017.8583815028902,31.358381502890172,0,1025.0,27.0,0.0,1.2589698558158346,0.8482023763006769,20,20
1,21,1,7.480052798986435,65.13389306515455,0.137325718998909,0.027603700757026672,0.5234150121675893,0.16963811218738556,0.2505449652671814,0.11687582498416305,0.16365299765114208,0.15908360481262207,0.07833614945411682,0.07833614945411682,0.02771899640964018,0.039107510632844796,0.19379781186580658,627.2174850620266,27.169141770575948,0.0,627.2160804020101,26.64572864321608,0,625.0,34.0,0.0,1.1434368511049295,0.8489101890225372,21,21
1,22,1,13.202300935983658,189.6260957121849,0.1929207518696785,0.07234308123588562,0.3195544124150033,0.33862408995628357,0.44654330611228943,0.1450802300657545,0.26264002176202894,0.27157607674598694,0.07866280525922775,0.07866280525922775,0.08314858831963698,0.09226916845753548,0.3395388126373291,448.2375297049327,30.041286780406747,0.0,448.27423822714684,30.358725761772853,0,446.0,29.0,0.0,1.17325154767914,0.6916172989976331,22,22
1,23,1,14.549824006855488,211.33309013396502,0.15338144451379776,0.06301535665988922,1.0948481844782687,0.2884513735771179,0.5975986123085022,0.14696791926116654,0.26616258203270154,0.18943554162979126,0.07940741628408432,0.07940741628408432,0.04909671523892207,0.152171534265315,0.4017758369445801,540.1119386493548,34.43418115615034,0.0,539.6007556675063,33.46599496221663,0,542.0,36.0,0.0,1.5097626000807607,0.6305180554463055,23,23
1,24,1,4.549202144145966,13.856472074985504,0.09726446308195591,0.024911992251873016,0.7266387179909608,0.2311268001794815,0.2311268001794815,0.1229514093012423,0.13196640071414767,0.11368198320269585,0.07825168967247009,0.07825168967247009,0.047030238080005136,0.042947187842624676,0.17506235092878342,1031.703427395501,38.77150389814044,0.0,1032.152380952381,39.34285714285714,0,1033.0,34.0,0.0,1.1125887931709302,0.9176317041008749,24,24
1,25,1,9.626576386392117,73.03858675807714,0.12388499826192856,0.04034219682216644,1.184611067178139,0.25919294357299805,0.29727470874786377,0.1395155998027843,0.17390139704304083,0.15458284318447113,0.07873035967350006,0.07873035967350006,0.04617423593499009,0.05948069559795472,0.23339775204658508,1216.4337388101496,31.144243021176568,0.0,1216.6809523809525,29.985714285714284,0,1215.0,36.0,0.0,1.2395786982339152,0.7896589828430006,25,25
1,26,1,9.516253866255283,81.7492013424635,0.1745384782552719,0.05474236607551575,0.35054139087129044,0.24999047815799713,0.41146689653396606,0.1486914666602388,0.236269368041802,0.22036685049533844,0.0792858675122261,0.0792858675122261,0.044574511177445285,0.08133787514246413,0.30106525123119354,256.3991137972305,37.134229668839545,0.0,256.242774566474,37.447976878612714,0,256.0,32.0,0.0,1.092409022608109,0.7249005111727479,26,26
1,27,1,9.707373671233654,48.15727399289608,0.18257565796375275,0.032502174377441406,0.2426557602528139,0.28243401646614075,0.29273706674575806,0.1831579937968614,0.21308528315440745,0.2103910744190216,0.08324790000915527,0.08324790000915527,0.04491110342427983,0.044459916348807166,0.25076228380203247,274.10185841440045,38.22322649621512,0.0,273.8628318584071,38.18141592920354,0,280.0,38.0,0.0,1.0066086037818476,0.8606447421739006,27,27
1,28,1,11.242820210754871,121.18430086970329,0.13316971063613892,0.03787298500537872,0.6794946221859314,0.19174973666667938,0.28887739777565,0.1147226552117844,0.1716491513735174,0.15902993083000183,0.07959789782762527,0.07959789782762527,0.02909461418773247,0.051690644627753204,0.2098059207201004,639.056647606665,45.14595470556538,0.0,639.4504249291784,45.69971671388102,0,635.0,37.0,0.0,1.1580856268452504,0.7524871529555546,28,28
1,29,1,10.285307615995407,78.38572178781033,0.20099663734436035,0.061987921595573425,0.5959581976420605,0.2971256971359253,0.3912239968776703,0.1743272477287357,0.2480560816069947,0.24190770089626312,0.07995754480361938,0.07995754480361938,0.07312340243252916,0.07779769560308926,0.31131577491760254,290.5475675480531,38.956750472140094,0.0,290.93037974683546,38.5,0,292.0,38.0,0.0,1.1315664029559347,0.7642783729924822,29,29
1,30,1,7.494324408471584,69.48925166577101,0.10210946947336197,0.04814234375953674,0.054486747263237066,0.14444753527641296,0.3405742645263672,0.09608108215989211,0.16866323219847332,0.1385071873664856,0.07888990640640259,0.07888990640640259,0.019836079329918495,0.07850352007637379,0.24017511308193207,336.39980750440935,39.44040355961764,0.0,336.43689320388347,39.400485436893206,0,340.0,41.0,0.0,1.3628107601574597,0.7006901202224728,30,30
1,31,1,7.874166160821915,50.74297358840704,0.10624969750642776,0.02388778328895569,0.6478536512181745,0.16873539984226227,0.1783774197101593,0.10640765082191776,0.12813882219294706,0.12315306067466736,0.0793786346912384,0.0793786346912384,0.02760230385591629,0.027430734074201955,0.1565171778202057,870.9513024847618,40.45200335338645,0.0,871.280303030303,41.01010101010101,0,867.0,40.0,0.0,1.1542951368721963,0.8761840265551429,31,31
1,32,1,8.557327151298523,66.25565318018198,0.12949469313025475,0.037171125411987305,0.5891569804712706,0.19478923082351685,0.32519441843032837,0.1277213007656496,0.1825224605514655,0.1543985828757286,0.08009985089302063,0.08009985089302063,0.0234535679742853,0.06331058198617205,0.23977791890501976,619.866792443807,43.70742521557782,0.0,619.2809917355372,43.64462809917355,0,624.0,48.0,0.0,1.131679068706037,0.7293548991505587,32,32
1,33,1,8.659127905964851,73.1273355036974,0.11439963430166245,0.04282081499695778,0.5717425516794166,0.16650758683681488,0.29970189929008484,0.10823909882456065,0.16359582886733198,0.14389050751924515,0.0782306119799614,0.0782306119799614,0.0236793849709694,0.06060266757346334,0.21959225833415985,596.1105751723757,43.27799065066023,0.0,595.9843400447427,42.72035794183445,0,599.0,43.0,0.0,1.1661467344934402,0.7087536987046886,33,33
1,34,1,14.6357901096344,177.272987537086,0.1288214698433876,0.07394255697727203,1.0994892192577956,0.2263227254152298,0.4245316982269287,0.12095694305482975,0.2117956840347503,0.2010098248720169,0.07943456619977951,0.07943456619977951,0.03964651788929532,0.09178058424193698,0.28007446229457855,1223.7926207214025,48.96206166488971,0.0,1224.4910394265232,49.811230585424134,0,1225.0,44.0,0.0,1.150737097910202,0.5952288304358989,34,34
1,35,1,10.4249961450696,81.791802957654,0.13592439889907837,0.027662470936775208,1.1577761552843768,0.2861062288284302,0.3448529541492462,0.14479161312596667,0.1778082672992478,0.1617031693458557,0.07946174591779709,0.07946174591779709,0.056319349692973225,0.06356556147662903,0.1996104121208191,543.0332045962539,51.54254813216877,0.0,543.3847826086957,52.64565217391304,0,542.0,47.0,0.0,1.348729394860901,0.8327667265947564,35,35
1,36,1,8.53730334341526,79.91268007457256,0.11005497723817825,0.02623281255364418,0.9842835951116577,0.15900608897209167,0.26904380321502686,0.10411345540750318,0.1455604372943034,0.12502619251608849,0.07875622063875198,0.07875622063875198,0.02142853705382358,0.048415223050613486,0.1841379776597023,1202.2794797912402,52.054589012990775,0.0,1201.703096539162,52.85245901639344,0,1204.0,49.0,0.0,1.2712232335060638,0.800571717994703,36,36
1,37,1,8.35052378475666,71.80847872793674,0.09944954141974449,0.047687917947769165,1.0943280671234796,0.15683098137378693,0.2655875086784363,0.10705799724047001,0.15117574469039316,0.14498116821050644,0.07846847176551819,0.07846847176551819,0.02463692122874046,0.05486369176079115,0.196104995906353,578.9150305560801,49.09784137367821,0.0,578.1431578947369,48.322105263157894,0,577.0,53.0,0.0,1.20319784475204,0.7157068698800525,37,37
1,38,1,4.92161426320672,35.30175223946571,0.034353166818618774,0.029613008722662926,2.142451662189784,0.1873275339603424,0.219344824552536,0.08202690438677868,0.09028581135413226,0.06126791797578335,0.02916274406015873,0.02916274406015873,0.05985730872757206,0.05948656352046958,0.14872010052204132,770.8612744402212,49.10919621537397,0.0,769.9053708439898,47.191815856777495,0,777.0,44.0,0.0,1.0,0.9005403122122561,38,38
1,39,1,7.7724366039037704,42.12499535828829,0.08765920996665955,0.010240040719509125,0.8028438526839413,0.1853588968515396,0.1853588968515396,0.09715545754879713,0.10175119651760456,0.09513591229915619,0.07821033895015717,0.07821033895015717,0.02462848643211517,0.01965957210109462,0.11066586524248123,1240.8886648422954,50.31728695649948,0.0,1241.304347826087,49.630434782608695,0,1232.0,56.0,0.0,1.0466445196735286,1.002661407653802,39,39
1,40,1,12.144850924611092,67.14335978031158,0.21316318213939667,0.03964337706565857,0.29523396127336826,0.2896783947944641,0.3652467131614685,0.21306756008089633,0.25824369146273685,0.24992826581001282,0.17065884172916412,0.17053353786468506,0.02594758904470956,0.05058324153741351,0.29855626821517944,277.92226777511496,51.39908120029616,0.0,277.7730769230769,51.65384615384615,0,282.0,49.0,0.0,1.0026606593191703,0.8345950001772209,40,40
1,41,1,8.815996497869492,70.33320297300816,0.12406579405069351,0.03518756479024887,0.9165663568061237,0.1886274516582489,0.22992652654647827,0.1259428071124213,0.16021230745559945,0.16581010818481445,0.07866736501455307,0.07866736501455307,0.03939413555349161,0.041654865675369815,0.1983240321278572,982.0010323525954,47.4869671863299,0.0,982.1662870159454,46.58542141230068,0,982.0,48.0,0.0,1.2194164965322327,0.8494013047811544,41,41
1,42,1,6.982722103595734,64.66209711134434,0.11174546182155609,0.052828654646873474,0.4501765860231224,0.14444753527641296,0.3459237813949585,0.09975317290851048,0.17961693642040094,0.1472601443529129,0.07219745218753815,0.07219745218753815,0.02067649255810627,0.08089397965705603,0.2618817389011383,334.93136603950603,52.72147299876833,0.0,335.3611111111111,52.855555555555554,0,329.0,50.0,0.0,1.2747158644342467,0.693962699757051,42,42
1,43,1,4.632420185953379,21.39241861179471,0.029170528054237366,0.010004114359617233,1.9613772594491505,0.17585228383541107,0.1900310516357422,0.07594131452382588,0.0735134660199131,0.036708131432533264,0.024293644353747368,0.024293644353747368,0.060854048637565966,0.055546784170285024,0.1369086280465126,775.8769170423122,56.771049263911316,0.0,777.6323024054983,57.64604810996563,0,778.0,53.0,0.0,1.0,1.071308252257765,43,43
1,44,1,8.299548521637917,66.60777909308672,0.14901260659098625,0.04601968079805374,1.009739752143043,0.21332889795303345,0.32507243752479553,0.12968044565059245,0.1930660263567731,0.17756475508213043,0.0783526673913002,0.0783526673913002,0.041437822831149794,0.06404205904362471,0.253216989338398,738.1709805899397,51.16465644047233,0.0,738.7565217391304,50.34202898550725,0,734.0,54.0,0.0,1.16287728982353,0.7507224490114016,44,44
1,45,1,9.251271307468414,48.35974542796612,0.13731041178107262,0.04754199832677841,0.8080276937599322,0.28900209069252014,0.3094825744628906,0.16820493286306207,0.1942158450922334,0.17989283055067062,0.12296470999717712,0.11385621130466461,0.054196748221905594,0.05851407676410656,0.25452885031700134,606.2783490225715,53.798390066433825,0.0,605.5823293172691,54.208835341365464,0,607.0,50.0,0.0,1.1041525464515627,0.8161470658245817,45,45
1,46,1,12.360568277537823,79.51280880719423,0.1959090232849121,0.05614778399467468,0.7437489651579855,0.273357093334198,0.3964293599128723,0.19619949646885432,0.2548487461769046,0.2419762909412384,0.08227472007274628,0.08227472007274628,0.04664645683494571,0.07797979186142462,0.3331756591796875,259.8049168494798,54.97050956191947,0.0,259.39102564102564,54.3525641025641,0,255.0,53.0,0.0,1.058134938418452,0.7526712013810427,46,46
1,47,1,11.7047213986516,92.2179878205061,0.14935848861932755,0.024350911378860474,0.9676988214323906,0.3072688579559326,0.3406158685684204,0.16033864929659725,0.1913236261836226,0.1659826785326004,0.07816758006811142,0.07816758006811142,0.05074477212378278,0.06448837652924076,0.24648542702198029,517.2357640577625,56.08944980830239,0.0,518.1991701244814,56.1804979253112,0,512.0,55.0,0.0,1.3533064691535757,0.8362633505789497,47,47
1,48,1,11.22651844471693,90.18671997636557,0.20309828594326973,0.040818795561790466,0.45770010075611783,0.25627070665359497,0.3967086374759674,0.1700987643138929,0.24708690404483716,0.23423273116350174,0.07966616004705429,0.07966616004705429,0.05252986578573462,0.07312166986931509,0.30146774649620056,291.67242978158555,58.42523240951033,0.0,291.7287671232877,58.87945205479452,0,292.0,62.0,0.0,1.109188379299756,0.7830571456964787,48,48
1,49,1,8.104380525648594,50.77773519605398,0.11393216252326965,0.029371216893196106,0.9597626159864121,0.2866310179233551,0.2866310179233551,0.13285869714178022,0.15672140492609254,0.13273689150810242,0.07985907047986984,0.07985907047986984,0.06558574673935874,0.05736054569872886,0.20749495923519135,611.7965584576909,63.23493179700416,0.0,611.9074074074074,64.18827160493827,0,612.0,57.0,0.0,1.245807803240701,0.8225369811631985,49,49
1,50,1,10.856522515416145,62.28504817187786,0.09322359785437584,0.04053822159767151,1.0953982990810522,0.1982318013906479,0.24642735719680786,0.11427918437280153,0.13934015250979387,0.12707166373729706,0.058344438672065735,0.058344438672065735,0.03896452376999438,0.049959497587956994,0.18547289445996284,966.424727311479,63.686998452072594,0.0,965.7651006711409,64.56152125279642,0,966.0,60.0,0.0,1.2240863477230632,0.8077024690091105,50,50
1,51,1,6.927950106561184,44.18578777462244,0.16595377400517464,0.08845202624797821,0.3078077063199258,0.24233318865299225,0.4337764084339142,0.13855900213122369,0.24145239221105158,0.23627446591854095,0.04118203744292259,0.04118203744292259,0.06116370195843008,0.10096080948177794,0.3320259302854538,724.1285063151701,61.659832470953205,0.0,723.8688524590164,61.82513661202186,0,724.0,57.0,0.0,1.0199569550618068,0.6086955904078972,51,51
1,52,1,9.093323431909084,34.8823379650712,0.16974977403879166,0.015189878642559052,0.5738737579890083,0.2112533301115036,0.22372937202453613,0.1653331533074379,0.18263004170194347,0.18824146687984467,0.10956696420907974,0.10956696420907974,0.0254439729590892,0.026324047304827878,0.20101628080010414,977.2701463852898,63.36541412319148,0.0,977.3193717277487,63.93717277486911,0,976.0,60.0,0.0,1.0385039775712237,0.8920199291707832,52,52
1,53,1,11.383146673440933,72.62229720503092,0.14027459919452667,0.020982593297958374,0.4193447795989574,0.18401004374027252,0.22771242260932922,0.14409046422077132,0.16283026279154914,0.1584530919790268,0.10234265774488449,0.09729841351509094,0.020407346145511863,0.02936692402013687,0.18663565814495087,990.2762443111619,66.50323541287383,0.0,990.5627802690583,66.80941704035874,0,987.0,65.0,0.0,1.089352221093306,0.8807600106169196,53,53
1,54,1,13.428501479327679,94.08491748571396,0.2688005194067955,0.06658211350440979,0.9882119100013443,0.3631804585456848,0.4687443673610687,0.23152588757461515,0.3255533477014324,0.349999338388443,0.07979372143745422,0.07979372143745422,0.0802745881768149,0.09764684959841853,0.4019584208726883,249.81705299171097,65.69626288180581,0.0,249.08304498269896,65.03460207612457,0,251.0,69.0,0.0,1.0778841753489674,0.7025499392322015,54,54
1,55,1,9.99827727675438,44.800484374165535,0.16340669617056847,0.026979677379131317,0.18977319439333734,0.22730505466461182,0.2628386914730072,0.1694623267246505,0.19064035903900228,0.18572145700454712,0.08077223598957062,0.08077223598957062,0.030739441707427304,0.034903810875406484,0.22128882631659508,744.2754646605549,64.89866515720334,0.0,744.4595744680851,64.94468085106384,0,743.0,66.0,0.0,1.0698226206300283,0.9034549798528376,55,55
1,56,1,4.690732758492231,13.078686829656363,0.13375622034072876,0.011901840567588806,0.677960003136296,0.21870222687721252,0.21870222687721252,0.13402093595692088,0.13913496627294003,0.1494133025407791,0.044089175760746,0.044089175760746,0.03890406105996852,0.03400519445034964,0.15726901590824127,760.2682781520369,60.28123408254952,0.0,759.8829787234042,59.723404255319146,0,759.0,62.0,0.0,1.0076395026851974,0.9764038690864755,56,56
1,57,1,6.070024229586124,25.04297123849392,0.12248401343822479,0.057423852384090424,0.9526278011018234,0.25756874680519104,0.2895630896091461,0.14452438641871726,0.1739095224895411,0.15504810214042664,0.07910989969968796,0.07910989969968796,0.049248300823449435,0.062104882285309734,0.23428477346897125,571.1682061346715,61.36591037279162,0.0,570.625,60.583333333333336,0,573.0,62.0,0.0,1.1419291297972312,0.8084085476511994,57,57
1,58,1,9.757581315934658,83.07876311987638,0.11993280798196793,0.0660533457994461,0.12531550224180993,0.28811296820640564,0.3565234839916229,0.12046396686339084,0.18881537072699178,0.17595599591732025,0.07165775448083878,0.07165775448083878,0.05496672244319803,0.07792362389181336,0.25274887681007385,505.73189116337863,64.08330383719381,0.0,505.8431818181818,64.14090909090909,0,503.0,63.0,0.0,1.1313418651790175,0.6757796217398899,58,58
1,59,1,10.77242648601532,108.04844385385513,0.20767531916499138,0.07425737380981445,0.7047175934472985,0.2851628065109253,0.47123971581459045,0.153891806943076,0.2721623270877963,0.2582366168498993,0.078738734126091,0.078738734126091,0.06098000342303823,0.09624027790358007,0.3605491444468498,84.42428353623829,65.58145479512761,0.0,84.67254408060454,64.92191435768262,0,80.0,67.0,0.0,1.1286085415374554,0.6964718914772697,59,59
1,60,1,14.039897814393044,73.87033455073833,0.24499984830617905,0.0497615784406662,0.3429042099033065,0.39411765336990356,0.40602511167526245,0.26490373234703857,0.2966680102439291,0.29839619994163513,0.2067057490348816,0.2067057490348816,0.05237254321798523,0.056419227556818455,0.34636717289686203,269.1980592302781,67.9500986675002,0.0,269.41767068273094,67.6867469879518,0,269.0,66.0,0.0,1.007658543806886,0.8831655922927073,60,60
1,61,1,7.010493718087673,54.13301857560873,0.0996948704123497,0.03239089995622635,0.968191559989061,0.2808685302734375,0.32043829560279846,0.11492612652602743,0.15645381091216395,0.12086811661720276,0.07849499583244324,0.07849499583244324,0.054998798807397525,0.07196483880156235,0.22014301270246506,567.0075483348597,70.28465887445174,0.0,566.0895953757225,70.59248554913295,0,566.0,65.0,0.0,1.3079950515072505,0.7390934883798309,61,61
1,62,1,8.72567866742611,59.66522224992514,0.14723091572523117,0.06414122879505157,1.1513670629194959,0.2527272701263428,0.3859971761703491,0.16463544655520962,0.21462310161843573,0.2098373919725418,0.07855162024497986,0.07855162024497986,0.05729300776845984,0.07650729441550189,0.275218665599823,235.4853126622428,69.56548959146585,0.0,234.74100719424462,68.68705035971223,0,237.0,71.0,0.0,1.1577910670872869,0.7269636925728893,62,62
1,63,1,7.574410401284695,42.95772894471884,0.12594761326909065,0.028519313782453537,0.3564078765746669,0.16705764830112457,0.22186481952667236,0.1165293907889953,0.15072887349024153,0.1447163000702858,0.0802776888012886,0.0802776888012886,0.022972111944423786,0.03639523631745303,0.18335789814591408,1004.8821638201364,68.86496003047618,0.0,1005.1684210526316,68.65263157894736,0,1004.0,72.0,0.0,1.0863600735877177,0.798800416886904,63,63
1,64,1,9.275972086936235,50.27169794216752,0.13087155669927597,0.0657898485660553,1.558203127912689,0.2860546410083771,0.3348950147628784,0.15206511617928256,0.19409921985392864,0.1773427650332451,0.05085388943552971,0.05085388943552971,0.056227480800236304,0.07478966471226947,0.26689791679382324,733.2736983182838,71.08995908636443,0.0,733.7683397683397,72.56756756756756,0,733.0,69.0,0.0,1.11169034912316,0.7461559644610692,64,64
1,65,1,8.714076451957226,66.9979901984334,0.11450511403381824,0.03247582167387009,0.9985728391608552,0.1870027780532837,0.24143189191818237,0.11316982405139255,0.15123699819059458,0.1355476677417755,0.0781516432762146,0.0781516432762146,0.029928557863012403,0.045841853449220184,0.19094257429242134,586.719288988781,70.90246281842329,0.0,587.5733634311513,71.41986455981942,0,584.0,67.0,0.0,1.1907226083813474,0.7795745633256232,65,65
1,66,1,8.89749127626419,52.035831578075886,0.08500802330672741,0.032023023813962936,2.897286982868629,0.22730505466461182,0.26746395230293274,0.12710701823234558,0.13586379002108587,0.15486738085746765,0.024511562660336494,0.024493984878063202,0.0659181950899842,0.06381939844884561,0.17867796123027802,756.5612031785419,69.31202474380561,0.0,759.2271540469974,70.44647519582246,0,755.0,67.0,0.0,0.9001854685736354,1.0844412187076753,66,66
1,67,1,9.841970294713974,90.27158602327108,0.1700884997844696,0.06397709250450134,0.6974913051178666,0.3333122730255127,0.422180712223053,0.14912076204112082,0.23265872686410072,0.20915505290031433,0.06600359827280045,0.06600359827280045,0.06429136940893317,0.09088743150207856,0.3225243389606476,100.17851608895587,73.79553070441209,0.0,100.80154639175258,73.48195876288659,0,98.0,73.0,0.0,1.1141802859503778,0.6945207428412592,67,67
1,68,1,11.504702813923359,71.76488523185253,0.2249949388206005,0.0724317654967308,0.8646895192141969,0.39411765336990356,0.4067496359348297,0.21706986441364828,0.27708449896468157,0.2762816399335861,0.06539605557918549,0.06539605557918549,0.10152115369650104,0.08479056020581664,0.35520391911268234,277.67812168779363,76.42848320566878,0.0,278.44787644787647,76.82239382239382,0,273.0,75.0,0.0,1.07646525458055,0.8164896629599523,68,68
1,69,1,5.547290738672018,33.64572738483548,0.08794648945331573,0.0304221510887146,0.3871918170101663,0.10553363710641861,0.1780078262090683,0.08279538415928385,0.12190480936534595,0.12665049731731415,0.04645437002182007,0.04645437002182007,0.011385573938098272,0.032666783347943144,0.15175111591815948,1034.6546204921585,76.66933626229694,0.0,1034.695652173913,77.05434782608695,0,1032.0,78.0,0.0,1.0906146292419319,0.764748742965596,69,69
1,70,1,11.402081057429314,53.39302706718445,0.2770562618970871,0.04428952932357788,0.21637201480778914,0.3700855076313019,0.4148710072040558,0.2651646757541701,0.3159350714034583,0.3220175802707672,0.16421569883823395,0.16421569883823395,0.054788413686406884,0.05977107891673855,0.3659669980406761,261.3682313731801,80.71458252342109,0.0,261.5443786982249,80.84023668639053,0,262.0,80.0,0.0,1.0,0.8542072222511204,70,70
1,71,1,11.597188018262386,92.4318713247776,0.19645436108112335,0.04945319890975952,0.8394979981294055,0.23664061725139618,0.35207846760749817,0.17571496997367253,0.23822647248654022,0.24107643961906433,0.07955791056156158,0.07955791056156158,0.048572382205477244,0.06548467289372382,0.2942745089530945,226.03612622835973,82.21781281957561,0.0,225.51546391752578,81.55927835051547,0,226.0,79.0,0.0,1.0792691070236777,0.7168048023847446,71,71
1,72,1,9.418304100632668,43.742627546191216,0.14454606175422668,0.04832468926906586,0.9593838994534343,0.3069576025009155,0.3085135817527771,0.17124189273877577,0.1952795872597822,0.18690486252307892,0.08018042892217636,0.08018042892217636,0.07648312132073558,0.062447210893296384,0.2560579478740692,75.09936810410537,82.41110001499656,0.0,74.27232142857143,82.89732142857143,0,81.0,78.0,0.0,1.1675420045030547,0.8699232900890032,72,72
1,73,1,14.440877169370651,71.87879672646523,0.26358427107334137,0.028965622186660767,0.25715375577835325,0.36331644654273987,0.36495670676231384,0.2625614030794664,0.29219023059538707,0.29499107599258423,0.19740848243236542,0.19740848243236542,0.03876192441942544,0.03884480159658809,0.322306290268898,247.3829603829575,82.13216892058995,0.0,247.130081300813,82.17886178861788,0,250.0,84.0,0.0,1.0,0.8973344395483098,73,73
1,74,1,13.929276652634144,77.49210961908102,0.25055408477783203,0.08079080283641815,1.3190053876550436,0.3767976760864258,0.4896932542324066,0.24437327460761657,0.3112132916428957,0.3097332566976547,0.10988803207874298,0.10988803207874298,0.06590231801016502,0.10235059645304857,0.3997691720724106,87.52852210770106,84.5909235339164,0.0,86.60240963855422,85.53012048192771,0,89.0,87.0,0.0,1.0371326049433003,0.7588411064048,74,74
1,75,1,5.58417659252882,61.273586958646774,0.09446422383189201,0.047538869082927704,0.30789331389539676,0.10295102745294571,0.24021907150745392,0.08334591929147493,0.14383471117053234,0.1416538804769516,0.07094558328390121,0.07094558328390121,0.005969013928378018,0.04951355079857371,0.18988744914531708,613.8904585474627,82.86784681032896,0.0,614.1713615023474,82.74178403755869,0,611.0,80.0,0.0,1.1803334438478097,0.7109315058407953,75,75
1,76,1,7.750476278364658,53.52920573949814,0.1213892325758934,0.0297573059797287,0.5320749664925788,0.17142395675182343,0.22343210875988007,0.11567875042335311,0.1486922381652726,0.14856378734111786,0.062009431421756744,0.062009431421756744,0.029357294324762907,0.03584664432145869,0.18045134842395782,1006.8079420402471,84.61399452676042,0.0,1007.3305555555555,84.71388888888889,0,1002.0,84.0,0.0,1.0976941297471257,0.825543218439234,76,76
1,77,1,8.084690541028976,62.24928970634937,0.12949223071336746,0.051074475049972534,1.1057737592023444,0.24774269759655,0.2868539094924927,0.13253591050867175,0.18043272378651992,0.18011736869812012,0.07921962440013885,0.07921962440013885,0.04794569229389881,0.05645286631210123,0.23168480768799782,212.99206446230573,92.31866692428997,0.0,212.26376811594204,93.15072463768117,0,212.0,92.0,0.0,1.1625172341081125,0.7656546974866263,77,77
1,78,1,8.328241363167763,38.836824893951416,0.21340005099773407,0.054821938276290894,0.3761502658861823,0.2876640260219574,0.3920704424381256,0.20820603407919408,0.26970017287466264,0.27614539861679077,0.13512034714221954,0.13512034714221954,0.042499753539551155,0.06791199744846751,0.3260427713394165,240.7619172306345,93.158547658761,0.0,240.53472222222223,93.45833333333333,0,240.0,91.0,0.0,1.0,0.7966452141899174,78,78
1,79,1,10.388512447476387,56.772548243403435,0.2114901915192604,0.06249557435512543,0.9699583503992804,0.3236047625541687,0.39058297872543335,0.212010458111763,0.27034546782573066,0.28154778480529785,0.0786966010928154,0.0786966010928154,0.05837161528737973,0.0717565589322564,0.33482086658477783,254.96338155132045,95.31564015030018,0.0,255.12857142857143,96.27142857142857,0,254.0,96.0,0.0,1.0645678486559806,0.7862573780690855,79,79
1,80,1,8.79343517869711,46.45660620927811,0.12749524414539337,0.05841384828090668,0.78289141130234,0.2857685387134552,0.30928850173950195,0.14904127421520524,0.18732502503741172,0.19926075637340546,0.05950673297047615,0.05950673297047615,0.0770016040179113,0.06637094878024746,0.2487950474023819,92.28395191031427,94.18516138715347,0.0,92.44354838709677,94.95161290322581,0,95.0,90.0,0.0,1.0537914221073184,0.834747696608502,80,80
1,81,1,7.872060362249613,54.14428381994367,0.1881224513053894,0.07150759547948837,0.7372614195390133,0.261378675699234,0.41670113801956177,0.15744120724499225,0.24951282866333488,0.24204163253307343,0.04789523407816887,0.04789523407816887,0.06321956438364687,0.09540177804070007,0.33822429925203323,267.698678311724,92.82340799286774,0.0,267.98617511520735,93.50230414746544,0,270.0,90.0,0.0,1.0420707744617046,0.6587072251202506,81,81
1,82,1,15.82617263495922,135.1884285211563,0.15537424385547638,0.03970496356487274,1.250783299845953,0.40139713883399963,0.4363149404525757,0.19067677873444844,0.23969579525027715,0.181497722864151,0.11852142214775085,0.11604251712560654,0.07984486127348635,0.10037425867272112,0.33514297008514404,980.2909800138237,92.33176333119053,0.0,979.2695035460993,91.60992907801419,0,981.0,94.0,0.0,1.3503411562351328,0.7460459900988629,82,82
1,83,1,14.137476719915867,99.25368359684944,0.14886748045682907,0.034935563802719116,1.7502504707026318,0.43357789516448975,0.43357789516448975,0.1812497015373829,0.1977165011889431,0.1808454394340515,0.07890184223651886,0.07890184223651886,0.09610601918828045,0.07155040629747728,0.21921569108963013,996.8743355774905,103.47377654737278,0.0,998.5378486055777,104.0179282868526,0,986.0,106.0,0.0,1.0903397004165347,0.8525401501753637,83,83
1,84,1,8.946103781461716,63.39289588481188,0.16423477232456207,0.048886194825172424,0.8216983316090068,0.23094920814037323,0.301114559173584,0.14200164732478915,0.20716632642095384,0.21487247943878174,0.05729706585407257,0.05729706585407257,0.04777580774146096,0.061872482627610165,0.2627454400062561,225.50727772069814,102.52378883611334,0.0,225.17320261437908,103.27450980392157,0,224.0,99.0,0.0,1.066262867652761,0.714074864255526,84,84
1,85,1,6.879154808819294,37.46374320238829,0.09920225478708744,0.02700752764940262,1.0033496078273256,0.22897136211395264,0.23597142100334167,0.11095410981966604,0.1352481704057339,0.11474132165312767,0.07081588357686996,0.07081588357686996,0.04232129454470063,0.045918215048173054,0.1841849535703659,517.8411286991426,102.10178479887558,0.0,517.7292418772563,101.10469314079423,0,518.0,108.0,0.0,1.2311916850766667,0.821541355971913,85,85
1,86,1,9.884134195744991,81.77126739174128,0.09646505489945412,0.034746021032333374,0.8968787265929923,0.22598613798618317,0.24246428906917572,0.10404351784994728,0.1414727809545697,0.11972508579492569,0.07905604690313339,0.07905604690313339,0.036315113437349104,0.05006056442189922,0.19312965869903564,530.7495754370402,110.49660582653935,0.0,531.6453287197232,110.54152249134948,0,523.0,109.0,0.0,1.2070344129323847,0.7362966905709633,86,86
1,87,1,7.876830376684666,63.74622841179371,0.09190188348293304,0.01738392561674118,0.06423092168552658,0.11993115395307541,0.19828447699546814,0.08850371209758051,0.11937495957264739,0.10382742434740067,0.07822182774543762,0.07822182774543762,0.008848823470402658,0.03328874301591093,0.15076247602701187,681.1551558810214,102.34991443643226,0.0,681.0936329588015,102.3314606741573,0,684.0,106.0,0.0,1.2083915801054552,0.8046039007925406,87,87
1,88,1,11.598293326795101,57.19937662780285,0.1403234712779522,0.025578968226909637,1.7133487857290866,0.43609869480133057,0.43609869480133057,0.2034788302946509,0.20799773319201037,0.15808135271072388,0.08962442725896835,0.08962442725896835,0.10986658816571603,0.10107778693461286,0.27933069318532944,981.8845457154368,110.16126878129381,0.0,981.1272727272727,111.69818181818182,0,985.0,106.0,0.0,1.490993558541933,0.8344481206334333,88,88
1,89,1,5.18931158259511,33.475311793386936,0.08459923043847084,0.029914822429418564,0.2256612296991545,0.11022477596998215,0.1870555877685547,0.07862593306962287,0.11745723436276118,0.11228255927562714,0.04583105444908142,0.04583105444908142,0.013842645085465713,0.036746612929499524,0.15067332610487938,1038.1001509557477,104.76832704227043,0.0,1038.1719298245614,104.55438596491229,0,1036.0,104.0,0.0,1.103949752677872,0.749236605555781,89,89
1,90,1,7.332729939371347,54.60270558670163,0.15296052396297455,0.05297074466943741,0.4954551353999952,0.19399960339069366,0.33067435026168823,0.13094160606020264,0.20298403563829603,0.19610367715358734,0.061474669724702835,0.061474669724702835,0.04075713678809653,0.06706398885253782,0.267443411052227,242.6674195320214,106.38637231825868,0.0,243.0817843866171,106.65799256505576,0,247.0,106.0,0.0,1.0461307582108559,0.673701079540917,90,90
1,91,1,7.214443527162075,39.408001095056534,0.09610957652330399,0.045911312103271484,1.0539049427105258,0.21523502469062805,0.22990195453166962,0.11636199237358186,0.14330182216384194,0.14546983689069748,0.07838902622461319,0.07838902622461319,0.04104630726213954,0.04635989793008962,0.18853199109435081,678.0319068743805,118.18052863105092,0.0,676.9781818181818,118.2,0,684.0,115.0,0.0,1.1384291366193764,0.8779110954930197,91,91
1,92,1,8.948836110532284,41.167909763753414,0.1242067962884903,0.03255970776081085,1.1439573688485218,0.24436548352241516,0.25189828872680664,0.14670223132020138,0.15956554171997447,0.14540672302246094,0.08092720806598663,0.08092720806598663,0.04219997977865194,0.04402847122384982,0.1995161846280098,1187.2619050659646,114.38039027176131,0.0,1187.2635658914728,113.23643410852713,0,1189.0,114.0,0.0,1.18010084249083,0.8575072313145751,92,92
1,93,1,9.552025884389877,52.655993297696114,0.12326432205736637,0.02232464775443077,0.8764170858047555,0.2427254319190979,0.24301326274871826,0.1469542443752289,0.15441640263253992,0.1414419189095497,0.09443051367998123,0.09443051367998123,0.039049356192286784,0.03890993395932043,0.18796920031309128,1170.419871243418,116.7708035460941,0.0,1169.5630498533724,116.58651026392963,0,1178.0,118.0,0.0,1.2956155968401926,0.9042007835401897,93,93
1,94,1,9.562373109161854,66.29167387634516,0.10641804151237011,0.04604522883892059,0.9087897142153049,0.241624116897583,0.2797270119190216,0.1166143062092909,0.16208233221600282,0.14081209897994995,0.05848301202058792,0.05848301202058792,0.04566202428220848,0.06218902990297495,0.22311390936374664,1199.6192085670434,124.34046074265292,0.0,1200.1760391198045,125.05867970660147,0,1196.0,119.0,0.0,1.1675234075507925,0.6964524031392823,94,94
1,95,1,5.122425004839897,11.324363321065903,0.17362576723098755,0.01875416189432144,0.23866826871844743,0.24129652976989746,0.24129652976989746,0.18971944462369988,0.19867304072045444,0.20749499648809433,0.1474011391401291,0.1474011391401291,0.029977486212942297,0.026441806111142097,0.21937443688511848,1178.6775372930979,123.71133772819621,0.0,1178.877192982456,123.84210526315789,0,1177.0,121.0,0.0,1.0,0.9657118998912492,95,95
1,96,1,6.151703931391239,57.464190661907196,0.09068194031715393,0.026270799338817596,0.9738496963295254,0.121529720723629,0.2436429113149643,0.08915512944045274,0.1355287515611019,0.1098066046833992,0.07876116782426834,0.07876116782426834,0.011694072074552418,0.05118229628756954,0.18664953112602234,518.9165781936063,126.75480265406766,0.0,519.3537735849056,127.625,0,517.0,125.0,0.0,1.2671942436824886,0.7331904105162378,96,96
1,97,1,6.438107565045357,21.226757258176804,0.15685974806547165,0.030495434999465942,0.4323029649486001,0.24969656765460968,0.24969656765460968,0.174002907163388,0.18619962507172635,0.19066829979419708,0.1203177198767662,0.1203177198767662,0.035052502436924544,0.03346829073097404,0.21646184474229813,1188.6467402061949,127.48848416852611,0.0,1188.561403508772,127.91228070175438,0,1190.0,122.0,0.0,1.0,0.9439566193345031,97,97
1,98,1,10.421620644629002,75.90308427065611,0.12370072491466999,0.01986440271139145,0.8883867900077221,0.18329282104969025,0.1844969242811203,0.12260730170151767,0.14082204873962173,0.14302603155374527,0.07828930020332336,0.07828930020332336,0.03406174875667345,0.026624200699967543,0.1633358635008335,1009.240193561501,127.13155366941159,0.0,1010.1038961038961,127.3395176252319,0,1001.0,123.0,0.0,1.1214053673429485,0.9154417421718666,98,98
1,99,1,6.655574806034565,30.661736488342285,0.12058448046445847,0.026969142258167267,1.0518676026162732,0.22806602716445923,0.23811912536621094,0.14468640882683836,0.15407907783086575,0.14417728036642075,0.08398153632879257,0.08398153632879257,0.04405049124739558,0.04224791783750316,0.1880362182855606,1170.7104265627258,130.5437334880088,0.0,1169.8341708542714,131.12562814070353,0,1176.0,128.0,0.0,1.2413843042761117,0.8878373379767328,99,99
1,100,1,6.518569506704807,35.45366981998086,0.0997027400881052,0.03245224058628082,1.201978346201553,0.22210143506526947,0.22210143506526947,0.10864282511174679,0.13082534988922825,0.12810279428958893,0.036764875054359436,0.036764875054359436,0.05238685087426038,0.047181006661914424,0.1701151616871357,685.4344913673771,127.70244970437588,0.0,685.3357933579335,128.90036900369003,0,687.0,120.0,0.0,0.9529908732204895,1.0106403849118382,100,100
1,101,1,11.520297802984715,69.4896450638771,0.14563722163438797,0.0190923810005188,0.3417733487203131,0.19010324776172638,0.21171100437641144,0.14769612567929122,0.1635050472091226,0.16215455532073975,0.10425786674022675,0.10425786674022675,0.019876244821066626,0.02351439715537492,0.18292803689837456,995.3695116943877,132.39027894410737,0.0,995.3835294117647,132.73176470588234,0,995.0,132.0,0.0,1.0800890924351427,0.9157643762392981,101,101
1,102,1,9.211487852036953,95.78101678192616,0.1092437095940113,0.026733867824077606,0.6345514758822813,0.1555899977684021,0.2741360366344452,0.11098178134984281,0.15107415896202864,0.1306142657995224,0.08031182736158371,0.08031182736158371,0.02124238968203797,0.05214922926816697,0.1925521194934845,946.5589247264412,129.2586669038825,0.0,946.0473186119874,128.8832807570978,0,945.0,131.0,0.0,1.3681718351989294,0.8140115695636514,102,102
1,103,1,8.970248758792877,82.78992637991905,0.1147581934928894,0.024766165763139725,1.0849656293600447,0.18096351623535156,0.22316168248653412,0.11802958893148523,0.1449911145007339,0.13205836713314056,0.08067525923252106,0.08067525923252106,0.02713493696028991,0.03685033779878499,0.17958185449242592,1185.0581974211623,143.42427247805583,0.0,1185.1926444833625,144.50087565674255,0,1182.0,140.0,0.0,1.224474197896032,0.8399619421469625,103,103
1,104,1,11.10901452600956,86.39566690474749,0.14333266019821167,0.026155561208724976,0.2202817317087355,0.16986115276813507,0.26142948865890503,0.14427291592220207,0.17489001397722162,0.16399210691452026,0.11967724561691284,0.11861703544855118,0.014182811090174646,0.040095664699903485,0.21066267788410187,983.6038117228296,141.43398447480584,0.0,983.6174089068826,141.65384615384616,0,985.0,137.0,0.0,1.0863206009094555,0.837666372190897,104,104
1,105,1,12.198186248540878,102.13943929970264,0.14972202479839325,0.025670617818832397,0.5554777014507909,0.17759624123573303,0.31262627243995667,0.1469660993800106,0.18077776867204007,0.16727884113788605,0.08881524950265884,0.08132586628198624,0.02251820521981416,0.04817728895905923,0.21269742399454117,959.120385294379,140.59111970620015,0.0,959.5716814159292,140.26725663716815,0,962.0,142.0,0.0,1.1066937072596414,0.8210442288322182,105,105
1,106,1,5.314131490886211,45.623432978987694,0.08775217831134796,0.03898756951093674,0.6008518854848724,0.09717831015586853,0.22441740334033966,0.08303330454509705,0.13340185081575348,0.1237177774310112,0.07625474035739899,0.07625474035739899,0.004163396665530358,0.046363035900420006,0.17867451161146164,1227.948985498985,146.45399755348464,0.0,1227.4649122807018,146.80994152046785,0,1229.0,145.0,0.0,1.1721163630508775,0.7113275485167994,106,106
1,107,1,9.286996077746153,56.38483417406678,0.12108784914016724,0.0515923872590065,0.49569186145994387,0.21340101957321167,0.33193984627723694,0.12549994699656963,0.1762026067939587,0.1650703400373459,0.060588669031858444,0.060588669031858444,0.04409524941936039,0.06626787705379242,0.23058415949344635,314.2332637364759,146.55847431052666,0.0,314.69375,146.375,0,309.0,148.0,0.0,1.192743007436903,0.7504605000620166,107,107
1,108,1,7.831741027534008,58.59499625861645,0.127166286110878,0.04138748347759247,0.5296663766719609,0.18983067572116852,0.29480624198913574,0.1204883235005232,0.1703342914494664,0.15751026570796967,0.07881375402212143,0.07881375402212143,0.03637725399806019,0.056915538142494386,0.22102247178554535,369.8189439354258,154.8735942890019,0.0,369.2994186046512,154.97674418604652,0,372.0,153.0,0.0,1.1499584878238962,0.7572399794189174,108,108
1,109,1,8.878560058772564,41.80150542408228,0.14492912217974663,0.062100861221551895,1.5807345443152974,0.4093230664730072,0.4093230664730072,0.1930121751907079,0.21885604934074493,0.18672383576631546,0.07843427360057831,0.07843427360057831,0.09398089648161338,0.09429333913407859,0.31092097610235214,325.89707887398833,153.4650379195006,0.0,327.4397905759162,153.12041884816753,0,320.0,154.0,0.0,1.2308164043634957,0.8008529039342773,109,109
1,110,1,7.054446756839752,46.6714523807168,0.12937244772911072,0.03848762810230255,0.28357485744618904,0.1779264360666275,0.2792936861515045,0.11564666814491396,0.1643360999321014,0.1566944569349289,0.07294175028800964,0.07294175028800964,0.029886874495816996,0.04971290795139112,0.20509310066699982,389.44126574569566,153.92118861702912,0.0,389.7112676056338,153.83450704225353,0,390.0,155.0,0.0,1.0554668532828584,0.7153289221053596,110,110
1,111,1,11.977430373430252,70.04251749813557,0.17823194339871407,0.0733841210603714,1.0580217395927296,0.4144078195095062,0.4245773255825043,0.20300729446491952,0.2603811059410244,0.24188924580812454,0.1070588231086731,0.1070588231086731,0.07454717455053114,0.09075239485157029,0.35335785150527954,314.7807893903876,160.8142350642334,0.0,314.7100371747212,161.86988847583643,0,318.0,153.0,0.0,1.0821731440704485,0.7580849800358819,111,111
1,112,1,10.234973475337029,92.60173411667347,0.11819818615913391,0.03016536310315132,1.3597401798937285,0.16903361678123474,0.3061341941356659,0.11901131948066312,0.16506547970886537,0.13971072435379028,0.07963097840547562,0.07963097840547562,0.027827108766327234,0.062423236413402625,0.21683074533939362,987.4250647262419,163.4421918861095,0.0,988.4474153297683,164.33868092691623,0,987.0,158.0,0.0,1.218195538671236,0.7295646235253961,112,112
1,113,1,10.99565163999796,90.91343729197979,0.1481650099158287,0.04206892102956772,1.054863476717297,0.18028587102890015,0.34156864881515503,0.14280067064932414,0.19980975229006548,0.17734362930059433,0.08451680839061737,0.08451680839061737,0.02198466295340315,0.06346727908977211,0.26021960377693176,969.4468235606703,161.78148193292787,0.0,969.6065934065934,162.82417582417582,0,973.0,161.0,0.0,1.0935454154527744,0.7081640890175132,113,113
1,114,1,9.063236571848392,51.8110022470355,0.08651456236839294,0.01440039649605751,0.7876613062782292,0.20137833058834076,0.2122669816017151,0.10070262857609324,0.12077156700940676,0.09630817547440529,0.07825168967247009,0.07825168967247009,0.0353462738970656,0.043300082858477876,0.1617974154651165,1244.9924717089848,163.14971477827393,0.0,1245.7132867132866,162.83216783216784,0,1247.0,166.0,0.0,1.4378114711709737,0.8477202916033129,114,114
1,115,1,9.411063894629478,64.2624638453126,0.12802785634994507,0.03509940952062607,0.9103518843056201,0.298902690410614,0.298902690410614,0.14478559837891505,0.17606154478167835,0.14992746710777283,0.08164031058549881,0.08164031058549881,0.054249921245294506,0.06190815582615573,0.238310556858778,933.5572135397134,158.48236710969758,0.0,933.4794520547945,157.57534246575344,0,930.0,166.0,0.0,1.3296022337665876,0.8298245973773373,115,115
1,116,1,11.727954179048538,72.03451652824879,0.16288326680660248,0.024945303797721863,0.15871169546141367,0.1893557608127594,0.2724764049053192,0.1584858672844397,0.19158116097938507,0.18246188759803772,0.12852777540683746,0.12852777540683746,0.015380288197594766,0.03475637329925857,0.22358103096485138,952.0705564935604,162.34405756619566,0.0,951.9813829787234,162.2127659574468,0,956.0,166.0,0.0,1.0373523651697605,0.8387153700005061,116,116
1,117,1,7.635757692158222,53.7471127435565,0.0960918739438057,0.050513315945863724,0.5458884296668783,0.17249660193920135,0.2937135696411133,0.10459942044052359,0.1514003175874831,0.14421788603067398,0.07817370444536209,0.07817370444536209,0.030930208570651173,0.057435911004746425,0.20010332390666008,302.31622462392994,167.0512986516266,0.0,302.3183098591549,167.59718309859156,0,302.0,166.0,0.0,1.2174305617978418,0.7391722954580692,117,117
1,118,1,11.187911584973335,120.06222657114267,0.16627569496631622,0.033824339509010315,0.4722105841697173,0.22259528934955597,0.3596802055835724,0.14161913398700424,0.2048843456845438,0.19708344340324402,0.08166004717350006,0.08166004717350006,0.04326559780130671,0.05828822920461608,0.24137625843286514,332.6521779796644,170.36023220205243,0.0,332.6160409556314,170.83105802047783,0,331.0,163.0,0.0,1.1869449188604155,0.8374657598109266,118,118
1,119,1,7.9907907247543335,46.71825233101845,0.14104436710476875,0.029325120151042938,0.5982107125875575,0.21543750166893005,0.23029913008213043,0.13317984541257222,0.16625712573316173,0.17199967801570892,0.08209589123725891,0.08209589123725891,0.0358811797765611,0.03784205719962472,0.19849637895822525,394.3706806053656,168.42280689048275,0.0,394.9074733096085,168.68683274021353,0,390.0,167.0,0.0,1.0769742937041864,0.8020678282538507,119,119
1,120,1,7.98987690359354,44.490893959999084,0.11675523221492767,0.02762024849653244,0.9318989187872498,0.296283096075058,0.296283096075058,0.13098158858350065,0.1588960498571396,0.1327182948589325,0.07893393188714981,0.07893393188714981,0.0600743678231411,0.06221354191717808,0.20345714688301086,930.1237278731714,174.29942038089274,0.0,929.7857142857143,175.16785714285714,0,929.0,166.0,0.0,1.3849024170997035,0.8296588188321997,120,120
1,121,1,5.045481823384762,19.883176803588867,0.0896507129073143,0.035068579018116,0.778939033348518,0.20623011887073517,0.20810124278068542,0.11467004144056277,0.13344413962140178,0.12175698578357697,0.07896067947149277,0.07896067947149277,0.04204681549200051,0.04504972137452639,0.18007763475179672,1245.7914089878382,174.02047438101954,0.0,1246.0939597315437,174.73825503355704,0,1246.0,171.0,0.0,1.227534661292937,0.8326343720873522,121,121
1,122,1,8.03410218656063,31.117762342095375,0.1648615188896656,0.03795737773180008,0.41914051959747556,0.26226016879081726,0.27960264682769775,0.18259323151274162,0.2033840675953946,0.20322255790233612,0.13562284409999847,0.13562284409999847,0.03386277519759132,0.04198688870459733,0.24034101516008377,378.88415896065885,167.68257037843617,0.0,379.24183006535947,167.4640522875817,0,380.0,171.0,0.0,1.0017636932824552,0.9204733692307058,122,122
1,123,1,7.3733502477407455,84.37349933385849,0.09774897061288357,0.026270616799592972,0.5842647627104715,0.12483727186918259,0.24638499319553375,0.09216687809675932,0.1380908336069697,0.11568794026970863,0.07862785458564758,0.07862785458564758,0.01383865069453445,0.04944245862744276,0.1869690716266632,876.4986827028836,170.56634412295446,0.0,877.0032733224223,170.86088379705402,0,872.0,171.0,0.0,1.285339896997504,0.7567913213045607,123,123
1,124,1,4.000148259103298,13.547932304441929,0.09031090512871742,0.015620417892932892,0.9779388972141552,0.1970096230506897,0.1970096230506897,0.11765141938539113,0.11884151144247306,0.10261168330907822,0.07913772016763687,0.07913772016763687,0.03972057451966643,0.03670880568046375,0.14995462447404861,1234.8680201347481,172.2074443707014,0.0,1234.0,172.6578947368421,0,1240.0,173.0,0.0,1.389961396231091,0.9358969403213395,124,124
1,125,1,8.932485282421112,45.53862152993679,0.12646006047725677,0.04681169241666794,1.1440979377556235,0.2675011157989502,0.29580703377723694,0.14643418495772315,0.1744774771261946,0.1768476665019989,0.07855064421892166,0.07846333831548691,0.0510672727869277,0.055402200645100035,0.21647697687149048,370.3953130113088,173.2075229196572,0.0,369.2950191570881,173.52107279693487,0,372.0,172.0,0.0,1.2277984350506406,0.8528107223595414,125,125
1,126,1,8.070803247392178,67.11754108220339,0.11419880390167236,0.0449690967798233,0.32742391152777195,0.17864231765270233,0.2749820649623871,0.1105589485944134,0.1594240880812432,0.14781679213047028,0.07862480729818344,0.07862480729818344,0.030995817811252914,0.05546943420116553,0.20944327861070633,685.3359874592845,171.2275188746697,0.0,685.4394299287411,170.916864608076,0,685.0,175.0,0.0,1.2301774406165522,0.7548404450233811,126,126
1,127,1,10.148627750575542,89.35047294944525,0.12442430108785629,0.027804747223854065,1.0120916240441555,0.23514661192893982,0.2979641258716583,0.1268578468821943,0.16954548946763803,0.14269820600748062,0.0791001096367836,0.0791001096367836,0.03703178945389285,0.058865326341276725,0.22505053877830505,949.9874828963957,180.05925884614018,0.0,949.8064516129032,181.0550284629981,0,953.0,176.0,0.0,1.2004141804444646,0.7534449483166327,127,127
1,128,1,7.1314268335700035,41.5063389018178,0.16977649182081223,0.03669257462024689,0.2876748305516585,0.21722567081451416,0.29755979776382446,0.16207788258113645,0.20547692525652375,0.20388400554656982,0.11194893717765808,0.11194893717765808,0.022181406440977193,0.043770357268730686,0.2416515052318573,388.1647507974137,180.74784623582994,0.0,388.31188118811883,180.9950495049505,0,389.0,184.0,0.0,1.0048144514235884,0.8118701732091484,128,128
1,129,1,5.928522039204836,18.376875404268503,0.08818518929183483,0.007382027804851532,0.23577630203042102,0.1172870621085167,0.12884880602359772,0.08982609150310357,0.09621400735219111,0.0957445502281189,0.0619950033724308,0.0619950033724308,0.010776058243044895,0.01110223475729634,0.10286231152713299,1057.0702074633991,177.85670494167877,0.0,1057.2931937172775,177.7801047120419,0,1062.0,179.0,0.0,1.0240071906999009,0.9791859136927173,129,129
1,130,1,10.934723749756813,69.96555206924677,0.09597003273665905,0.011740274727344513,0.7190489687863569,0.16600123047828674,0.1921146959066391,0.10414022618816013,0.10813841123531186,0.10503426194190979,0.0782644972205162,0.07228966057300568,0.02094137401958674,0.017780110472546042,0.12085952237248421,61.43082977558635,182.42672673238835,0.0,62.12982998454405,182.258114374034,0,54.0,176.0,0.0,0.969843049029384,1.0278704015628917,130,130
1,131,1,9.062333852052689,64.49057897180319,0.13179869204759598,0.01770702749490738,0.7723532236633516,0.1702243685722351,0.19972120225429535,0.12946191217218125,0.1469033689562715,0.14803775399923325,0.08222313970327377,0.08222313970327377,0.023963465693028204,0.024098925373901688,0.165988489985466,704.2721141315574,180.02061861483156,0.0,704.6605922551253,179.35307517084283,0,706.0,180.0,0.0,1.1106311605685966,0.9069514427025944,131,131
1,132,1,7.132451914250851,74.79006119072437,0.09965560212731361,0.036339715123176575,0.07871496032857653,0.13358719646930695,0.26695743203163147,0.09262924563962144,0.14751491359117233,0.1248934417963028,0.07841549068689346,0.07841549068689346,0.015182675062484614,0.05669321137243226,0.20225365459918976,862.3789495012522,183.11751527636,0.0,862.4063116370809,183.1913214990138,0,861.0,185.0,0.0,1.2519198186852654,0.7152370320577476,132,132
1,133,1,5.26681973785162,56.68828946352005,0.10271109826862812,0.051664087921381,0.7330979591777866,0.11277186125516891,0.281126469373703,0.08778032896419366,0.1570312727521331,0.14587515592575073,0.0715213492512703,0.0715213492512703,0.008044178700964856,0.05973943433085111,0.21137000247836113,622.059115419857,183.0990528065899,0.0,621.3268698060942,183.06371191135733,0,625.0,185.0,0.0,1.1766569243731868,0.6661682376221623,133,133
1,134,1,4.777950614690781,16.948510132730007,0.08557787910103798,0.007176708430051804,0.36699994545568104,0.11433259397745132,0.12377399206161499,0.0918836656671304,0.09363817752889507,0.09262073412537575,0.05942390859127045,0.05942390859127045,0.012227810202203114,0.010774506967523195,0.10007594712078571,1053.3914283741722,187.578019868953,0.0,1053.6022099447514,187.87845303867402,0,1052.0,183.0,0.0,1.0324405610196454,0.9790799629000765,134,134
1,135,1,8.23941633105278,35.560531839728355,0.17095309495925903,0.017639562487602234,0.23394615797617171,0.21074795722961426,0.23130552470684052,0.1681513536949547,0.18716069389330714,0.1887616217136383,0.13793900609016418,0.13793900609016418,0.016514345590803396,0.02252802037959585,0.20571013540029526,686.7804496340962,185.5650092989754,0.0,687.0,185.4842105263158,0,686.0,190.0,0.0,1.0076089864885636,0.9209757580380437,135,135
1,136,1,7.367596946656704,53.82269065082073,0.12649456039071083,0.03293722867965698,0.24958160738998958,0.16028104722499847,0.22826723754405975,0.10834701392142211,0.1542197439851597,0.15509355813264847,0.07824049144983292,0.07824049144983292,0.023924396884873134,0.03860075178582523,0.1895781271159649,413.78156371962837,187.39118599117725,0.0,413.84240687679085,187.63323782234957,0,414.0,192.0,0.0,1.1708895854169907,0.8317062310320127,136,136
1,137,1,8.170815415680408,57.537859350442886,0.12653033435344696,0.060111790895462036,1.3688806468971253,0.27970579266548157,0.6449463367462158,0.14590741813715016,0.20403496223561307,0.16649580001831055,0.08096441626548767,0.08096441626548767,0.05210192023800656,0.1103238814461766,0.2654678523540497,371.61906236396925,188.66760630089473,0.0,370.2730496453901,188.41843971631207,0,369.0,194.0,0.0,1.2279842839568618,0.8412200179348909,137,137
1,138,1,9.142836309969425,49.281070441007614,0.1200871467590332,0.04134491831064224,1.2178159781319466,0.2714601159095764,0.2854834794998169,0.1523806051661571,0.16993472565864695,0.15678560733795166,0.09510031342506409,0.09510031342506409,0.043066129299693216,0.05211973580338241,0.216725654900074,716.3350855795526,188.3992508974037,0.0,717.244827586207,187.58965517241379,0,713.0,192.0,0.0,1.2557574781581162,0.843647993551874,138,138
1,139,1,7.587317407131195,39.88064616918564,0.11460362374782562,0.06912369281053543,1.1560769255752594,0.2971256971359253,0.3538661301136017,0.13548781084162848,0.1881162555150266,0.16827279329299927,0.07820256799459457,0.07820256799459457,0.058624586593575015,0.0814091067313528,0.2665165662765503,382.9306991156962,194.07909400584498,0.0,382.75471698113205,195.22169811320754,0,384.0,191.0,0.0,1.1484020872560474,0.7193514710006191,139,139
1,140,1,5.9359485656023026,37.50171995162964,0.09535087831318378,0.02422628551721573,0.31778352615514305,0.15468215942382812,0.1725606769323349,0.08993861463033792,0.1221554395818555,0.12786365300416946,0.07073906809091568,0.07073906809091568,0.01838643850545276,0.028236825102464648,0.1472388058900833,1243.6435928390185,191.6380227656604,0.0,1243.9478827361563,191.72964169381106,0,1246.0,189.0,0.0,1.0490339135740376,0.78036298032977,140,140
1,141,1,8.281642861664295,50.75600179284811,0.1299380511045456,0.037494443356990814,0.6694926875438232,0.16873714327812195,0.24881666898727417,0.1236066098755865,0.16215975013689493,0.15564891695976257,0.0783245861530304,0.0783245861530304,0.025901323038454296,0.04314517486329992,0.2019784338772297,399.8838736328654,191.36327891055637,0.0,400.2140575079872,191.94568690095846,0,399.0,185.0,0.0,1.1303343441227787,0.7873998695980551,141,141
1,142,1,5.783405348658562,23.75253415852785,0.15051035583019257,0.011597484350204468,0.2910527931410674,0.2108171582221985,0.22621923685073853,0.16065014857384893,0.16494815387866563,0.15918196737766266,0.12918800115585327,0.12485537678003311,0.017951715365783598,0.02103764208383073,0.1761927604675293,692.6146226261857,194.88329208297074,0.0,692.8541666666666,195.04861111111111,0,690.0,194.0,0.0,1.0563908411287708,0.9515426549036985,142,142
1,143,1,6.548009976744652,42.36896810680628,0.09931529685854912,0.03064524382352829,1.0135985009424962,0.20173552632331848,0.24741391837596893,0.11905472684990276,0.1446039867126494,0.12184054031968117,0.08330941945314407,0.08223963528871536,0.03346691132238164,0.050666760553887774,0.20061741769313812,67.9849818627587,196.2628836449236,0.0,67.69965870307168,197.23549488054607,0,73.0,191.0,0.0,1.1351903228568692,0.7761066132247282,143,143
1,144,1,8.588913910090923,81.43576303124428,0.10952100157737732,0.039159297943115234,0.9361880193248387,0.16310478746891022,0.3434768319129944,0.10603597419865338,0.16687656358861533,0.14118894934654236,0.078366219997406,0.078366219997406,0.02330942111996034,0.07326284376961362,0.22299863398075104,82.3973501715803,198.39577022093798,0.0,82.55737704918033,197.4733606557377,0,82.0,202.0,0.0,1.3457100664951107,0.7457534569750001,144,144
1,145,1,3.619230277836323,13.309292815625668,0.08562827110290527,0.020503319799900055,0.28594442318537344,0.14949962496757507,0.1520899385213852,0.0928007763547775,0.10909256406250548,0.11116138845682144,0.06788629293441772,0.06788629293441772,0.022321906519410486,0.023952472202269735,0.12920456379652023,1233.338416717533,195.633360380266,0.0,1233.311475409836,195.91803278688525,0,1233.0,191.0,0.0,1.036629031424589,0.8911373430441811,145,145
1,146,1,9.332376152276993,60.1654959321022,0.14073939621448517,0.04147703945636749,1.3234525899575342,0.26317039132118225,0.28667765855789185,0.1481329547980475,0.18013621536557545,0.18175619840621948,0.07816216349601746,0.07816216349601746,0.0530046174213899,0.05438906109776834,0.2233634814620018,675.0736030630575,194.46689230975662,0.0,674.3053892215569,193.38922155688624,0,678.0,198.0,0.0,1.1138332224896508,0.770507476362403,146,146
1,147,1,6.21720302850008,29.65705445408821,0.09974540770053864,0.007098764181137085,0.19610197081832828,0.23564665019512177,0.23564665019512177,0.10362005047500134,0.10823742501492048,0.10884764045476913,0.07857626676559448,0.07857626676559448,0.025694404714775323,0.014950759021834742,0.11403439193964005,1038.5178535475286,193.48599937936277,0.0,1038.7116788321168,193.45620437956205,0,1028.0,192.0,0.0,1.037377483523719,0.9768581793665072,147,147
1,148,1,8.22031506150961,46.75256422907114,0.1144829299300909,0.032370202243328094,1.3018540118091297,0.27594706416130066,0.27594706416130066,0.1347592633034362,0.16066173274594894,0.13830044120550156,0.08089783787727356,0.08089783787727356,0.052495624295164314,0.05845672480062988,0.21722445264458656,720.7510414571075,198.10477726844087,0.0,722.044673539519,198.25085910652922,0,714.0,195.0,0.0,1.3105660677708633,0.8130722975431482,148,148
1,149,1,6.318935923278332,25.920721597969532,0.12969176471233368,0.05484982579946518,1.3919720517809968,0.41699081659317017,0.41699081659317017,0.18585105656700976,0.20250563748413697,0.1621193140745163,0.07913878560066223,0.07913878560066223,0.10789353072367219,0.10038032614600022,0.2867489755153656,48.07636797386366,198.48867430356495,0.0,47.2109375,197.3984375,0,51.0,203.0,0.0,1.5434927422470848,0.8731980889009598,149,149
1,150,1,3.561775855720043,13.12610350549221,0.09234784543514252,0.00493495911359787,0.08409226953463164,0.11831265687942505,0.11831265687942505,0.09373094357158009,0.0965154669521486,0.09494610875844955,0.06623214483261108,0.06623214483261108,0.011298162383362098,0.008850702759158802,0.10189005732536316,1048.7087741542202,201.33619894843656,0.0,1048.7867647058824,201.36764705882354,0,1044.0,201.0,0.0,1.0296787983368152,0.9839112352229022,150,150
1,151,1,7.21660889685154,68.26280444860458,0.10326754301786423,0.03250780701637268,0.38937890877294995,0.138351172208786,0.23859159648418427,0.09134947970698151,0.14586069326624912,0.12110772728919983,0.06281721591949463,0.06281721591949463,0.0103030255671147,0.050350752350343794,0.19608360528945923,460.14009650236005,204.74226465633913,0.0,459.78205128205127,204.89529914529913,0,460.0,205.0,0.0,1.2163883342671102,0.7280286950971007,151,151
1,152,1,11.105770856142044,42.04229549318552,0.12766899168491364,0.03371331840753555,1.0736058376356725,0.3494918942451477,0.3494918942451477,0.1791253363893878,0.16952538505316742,0.15674278140068054,0.08059974014759064,0.08059974014759064,0.08655477863684903,0.060728468597966885,0.1969325840473175,659.68780180143,204.5441143230828,0.0,658.8387096774194,203.88709677419354,0,656.0,208.0,0.0,1.1240792214312876,0.9555643761840587,152,152
1,153,1,9.881132297217846,61.199602238833904,0.1061992198228836,0.060584113001823425,0.853379424537952,0.4028328061103821,0.4028328061103821,0.13174843062957128,0.18106391194921273,0.15248599648475647,0.07832859456539154,0.07832859456539154,0.08807587351403484,0.08606175961207092,0.25296011567115784,52.58512901486143,208.53916413557832,0.0,52.701183431952664,209.3846153846154,0,51.0,204.0,0.0,1.356105412982308,0.7464806207713699,153,153
1,154,1,9.1534803211689,61.45724941417575,0.10854792967438698,0.07417722046375275,0.6964824697114338,0.351614773273468,0.351614773273468,0.1366191092711776,0.20692676570429544,0.23370987176895142,0.04140225797891617,0.04140225797891617,0.09836798427495205,0.09552612147162254,0.290033683180809,825.7394479469425,207.03242984229402,0.0,825.7070707070707,206.33670033670035,0,822.0,211.0,0.0,1.023484104500927,0.6820330421767834,154,154
1,155,1,12.046351425349712,78.55060115456581,0.18680383265018463,0.06066150963306427,1.141143201692074,0.3159399628639221,0.37069466710090637,0.1797962899305927,0.24244012702026485,0.2333834171295166,0.07837139070034027,0.07837139070034027,0.05650624803451493,0.07365257680406116,0.31001725792884827,684.0562271271178,210.8535884494033,0.0,684.7777777777778,211.73765432098764,0,685.0,208.0,0.0,1.1271092797706244,0.7748893331308891,155,155
1,156,1,11.717489130795002,95.21888998895884,0.1543472781777382,0.039443887770175934,0.27765220937482954,0.2331617921590805,0.3348182737827301,0.15022421962557694,0.19714055898335162,0.18615064024925232,0.07814982533454895,0.07814982533454895,0.041554891179008006,0.06033333453326883,0.2410820610821247,88.8202029607244,214.40769643127794,0.0,88.54451345755693,214.37474120082817,0,91.0,209.0,0.0,1.196550072720259,0.7960989171422816,156,156
1,157,1,6.887212112545967,66.82274310290813,0.0875961072742939,0.02835918590426445,0.452585618182969,0.10039574652910233,0.23510131239891052,0.0829784591873008,0.1366518263863152,0.10905810445547104,0.06675608456134796,0.06675608456134796,0.005716145364120679,0.05362452279614323,0.19281252101063728,486.4025362561349,208.67383156994939,0.0,486.4744376278119,208.22699386503066,0,485.0,208.0,0.0,1.2412708553517153,0.690548504662669,157,157
1,158,1,16.339225880801678,74.47212044149637,0.26395895332098007,0.03886094689369202,0.6689417146501624,0.4196968078613281,0.42440253496170044,0.2866530856280996,0.2943562072786418,0.2918466329574585,0.10952530801296234,0.10952530801296234,0.09674987575257392,0.07197453943663086,0.34224171191453934,659.6401788206283,214.446550365528,0.0,659.0711462450593,214.09486166007906,0,663.0,220.0,0.0,1.0684408576991828,0.9653742640863712,158,158
1,159,1,9.146630950272083,68.65513578802347,0.1291462406516075,0.03017992526292801,0.7488847809182658,0.18134430050849915,0.2707691490650177,0.12703654097600114,0.16116229058221473,0.1512645184993744,0.07879827916622162,0.07879827916622162,0.028490817620461836,0.045755536182194335,0.2012479454278946,700.4427739268942,209.85916811984887,0.0,700.3826291079812,210.6056338028169,0,697.0,208.0,0.0,1.1358457151860926,0.8038489948077808,159,159
1,160,1,6.453902557492256,45.821013778448105,0.11418559402227402,0.04667891189455986,0.28890918467158255,0.19871479272842407,0.268288254737854,0.10580168127036485,0.16191170946448094,0.1635487601161003,0.06831372529268265,0.06831372529268265,0.03296610683824412,0.05452706416511416,0.20985625311732292,715.0068628768138,215.08188397126276,0.0,715.095406360424,215.35689045936397,0,716.0,213.0,0.0,1.063557278549872,0.6946659466830484,160,160
1,161,1,11.480357803404331,55.70423115044832,0.14433994889259338,0.08706584572792053,1.9155992507764976,0.40582412481307983,0.40582412481307983,0.19458233565092087,0.22829602930511608,0.2269200086593628,0.07950953394174576,0.07950953394174576,0.10246132027376623,0.09660919866575013,0.3179897964000702,820.2300921120951,219.91394215627642,0.0,819.3647540983607,221.62295081967213,0,822.0,212.0,0.0,1.1803924085322632,0.7737552108420193,161,161
1,162,1,10.737941324710846,63.33762262016535,0.13773997128009796,0.0748385488986969,1.5878859554712885,0.2624360918998718,0.35827943682670593,0.16026778096583352,0.21690966650741558,0.22629255056381226,0.07885386049747467,0.07885386049747467,0.06572400596180938,0.08286509884397565,0.2857532799243927,102.90145164560998,217.20088466225894,0.0,104.23287671232876,216.33561643835617,0,99.0,221.0,0.0,1.2206838688205424,0.727365300366807,162,162
1,163,1,9.691728986799717,68.76180819422007,0.14094778895378113,0.06069106608629227,1.2514047249269507,0.3228273391723633,0.33265435695648193,0.16152881644666195,0.2128848550904646,0.2261834666132927,0.06688962131738663,0.06688962131738663,0.08411372005591679,0.07461400856756968,0.27128224819898605,832.5692268195,220.67512970218485,0.0,833.7801857585139,220.99071207430342,0,829.0,220.0,0.0,1.110992013729405,0.7495480992770287,163,163
1,164,1,16.77005787193775,88.8504575714469,0.1391100510954857,0.07742388546466827,1.184443593152254,0.4004523754119873,0.4004523754119873,0.1822832377384538,0.2146146318150891,0.21669869124889374,0.05335342884063721,0.05335342884063721,0.10977844192604123,0.08934141310673428,0.2925577163696289,667.7910578197567,220.82466788348296,0.0,667.3913043478261,221.93961352657004,0,664.0,221.0,0.0,1.0756215519994163,0.8227506897419278,164,164
1,165,1,4.45220572501421,19.83805251121521,0.0993038509041071,0.0665971040725708,1.062825068421917,0.2814059853553772,0.28758543729782104,0.13913142890669405,0.17872119379473161,0.20153892040252686,0.07980010658502579,0.07980010658502579,0.0741404393232699,0.07123685102002152,0.24404172226786613,262.435481048982,227.18774217289848,0.0,262.23423423423424,226.14414414414415,0,265.0,230.0,0.0,1.2181176910239366,0.8225766176029672,165,165
1,166,1,11.448742285370827,75.852505274117,0.131424680352211,0.04228625446557999,0.6923696887567607,0.2545021176338196,0.27894100546836853,0.14868496474507567,0.1727847500549362,0.17010930180549622,0.08145098388195038,0.08145098388195038,0.05049307636347132,0.04985367768818202,0.2127511240541935,96.51213652798883,232.1011121870074,0.0,96.62870159453303,232.78359908883826,0,96.0,229.0,0.0,1.2036570890135228,0.8510359265654265,166,166
1,167,1,12.74421625584364,98.01377214491367,0.1845572590827942,0.041362836956977844,0.5774714487883998,0.32425662875175476,0.32661041617393494,0.1593027031980455,0.21684462863918955,0.22380046546459198,0.07852151989936829,0.07852151989936829,0.07237791966465493,0.06175102916321456,0.2660868465900421,58.17314483982952,232.58439613237206,0.0,58.719026548672566,232.39601769911505,0,52.0,233.0,0.0,1.1293942919894424,0.9012653191442723,167,167
1,168,1,7.039690427482128,32.70888680964708,0.10643782466650009,0.054266344755887985,0.724008090834595,0.2851482629776001,0.31694450974464417,0.12799437140876596,0.1694760974593113,0.1442042887210846,0.0783807560801506,0.0783526673913002,0.06149062670979792,0.07084318770637676,0.23253675922751427,262.4977511821028,235.98841212080262,0.0,262.33678756476684,236.69430051813472,0,265.0,236.0,0.0,1.183171626493855,0.7838837205514522,168,168
1,169,1,10.218125641345978,60.96914763003588,0.18579339608550072,0.035611674189567566,0.6827139946783815,0.3052666485309601,0.3052666485309601,0.1792653621288768,0.21392683378959956,0.22099193930625916,0.08351311087608337,0.08351311087608337,0.0679822013368545,0.051234689402289355,0.25734876096248627,41.922901583312466,233.7383676375758,0.0,41.6,233.13684210526316,0,50.0,232.0,0.0,1.125670633105975,0.9110579789866826,169,169
1,170,1,4.137917831540108,19.149076968431473,0.10846824198961258,0.04921208322048187,0.5036813216003396,0.22948312759399414,0.24245843291282654,0.12539144944060931,0.15957564140359562,0.16026054322719574,0.07864367961883545,0.07864367961883545,0.048794052865791526,0.051178667384505334,0.20519767701625824,550.231111828869,237.8824181476218,0.0,549.75,237.73333333333332,0,552.0,242.0,0.0,1.08319506248441,0.8123118493232979,170,170
1,171,1,7.983929425477982,49.23204955458641,0.09050478041172028,0.03673282265663147,0.7567902928748503,0.22098375856876373,0.25372451543807983,0.10235806955741002,0.14270159291184467,0.12077809870243073,0.07820568978786469,0.07820568978786469,0.03799154154154983,0.057402266639674474,0.20098614692687988,559.0309013528631,236.74799012724486,0.0,559.0434782608696,235.9913043478261,0,561.0,237.0,0.0,1.2209176884601267,0.736396591946014,171,171
1,172,1,11.184613361954689,86.90444940328598,0.1393498182296753,0.03173815459012985,1.24729599444673,0.314846396446228,0.3184114396572113,0.1511434238101985,0.18451050828723137,0.157193623483181,0.08049127459526062,0.08049127459526062,0.06222714129500997,0.06165117249573756,0.23749840632081032,114.20133945034954,241.8771267164416,0.0,115.25265392781316,241.2059447983015,0,113.0,243.0,0.0,1.2343684684204523,0.808667797784784,172,172
1,173,1,9.218769371509552,53.3809145539999,0.12194681540131569,0.050095900893211365,0.698136540576292,0.23218050599098206,0.28394457697868347,0.13759357270909778,0.17617463549174886,0.1833667755126953,0.0782761424779892,0.0782761424779892,0.05515599515543146,0.05884613515752572,0.22544008865952492,240.404594948079,245.58060378934084,0.0,240.8019801980198,245.006600660066,0,240.0,242.0,0.0,1.1727995566258549,0.7843172191782919,173,173
1,174,1,13.78340294957161,77.05372728407383,0.20076259225606918,0.06340428441762924,1.2040725129136771,0.37846940755844116,0.3916073739528656,0.21205235307033246,0.2611990755392333,0.26912297308444977,0.0824049785733223,0.0824049785733223,0.07431696625056276,0.07586293631794194,0.3248808830976486,41.702789538615654,246.58489387319912,0.0,40.58983050847458,246.12542372881356,0,43.0,246.0,0.0,1.091680423433822,0.8019307512035451,174,174
1,175,1,11.317267999053001,86.30903284996748,0.16841250658035278,0.06785577535629272,0.6267545059945144,0.23589323461055756,0.3554304242134094,0.14509317947503847,0.21905845901006973,0.21519899368286133,0.06623214483261108,0.06623214483261108,0.054993798620992865,0.0778498302735822,0.294845312833786,221.6328418254716,249.46389186610799,0.0,221.00761421319797,249.50761421319797,0,221.0,243.0,0.0,1.0898598580277772,0.68609940704827,175,175
1,176,1,7.944376938045025,52.819458432495594,0.11626870557665825,0.02908075600862503,0.405394360896051,0.19511239230632782,0.2073809653520584,0.11513589765282645,0.14160712716486754,0.1371663212776184,0.07854974269866943,0.07854974269866943,0.027930833938722494,0.034355769120712504,0.17294616252183914,270.81114711806686,248.60965560613934,0.0,271.0991957104558,248.32439678284183,0,268.0,252.0,0.0,1.1507476615302397,0.8621179558647472,176,176
1,177,1,8.748076438903809,65.96707547456026,0.1069839745759964,0.028798282146453857,0.19341481475385938,0.15784943103790283,0.2427951544523239,0.10668385901102205,0.14217042128137988,0.12654800713062286,0.0795116126537323,0.07922983914613724,0.020057558868833963,0.04468769731397195,0.18325920403003693,472.5312119040097,244.58831168301228,0.0,472.3448275862069,244.53663793103448,0,471.0,250.0,0.0,1.2298535673737736,0.8064102103632245,177,177
1,178,1,9.797375701367855,54.270864591002464,0.1185773853212595,0.03268980607390404,1.1458121254376148,0.24156813323497772,0.24156813323497772,0.1399625100195408,0.15461784783761387,0.13892847299575806,0.07849646359682083,0.07849646359682083,0.044977929880632386,0.04408469788936501,0.1970272697508335,489.22199085344613,246.84889595525945,0.0,490.23646723646726,246.31623931623932,0,491.0,253.0,0.0,1.2685936236098108,0.8703366851106968,178,178
1,179,1,9.450079321861267,26.716809257864952,0.14005817845463753,0.06351299583911896,1.614380463955979,0.3198901414871216,0.3198901414871216,0.21477453004230151,0.20710704851058104,0.19457285106182098,0.11551278829574585,0.11551278829574585,0.07839430570096184,0.06757228526443226,0.27275269478559494,102.13411168095072,248.57095961367236,0.0,100.6046511627907,248.05426356589146,0,108.0,248.0,0.0,1.2427275976396368,0.9262959150277975,179,179
1,180,1,6.169549338519573,25.053989581763744,0.13030754774808884,0.0170009583234787,0.8181806947290639,0.25035303831100464,0.2612379491329193,0.15819357278255317,0.1595795514762022,0.14184291660785675,0.08106503635644913,0.08106503635644913,0.04582739393696142,0.04598344174080613,0.20426394790410995,485.9480149454974,257.7041282492649,0.0,485.50955414012736,258.3949044585987,0,490.0,254.0,0.0,1.2507894925613192,0.9081311352912711,180,180
1,181,1,10.346093013882637,75.0425682514906,0.14685358852148056,0.04077942669391632,1.357481969131908,0.30066707730293274,0.36765599250793457,0.15917066175204056,0.19441079857899118,0.18281516432762146,0.0786462053656578,0.0786462053656578,0.05694793440053288,0.06606460666102146,0.23915331065654755,34.501112179821355,257.7045775984213,0.0,33.17616580310881,258.0,0,39.0,257.0,0.0,1.2390007965633512,0.8107921122105698,181,181
1,182,1,12.607750102877617,77.11505283415318,0.24698113277554512,0.08623804152011871,0.3247441555297858,0.38087132573127747,0.5522205829620361,0.2521550020575523,0.33383139755044666,0.3183043450117111,0.13452880084514618,0.13452880084514618,0.0653870142871725,0.11058322383978722,0.4329438880085945,55.34964719362286,254.97761825151545,0.0,55.58441558441559,254.75324675324674,0,54.0,254.0,0.0,1.058087170295514,0.7638298193248498,182,182
1,183,1,14.400041453540325,104.65428201854229,0.14920315146446228,0.02585284411907196,0.8388978910219045,0.3176151514053345,0.3391837775707245,0.16551771785678535,0.18959109061330126,0.16420315206050873,0.08062202483415604,0.08062202483415604,0.058556797059097734,0.062322735926314196,0.2392309606075287,107.43385491285505,259.508775541337,0.0,106.85688405797102,260.1177536231884,0,108.0,257.0,0.0,1.2587697622148668,0.8241361373793156,183,183
1,184,1,9.692200645804405,30.55719694495201,0.20299484208226204,0.011396482586860657,0.0829581457806641,0.2436363697052002,0.2436363697052002,0.21538223657343122,0.21368669192274134,0.2151237279176712,0.17876935005187988,0.17876935005187988,0.014926300260801058,0.014312029881066017,0.22456692159175873,227.02891441752854,258.3138657943294,0.0,227.0909090909091,258.2587412587413,0,224.0,265.0,0.0,1.0009897466453268,1.017524006385472,184,184
1,185,1,9.464619159698486,58.599650517106056,0.1874007284641266,0.0535815954208374,1.2050281751144916,0.29877161979675293,0.39328882098197937,0.1820119069172786,0.23439860206842422,0.23463459312915802,0.07821153104305267,0.07821153104305267,0.0727603275135399,0.0777822135627078,0.2906967103481293,71.20519478431318,253.822370253447,0.0,71.564,252.672,0,72.0,258.0,0.0,1.2277594507955094,0.8341094362041088,185,185
1,186,1,6.889645829796791,21.878095023334026,0.16385656595230103,0.02890293300151825,0.3899756274502161,0.24793213605880737,0.25497376918792725,0.1862066440485619,0.18860426744253472,0.19456441700458527,0.10572648793458939,0.10572648793458939,0.03960990645868317,0.03823866556805219,0.22036686539649963,240.4711343681763,258.297801656419,0.0,240.81896551724137,258.4741379310345,0,240.0,261.0,0.0,1.1308842031007709,0.9495239836812948,186,186
1,187,1,9.262694962322712,62.78401715308428,0.10769636183977127,0.03311532735824585,0.8211931773999023,0.23631292581558228,0.28535187244415283,0.1251715535449015,0.1516522153456142,0.12857341766357422,0.0783807560801506,0.0783807560801506,0.04273598144596425,0.05787786599989011,0.19202252477407455,262.4853982943914,261.6904494334466,0.0,262.6231884057971,262.5,0,264.0,261.0,0.0,1.2698649756438911,0.8022935135557108,187,187
1,188,1,7.831580512225628,38.127928376197815,0.11773482151329517,0.06722693517804146,1.0273335274729871,0.2986539304256439,0.30660492181777954,0.13984965200402907,0.18419289070626962,0.17236659675836563,0.06721145659685135,0.06721145659685135,0.0683661412270902,0.07446016131144928,0.25824447721242905,74.95189418919905,264.7291534213823,0.0,75.16425120772946,265.7342995169082,0,79.0,261.0,0.0,1.1124099888198353,0.768017543235865,188,188
1,189,1,8.560896463692188,65.85656883567572,0.11812172085046768,0.019842445850372314,0.4340300173614939,0.1702907234430313,0.27305808663368225,0.12229852090988841,0.1524457611936938,0.13066139817237854,0.07866280525922775,0.07866280525922775,0.020489623241631113,0.047883468393876215,0.19686953723430634,284.3529359294545,264.13768047416033,0.0,284.01851851851853,264.41435185185185,0,286.0,259.0,0.0,1.2663698190124677,0.8119935027355324,189,189
1,190,1,7.731688342988491,35.167507134377956,0.13640384376049042,0.06240679323673248,0.8119954183353897,0.2815004289150238,0.33345457911491394,0.14588091213185833,0.1998153814453293,0.20774798095226288,0.07834143191576004,0.07834143191576004,0.055700808677640455,0.07145500828009502,0.26376813650131226,451.42106021905846,261.4235560684567,0.0,451.5681818181818,260.625,0,452.0,260.0,0.0,1.1237248552156256,0.7398498695867046,190,190
1,191,1,9.011897884309292,51.53443428874016,0.10586504265666008,0.045708827674388885,1.280880270519207,0.21216975152492523,0.2465309500694275,0.12345065594944235,0.15112737328076292,0.14917714893817902,0.07874781638383865,0.07874781638383865,0.04005581636960339,0.04795137889629838,0.19749203324317932,299.31420975334674,261.3500582359733,0.0,300.02932551319645,260.28739002932554,0,298.0,264.0,0.0,1.2224566016881264,0.7910185750445062,191,191
1,192,1,7.2898837476968765,40.02057824283838,0.11922886967658997,0.06731836497783661,1.1418197927326683,0.27494001388549805,0.32233941555023193,0.13254334086721595,0.18528045482795547,0.17784243822097778,0.07930649071931839,0.07930649071931839,0.057210333828216046,0.07359563401165665,0.25703510642051697,442.5103196691601,267.83250982556484,0.0,441.63425925925924,268.56481481481484,0,442.0,265.0,0.0,1.1877723983238933,0.731919657404743,192,192
1,193,1,6.507862754166126,31.16390872746706,0.12738652527332306,0.023994281888008118,0.6657924724766588,0.21327842772006989,0.22468777000904083,0.141475277264481,0.1558195436373353,0.14521001279354095,0.10983606427907944,0.10976685583591461,0.026682942843911726,0.033886206818873145,0.18831729888916016,500.52159146340364,262.36303875487727,0.0,501.0,261.9,0,500.0,262.0,0.0,1.1782393875483685,0.911226302533612,193,193
1,194,1,11.137467436492443,53.341013096272945,0.1797729879617691,0.02604059875011444,0.14147086959603386,0.24561156332492828,0.264875203371048,0.17678519740464196,0.2035916530392097,0.21280789375305176,0.09176110476255417,0.0893147736787796,0.04223265873489755,0.03825764365566654,0.2355646938085556,231.19031011921513,268.09693451520246,0.0,231.31679389312978,268.1603053435114,0,239.0,266.0,0.0,1.0821195997280508,0.9275910678185632,194,194
1,195,1,10.427004255354404,68.35371425002813,0.14273199439048767,0.02054208517074585,0.38865658133912057,0.1904987245798111,0.23888982832431793,0.14283567473088224,0.16431181310102916,0.1574956327676773,0.09141197800636292,0.09141197800636292,0.02202952618710423,0.029422690579852855,0.1884818971157074,466.5158496737512,265.9728236126616,0.0,466.86538461538464,265.80288461538464,0,465.0,269.0,0.0,1.1162927567483532,0.8830725058788528,195,195
1,196,1,15.95945169776678,160.13608333468437,0.17998504638671875,0.06485040485858917,1.0308561557348719,0.32248809933662415,0.3901335299015045,0.16624428851840398,0.2397246756507251,0.24831539392471313,0.07830426841974258,0.07830426841974258,0.06426525823847407,0.08050429718281786,0.30990445613861084,54.59007661393946,272.82408769160634,0.0,54.34281437125748,273.8248502994012,0,52.0,271.0,0.0,1.1561900157479692,0.6962061668875044,196,196
1,197,1,10.84704002737999,80.29677618294954,0.17221948504447937,0.030639931559562683,0.684435305203946,0.25869154930114746,0.3011731803417206,0.16434909132393924,0.19974322433569539,0.19627630710601807,0.07852152734994888,0.07852152734994888,0.049312322805324604,0.04831798197617623,0.24038823693990707,208.61744306895653,270.19384993503166,0.0,208.32587064676616,269.57462686567163,0,211.0,272.0,0.0,1.1494624370766244,0.860840554862824,197,197
1,198,1,7.378895089030266,36.42462711036205,0.1542585864663124,0.028470799326896667,0.3419819160240727,0.21967212855815887,0.2525341510772705,0.16041076280500577,0.18489658431655864,0.18390099704265594,0.13675770163536072,0.13675770163536072,0.020632464213397535,0.03302593143891332,0.2115577682852745,492.91243635445886,271.329312364197,0.0,492.7005076142132,271.06091370558374,0,494.0,274.0,0.0,1.0618323226310524,0.880975171477564,198,198
1,199,1,7.1144668236374855,46.23586608469486,0.09815190732479095,0.051637470722198486,0.5826111854685944,0.17263397574424744,0.2687187194824219,0.10462451211231596,0.15109760158397015,0.14498236775398254,0.07849333435297012,0.07849333435297012,0.02682722119153141,0.05526017814940861,0.20439963787794113,301.3068381518487,275.7103641665388,0.0,301.87254901960785,275.8496732026144,0,300.0,274.0,0.0,1.1508311737192496,0.7091800471845277,199,199
1,200,1,5.9948901906609535,30.160177163779736,0.11338378489017487,0.01327909529209137,0.5400234131703058,0.16162553429603577,0.16661883890628815,0.12489354563876987,0.13345211134415813,0.14018602669239044,0.07858381420373917,0.07858381420373917,0.025556348120432795,0.022046899878925694,0.15091000497341156,23.550555279357454,269.8921143054987,0.0,23.694690265486727,269.37168141592923,0,24.0,274.0,0.0,1.126189080667287,0.946912926108527,200,200
1,201,1,6.572957590222359,58.93978960067034,0.10061461851000786,0.03253085911273956,0.3470946767482889,0.11912666261196136,0.20526190102100372,0.0912910776419772,0.1333479402730098,0.12370266020298004,0.07822989672422409,0.07822989672422409,0.012779001862855702,0.03766181108808488,0.16643453389406204,866.5785687939255,276.15630795174224,0.0,866.8438914027149,276.38009049773757,0,868.0,274.0,0.0,1.1023917190419708,0.737909375064646,201,201
1,202,1,8.317666731774807,57.45331109315157,0.15016398578882217,0.013477519154548645,0.4742960724255213,0.18498460948467255,0.208073228597641,0.1409774022334713,0.162297488963705,0.16919128596782684,0.07905156910419464,0.07905156910419464,0.0337668723420197,0.026246184850691075,0.17997512221336365,453.04827706051725,279.65953132149656,0.0,452.7570621468927,280.03389830508473,0,457.0,274.0,0.0,1.07910133365478,0.9191397354240133,202,202
1,203,1,9.761161774396896,59.22684597969055,0.15425893291831017,0.03319772332906723,0.9133922968420058,0.2661573588848114,0.2781464457511902,0.1501717196061061,0.18683547627662633,0.19487276673316956,0.08152568340301514,0.08152568340301514,0.0583668242603798,0.04830323188133662,0.22036686539649963,201.99877572302816,284.12653895566,0.0,201.25236593059938,284.6529968454259,0,208.0,282.0,0.0,1.1417879002719031,0.8416544830203792,203,203
1,204,1,11.32596530765295,61.39910922944546,0.16963349282741547,0.05210871994495392,1.0131896427596534,0.28997689485549927,0.3524312674999237,0.1742456201177377,0.21850216807631836,0.21280352026224136,0.08699307590723038,0.08699307590723038,0.04642907600767891,0.06417270522508725,0.27448469400405884,239.76754494039602,276.2465369380387,0.0,240.33807829181495,275.4092526690391,0,236.0,278.0,0.0,1.1190496392926115,0.7935824340967645,204,204
1,205,1,7.303355433046818,49.379402697086334,0.11981111019849777,0.053910739719867706,0.5188609011746268,0.1629580408334732,0.2802724242210388,0.11235931435456643,0.17387113625734624,0.1758231520652771,0.07864367961883545,0.07864367961883545,0.02637117974021516,0.05825246321567274,0.22821007668972015,507.5985713544096,275.30722869987983,0.0,508.01408450704224,274.9964788732394,0,505.0,278.0,0.0,1.1098551947250612,0.703868221271524,205,205
1,206,1,8.668128028512001,63.08321997523308,0.10928582586348057,0.05965185910463333,0.9218374957058443,0.18746104836463928,0.3563345670700073,0.11112984651938462,0.17571927569702808,0.156314417719841,0.07821249961853027,0.07821249961853027,0.032790754703782336,0.07737629292249266,0.2476896420121193,255.42973250535357,280.79599886249093,0.0,256.1615598885794,281.3565459610028,0,253.0,278.0,0.0,1.2676497669013314,0.6956916132335303,206,206
1,207,1,8.90794875472784,46.678486995399,0.14765840768814087,0.018707752227783203,0.524617564267946,0.2717881202697754,0.28293073177337646,0.1649620139764415,0.17681245074014773,0.16007649898529053,0.11202503740787506,0.11202503740787506,0.03871354310516071,0.039421704867798335,0.20832647383213043,483.172010306011,278.84448962714686,0.0,482.64772727272725,278.82575757575756,0,488.0,279.0,0.0,1.1688379881726525,0.9069065015586171,207,207
1,208,1,7.451120987534523,54.966993637382984,0.1086549460887909,0.054671511054039,1.0200324294070744,0.20925305783748627,0.3181328773498535,0.12017937076668586,0.17123674030337377,0.1594570055603981,0.07830259948968887,0.07830259948968887,0.03656633728371165,0.06770050342430833,0.22822396084666252,672.0977819874907,279.58947747501514,0.0,672.9096573208723,278.97196261682245,0,673.0,282.0,0.0,1.276355852600512,0.7420296370003064,208,208
1,209,1,7.2967241406440735,31.577543057501316,0.1287926323711872,0.012121915817260742,0.5429872371040099,0.16648785769939423,0.1695062816143036,0.1351245211230384,0.14034463581111695,0.14215262234210968,0.09655650705099106,0.09655650705099106,0.019044252148735095,0.015973797186983628,0.1532873772084713,16.42596236569229,282.3558001285802,0.0,16.155555555555555,282.82666666666665,0,14.0,276.0,0.0,1.060016611993237,0.9705759707123219,209,209
1,210,1,11.412597000598907,104.26876962184906,0.1368301659822464,0.03478263318538666,1.1192569807769872,0.18182361125946045,0.3235777020454407,0.13586425000712984,0.18102216948237684,0.16718344390392303,0.07893125712871552,0.07893125712871552,0.02933839357352263,0.05568905208439169,0.22473300993442535,128.9438790962478,279.57674942003973,0.0,129.88020833333334,278.9635416666667,0,123.0,280.0,0.0,1.1841653035157043,0.7763257429695559,210,210
1,211,1,10.171533763408661,53.42525590956211,0.1603570245206356,0.033606357872486115,0.3146683763493113,0.20293816924095154,0.2849673330783844,0.15893021505326033,0.19427365785295314,0.19250750541687012,0.12771356105804443,0.12771356105804443,0.01982310367968698,0.04024624035384766,0.22613515704870224,113.36660647246504,278.39089437613774,0.0,113.49090909090908,278.1018181818182,0,115.0,283.0,0.0,1.0594455543745018,0.8371967110273899,211,211
1,212,1,7.444865427911282,38.498936630785465,0.13108330965042114,0.02582603693008423,1.1273223325098545,0.2779082655906677,0.2779082655906677,0.1459777534884565,0.16523148768577453,0.1461946964263916,0.08153020590543747,0.08153020590543747,0.053820790842246766,0.04993325664701823,0.20864085853099823,493.87999999740674,287.34604227836877,0.0,493.76824034334766,288.46781115879827,0,491.0,282.0,0.0,1.213877333603248,0.851504791886887,212,212
1,213,1,9.904574356973171,50.88717841356993,0.1289064921438694,0.013521015644073486,0.1904961746330679,0.1931888610124588,0.1931888610124588,0.1356791007804544,0.14254111600439756,0.14734333753585815,0.09387437999248505,0.09387437999248505,0.023399535748935885,0.01879932121298254,0.1581832766532898,30.57555953744267,284.7454329517989,0.0,30.761904761904763,284.70588235294116,0,30.0,293.0,0.0,1.0677153390196628,0.9566837852911553,213,213
1,214,1,8.571404986083508,74.56056159734726,0.10086245089769363,0.03140772506594658,0.3138244566622321,0.11266131699085236,0.2507302761077881,0.09216564501165062,0.14421772069119393,0.12145577743649483,0.07779207825660706,0.07779207825660706,0.008151688099943431,0.04952745219296341,0.19117360189557076,600.0564762516087,282.42362068949956,0.0,599.7427466150871,282.431334622824,0,605.0,280.0,0.0,1.2014757591835867,0.7189540721045741,214,214
1,215,1,14.64452339708805,81.36656540632248,0.19123417139053345,0.025743447244167328,0.5302037263457114,0.24586597084999084,0.2814323604106903,0.18775029996266732,0.21468750766839703,0.21743175387382507,0.12987400591373444,0.12987400591373444,0.025758608351890065,0.03417173451026889,0.24267082661390305,104.10060421911615,285.2359647572402,0.0,104.57255936675462,285.47757255936676,0,102.0,282.0,0.0,1.0672386047388993,0.8934554391570196,215,215
1,216,1,11.241920672357082,78.17920404672623,0.16110476478934288,0.03668665885925293,0.461429607073494,0.2305130511522293,0.2908342480659485,0.15399891331996005,0.19692494722097287,0.20597106218338013,0.07996229082345963,0.07996229082345963,0.045959229442792994,0.052550946546118034,0.23484042659401894,692.6307023835506,284.5050959064052,0.0,692.2745591939547,284.7984886649874,0,695.0,282.0,0.0,1.1157279324432263,0.8716945163495977,216,216
1,217,1,13.886907309293747,132.5628964304924,0.16449815034866333,0.0716337263584137,0.9837666292070194,0.4109969139099121,0.413318932056427,0.1614756663871366,0.2301439174140493,0.20715078711509705,0.06292974203824997,0.06292974203824997,0.09789481633216696,0.08848573895226798,0.31529414653778076,1008.7773326457578,289.73146894190575,0.0,1008.1475694444445,288.97569444444446,0,1013.0,296.0,0.0,1.1114003103134007,0.725481269288852,217,217
1,218,1,4.915488429367542,40.928432144224644,0.11639522388577461,0.02635769546031952,0.11372242559472469,0.13435032963752747,0.20453211665153503,0.09274506470504797,0.1426077775060092,0.14703326672315598,0.06810939311981201,0.06810939311981201,0.014332872038590894,0.03388391121807886,0.16993695124983788,970.0458810533851,288.63445223922645,0.0,969.9512195121952,288.57142857142856,0,970.0,288.0,0.0,1.082741794257019,0.8755302097150369,218,218
1,219,1,9.556885965168476,71.61918792128563,0.13825537264347076,0.05464106798171997,0.5364146205434298,0.21640250086784363,0.3312828242778778,0.13273452729400662,0.19304363321101248,0.18156589567661285,0.0802118107676506,0.0802118107676506,0.04486814730111126,0.07097232823566295,0.25950391590595245,89.46612114802805,290.0023520456552,0.0,88.95148247978436,290.1536388140162,0,90.0,287.0,0.0,1.2406799522247383,0.7445415633375926,219,219
1,220,1,9.248816452920437,57.516747653484344,0.1337558999657631,0.0649874210357666,0.6618299952904424,0.2222461700439453,0.3643111288547516,0.1380420366107528,0.2011075092779173,0.2007957100868225,0.07981079816818237,0.07981079816818237,0.05071093953061654,0.0774010831607124,0.26013025641441345,705.7256660661743,286.09085307335783,0.0,706.2692307692307,285.7132867132867,0,707.0,287.0,0.0,1.1246971984597025,0.681631402389058,220,220
1,221,1,6.76567792147398,62.54149391502142,0.10123743861913681,0.028316538780927658,0.3541678263123743,0.12369384616613388,0.19234171509742737,0.0926805194722463,0.12895153384540498,0.12385133281350136,0.07874167710542679,0.07874167710542679,0.013933325613243246,0.031294718187289176,0.15811096131801605,882.7504373177566,286.1117887546949,0.0,882.6577319587628,286.45360824742266,0,881.0,285.0,0.0,1.108015435243381,0.7919048555496283,221,221
1,222,1,11.910898640751839,57.61296100914478,0.15180827677249908,0.03702633082866669,0.4163924987710962,0.2753806710243225,0.28766220808029175,0.16542914778822,0.19204320336381595,0.17894569039344788,0.09752138704061508,0.09752138704061508,0.04216611286386432,0.047427575826903136,0.23423229157924652,238.95712432291253,288.37284612538247,0.0,239.00333333333333,288.7866666666667,0,238.0,286.0,0.0,1.0814715891332725,0.8466146072295426,222,222
1,223,1,6.426208354532719,50.23514202982187,0.09776561707258224,0.031381748616695404,0.40093357155518006,0.17170415818691254,0.2349737584590912,0.09736679325049574,0.13877111057961844,0.11959172785282135,0.07815656810998917,0.07815656810998917,0.01811346175710264,0.04632938609575084,0.1859544813632965,307.25439902373455,287.78716557520414,0.0,307.5220994475138,288.085635359116,0,305.0,285.0,0.0,1.1820172638765936,0.7457194262857249,223,223
1,224,1,5.278405401855707,30.60044727101922,0.11905353330075741,0.04465455561876297,0.6105482101995283,0.19996897876262665,0.2784453332424164,0.11996375913308426,0.1619071284180911,0.15952938795089722,0.04866035282611847,0.04866035282611847,0.04896617129561408,0.05836709958265539,0.2073175460100174,56.422213040251705,289.22004165839456,0.0,56.6931216931217,289.76719576719574,0,56.0,289.0,0.0,1.0228652452762144,0.7397388717474086,224,224
1,225,1,10.61799181997776,72.39202098548412,0.1488734930753708,0.035657718777656555,0.26792111423123416,0.21318098902702332,0.3486621081829071,0.14954918056306704,0.18852088798303157,0.1732507348060608,0.08224740624427795,0.08224740624427795,0.033642552406973725,0.06079752455629261,0.22867527604103088,216.84597661377833,290.2816447335139,0.0,216.7421875,290.5286458333333,0,214.0,292.0,0.0,1.1682829517878481,0.7926080780647012,225,225
1,226,1,9.829431422054768,63.90718141198158,0.15550389885902405,0.02613826096057892,0.5222800790741331,0.25397858023643494,0.2756861448287964,0.16113822003368472,0.1836413258964988,0.1761111319065094,0.09301742166280746,0.09301742166280746,0.0346580323710256,0.03777661877105996,0.21199318766593933,472.05513847824744,289.94170216475595,0.0,472.5488505747126,290.11206896551727,0,467.0,288.0,0.0,1.1883789301377616,0.9136215402534008,226,226
1,227,1,7.7361122742295265,37.992619067430496,0.10810449719429016,0.043988823890686035,0.6836708757579736,0.23135806620121002,0.23874202370643616,0.11901711191122348,0.1495772404229547,0.14832644164562225,0.06835515797138214,0.06835515797138214,0.04678202262597283,0.046825886969475664,0.1958990842103958,539.2323044393128,285.53148661912314,0.0,539.6811023622047,285.01574803149606,0,538.0,287.0,0.0,1.1736207060354824,0.8279787272446063,227,227
1,228,1,9.940269887447357,101.4881335273385,0.10993718728423119,0.02580975741147995,0.5612103466471619,0.14610041677951813,0.248413547873497,0.09940269887447357,0.142339598215061,0.12915968894958496,0.07828334718942642,0.07828334718942642,0.016477795879252473,0.042487104867196326,0.17170558497309685,347.5772541689109,291.18672770985114,0.0,347.69565217391306,290.6381486676017,0,350.0,296.0,0.0,1.2227549884314373,0.817522691422498,228,228
1,229,1,8.247915886342525,48.19322919845581,0.1255289986729622,0.045551881194114685,0.34475849305439615,0.25379711389541626,0.30116578936576843,0.1249684225203413,0.16850779440019514,0.15232545137405396,0.06807971000671387,0.06807971000671387,0.0431100489598283,0.06037809417594372,0.22418823093175888,674.065306151297,293.3296284510014,0.0,673.7482517482517,293.465034965035,0,679.0,294.0,0.0,1.1550765205060698,0.759961706499972,229,229
1,230,1,6.540446065366268,36.26353916525841,0.10142466053366661,0.029786735773086548,0.9224794588240167,0.21663527190685272,0.23093146085739136,0.1127663114718322,0.1363290946062346,0.11438577622175217,0.05812167376279831,0.05812167376279831,0.044646811776994436,0.04439132673699001,0.18013175576925278,534.20015024908,296.1761371161069,0.0,533.4022556390977,296.6390977443609,0,536.0,296.0,0.0,1.162293571149225,0.8266364312123492,230,230
1,231,1,11.782532818615437,77.68819971382618,0.15455329790711403,0.04615878313779831,1.5028283428544726,0.2353259176015854,0.32563576102256775,0.16140455915911556,0.20074470210291,0.19961632788181305,0.08216428011655807,0.08216428011655807,0.044463657076349875,0.05719193912144863,0.246994286775589,1028.7947697887848,290.87082985083185,0.0,1029.1291989664082,289.405684754522,0,1029.0,297.0,0.0,1.1529007264437698,0.7818355920050211,231,231
1,232,1,7.492833569645882,17.37355200946331,0.15826411545276642,0.026211097836494446,0.22196514380668364,0.2656765878200531,0.2656765878200531,0.1827520382840459,0.1888429566246012,0.1762794554233551,0.13875210285186768,0.13875210285186768,0.03553639657683114,0.03456660813297333,0.2217695713043213,466.4353704591909,296.86133889318734,0.0,466.60869565217394,297.0,0,464.0,297.0,0.0,1.0640702987721342,0.9715862056445971,232,232
1,233,1,9.031620480120182,63.18460540473461,0.12854739651083946,0.055599749088287354,1.6318068396026646,0.26965945959091187,0.33272242546081543,0.14805935213311774,0.18861076240219288,0.17035843431949615,0.0797126293182373,0.0797126293182373,0.05759326981084268,0.07333858654322468,0.25274621695280075,102.83584004692145,301.15167058892985,0.0,102.95522388059702,302.77910447761195,0,102.0,299.0,0.0,1.2558298937853434,0.7417577897824819,233,233
1,234,1,7.699535422027111,38.08093785494566,0.10847453027963638,0.02839391678571701,0.8428737668764634,0.25376570224761963,0.25376570224761963,0.13050060037334085,0.1453470910494109,0.13151846826076508,0.0801922008395195,0.0801922008395195,0.055672400305923526,0.04764219203337206,0.18140777200460434,141.40798884469885,297.5022728908642,0.0,142.17175572519085,297.8587786259542,0,137.0,297.0,0.0,1.3382358083894395,0.8830011456794812,234,234
1,235,1,7.970328405499458,55.17869284003973,0.09776242077350616,0.031114496290683746,0.31874192863530626,0.1309993416070938,0.1922299712896347,0.09267823727324952,0.12983221844715231,0.12690941244363785,0.07816758006811142,0.07816758006811142,0.01362608911981888,0.03417384067030876,0.162166990339756,318.55532445700607,297.18801412903406,0.0,318.8070588235294,297.3835294117647,0,315.0,300.0,0.0,1.2012392055377616,0.8364961993266311,235,235
1,236,1,9.616851285099983,36.837713181972504,0.16125090420246124,0.02928079664707184,0.2918210855275202,0.2718322277069092,0.2822040915489197,0.17172948723392828,0.19388270095775,0.1820673644542694,0.11630020290613174,0.11630020290613174,0.03839348288675086,0.04095803313918335,0.22869066148996353,130.33672349740942,298.4018765900686,0.0,130.17894736842106,298.64736842105265,0,135.0,298.0,0.0,1.0453039977888134,0.879390958305653,236,236
1,237,1,9.337138064205647,60.16318666934967,0.1343964785337448,0.12235578894615173,1.919110576716549,0.34991273283958435,0.48237305879592896,0.18674276128411293,0.2615790724754333,0.279489666223526,0.08078090846538544,0.08078090846538544,0.08948443382072384,0.12622225820006983,0.3715922087430954,48.670892951217375,299.5716889012216,0.0,47.504347826086956,298.04782608695655,0,52.0,301.0,0.0,1.2336145851803915,0.6678881500135462,237,237
1,238,1,9.632299207150936,63.48724136501551,0.1408405341207981,0.042664676904678345,1.342663570364219,0.2094184160232544,0.29428935050964355,0.14165145892869024,0.1808753315242607,0.1736176609992981,0.07960286736488342,0.07960286736488342,0.0414184418264971,0.055753010702890744,0.22757120802998543,238.88280179025193,301.54437519388586,0.0,240.06267806267806,302.18518518518516,0,234.0,298.0,0.0,1.1792195699877874,0.7959694208733014,238,238
1,239,1,5.381288222968578,35.42949268221855,0.10729905217885971,0.026433363556861877,0.34836876593642646,0.2004641443490982,0.22080294787883759,0.10982220863201181,0.13893918698909236,0.12648601830005646,0.0781877189874649,0.0781877189874649,0.03206871668266655,0.03893213839417547,0.1765386462211609,370.63137231175364,300.60016398594695,0.0,370.2901960784314,300.67058823529413,0,368.0,299.0,0.0,1.2123505630861702,0.8548838161916119,239,239
1,240,1,10.859364703297615,69.64153689146042,0.1578734666109085,0.05628041923046112,0.2540717210321493,0.2917788624763489,0.3374178409576416,0.16453582883784265,0.2123217588154281,0.20904161036014557,0.08589545637369156,0.08589545637369156,0.04815581199470116,0.0640831346854007,0.27068206667900085,25.536578356869505,301.2267875751642,0.0,25.40548780487805,301.0091463414634,0,23.0,305.0,0.0,1.1639246329121506,0.7937032641678172,240,240
1,241,1,4.181391999125481,14.030439928174019,0.09743286669254303,0.017738066613674164,0.5057092358803604,0.19359265267848969,0.19359265267848969,0.10721517946475591,0.12095206834632775,0.10864565521478653,0.07982129603624344,0.07982129603624344,0.033308729378385686,0.03309413556401622,0.14681556820869446,378.2052379794559,306.45129179697096,0.0,378.2155172413793,306.9568965517241,0,378.0,302.0,0.0,1.1945839821742101,0.918647048060236,241,241
1,242,1,9.99169833958149,75.87604678422213,0.1312149316072464,0.06873078644275665,1.0137494055972385,0.2565554678440094,0.33642876148223877,0.142738547708307,0.20073028249794214,0.19518207013607025,0.07965249568223953,0.07965249568223953,0.05163802120928924,0.07205558349390856,0.26885975897312164,1043.401979367374,299.8616682124296,0.0,1044.1798941798943,299.2116402116402,0,1042.0,298.0,0.0,1.1125103638378657,0.678834730121304,242,242
1,243,1,5.0007916539907455,36.81825137883425,0.09552814066410065,0.04860372841358185,0.23350355436636452,0.11533486843109131,0.23288771510124207,0.08622054575846114,0.14610417213823115,0.14831562340259552,0.06640997529029846,0.06640997529029846,0.008012014528190283,0.04877152728761785,0.19080807268619537,397.1333439323584,300.73838889119065,0.0,396.9484126984127,300.8809523809524,0,395.0,297.0,0.0,1.1091277460672628,0.6957412408427143,243,243
1,244,1,8.235869206488132,47.210891127586365,0.1680293008685112,0.030023440718650818,0.6055561091245966,0.24833433330059052,0.2975870370864868,0.1614876314997673,0.19753510932044505,0.19571175426244736,0.0788235291838646,0.0788235291838646,0.043050768032113,0.0441532511417022,0.2336445413529873,456.0865946166333,299.07629198238806,0.0,455.6234309623431,298.68619246861925,0,456.0,303.0,0.0,1.0951752571720617,0.8571223233611507,244,244
1,245,1,5.50498989969492,50.748886324465275,0.1028849333524704,0.037095099687576294,0.3459236457873608,0.12789218127727509,0.25301381945610046,0.09174983166158199,0.1454122817319922,0.12980660051107407,0.07815656810998917,0.07815656810998917,0.013442079834598436,0.049638535760680925,0.19001422822475433,285.8927711155853,305.2882727008092,0.0,286.2234957020057,305.3896848137536,0,285.0,305.0,0.0,1.1788349057782617,0.7635228169358148,245,245
1,246,1,11.924825191497803,74.04233399033546,0.1463327631354332,0.06377844512462616,1.7637927842230634,0.3678760528564453,0.3723868429660797,0.18067916956814853,0.21649805260332008,0.1965862661600113,0.07976043224334717,0.07976043224334717,0.0775146456699387,0.081963950869636,0.3035441190004349,714.1348831930951,301.0733272110932,0.0,715.7163742690059,300.2923976608187,0,708.0,306.0,0.0,1.1521922159020686,0.764164640342109,246,246
1,247,1,16.26346093416214,90.96986997127533,0.2142724096775055,0.05422733724117279,0.6698090604463856,0.41057828068733215,0.41057828068733215,0.22588140186336306,0.2675584410919863,0.26677924394607544,0.08883745968341827,0.08883745968341827,0.07678174258737706,0.06743160359684096,0.32266944646835327,1014.0301787283636,304.7118766201117,0.0,1013.6235294117647,305.24411764705883,0,1016.0,297.0,0.0,1.0372524979964752,0.8270670931306939,247,247
1,248,1,8.416675381362438,63.74687372148037,0.10339172184467316,0.035456761717796326,0.7327075226213488,0.13731402158737183,0.2496984452009201,0.10019851644479093,0.1438981348114681,0.13128244876861572,0.0782306119799614,0.0782306119799614,0.017511426223247722,0.046875795727771404,0.18763882294297218,335.16636170402506,307.9670747873263,0.0,334.8058690744921,308.60496613995485,0,337.0,304.0,0.0,1.1991061751429108,0.789220677890005,248,248
1,249,1,8.173536032438278,39.65701139718294,0.12963013350963593,0.044942706823349,0.6682876447764348,0.24088354408740997,0.25707200169563293,0.13853450902437758,0.1724217886834041,0.16360057890415192,0.07228966057300568,0.07228966057300568,0.04576276513257774,0.05280412511256598,0.2222607582807541,677.0953665341812,305.65485010359464,0.0,676.4304347826087,305.7217391304348,0,677.0,303.0,0.0,1.1551699124420431,0.8067530362541131,249,249
1,250,1,10.378178007900715,59.39511834830046,0.17192602157592773,0.11298398673534393,0.9668776377024755,0.3710072636604309,0.5927496552467346,0.21621204183126488,0.2969755917415023,0.2876650393009186,0.11796719580888748,0.11796719580888748,0.0722768883248627,0.1325136540150361,0.3963320851325989,41.630543579256674,308.66436871599933,0.0,40.75,308.265,0,41.0,308.0,0.0,1.1304846275881324,0.6832544335515027,250,250
1,251,1,12.03823520988226,106.42554533481598,0.15742690861225128,0.04930959641933441,0.8479008565501888,0.2561166286468506,0.32003262639045715,0.1416262965868501,0.1992987740352359,0.20050150156021118,0.07843956351280212,0.07843956351280212,0.053061164977019105,0.061579125542177905,0.25181469321250916,221.0042095951111,311.28413343016877,0.0,220.57116104868913,312.01310861423224,0,219.0,306.0,0.0,1.1010458279711393,0.7121192294482798,251,251
1,252,1,8.63705363124609,23.81157148629427,0.15470915660262108,0.06339484453201294,1.3831731915404928,0.35695844888687134,0.35695844888687134,0.22146291362169462,0.24052092410398251,0.2715427279472351,0.09329000860452652,0.09329000860452652,0.09619321139397809,0.08892871572291589,0.3280678167939186,707.4839866167179,313.3108211519413,0.0,707.7575757575758,314.6666666666667,0,706.0,307.0,0.0,1.0062462602212403,0.9313668124953419,252,252
1,253,1,7.741837210953236,48.090678222477436,0.09690671786665916,0.038487568497657776,0.544018856281867,0.22829779982566833,0.22829779982566833,0.10903996071765121,0.13939327021007952,0.14174814522266388,0.07900077849626541,0.07900077849626541,0.039981151872529465,0.04219559811393007,0.17763762176036835,445.69776265964697,310.9406313392809,0.0,445.26666666666665,311.2724637681159,0,453.0,312.0,0.0,1.142100333147745,0.7758633827214204,253,253
1,254,1,8.121758595108986,75.72600876539946,0.11645105481147766,0.049183811992406845,0.7352881894162709,0.18898004293441772,0.3009301722049713,0.11439096612829558,0.1679068930496662,0.1578761488199234,0.07820256799459457,0.07820256799459457,0.035553530341184705,0.05955624378538027,0.21921411901712418,125.34216629084017,311.01576254127394,0.0,125.67849223946784,311.669623059867,0,125.0,311.0,0.0,1.2492097280146228,0.7581790848213753,254,254
1,255,1,8.418344341218472,40.738857466727495,0.14527658373117447,0.03773951530456543,0.9145978812175746,0.24342933297157288,0.26746708154678345,0.14514386795204262,0.17712546724664127,0.1923099160194397,0.04391753673553467,0.04391753673553467,0.06592231465490635,0.0558367815190325,0.2193409577012062,462.1678971429651,309.66931797785327,0.0,462.96521739130435,310.11739130434785,0,455.0,308.0,0.0,1.0305126111894025,0.8134287279268436,255,255
1,256,1,5.776561081409454,46.97683746367693,0.10013412684202194,0.03545481711626053,0.21621948506129712,0.13294918835163116,0.21160104870796204,0.09469772264605662,0.13695870980663827,0.12661001086235046,0.07854732125997543,0.07854732125997543,0.015420387307702543,0.04122547706459916,0.18097832798957825,930.4165441011625,309.2421634954094,0.0,930.2215743440233,309.14868804664724,0,927.0,313.0,0.0,1.1702106871806977,0.7635757106549177,256,256
1,257,1,9.234727561473846,50.89056035876274,0.22434620559215546,0.02872367948293686,0.10804754715673158,0.24323301017284393,0.3484923243522644,0.21476110608078713,0.25573145908926,0.24520526826381683,0.1922396421432495,0.1922396421432495,0.01297673580588908,0.04115840025577784,0.28942984342575073,1032.15060554528,311.94397623683733,0.0,1032.0854271356784,312.03015075376885,0,1031.0,309.0,0.0,1.0,0.8602119310145325,257,257
1,258,1,10.314118839800358,61.46085224300623,0.16841185837984085,0.0368371307849884,0.6096882625282777,0.29713258147239685,0.3129485547542572,0.1719019806633393,0.2083418720101906,0.19464880228042603,0.09398508816957474,0.09398508816957474,0.04458258219717368,0.05382367201997395,0.25950391590595245,16.165877443948037,312.09740275975173,0.0,15.60677966101695,311.8542372881356,0,21.0,309.0,0.0,1.1177891127119448,0.8433857165521098,258,258
1,259,1,9.11471974849701,46.339621510356665,0.13921092078089714,0.06000538915395737,0.8310068627527462,0.32312363386154175,0.32312363386154175,0.16276285265173232,0.20060442212275612,0.2193744257092476,0.03756450116634369,0.03756450116634369,0.09718478764802103,0.08032772510471699,0.2709212228655815,53.08480990295812,313.1995340364817,0.0,53.78354978354978,313.64935064935065,0,55.0,305.0,0.0,0.9975702596487714,0.8739548686563491,259,259
1,260,1,9.715205825865269,53.437113374471664,0.14820139110088348,0.05018915235996246,0.8335129834245044,0.2867777645587921,0.2867777645587921,0.15180009102914482,0.189493309838552,0.18601423501968384,0.06506069004535675,0.06506069004535675,0.06428860499244558,0.05787432942954422,0.24406085908412933,1044.6181257187664,317.3071980774922,0.0,1045.2340425531916,317.86879432624113,0,1046.0,310.0,0.0,1.1004053525449515,0.7985167861753978,260,260
1,261,1,11.212278880178928,56.06931631267071,0.14471444487571716,0.030882492661476135,0.9434647799839575,0.23854917287826538,0.27822932600975037,0.14949705173571903,0.17521661347709597,0.1701018065214157,0.07945887744426727,0.07945887744426727,0.040750116326359165,0.04503103366536377,0.21184176206588745,682.0882585574809,316.5397064852911,0.0,681.615625,317.35625,0,685.0,314.0,0.0,1.1365595757262295,0.8423630011119618,261,261
1,262,1,17.327887639403343,110.1160465925932,0.2057701013982296,0.06030287593603134,0.5213539200728342,0.3312051296234131,0.42058825492858887,0.21131570291955296,0.2705553970333985,0.2763028144836426,0.15138185024261475,0.15138185024261475,0.049961377812023935,0.07096187230577704,0.32380949705839157,696.4512049874261,313.0447997802073,0.0,695.97542997543,313.25798525798524,0,698.0,313.0,0.0,1.0371987985011584,0.7686996099649502,262,262
1,263,1,6.5848769545555115,30.451860010623932,0.14473555982112885,0.018062099814414978,0.7600022137058386,0.27516913414001465,0.27516913414001465,0.16060675498915883,0.17107786522822432,0.1564069241285324,0.0813828632235527,0.0813828632235527,0.059308101865739885,0.04377212656879901,0.20701014250516891,233.58280725839936,317.9950179405677,0.0,234.29775280898878,318.25280898876406,0,228.0,315.0,0.0,1.1862394031641181,0.9102029897670596,263,263
1,264,1,6.368265852332115,49.368672750890255,0.08896895498037338,0.04511984437704086,1.1343240974322766,0.1287563145160675,0.24233318865299225,0.08723651852509746,0.13985459702801772,0.1314411610364914,0.07915566116571426,0.07915566116571426,0.009338049239731496,0.0515515460692999,0.19135838374495506,274.21113858721094,319.3957740763808,0.0,274.6628895184136,320.4362606232295,0,274.0,316.0,0.0,1.2148325802417013,0.7054147421384206,264,264
1,265,1,11.432496383786201,111.93906255066395,0.13104736804962158,0.07127347588539124,1.2548131470976336,0.26430273056030273,0.35752978920936584,0.15042758399718686,0.20389628879902358,0.2039216011762619,0.08064373582601547,0.08064373582601547,0.04453910913114535,0.07627918262681782,0.2689676284790039,722.3318599659303,316.75638012254046,0.0,722.4990892531877,318.0,0,720.0,314.0,0.0,1.1836209687373094,0.7902475571220803,265,265
1,266,1,10.152630716562271,70.53401879966259,0.17889034748077393,0.04489517956972122,0.728343298310192,0.27443429827690125,0.3357106149196625,0.15619431871634262,0.21570036330172046,0.21606824547052383,0.08029037714004517,0.08029037714004517,0.05949995684373771,0.06212617652090937,0.2633950412273407,1008.2361456742657,319.8461346312288,0.0,1007.7003058103976,320.3394495412844,0,1007.0,315.0,0.0,1.0779442437159665,0.7531091510665221,266,266
1,267,1,5.673692926764488,38.48102060705423,0.09948601573705673,0.03555630147457123,0.4448634461802799,0.16375820338726044,0.20989017188549042,0.09953847239937699,0.13743221645376513,0.13286300003528595,0.07946023344993591,0.07946023344993591,0.022127882578228623,0.03926118818683186,0.17482295632362366,939.4142203415922,318.60019531093815,0.0,939.2821428571428,319.025,0,940.0,316.0,0.0,1.1322498510814982,0.7731655979481927,267,267
1,268,1,11.775869384407997,76.44858825206757,0.23139165341854095,0.04882839322090149,0.44583743901722295,0.29898932576179504,0.3835156559944153,0.22645902662323072,0.2749949217700272,0.2696243226528168,0.1737922579050064,0.1737922579050064,0.03098349697354051,0.05513048839781527,0.3249230533838272,35.027596447947595,320.6400183819441,0.0,34.60431654676259,320.5,0,36.0,322.0,0.0,1.0320905322301148,0.828179609592515,268,268
1,269,1,6.7701617404818535,71.50877292454243,0.10414433479309082,0.03473608195781708,0.5831804360750343,0.11073911190032959,0.23300038278102875,0.08462702175602317,0.13858289326461712,0.12696793675422668,0.039731722325086594,0.039731722325086594,0.01768091666888165,0.04394519827222857,0.1791183054447174,1218.2227669489475,318.979555503735,0.0,1218.0387596899225,319.5329457364341,0,1221.0,322.0,0.0,1.1160615031893306,0.7200269607088283,269,269
1,270,1,5.7852989584207535,25.186746053397655,0.10148333944380283,0.01992366835474968,0.2931194074022231,0.2435074895620346,0.2435074895620346,0.1112557492003991,0.13614457326160895,0.11449845880270004,0.07905156910419464,0.07905156910419464,0.040623159488922006,0.0449478834804271,0.17978757619857788,379.1046176476081,319.47763415845196,0.0,379.15675675675675,319.18918918918916,0,377.0,324.0,0.0,1.282828219911506,0.8643278182809806,270,270
1,271,1,10.415223777294159,84.69280693680048,0.11635980755090714,0.05665605515241623,1.4555928057264003,0.31734466552734375,0.3535293638706207,0.1407462672607319,0.18331776393246857,0.16542908549308777,0.07815732806921005,0.07815732806921005,0.06422497127815881,0.07820454336301672,0.25356172025203705,744.3730262075427,319.6277822194629,0.0,745.3744588744589,318.57142857142856,0,745.0,319.0,0.0,1.2717596673643277,0.766695973388134,271,271
1,272,1,9.798531919717789,73.86118507385254,0.1830240711569786,0.0250413715839386,0.8186229750627007,0.22855043411254883,0.27371108531951904,0.15310206124559045,0.20180651659522553,0.21255190670490265,0.05660732835531235,0.05660732835531235,0.05634748756892226,0.04561318190175514,0.23376459628343582,1024.1906861124019,325.1040062986363,0.0,1024.2459016393443,325.92076502732243,0,1028.0,320.0,0.0,1.038924645662137,0.81900350105559,272,272
1,273,1,8.039018914103508,77.88998386263847,0.0924123115837574,0.028937928378582,0.9366543297191112,0.12306605279445648,0.23927749693393707,0.08834086718795063,0.13383158739284962,0.11538685113191605,0.0783577710390091,0.07824897766113281,0.011680003822374701,0.04917649615324453,0.17983565479516983,296.18143817755436,325.3072047083002,0.0,296.37628865979383,326.2233676975945,0,295.0,321.0,0.0,1.285821199062623,0.7456636598620698,273,273
1,274,1,9.470068454742432,42.55489695072174,0.17805954068899155,0.029454417526721954,0.03601808874069436,0.2402592897415161,0.2687840461730957,0.17537163805078576,0.20557921232232726,0.21019615978002548,0.1388707458972931,0.1388707458972931,0.024706483002546274,0.03433062626547138,0.23714956641197205,12.660699727827067,326.6265284895667,0.0,12.68599033816425,326.6521739130435,0,15.0,325.0,0.0,1.0140958337495944,0.8587408787499916,274,274
1,275,1,12.699433110654354,98.14033260941505,0.15294118225574493,0.010487139225006104,0.3995890093576788,0.20561929047107697,0.208073228597641,0.1476678268680739,0.16248399438644875,0.16292111575603485,0.09181952476501465,0.09181952476501465,0.02966402333440331,0.018943456001530756,0.17390571534633636,358.1679514520763,321.1130236369602,0.0,358.5,320.8907284768212,0,359.0,333.0,0.0,1.0301509503436,0.9873061073276442,275,275
1,276,1,6.361122407019138,31.1303626075387,0.0977928563952446,0.020035117864608765,0.7369390689124994,0.236698180437088,0.2421080321073532,0.11359147155391318,0.13079984288881807,0.11138107627630234,0.07814726233482361,0.07814726233482361,0.04066531517590285,0.04475973058883545,0.16400710493326187,376.02734064490426,330.6469308877482,0.0,375.80252100840335,331.3487394957983,0,376.0,330.0,0.0,1.2989696986544257,0.853526338261048,276,276
1,277,1,7.51671389490366,43.73573724925518,0.11143820732831955,0.018946804106235504,1.4110593756608396,0.3321540951728821,0.35910123586654663,0.14455219028660884,0.16079315165167346,0.1242067739367485,0.08825519680976868,0.08825519680976868,0.07178776833635314,0.07676271675902943,0.18747830390930176,735.3981871121549,332.3409619156239,0.0,734.2977941176471,333.2242647058824,0,738.0,330.0,0.0,1.4075754980691935,0.8106928903158578,277,277
1,278,1,9.55128774791956,77.49467246234417,0.14731861650943756,0.05870237946510315,0.982667119640452,0.2877258360385895,0.3448478877544403,0.14046011393999353,0.202335959431708,0.19151415675878525,0.07992369681596756,0.07992369681596756,0.060273847408397564,0.07139378696884592,0.2644539475440979,702.121015774274,330.8489907980802,0.0,702.3289817232376,331.8093994778068,0,706.0,328.0,0.0,1.2215668938672268,0.771647915239808,278,278
1,279,1,7.558038592338562,65.33856123685837,0.11254983395338058,0.05121598392724991,0.5446866352635017,0.17105159163475037,0.27550172805786133,0.10353477523751455,0.16710629472342295,0.1514834687113762,0.07778162509202957,0.07778162509202957,0.02071602138882026,0.060950719626199266,0.22899967059493065,1298.7414267915349,327.0181917598267,0.0,1298.2736572890026,326.7391304347826,0,1304.0,327.0,0.0,1.163558396579933,0.6926072381603543,279,279
1,280,1,7.729941241443157,47.21545194089413,0.15966080129146576,0.05795101076364517,0.47632712813746647,0.3080168068408966,0.3148098289966583,0.14865271618159917,0.20984645307064057,0.21889597177505493,0.079593226313591,0.079593226313591,0.06574260188611983,0.06831118428219733,0.2737026885151863,340.6259211365706,328.0657032795385,0.0,340.3288888888889,327.6933333333333,0,341.0,326.0,0.0,1.0647689963073588,0.7321436227898217,280,280
1,281,1,6.621041834354401,37.287321120500565,0.11086177825927734,0.049125999212265015,1.2520600955330277,0.28446751832962036,0.29475992918014526,0.12982434969322354,0.17183097290553256,0.14846131950616837,0.07859284430742264,0.07859284430742264,0.06026715784379786,0.07005464255276604,0.24933915957808495,838.5628818797295,327.4357763871042,0.0,838.3732718894009,326.1981566820277,0,839.0,328.0,0.0,1.319707126334571,0.7898889990047364,281,281
1,282,1,9.714778110384941,55.87334103137255,0.13665899261832237,0.03398549556732178,0.824211085616487,0.18104715645313263,0.25604528188705444,0.13682786070964706,0.17086648633447263,0.1654110923409462,0.07960508018732071,0.07960508018732071,0.02465759249034709,0.04098805096326238,0.2083301767706871,851.219665190959,332.4419403293202,0.0,851.2232415902141,331.6177370030581,0,853.0,332.0,0.0,1.1119017531360655,0.7959267932838059,282,282
1,283,1,8.237729899585247,71.18434269726276,0.11463803239166737,0.03849742189049721,0.425527435669486,0.15094080567359924,0.28813305497169495,0.10698350518941879,0.16141574307769335,0.1434340924024582,0.07816215604543686,0.07816215604543686,0.021921583431436874,0.05992841562592013,0.2203034684062004,1282.8072033813219,332.520319906412,0.0,1282.639455782313,332.1292517006803,0,1286.0,332.0,0.0,1.2426718881396646,0.7371988462609337,283,283
1,284,1,6.351680584251881,34.38253411650658,0.08643887937068939,0.02127985656261444,0.61426336199765,0.22331781685352325,0.22331781685352325,0.10244646103632066,0.11091140037582767,0.1106622964143753,0.051282528787851334,0.051282528787851334,0.046424836465478375,0.030874388185977587,0.12927494198083878,1315.6557964649514,334.5009947774777,0.0,1316.1096774193547,334.0870967741935,0,1312.0,341.0,0.0,0.9973954169099354,0.9276374027742598,284,284
1,285,1,12.150854147970676,96.12887991964817,0.17358845472335815,0.06011839210987091,1.5798501459489518,0.2995518445968628,0.43876078724861145,0.18410385072682844,0.24032219979912042,0.23215994238853455,0.07986795902252197,0.07986795902252197,0.06411864267290185,0.0851553742919991,0.2929633557796478,45.91889215618132,334.3363407528763,0.0,47.365,334.9725,0,42.0,334.0,0.0,1.1824124213061664,0.7791834169229345,285,285
1,286,1,13.086249113082886,80.91556629538536,0.2310318574309349,0.04980243742465973,0.15998750830564484,0.35243314504623413,0.38877731561660767,0.21106853408198203,0.2790191941220185,0.291034460067749,0.14585617184638977,0.14585617184638977,0.04099208305638442,0.060717179502295604,0.3303372263908386,27.01558331445329,334.3645071664585,0.0,26.872413793103448,334.2931034482759,0,23.0,335.0,0.0,1.0049888108294662,0.7722431125470032,286,286
1,287,1,8.82739594578743,57.5759361833334,0.11979052424430847,0.06581427156925201,0.8688644021025683,0.2609499394893646,0.3155221939086914,0.12981464626157985,0.18815665419389999,0.18782581388950348,0.07815732806921005,0.07815732806921005,0.047526431369644725,0.07139772741239321,0.25242486596107483,864.3201711629099,333.92146364400264,0.0,864.9313725490196,333.30392156862746,0,864.0,333.0,0.0,1.1525896708258108,0.6753715932211899,287,287
1,288,1,8.443572953343391,29.1371303871274,0.1386975310742855,0.04653219133615494,0.7566633600074204,0.28732991218566895,0.31042224168777466,0.17231781537435492,0.1982117713410027,0.17804524302482605,0.09528294205665588,0.09528294205665588,0.052788582585716955,0.06344125806332407,0.26600243896245956,838.4026677284724,339.8766223301673,0.0,838.8163265306123,340.51020408163265,0,838.0,339.0,0.0,1.0819049862390782,0.8431469924212222,288,288
1,289,1,10.085744954645634,48.10595376044512,0.18599211052060127,0.05178794264793396,0.3510178151111101,0.3458096981048584,0.3458096981048584,0.20171489909291268,0.2393331032857966,0.25362417101860046,0.07983600348234177,0.07983600348234177,0.08276397641031077,0.0690317962145951,0.2989882156252861,348.3869322537692,339.10901446673296,0.0,348.07960199004975,339.2786069651741,0,353.0,341.0,0.0,1.0094826981074188,0.8458532774383455,289,289
1,290,1,7.18707711994648,66.63176813721657,0.09593465365469456,0.06103888526558876,0.2504303591331989,0.17672784626483917,0.3044096827507019,0.09845311123214356,0.16699691262460292,0.1470472663640976,0.07546161860227585,0.07546161860227585,0.023664429978018247,0.07341878453339484,0.2396419681608677,752.2222684716229,337.2384774480408,0.0,752.468671679198,337.28320802005015,0,749.0,339.0,0.0,1.1560875074467976,0.6187466508388371,290,290
1,291,1,8.033671870827675,59.36321973800659,0.11472068540751934,0.03366293013095856,0.2780819876569629,0.18200814723968506,0.2332189828157425,0.10711562494436899,0.15105144971502948,0.1554240584373474,0.07818453013896942,0.07818453013896942,0.026906022890841683,0.040595497311712,0.1845005452632904,1181.575019761292,337.82199849571197,0.0,1181.6310432569974,337.5496183206107,0,1188.0,335.0,0.0,1.1028678934976959,0.7450677774903346,291,291
1,292,1,7.266364678740501,52.87828277051449,0.09837275370955467,0.018888499587774277,0.4781612214038578,0.13956567645072937,0.17597812414169312,0.09953924217452742,0.1177690039432394,0.11214958876371384,0.07824049144983292,0.07824049144983292,0.015534897129531492,0.024044914805083424,0.1394532211124897,1209.9466751453515,338.2119300141915,0.0,1210.0801781737193,337.7527839643653,0,1210.0,344.0,0.0,1.1442337258351332,0.8566554236601972,292,292
1,293,1,5.39409801363945,50.600428976118565,0.0944429412484169,0.05244413763284683,0.5962782223069157,0.14900997281074524,0.2666208744049072,0.0899016335606575,0.1501496408786901,0.1447458118200302,0.07953191548585892,0.07953191548585892,0.01504715216439319,0.05653495202079767,0.20356136932969093,765.3141200779748,344.8190422787346,0.0,765.6587537091988,345.30563798219583,0,761.0,343.0,0.0,1.1039595351851004,0.6538057700144001,293,293
1,294,1,9.462667487561703,63.37142035365105,0.15146907418966293,0.0489087775349617,1.2074473766590643,0.22233061492443085,0.3447509706020355,0.15771112479269506,0.20508550276262474,0.1941184550523758,0.09629186987876892,0.09629186987876892,0.03467011027374575,0.06443403216557804,0.26001542806625366,16.80897375007308,345.9198302455298,0.0,15.669902912621358,346.3203883495146,0,18.0,341.0,0.0,1.1349415408581671,0.7534658351610596,294,294
1,295,1,6.392560184001923,61.19818414747715,0.08928458206355572,0.023616448044776917,0.6898451549559709,0.1069839745759964,0.22733727097511292,0.08638594843245842,0.1251496608332866,0.10585938766598701,0.0696849450469017,0.0696849450469017,0.00866155845173917,0.0413468816165329,0.16303187236189842,315.8859602431159,344.13079983437706,0.0,315.2310838445808,344.3476482617587,0,318.0,342.0,0.0,1.2187081643729956,0.7604678517173274,295,295
1,296,1,8.181324765086174,50.644696302711964,0.1015688069164753,0.04713176190853119,0.8782276793316598,0.20165647566318512,0.2556309103965759,0.10764901006692335,0.15117819791854317,0.14044250547885895,0.07815732806921005,0.07815732806921005,0.032110840263424284,0.05266980198876841,0.20272065326571465,829.2273173075483,342.3278299003722,0.0,829.2149253731343,343.20597014925374,0,828.0,336.0,0.0,1.1790913858543106,0.7386027780383012,296,296
1,297,1,7.295816577970982,37.753524482250214,0.11255748197436333,0.06399843096733093,1.2175348692600942,0.3494918942451477,0.3494918942451477,0.1488942158769588,0.18689863605074364,0.1592695564031601,0.06857086718082428,0.06857086718082428,0.09136337524633166,0.08543672153615801,0.27151328325271606,357.36736717754866,343.79408674481954,0.0,358.58415841584156,343.83663366336634,0,354.0,342.0,0.0,1.164599309030757,0.7635107654872557,297,297
1,298,1,8.92769057303667,104.14324994385242,0.09910561144351959,0.027377277612686157,0.45805991078478286,0.13267061114311218,0.27409827709198,0.09397569024249126,0.14073412154574652,0.12066283077001572,0.07898924499750137,0.07852152734994888,0.014908814477838114,0.05246363946698501,0.1797107458114624,277.31861499423485,346.9806184343993,0.0,277.65675675675675,346.6716216216216,0,281.0,349.0,0.0,1.3137434675354323,0.7625208897184227,298,298
1,299,1,7.503792054951191,43.201083317399025,0.12407407909631729,0.014948636293411255,0.3682753189543245,0.1719345897436142,0.18404264748096466,0.1271829161856134,0.1402632575240228,0.14025472104549408,0.09974583238363266,0.09974583238363266,0.016082344657595875,0.01954008412148557,0.15514828264713287,1193.6697989067152,349.3597286847705,0.0,1193.9967532467533,349.5292207792208,0,1187.0,347.0,0.0,1.0334034789062982,0.9002209273720484,299,299
1,300,1,11.277451798319817,66.62474493682384,0.16980794072151184,0.04174136370420456,0.44665125044728365,0.24688543379306793,0.303440660238266,0.17621018434874713,0.21285861002180143,0.21327489614486694,0.11682098358869553,0.11682098358869553,0.03081991628171521,0.04823922407300432,0.25298941880464554,36.60498051716094,350.59723982991113,0.0,36.73162939297124,351.0255591054313,0,33.0,348.0,0.0,1.0355325883177726,0.8007343387036435,300,300
1,301,1,6.91388551145792,48.40294326841831,0.09598640352487564,0.038203589618206024,0.45985855205871773,0.13568179309368134,0.23416031897068024,0.09471076043093041,0.1407062304314486,0.12734368443489075,0.07814333587884903,0.07814333587884903,0.014455828608070138,0.04753189706106356,0.1885647475719452,563.4211563678402,347.9670821889823,0.0,563.8808139534884,347.95348837209303,0,566.0,347.0,0.0,1.2135371045721464,0.7565168721770222,301,301
1,302,1,9.913773328065872,62.86090328544378,0.10467081516981125,0.027688510715961456,1.7658688270661247,0.2738493084907532,0.33106374740600586,0.12709965805212656,0.16035944715674436,0.1215319111943245,0.07898774743080139,0.07898774743080139,0.05411073088625236,0.0713157056030145,0.22969746589660645,865.9523116870771,350.6415847034939,0.0,867.045918367347,352.0280612244898,0,860.0,351.0,0.0,1.303970232488635,0.7313351439791133,302,302
1,303,1,7.148219220340252,55.69179601222277,0.10674019902944565,0.036326244473457336,0.11701297575657502,0.14477966725826263,0.244056835770607,0.10067914394845426,0.1481164787559116,0.13056397438049316,0.07971780002117157,0.07971780002117157,0.017369697203845215,0.049482484757899015,0.1956903636455536,979.371006476263,347.9593755247768,0.0,979.3989361702128,347.84574468085106,0,980.0,345.0,0.0,1.2055555773742304,0.7446136808282526,303,303
1,304,1,6.631078742444515,53.41802881658077,0.10018263757228851,0.03129640966653824,0.309783373058285,0.11092525720596313,0.25029322504997253,0.08960917219519615,0.14169238412886145,0.12048941105604172,0.07339715957641602,0.07339715957641602,0.009071639468887536,0.050584584421341686,0.19177468493580818,1334.310708919862,349.9727067620367,0.0,1334.15649867374,350.2413793103448,0,1337.0,346.0,0.0,1.2035644330638557,0.7298519360407647,304,304
1,305,1,12.035120666027069,107.28346210718155,0.18271734192967415,0.03973298519849777,0.5430835995448602,0.24484242498874664,0.3246646225452423,0.15429641879521883,0.2158620967951339,0.21506674587726593,0.07928092032670975,0.07928092032670975,0.04263036771338026,0.05592224776084762,0.2612329423427582,1306.4803940372767,349.61231209133035,0.0,1306.4285714285713,350.1529175050302,0,1309.0,347.0,0.0,1.1517914054716163,0.8238457892365831,305,305
1,306,1,8.394769720733166,62.91943967342377,0.11049187928438187,0.026767119765281677,1.405623879982767,0.1699875146150589,0.2987542152404785,0.1182361932497629,0.15421431292505824,0.12933386862277985,0.07869265228509903,0.07869265228509903,0.026282083264968444,0.05888321366543774,0.1975490301847458,849.5742099351502,354.68993435785836,0.0,849.1887254901961,356.0416666666667,0,848.0,349.0,0.0,1.2643652360821314,0.7636363659228421,306,306
1,307,1,8.618057399988174,77.10251588374376,0.1196894682943821,0.041732802987098694,0.5822289903156526,0.15354323387145996,0.2984832227230072,0.1119228233764698,0.16834610454965887,0.15117116272449493,0.07250887900590897,0.07250887900590897,0.026277244742540472,0.0601145685080965,0.2248692512512207,1281.7355291858585,351.59499638117734,0.0,1281.1550218340612,351.6397379912664,0,1283.0,353.0,0.0,1.2029450761210143,0.7466296185200102,307,307
1,308,1,4.88270016759634,41.33259639143944,0.0968378596007824,0.04680277034640312,0.2629769576299414,0.1001167818903923,0.23748274147510529,0.0856614064490586,0.14605157735490967,0.14696048200130463,0.07616272568702698,0.07616272568702698,0.0061845574493039485,0.04909242912796007,0.1916532889008522,383.17812506147965,354.3256122854199,0.0,383.41696113074204,354.2155477031802,0,386.0,351.0,0.0,1.1582033456117697,0.7525210622815066,308,308
1,309,1,9.154988043010235,65.82689919322729,0.11642400547862053,0.04558182507753372,1.1098199877446702,0.2135562300682068,0.3053398132324219,0.12371605463527344,0.16707334820616063,0.15019330382347107,0.07985664159059525,0.07985664159059525,0.03649497731321725,0.06279746265543053,0.227995403110981,1179.2787325255433,356.40997357529216,0.0,1178.6116751269035,357.29695431472084,0,1179.0,355.0,0.0,1.2597490421561082,0.7574311011507439,309,309
1,310,1,9.5701207742095,36.36548434197903,0.09274568408727646,0.04024748504161835,1.392459966932896,0.2436937838792801,0.2811046242713928,0.11000138820930459,0.14317119819676782,0.12999504804611206,0.07171347737312317,0.07171347737312317,0.04465113103517405,0.055950254224852475,0.1828412562608719,69.05656786058664,355.20132883679634,0.0,67.71653543307086,354.8228346456693,0,75.0,355.0,0.0,1.2233458430765942,0.8017965486241191,310,310
1,311,1,7.346609301865101,52.15124522894621,0.11176984012126923,0.024496063590049744,0.6278644208556128,0.1522561013698578,0.2414228618144989,0.11131226214947122,0.14486457008040612,0.12771014869213104,0.08433793485164642,0.08433793485164642,0.016418458781045857,0.03998792778950852,0.1828836351633072,963.2753951932282,357.0975580569119,0.0,963.4055555555556,356.48333333333335,0,965.0,357.0,0.0,1.140774824677912,0.7972110776676368,311,311
1,312,1,9.179209977388382,64.69879868626595,0.1101557444781065,0.05125997215509415,0.7861074156294655,0.2006348818540573,0.2884085774421692,0.11768217919728695,0.16379442705383784,0.14709577709436417,0.07843700051307678,0.07843700051307678,0.02899167362170455,0.06023589687673515,0.21991406753659248,1208.8716960904478,357.31978782719193,0.0,1209.653164556962,357.40506329113924,0,1206.0,357.0,0.0,1.1926707594508712,0.7043084700201588,312,312
1,313,1,7.521572187542915,54.21937666833401,0.10807161033153534,0.037446826696395874,0.8098249364550234,0.1972382366657257,0.24749422073364258,0.11571649519296792,0.14977728361418233,0.13641346991062164,0.07996144145727158,0.07996144145727158,0.036303002051272244,0.04752538592745647,0.19617197662591934,19.917647274727468,361.1152368833319,0.0,19.662983425414364,361.8839779005525,0,21.0,356.0,0.0,1.2641003257903063,0.8088128792104158,313,313
1,314,1,9.847132101655006,50.30065096914768,0.130839966237545,0.04922700673341751,0.8541632589075242,0.25749021768569946,0.2842019498348236,0.14697212092022396,0.17526359222699542,0.16321583092212677,0.07958880811929703,0.07958880811929703,0.04961010558317345,0.055300943563319785,0.22670196741819382,43.984344493419506,359.4667559941208,0.0,43.637630662020904,360.2473867595819,0,41.0,362.0,0.0,1.2066228687968286,0.8344744637973922,314,314
1,315,1,5.633808225393295,21.6488058231771,0.08970423601567745,0.033200703561306,1.1566798682658235,0.24889497458934784,0.24889497458934784,0.11737100469569366,0.13615601146652265,0.12024136632680893,0.04487378150224686,0.04487378150224686,0.05959156674154242,0.05489469202854465,0.18788594007492065,72.29793747245326,363.8844658847448,0.0,71.9119496855346,364.97484276729557,0,75.0,359.0,0.0,1.150486235891091,0.8440738852331023,315,315
1,316,1,7.628274083137512,54.58580292761326,0.09370269626379013,0.02454196661710739,0.7036504207509559,0.1768278032541275,0.23202572762966156,0.09417622324861126,0.12996619744669824,0.11104311794042587,0.0782644972205162,0.0782644972205162,0.021488034418559742,0.0435334894918084,0.17011281847953796,946.5866221945594,358.4857490367569,0.0,946.0285714285715,358.0571428571429,0,949.0,358.0,0.0,1.2445625412182912,0.7872071989786871,316,316
1,317,1,8.91336378455162,52.89179726690054,0.09797901473939419,0.015620451420545578,0.5398018977435044,0.20738837122917175,0.20738837122917175,0.10738992511507976,0.1210338610226557,0.10632499307394028,0.0782611295580864,0.0782611295580864,0.033480540214615336,0.031242453234561245,0.14888431876897812,541.2442490348226,360.7887164476728,0.0,540.7070938215103,360.8421052631579,0,548.0,355.0,0.0,1.247621468889936,0.8880821348431976,317,317
1,318,1,9.550865963101387,75.88115782290697,0.12038681656122208,0.04080650955438614,0.972063727791261,0.23307311534881592,0.30145230889320374,0.12244699952694085,0.1675080746642538,0.14725103974342346,0.07841227948665619,0.0783577710390091,0.03597204075284073,0.05811905020578962,0.21908871829509735,254.48946856024818,360.4575239230921,0.0,254.47019867549668,359.48565121412804,0,258.0,367.0,0.0,1.1447718070067063,0.7248209184493818,318,318
1,319,1,6.030092895030975,60.527005054056644,0.08825354836881161,0.03852127492427826,0.8588045974693167,0.11166022717952728,0.29150158166885376,0.08493088584550669,0.1472676521996512,0.12034111842513084,0.0781877189874649,0.0781877189874649,0.00795532511050269,0.06444958257462224,0.2101006880402565,305.15087741800556,361.56024368154635,0.0,304.48175182481754,361.021897810219,0,308.0,362.0,0.0,1.3188120909577556,0.6956316087702471,319,319
1,320,1,10.295316345989704,62.780785247683525,0.10246013104915619,0.03721259906888008,1.5183000483502618,0.2054392248392105,0.2054392248392105,0.1271026709381445,0.13982357516187868,0.1401982232928276,0.07970284670591354,0.07970284670591354,0.03663218555768152,0.03641788476395995,0.17524365708231926,555.9197936396135,367.05665529457167,0.0,556.3875278396437,368.5011135857461,0,548.0,356.0,0.0,1.1404990273836741,0.8323433089442457,320,320
1,321,1,4.842964984476566,17.425855822861195,0.09610135108232498,0.024917490780353546,0.8188527440483715,0.2062612622976303,0.2062612622976303,0.12417858934555298,0.1310214723523398,0.11569986492395401,0.08459265530109406,0.08459265530109406,0.040807198586392854,0.038104080692956135,0.17292018979787827,565.0426865982597,363.1170869497094,0.0,565.8195488721805,363.37593984962405,0,560.0,363.0,0.0,1.150156113626634,0.8942851284622237,321,321
1,322,1,7.33474188297987,58.68410573154688,0.1046186089515686,0.037327542901039124,0.823636168876572,0.1578865498304367,0.2298697680234909,0.10630060699970825,0.14525768745432396,0.12978041172027588,0.0797436535358429,0.0797436535358429,0.021534443826090443,0.04631337050088999,0.19340364634990692,981.0914199404663,365.75200988028797,0.0,981.8514851485148,366.0693069306931,0,977.0,367.0,0.0,1.1715001927598456,0.7389402747572774,322,322
1,323,1,7.731849774718285,70.88597041368484,0.09477049112319946,0.023473352193832397,1.2493056373968567,0.2205362468957901,0.30501896142959595,0.09912627916305493,0.14496108469056204,0.1104804202914238,0.07903631776571274,0.07903631776571274,0.03125530201531762,0.06674923187379274,0.19705884158611298,52.26051212236982,370.03739955616544,0.0,52.82208588957055,371.15337423312883,0,54.0,367.0,0.0,1.363465322623577,0.7094766790800527,323,323
1,324,1,8.680584788322449,101.94021344929934,0.10507225058972836,0.027201909571886063,0.09311337691209948,0.12914161384105682,0.23149791359901428,0.09435418248176575,0.13907259679304138,0.12465197592973709,0.07821329683065414,0.07821329683065414,0.012524947615074819,0.04006558652961164,0.17893007770180702,506.6261129162239,364.4594672851246,0.0,506.70668485675304,364.50613915416096,0,514.0,364.0,0.0,1.2004688147344977,0.7842741998289677,324,324
1,325,1,7.909126620739698,77.85567215457559,0.09269862808287144,0.024360179901123047,0.49676069728074085,0.10147611796855927,0.26006725430488586,0.08413964490148615,0.14078783391424157,0.10737330466508865,0.05272059515118599,0.05272059515118599,0.011791010573691082,0.05815801470634277,0.1970687136054039,579.5803288529908,365.46286669371347,0.0,579.128390596745,365.66907775768533,0,577.0,371.0,0.0,1.231668715420834,0.6791513823915262,325,325
1,326,1,10.003444515168667,61.67059364914894,0.2035898007452488,0.010444998741149902,0.6489096341160916,0.23307311534881592,0.25500670075416565,0.17549902658190644,0.20488569318654135,0.22245992720127106,0.07965249568223953,0.07965249568223953,0.05441158414534536,0.04288164008922058,0.23078175634145737,240.7324460864252,369.45324140437765,0.0,240.468438538206,368.86046511627904,0,241.0,364.0,0.0,1.084649262347447,0.9151137937962046,326,326
1,327,1,8.721313305199146,66.53383357822895,0.10295960493385792,0.03578784689307213,0.627334640980477,0.23488961160182953,0.30840304493904114,0.11785558520539387,0.16188280675968114,0.12623722851276398,0.0783807560801506,0.0783807560801506,0.03733536617639506,0.06958401665410299,0.23372304067015648,1208.7942759017867,371.46753590812625,0.0,1209.1411192214111,371.9902676399027,0,1208.0,369.0,0.0,1.2852727457483624,0.6943135370188049,327,327
1,328,1,8.76389216631651,68.23969618976116,0.12044534645974636,0.030728228390216827,0.6462516084087792,0.16508764028549194,0.22293522953987122,0.11843097522049337,0.1513075303542376,0.14746470749378204,0.07904067635536194,0.07904067635536194,0.023313935318210306,0.03732708690174358,0.1854827105998993,271.42885736700936,368.880493064329,0.0,271.99334811529934,369.1951219512195,0,268.0,375.0,0.0,1.0991517394361046,0.7863193472894132,328,328
1,329,1,6.468548357486725,27.000940173864365,0.10323362052440643,0.03587859123945236,1.1696583135089862,0.2016475945711136,0.21494977176189423,0.13201119096911684,0.13990124442416768,0.1390952616930008,0.07849574834108353,0.07849574834108353,0.03912511708771113,0.039741253723403876,0.17622431740164757,953.0714904187915,370.80490062170566,0.0,952.1139896373057,371.47668393782385,0,958.0,369.0,0.0,1.1232648420252513,0.8605278791206707,329,329
1,330,1,9.893161058425903,102.46125977486372,0.12879256904125214,0.04242163896560669,0.5291476066317677,0.24426205456256866,0.2685747742652893,0.11115911301602138,0.16963784730937703,0.1659659445285797,0.08014906942844391,0.08014906942844391,0.03553198709382228,0.05085180367854197,0.2141413390636444,1306.8680812549296,372.15088507131753,0.0,1307.3493377483444,372.3708609271523,0,1305.0,369.0,0.0,1.1163308860722858,0.8342128645922057,330,330
1,331,1,4.873190157115459,16.12136911600828,0.09396354109048843,0.040561676025390625,0.8067332098908707,0.19947250187397003,0.19947250187397003,0.11075432175262408,0.13214236980334657,0.12534628808498383,0.07823888957500458,0.07823888957500458,0.039422367768873194,0.04170040898071371,0.17585217952728271,956.2548626961554,378.1645261975163,0.0,955.7131147540983,378.76229508196724,0,956.0,374.0,0.0,1.1152385918510943,0.8284628270041287,331,331
1,332,1,5.571842432022095,49.03138679265976,0.09517921134829521,0.03594549745321274,0.6691645222821917,0.11984863877296448,0.2913643419742584,0.08986842632293701,0.14857995997775686,0.12166693061590195,0.07872836291790009,0.07872836291790009,0.009992781621228497,0.06060004784319663,0.2022779881954193,287.127902344234,377.33170567945945,0.0,287.030303030303,376.669696969697,0,289.0,381.0,0.0,1.257940175113564,0.7078500204919533,332,332
1,333,1,9.292315185070038,66.01198522746563,0.1545872651040554,0.018095314502716064,0.8005386017836754,0.21947258710861206,0.23516707122325897,0.14295869515492365,0.17417410350254783,0.18590331822633743,0.07917153835296631,0.07917153835296631,0.046150819719589974,0.03574058818445382,0.2003316767513752,256.62775162504744,383.6508423835509,0.0,257.2532981530343,384.1503957783641,0,250.0,378.0,0.0,1.089631527538021,0.9186119771169807,333,333
1,334,1,9.220649287104607,60.936191745102406,0.09710761159658432,0.02035754919052124,0.2505846355347044,0.18216992914676666,0.20418094098567963,0.10976963437029294,0.12855736655084896,0.11061161011457443,0.07971012592315674,0.07971012592315674,0.026923697639824478,0.036649438765850646,0.16382189095020294,514.8979341679546,380.42088991488936,0.0,515.1097046413502,380.5548523206751,0,519.0,381.0,0.0,1.2192496331527176,0.8234770893279759,334,334
1,335,1,5.477500945329666,35.58533449470997,0.1069839745759964,0.02826998010277748,0.5323844558306425,0.14787490665912628,0.18596389889717102,0.09959092627872121,0.13327840634722835,0.13530634343624115,0.06699613481760025,0.06699613481760025,0.021744436031302924,0.03229245311845662,0.1634514033794403,970.9631992173777,379.6129398449948,0.0,971.3033707865169,380.02247191011236,0,967.0,375.0,0.0,1.0339881141265912,0.7668717585330015,335,335
1,336,1,5.910298898816109,38.982310861349106,0.10350581631064415,0.028727330267429352,0.19225352435628237,0.14561544358730316,0.19082047045230865,0.0953274015938082,0.13214342664864104,0.1344708502292633,0.07433763891458511,0.07433763891458511,0.016542993212367272,0.03171849981183535,0.16125015169382095,1273.2845155326677,379.7895755292252,0.0,1273.4101694915255,379.64406779661016,0,1275.0,380.0,0.0,1.0825919680532003,0.7867747025810083,336,336
1,337,1,10.633916571736336,88.47056579589844,0.1612195037305355,0.025782398879528046,0.6459172853681108,0.25124138593673706,0.3320639133453369,0.16111994805661115,0.20432001338544672,0.1760290488600731,0.12637189030647278,0.12637189030647278,0.026513962771635737,0.05713185348695192,0.2527029663324356,1189.6642199032249,382.21605013773484,0.0,1189.6443418013857,381.5704387990762,0,1187.0,382.0,0.0,1.1914348102714019,0.8245169678589468,337,337
1,338,1,11.562673777341843,66.53099143505096,0.15127352625131607,0.02971908450126648,0.3630868033456619,0.2287135273218155,0.24455438554286957,0.1700393202550271,0.1798134903650026,0.17903870344161987,0.09842801094055176,0.09842801094055176,0.03563124603488373,0.03372922072553269,0.20950188487768173,237.22108412802456,383.594475132321,0.0,236.85945945945946,383.62702702702705,0,241.0,385.0,0.0,1.09076034974568,0.9036230928224611,338,338
1,339,1,7.43361884355545,47.939389146864414,0.08876735530793667,0.031119007617235184,0.3471636895430603,0.09853971749544144,0.21707165241241455,0.08447294140403921,0.12716018341343346,0.11435035988688469,0.07418493926525116,0.07418493926525116,0.005881462368767945,0.042050604647721423,0.16900822520256042,542.0941314015463,386.2060789549426,0.0,541.9973474801061,385.87267904509287,0,540.0,385.0,0.0,1.20315897868868,0.755250554041992,339,339
1,340,1,5.340176481753588,38.817514691501856,0.10156333446502686,0.02427181601524353,0.4723896518683041,0.16301000118255615,0.18036629259586334,0.09368730669743136,0.12401761882268963,0.12950579822063446,0.050120122730731964,0.050120122730731964,0.023006310312776928,0.027884757205503024,0.1470184214413166,1258.4927655521742,387.2509694301736,0.0,1258.258785942492,387.66134185303514,0,1264.0,388.0,0.0,1.0895966044848324,0.8345058170247176,340,340
1,341,1,7.058593243360519,70.26597183197737,0.09654819220304489,0.0353352427482605,0.7487232521056235,0.1599082201719284,0.21532903611660004,0.09287622688632262,0.13564859427022657,0.12446296215057373,0.07865851372480392,0.07865851372480392,0.01745854233434868,0.04206330622799074,0.17875175923109055,1078.814984116489,391.5098049617931,0.0,1078.584942084942,390.7972972972973,0,1082.0,391.0,0.0,1.2438942602508944,0.7863376173332025,341,341
1,342,1,7.140669144690037,54.81209076941013,0.09450849331915379,0.028249885886907578,0.6176136319378432,0.17544108629226685,0.19810545444488525,0.09917596034291717,0.12485669879136704,0.1184188649058342,0.07827161252498627,0.07827161252498627,0.026039459898781408,0.03341590390649474,0.1554056853055954,519.8577752204634,393.45077683789276,0.0,519.8496583143508,394.06833712984053,0,518.0,390.0,0.0,1.1610411529931757,0.8028940197986465,342,342
1,343,1,6.61114277690649,34.70590214431286,0.11257877945899963,0.03852643072605133,0.7963431123952136,0.2335919439792633,0.2411634474992752,0.12713736109435558,0.15089522671440372,0.14824819564819336,0.07871343940496445,0.07871343940496445,0.04702039121191355,0.04524332422904788,0.189892016351223,1171.244088043051,388.7276011310895,0.0,1170.986956521739,387.97391304347826,0,1171.0,389.0,0.0,1.2009623743515538,0.8515564480134832,343,343
1,344,1,8.474025763571262,54.245190374553204,0.11944802291691303,0.03271510452032089,1.087652856104738,0.20876860618591309,0.23604336380958557,0.13240665255580097,0.1519473119735384,0.14981096982955933,0.07938027381896973,0.07938027381896973,0.037707231326074606,0.038345240754286955,0.18689821287989616,225.3854028535606,391.5433060646561,0.0,224.31932773109244,391.327731092437,0,231.0,395.0,0.0,1.2014696259019761,0.854943519781065,344,344
1,345,1,7.355687849223614,36.5093839392066,0.10565580800175667,0.04603136330842972,0.7316558885505692,0.25778764486312866,0.25778764486312866,0.13878656319289837,0.1580492811221065,0.16426067799329758,0.07866429537534714,0.07866429537534714,0.06126832795538266,0.051411186114372454,0.19549403712153435,383.78183559401924,394.40909333233753,0.0,383.31168831168833,393.8484848484849,0,387.0,397.0,0.0,1.171142697039901,0.8713031948295578,345,345
1,346,1,6.468033313751221,25.137898162007332,0.17942550778388977,0.040620267391204834,0.39493116576556614,0.3011731803417206,0.30823612213134766,0.19023627393385945,0.2205078786140994,0.21743789315223694,0.14366714656352997,0.14366714656352997,0.04300362393998085,0.045261907175822756,0.2580581605434418,1182.8006745881046,393.37459525686177,0.0,1182.4649122807018,393.1666666666667,0,1185.0,394.0,0.0,1.022795329037576,0.8714455669811462,346,346
1,347,1,7.439192488789558,60.100897677242756,0.12667609751224518,0.0522313192486763,0.3381845628970818,0.2092709243297577,0.31272077560424805,0.11623738263733685,0.18267750053873177,0.15547557920217514,0.07929486781358719,0.07929486781358719,0.03330786760397126,0.06952406217025672,0.2544724717736244,1203.8471508528332,395.3749631733126,0.0,1204.130699088146,395.55927051671733,0,1205.0,397.0,0.0,1.1786093260517274,0.6995788195876946,347,347
1,348,1,7.1599290817976,41.36108586937189,0.11085820198059082,0.04328423738479614,0.902971069816268,0.26202523708343506,0.26202523708343506,0.13509300154335094,0.1531892069235996,0.13950075209140778,0.0792405903339386,0.0792405903339386,0.057545563058781384,0.05227622338245652,0.20199456065893173,392.9037413270658,400.5743544665666,0.0,393.7962962962963,400.7111111111111,0,388.0,397.0,0.0,1.140647482395014,0.8209646445889568,348,348
1,349,1,5.912849634885788,25.553043112158775,0.1238143015652895,0.05972340703010559,1.1168607945488962,0.30845192074775696,0.3111697733402252,0.15560130618120493,0.18383484253351637,0.16988755762577057,0.078961580991745,0.078961580991745,0.06657148360439614,0.06978236658223,0.25097766518592834,1189.1572970549228,401.20671614081374,0.0,1189.6043165467627,402.23021582733816,0,1189.0,399.0,0.0,1.1443382243507638,0.8205389167925147,349,349
1,350,1,6.511346638202667,33.485889829695225,0.11081530153751373,0.03823202848434448,0.7767822375358328,0.22167398035526276,0.2289046347141266,0.13022693276405334,0.15945661823664392,0.17375965416431427,0.07833053916692734,0.07833053916692734,0.05281193318753882,0.04777600667675631,0.2026052623987198,1176.074922038321,402.70258806620745,0.0,1176.1857142857143,403.4714285714286,0,1179.0,405.0,0.0,1.0770555061096199,0.8169627988981041,350,350
1,351,1,8.684420458972454,36.63870168477297,0.11470725201070309,0.042242661118507385,0.8869207052138652,0.22924068570137024,0.2594485282897949,0.13784794379321355,0.16730000769302725,0.18135301023721695,0.07849499583244324,0.07849499583244324,0.04979712897566551,0.05380189183324836,0.21191516146063805,229.97353339486665,405.21289827456593,0.0,229.32876712328766,405.82191780821915,0,227.0,404.0,0.0,1.113870887640346,0.7939442607282525,351,351
1,352,1,6.488058529794216,33.83635229617357,0.1023342814296484,0.04396685212850571,1.100843365158404,0.22442995011806488,0.24094529449939728,0.13804379850625992,0.15038378798299365,0.1435072347521782,0.07932914793491364,0.07932914793491364,0.051687958960158736,0.0494703988014839,0.19270772114396095,242.19506846572,403.46818609501366,0.0,243.28444444444443,403.62666666666667,0,237.0,402.0,0.0,1.204514195252951,0.8531710629555486,352,352
1,353,1,9.580684870481491,130.535489782691,0.11949226632714272,0.04562327265739441,0.41117069288932906,0.155877023935318,0.3261086940765381,0.10301811688689776,0.1749805493065563,0.15284918248653412,0.0783245861530304,0.07821249961853027,0.021011896447255284,0.06841990203602873,0.2338016852736473,175.14266275030712,404.1926993686532,0.0,175.53217158176943,404.3243967828418,0,180.0,409.0,0.0,1.2776620439015807,0.7214181156303747,353,353
1,354,1,8.879091382026672,85.58268309384584,0.12068674713373184,0.03593076020479202,0.32736893465287786,0.1558205932378769,0.26409944891929626,0.1044598986120785,0.15504109256131493,0.1414928138256073,0.07084386050701141,0.07084386050701141,0.022415895308302975,0.04832106656088671,0.19631808996200562,150.40447729131404,409.1677524311665,0.0,150.20108695652175,408.911231884058,0,144.0,409.0,0.0,1.2157799831050793,0.7900092025930663,354,354
1,355,1,7.875361889600754,99.86094936728477,0.10563978552818298,0.03177265822887421,0.4157720480279096,0.13209836184978485,0.23857836425304413,0.09157397546047388,0.14025414236978198,0.13264800608158112,0.07846686989068985,0.07846686989068985,0.014133082229786821,0.04101795862892784,0.17461885511875153,1095.0163415970808,409.1753274074886,0.0,1095.2247191011236,409.53511235955057,0,1096.0,411.0,0.0,1.2022730097569458,0.7916082644804856,355,355
1,356,1,10.436954453587532,74.67623262107372,0.14742563664913177,0.03318214416503906,0.7655246744980992,0.27358654141426086,0.27358654141426086,0.1605685300551928,0.19346174254164178,0.2094622552394867,0.07864046096801758,0.07864046096801758,0.05621634969701742,0.04932925964254012,0.23248672485351562,375.22763551828723,409.9308783606594,0.0,374.5984455958549,409.49481865284974,0,376.0,420.0,0.0,1.187309461755593,0.8753847568578867,356,356
1,357,1,6.272356018424034,42.40304049104452,0.12826375663280487,0.03793282061815262,0.26127579735851886,0.13967102766036987,0.2610582411289215,0.110041333656562,0.1643528701203276,0.16066454350948334,0.07919224351644516,0.07919224351644516,0.02086733843004745,0.04866608589259873,0.20473235100507736,396.7893050170753,415.72523063983976,0.0,396.9341085271318,415.5077519379845,0,396.0,420.0,0.0,1.0848610859583834,0.7290184371224037,357,357
1,358,1,4.160122599452734,27.57682964205742,0.0735083520412445,0.017594777047634125,0.1919090353640724,0.16614212095737457,0.16614212095737457,0.07428790356165596,0.09131400543727622,0.09484551846981049,0.052185822278261185,0.04959253966808319,0.021112945068824208,0.02150867002869971,0.109701007604599,165.42733211678402,427.0243352969536,0.0,165.44701986754967,427.21523178807945,0,174.0,424.0,0.0,1.0001704271990575,0.7938783682311807,358,358
1,359,1,8.247888185083866,68.37316497415304,0.12673941627144814,0.033146969974040985,0.7906354268877759,0.23892737925052643,0.2694678008556366,0.11782697407262666,0.16635806563054267,0.1526985689997673,0.07879598438739777,0.07879598438739777,0.034194469481334484,0.049354190785682026,0.21069339662790298,181.93117391121845,428.72330116517514,0.0,182.68126520681264,428.9732360097324,0,177.0,424.0,0.0,1.2059794920501892,0.8057061995042478,359,359
1,360,1,11.449769578874111,55.29858832061291,0.15639131516218185,0.05035460740327835,0.9236149329913573,0.27557554841041565,0.2954889237880707,0.178902649669908,0.20557096029967623,0.21621530503034592,0.09921509027481079,0.09921509027481079,0.05104372617016478,0.05578582849544539,0.25644156336784363,372.52805177587675,422.85437974346974,0.0,371.7360594795539,422.3791821561338,0,371.0,423.0,0.0,1.115478611111119,0.8266480223382335,360,360
1,361,1,7.188224241137505,41.355993054807186,0.11845411919057369,0.04961063712835312,0.9660887455228526,0.18843737244606018,0.2715139091014862,0.12393490070926733,0.16879997165227423,0.16447407007217407,0.07952941954135895,0.07952941954135895,0.028060111120009786,0.05331681179406074,0.21808744594454765,387.9013234851227,429.285630487438,0.0,388.32244897959185,430.1551020408163,0,387.0,427.0,0.0,1.1055378629475563,0.7332781801555673,361,361
1,362,1,7.116428308188915,59.18963252007961,0.09812561422586441,0.03218446671962738,0.5991555055509119,0.167193204164505,0.2326473742723465,0.0948857107758522,0.13861740637020986,0.12051193416118622,0.07824897766113281,0.07824897766113281,0.01983252873102584,0.04797267929090995,0.18817592784762383,1142.1919729607807,428.17500360489373,0.0,1142.4192037470725,427.62060889929745,0,1140.0,433.0,0.0,1.2709700375496324,0.7677272715523963,362,362
1,363,1,12.58107079565525,128.60114534199238,0.11162373423576355,0.041393838822841644,0.6660801542220786,0.25057950615882874,0.25057950615882874,0.11981972186338334,0.1545686843052793,0.14886274933815002,0.07828473299741745,0.07828473299741745,0.04878016755713643,0.04750160313721853,0.19972391426563263,366.38012038556667,436.9052480102309,0.0,366.296875,437.5661057692308,0,376.0,432.0,0.0,1.1929208166503018,0.8134208749987867,363,363
1,364,1,7.350725904107094,54.442663572728634,0.09952051937580109,0.03312082588672638,0.6527730147007181,0.15547262132167816,0.23125199973583221,0.09304716334312776,0.138179349169362,0.12278997153043747,0.078140489757061,0.078140489757061,0.01796827145034595,0.045366271140682674,0.18657859414815903,1127.0128686813277,433.83484983172787,0.0,1126.3604060913706,433.8147208121827,0,1131.0,437.0,0.0,1.2090365677725894,0.7606914990358378,364,364
1,365,1,12.384248942136765,98.62750725448132,0.09175927564501762,0.03156330808997154,1.234300694887712,0.3071923553943634,0.3146849572658539,0.12261632615976994,0.16141981547378284,0.11269106343388557,0.07880757749080658,0.07880757749080658,0.06775134504276972,0.07848360318333887,0.24788374826312065,799.9125636352114,444.9081045289064,0.0,798.7266775777414,445.25040916530276,0,801.0,447.0,0.0,1.341359745897813,0.6687851103735102,365,365
1,366,1,8.13923316448927,100.09207496792078,0.1418616622686386,0.02649211883544922,0.5233349141268908,0.14608588814735413,0.2381894886493683,0.09925894103035694,0.16462512330250129,0.16560903191566467,0.07133950293064117,0.07133950293064117,0.017747686489118356,0.038218821051652335,0.19468919932842255,1238.095367842416,440.9393846812655,0.0,1237.6842105263158,441.2631578947368,0,1242.0,434.0,0.0,1.1160089843533672,0.857017605337279,366,366
1,367,1,10.835376389324665,82.15415079891682,0.1298060230910778,0.03815364092588425,0.8661157942164326,0.22630897164344788,0.2801259160041809,0.1354422048665583,0.1680043983617931,0.15698310732841492,0.07852152734994888,0.07852152734994888,0.047696987942148314,0.05208516060924121,0.21268044412136078,102.973575020232,443.26491200683216,0.0,103.03271983640082,442.40081799591,0,101.0,447.0,0.0,1.286361101981629,0.8302561731393362,367,367
1,368,1,6.969422921538353,73.94543723762035,0.12425287812948227,0.04060325026512146,0.45474270401301364,0.14850810170173645,0.25069257616996765,0.09956318459340505,0.160750950516566,0.1515837162733078,0.0783807560801506,0.0783807560801506,0.018719973171663986,0.04605958905906166,0.20594578981399536,170.58345418526116,448.71652878157,0.0,170.80217391304348,449.1152173913043,0,166.0,443.0,0.0,1.1731943905718443,0.764996684260162,368,368
1,369,1,14.23623190075159,97.14754928648472,0.08839114755392075,0.020621079951524734,1.322409165904947,0.30310559272766113,0.30310559272766113,0.11388985520601272,0.1430744466663987,0.10283787921071053,0.07818150520324707,0.07818150520324707,0.06114261411394932,0.06821135718428124,0.20174168795347214,815.7388875849136,444.7755885108491,0.0,817.0603829160531,444.82474226804123,0,809.0,449.0,0.0,1.3689486592499596,0.7288801144715451,369,369
1,370,1,5.258675113320351,49.25145531445742,0.08980751410126686,0.02486378699541092,0.16422543856944488,0.09652549773454666,0.17539110779762268,0.07733345754882869,0.12160853164063559,0.12835101783275604,0.05465098097920418,0.05465098097920418,0.00863644655715188,0.030569191568581008,0.1495240330696106,268.4780076015651,451.7370584467357,0.0,268.32345679012343,451.7925925925926,0,266.0,451.0,0.0,1.0598072536701846,0.7206168109459671,370,370
1,371,1,5.187723852694035,51.73178840428591,0.09432702511548996,0.04590718448162079,0.24473553957407032,0.09415367990732193,0.21879085898399353,0.08367296536603282,0.14369941223412752,0.14836987853050232,0.07861921936273575,0.07861921936273575,0.0038360416029799356,0.04610450662673534,0.1887698918581009,303.312953395102,452.9280264545603,0.0,303.35,452.68611111111113,0,300.0,452.0,0.0,1.2299018044081893,0.7965297459687697,371,371
1,372,1,12.171863101422787,60.884973488748074,0.16616852581501007,0.029423542320728302,0.6967715997419693,0.23447442054748535,0.2561434507369995,0.16448463650571332,0.18967281460669183,0.1976289302110672,0.08217793703079224,0.08217793703079224,0.049106425371510116,0.04295097732000541,0.22482502833008766,101.96301515227469,456.2273635204411,0.0,101.42990654205607,456.6760124610592,0,102.0,455.0,0.0,1.1281352779847655,0.8745379222167873,372,372
1,373,1,8.399339392781258,95.89750356972218,0.10128449648618698,0.02974822372198105,0.5235849962456725,0.10038366913795471,0.23703397810459137,0.08749311867480476,0.14020102861070494,0.12217851728200912,0.07921962440013885,0.07921962440013885,0.005900610534785321,0.04760232679434531,0.1858515739440918,1335.8111954490016,456.35589874282397,0.0,1335.8406432748538,456.87865497076024,0,1341.0,455.0,0.0,1.2445575701653608,0.7520340407413869,373,373
1,374,1,7.080646134912968,62.13993155956268,0.1237277090549469,0.04428265243768692,0.5007094589527604,0.171770840883255,0.28638678789138794,0.10728251719565103,0.16749307697995333,0.156444750726223,0.07897540926933289,0.07897540926933289,0.024886640148441944,0.053843994352818544,0.21514320001006126,1077.1452642418774,463.07153294255085,0.0,1076.722371967655,463.33962264150944,0,1079.0,459.0,0.0,1.1065465402827528,0.7048784963623088,374,374
1,375,1,9.595183737576008,70.4699585288763,0.12291345745325089,0.028082571923732758,0.7906559553273289,0.203645259141922,0.20541521906852722,0.12145802199463301,0.14835780742921328,0.15072166919708252,0.07870244979858398,0.07870244979858398,0.04383532281969693,0.03298872551343258,0.17876983061432838,58.843198393629436,464.99153263282966,0.0,58.242105263157896,464.47789473684213,0,58.0,471.0,0.0,1.1572965946015923,0.8881010201619557,375,375
1,376,1,8.950716592371464,52.126353211700916,0.14042410254478455,0.03118765354156494,0.8297648139092084,0.20764850080013275,0.24200473725795746,0.1420748665455788,0.16924140653149647,0.17536474764347076,0.06533446907997131,0.06533446907997131,0.04227220238007569,0.04038105617235926,0.20200297236442566,114.75723020694005,461.9508955014988,0.0,115.57467532467533,461.8084415584416,0,109.0,465.0,0.0,1.0725882975571457,0.8727943525402845,376,376
1,377,1,7.726525656878948,71.452974781394,0.0987328439950943,0.03506968170404434,0.34887274351925657,0.1405632197856903,0.26485586166381836,0.09422592264486522,0.14763011318469835,0.12198879569768906,0.07863108068704605,0.07863108068704605,0.013544892785000125,0.05582265906861724,0.20216725766658783,218.2789212149716,465.4056881577275,0.0,218.30578512396696,465.05785123966945,0,215.0,467.0,0.0,1.2520348336308402,0.7126233792853977,377,377
1,378,1,10.589738890528679,120.49601110070944,0.1188263613730669,0.028673358261585236,0.927415576234049,0.2105560004711151,0.3269480764865875,0.11766376545031866,0.17189159928774528,0.1403641328215599,0.08862826228141785,0.08832670003175735,0.020658830796720325,0.06712938341229667,0.23078961670398712,235.63817386095207,462.6014938875352,0.0,236.45363766048501,462.1597717546362,0,235.0,457.0,0.0,1.3880846587496143,0.7627223255964061,378,378
1,379,1,7.976994670927525,89.64449188113213,0.0923852026462555,0.027133338153362274,0.42196005383921253,0.10366270691156387,0.22304405272006989,0.08577413624653252,0.13067710186753953,0.11285018175840378,0.07822182029485703,0.07822182029485703,0.005885684951293939,0.04408716000706397,0.17094635963439941,138.6146121347446,465.9433792943069,0.0,139.03644314868805,465.93294460641397,0,140.0,465.0,0.0,1.3661806187530217,0.8118823261284933,379,379
1,380,1,5.527780555188656,22.28486690670252,0.11149764806032181,0.029874853789806366,1.0318392045952862,0.2196788638830185,0.2264307290315628,0.13482391598021112,0.1485657793780168,0.13273115456104279,0.07923536002635956,0.07923536002635956,0.043920522670292984,0.04314336951477731,0.19240296632051468,503.78366411347713,464.8980415322316,0.0,504.3466666666667,464.03333333333336,0,503.0,468.0,0.0,1.2249096019243624,0.8777519953540158,380,380
1,381,1,6.993844673037529,37.60003500431776,0.114067442715168,0.04349663853645325,0.8960535011916487,0.21527883410453796,0.25096574425697327,0.12716081223704598,0.15666681251799067,0.15636301040649414,0.07820568978786469,0.07820568978786469,0.044350935866318775,0.048046397136465344,0.20154671370983124,491.8835280252677,469.4775901767298,0.0,490.9875,469.47083333333336,0,494.0,467.0,0.0,1.2159711317257043,0.8280044723964922,381,381
1,382,1,10.836731776595116,54.58491986989975,0.16416476666927338,0.02369198203086853,0.10575344756156566,0.21959874033927917,0.24624715745449066,0.15936370259698698,0.18887515525916868,0.19850950688123703,0.0821460634469986,0.0821460634469986,0.0380219843502039,0.03535217576163179,0.21635333076119423,71.13055293126207,469.28535815110484,0.0,71.17647058823529,469.38062283737025,0,67.0,472.0,0.0,1.0718361497677675,0.9028667998732246,382,382
1,383,1,7.8223999962210655,30.034818574786186,0.08927865140140057,0.027020949870347977,0.3726511224110535,0.21627481281757355,0.21627481281757355,0.10292631573975086,0.12062176134452283,0.10749930515885353,0.07833197712898254,0.07833197712898254,0.03672349943438545,0.035989481563232326,0.15381762385368347,792.3889216361407,472.70585110614724,0.0,792.0522088353414,472.54618473895584,0,796.0,473.0,0.0,1.2420181813132989,0.8796051112309035,383,383
1,384,1,6.948483549058437,29.768933795392513,0.08968067169189453,0.02742263674736023,0.4876968789435128,0.20997220277786255,0.21399980783462524,0.10689974690859134,0.1272176657922757,0.10820327699184418,0.07840295135974884,0.07840295135974884,0.03892293534730622,0.04135884585806822,0.16709820181131363,800.0842131274352,476.3097969744708,0.0,800.457264957265,476.62393162393164,0,797.0,475.0,0.0,1.1808651952084848,0.8311749420932552,384,384
1,385,1,8.126813627779484,66.92663080245256,0.08768877387046814,0.01865857094526291,0.4161588774980612,0.09586428850889206,0.23093146085739136,0.08465430862270296,0.1277225778672759,0.10058462619781494,0.0786881372332573,0.0786881372332573,0.004454717049873258,0.04678311169886615,0.17746536433696747,816.3965766183287,475.5859521326702,0.0,816.1507633587786,475.92175572519085,0,822.0,474.0,0.0,1.2914235005001662,0.7462295257004529,385,385
1,386,1,10.519044354557991,64.43037338554859,0.15022695064544678,0.04174283146858215,0.05428183906876938,0.25604450702667236,0.30847957730293274,0.14815555428954916,0.19175706364746606,0.18164344131946564,0.07888421416282654,0.07888421416282654,0.04582933381259141,0.05620821585922735,0.24219124019145966,112.2699035797656,477.3847572918284,0.0,112.2827380952381,477.4375,0,107.0,477.0,0.0,1.158534231298883,0.8049501687522226,386,386
1,387,1,8.750467158854008,63.44857205450535,0.14471449330449104,0.03298542648553848,0.923906985910301,0.18245281279087067,0.26873335242271423,0.14584111931423346,0.17772709258965083,0.16591844707727432,0.09222889691591263,0.09222889691591263,0.024985108744447895,0.0440437023343546,0.21990203112363815,512.3156690727811,474.41177395667034,0.0,512.9215686274509,473.7142857142857,0,507.0,476.0,0.0,1.1204991060103056,0.8111869252997911,387,387
1,388,1,8.4742078371346,77.7926573716104,0.11366290599107742,0.028208456933498383,0.9819802689605008,0.19246569275856018,0.26681455969810486,0.11005464723551428,0.1555853147432208,0.13230997323989868,0.04817287623882294,0.04817287623882294,0.031032176854778507,0.05251553798950792,0.20722061395645142,1087.8686069680798,476.62133648525,0.0,1088.672,477.186,0,1086.0,480.0,0.0,1.1895623143134593,0.7623089477404591,388,388
1,389,1,9.20424746721983,64.17360527068377,0.16403761506080627,0.02395753562450409,0.6110733650550765,0.20115627348423004,0.23811912536621094,0.15600419435965812,0.18440691169736714,0.18799515068531036,0.08734416961669922,0.08734416961669922,0.036072660591728554,0.033310660919505915,0.21174344420433044,82.38998093958652,477.5441293714345,0.0,82.92241379310344,477.2442528735632,0,78.0,475.0,0.0,1.0706704745276292,0.8535482651648356,389,389
1,390,1,7.339228838682175,44.07973650097847,0.1369646117091179,0.03869062662124634,0.8301318101419428,0.18405990302562714,0.2671486437320709,0.13591164516078102,0.17631894600391387,0.176836758852005,0.07982538640499115,0.07982538640499115,0.03556728102181406,0.04704118881179673,0.21529430150985718,495.6629931714392,482.55594266370343,0.0,495.036,483.1,0,499.0,480.0,0.0,1.0962052978099845,0.7690646568725809,390,390
1,391,1,9.090428926050663,53.93416780233383,0.13755862414836884,0.027645692229270935,0.6176205021387038,0.21400491893291473,0.2331024706363678,0.13368277832427444,0.16443343842174948,0.16093748807907104,0.0791439563035965,0.0791439563035965,0.036796266654119926,0.036612982223152804,0.1956578493118286,530.0015862023172,480.57191510262805,0.0,530.234756097561,480.0,0,530.0,484.0,0.0,1.12008376595679,0.856222562155557,391,391
1,392,1,10.74428740143776,68.09069079905748,0.15594931691884995,0.03229506313800812,0.5044736206815794,0.2693467438220978,0.2698683440685272,0.1471820191977775,0.18654983780563694,0.1857793778181076,0.0796816423535347,0.0796816423535347,0.046704848514532216,0.04562822913644499,0.22547974437475204,107.65128089455784,488.5556385860303,0.0,107.84383561643835,489.0219178082192,0,103.0,485.0,0.0,1.1688139470626686,0.8582548146745812,392,392
1,393,1,7.817458435893059,58.08705313503742,0.10877136886119843,0.048042334616184235,0.2505381519203939,0.17018601298332214,0.2765522599220276,0.11010504839285998,0.16046147274872216,0.1488548219203949,0.07940378785133362,0.07940378785133362,0.02937464554581436,0.05674781853404233,0.21724746376276016,1341.2769613144608,486.75290875886355,0.0,1341.0441988950276,486.66022099447514,0,1343.0,484.0,0.0,1.2128393863213909,0.7428626829764399,393,393
1,394,1,8.38248036801815,64.79616799205542,0.13275112211704254,0.05846162885427475,1.045881423303156,0.22489027678966522,0.30438119173049927,0.12896123643104845,0.186195885034642,0.1802612990140915,0.07912787050008774,0.07912787050008774,0.04390477338144083,0.06421058358020805,0.24634262919425964,68.81806072272778,490.3394256171779,0.0,67.91379310344827,490.86494252873564,0,74.0,490.0,0.0,1.2027144481570726,0.735092627330263,394,394
1,395,1,9.338167265057564,60.10515854507685,0.1541711464524269,0.04800356924533844,0.7024061486419709,0.2171211540699005,0.31063762307167053,0.14366411177011637,0.1990237037916452,0.19881759583950043,0.07986795902252197,0.07986795902252197,0.042827725247551816,0.058433253818225485,0.2491847276687622,87.59992086977452,491.8733487048791,0.0,87.71523178807946,492.5662251655629,0,88.0,494.0,0.0,1.130320741890627,0.7599434428360972,395,395
1,396,1,7.202218607068062,64.15131722390652,0.10108000785112381,0.022882811725139618,0.27175424843536466,0.12620943784713745,0.17720220983028412,0.09233613598805207,0.12289524372395884,0.11754386126995087,0.0781516432762146,0.0781516432762146,0.012505219749919914,0.026819397659807856,0.14732562750577927,250.07300752564524,489.8240875968314,0.0,250.0785440613027,490.09578544061304,0,251.0,489.0,0.0,1.1429439924311946,0.8499130338686504,396,396
1,397,1,6.356971971690655,52.27026637643576,0.09399893879890442,0.02633366733789444,0.2450226402958161,0.13741935789585114,0.18437615036964417,0.09081388530986649,0.12212679059914897,0.1166161298751831,0.06595807522535324,0.06595807522535324,0.01717850992706016,0.03161295868806191,0.15248599648475647,229.14399676208853,490.3011848947733,0.0,229.33644859813083,490.14953271028037,0,224.0,493.0,0.0,1.108408267758564,0.7966084693865925,397,397
1,398,1,8.444543190300465,56.463036835193634,0.14236387610435486,0.04143279790878296,1.0000336271587706,0.21354646980762482,0.2810573875904083,0.13620230952097523,0.1809712719076719,0.17784583568572998,0.0790475532412529,0.0790475532412529,0.0369537055954999,0.051493680297629484,0.22609245777130127,505.19810840276153,495.05072677388745,0.0,505.0897435897436,496.04487179487177,0,506.0,497.0,0.0,1.1456865049030476,0.779055062070338,398,398
1,399,1,11.20440873503685,82.17522792518139,0.16542908549308777,0.04475432634353638,0.5599254082208485,0.2241836041212082,0.31812766194343567,0.16238273529038913,0.2139979893884932,0.20270514488220215,0.11649113148450851,0.11649113148450851,0.024135574257942754,0.053760057961174355,0.263474702835083,521.065735689608,493.95161735898193,0.0,520.7578125,494.4192708333333,0,523.0,496.0,0.0,1.037130432869198,0.7599425890486045,399,399
1,400,1,8.690275199711323,96.97176936268806,0.10778885334730148,0.03213238716125488,0.05936448943662956,0.12755674123764038,0.2512129843235016,0.09764354156979015,0.14895817106403697,0.1255321428179741,0.07856784015893936,0.07856784015893936,0.014425649050543195,0.04988047239371882,0.19693681597709656,368.45673495327446,500.6638241524113,0.0,368.47772657450076,500.60829493087556,0,369.0,502.0,0.0,1.2328154242086007,0.743095049273809,400,400
1,401,1,8.07699889689684,43.32107076048851,0.08612746745347977,0.056435346603393555,0.8583892841616202,0.218221515417099,0.23238809406757355,0.10769331862529119,0.14537272067278023,0.1474548578262329,0.07562405616044998,0.07562405616044998,0.0457180845799111,0.05355525255553421,0.19706890732049942,826.0549244187104,496.0119547587396,0.0,825.8993288590603,495.1677852348993,0,827.0,498.0,0.0,1.1739850208486564,0.7507417644994501,401,401
1,402,1,4.8617610186338425,15.851381801068783,0.13344374299049377,0.03204762935638428,0.6468281064663378,0.22003205120563507,0.2317122220993042,0.14299297113628948,0.16011496768756348,0.16065549850463867,0.07814333587884903,0.07814333587884903,0.05295557505311561,0.04398136683558706,0.20031556859612465,533.9918011618594,500.2258079821731,0.0,534.6363636363636,500.17171717171715,0,532.0,501.0,0.0,1.0898529406340927,0.9087180076709293,402,402
1,403,1,4.864278756082058,15.834820561110973,0.1021237950772047,0.05507807433605194,0.7957663799129386,0.26641130447387695,0.26641130447387695,0.1314669934076232,0.15994768243546437,0.1491507813334465,0.07815656810998917,0.07815656810998917,0.06385862027202614,0.06121701111548397,0.21979575976729393,1217.0877087562887,499.54599150812675,0.0,1216.979797979798,498.75757575757575,0,1215.0,502.0,0.0,1.329497122311002,0.8955569103956412,403,403
1,404,1,6.1528609842062,28.950107522308826,0.09484384395182133,0.03381551802158356,0.4923547750311417,0.21080617606639862,0.21080617606639862,0.11609171668313584,0.1398555918952117,0.14719004184007645,0.0704478845000267,0.0704478845000267,0.05124122007626598,0.04248970024401466,0.17720811814069748,822.448726029402,506.0408709471746,0.0,822.3429951690821,506.5217391304348,0,825.0,501.0,0.0,1.0353026713525142,0.8624882358173079,404,404
1,405,1,8.301526039838791,70.79610280692577,0.11786197870969772,0.03206832706928253,0.15991498129257728,0.14481039345264435,0.22902333736419678,0.1024879758004789,0.14999174323501224,0.14280009269714355,0.07854808121919632,0.07854808121919632,0.020960781497578903,0.04127916363398077,0.18712925910949707,1146.8328377504345,503.23930967162266,0.0,1146.800847457627,503.08262711864404,0,1149.0,501.0,0.0,1.1960014764855342,0.8335074461077776,405,405
1,406,1,5.677576668560505,26.888189375400543,0.12283868156373501,0.028361573815345764,0.6632875422208966,0.20738837122917175,0.21943196654319763,0.12342557975131532,0.1453415641913543,0.13478198647499084,0.04942807927727699,0.04942807927727699,0.044988088941592654,0.03969261958064968,0.18057863041758537,522.946130455082,508.99848338733733,0.0,522.6054054054053,509.56756756756755,0,525.0,507.0,0.0,1.1159270113996955,0.883794822394451,406,406
1,407,1,9.66704210639,50.64574133604765,0.1258079744875431,0.009012173861265182,0.3573898739406829,0.17285862565040588,0.19091041386127472,0.1342644736998611,0.13433883643513966,0.13278138637542725,0.07844197750091553,0.07844197750091553,0.019105738913360204,0.01487511429732593,0.14251181483268738,1135.7589470000325,510.66173302468115,0.0,1136.0212201591512,510.9045092838196,0,1125.0,502.0,0.0,0.9687662205346218,1.0329999986184593,407,407
1,408,1,5.5317096300423145,47.59739002585411,0.09207883477210999,0.030749283730983734,0.23383953796538146,0.10986446589231491,0.20156711339950562,0.08016970478322195,0.12525628954172136,0.11403896659612656,0.03730592504143715,0.03730592504143715,0.013693378119011033,0.03947730185751241,0.1620780974626541,992.43047735472,506.7540767502455,0.0,992.2184210526316,506.85263157894735,0,993.0,509.0,0.0,1.1673363720665284,0.7640461003781561,408,408
1,409,1,6.962112978100777,69.24048962444067,0.1093992069363594,0.05018381029367447,0.5164438471925632,0.14135554432868958,0.2727678120136261,0.09669601358473301,0.16027891116768675,0.14866703748703003,0.07898924499750137,0.07898924499750137,0.017706038472851328,0.05641611296131423,0.21483823657035828,1202.7066444357663,512.5026216867362,0.0,1202.6064814814815,513.0092592592592,0,1207.0,510.0,0.0,1.2414122024577712,0.7348730058656439,409,409
1,410,1,9.103630155324936,53.85712072253227,0.1127129253000021,0.04354386404156685,0.7114166381826352,0.26152303814888,0.26152303814888,0.12138173540433247,0.15793877044730872,0.14630818367004395,0.07815656810998917,0.07815656810998917,0.047780932089590326,0.05252909315655602,0.20595267415046692,1218.3252923068417,508.2702183651999,0.0,1219.0175953079179,508.4340175953079,0,1215.0,503.0,0.0,1.203381636412763,0.7931735527580812,410,410
1,411,1,8.394165605306625,70.5578608289361,0.10521573573350906,0.03869627043604851,1.1480989729662525,0.18351398408412933,0.32382312417030334,0.11343467034198143,0.15999514927196395,0.13217002898454666,0.07816215604543686,0.07816215604543686,0.028034888879864415,0.06564836333053917,0.2195451334118843,1297.0262162538402,506.7714319344256,0.0,1297.0022675736961,505.6235827664399,0,1294.0,511.0,0.0,1.2891556475917973,0.7216904707297694,411,411
1,412,1,8.896389685571194,77.70735915750265,0.1234738752245903,0.03312292695045471,0.46926689809346067,0.16151010990142822,0.23242835700511932,0.10590940101870469,0.15357185604249535,0.15130393207073212,0.07011672854423523,0.07011672854423523,0.024601700754334318,0.03970996852903235,0.18916484713554382,1262.2895126119622,510.78184474139397,0.0,1262.3735177865613,510.3201581027668,0,1261.0,515.0,0.0,1.1031135605084936,0.7658190541904041,412,412
1,413,1,6.017815083265305,21.867222040891647,0.10758067294955254,0.020111605525016785,0.8122875836677739,0.18616299331188202,0.18632857501506805,0.12035630166530609,0.13173025325838342,0.1236172467470169,0.08125331997871399,0.08125331997871399,0.026706559413383995,0.02822511302816085,0.15705415606498718,366.8307600837714,515.441598440673,0.0,366.1024096385542,515.8012048192771,0,369.0,512.0,0.0,1.1262680104190472,0.9051400701771865,413,413
1,414,1,6.156501084566116,33.72910612821579,0.10483440943062305,0.014344144612550735,0.8190938344141812,0.18616299331188202,0.18818651139736176,0.1161603978220022,0.12446164622957856,0.11545981839299202,0.08680526912212372,0.08680526912212372,0.02795489099681452,0.026342461043025966,0.14538059756159782,383.19021105638063,513.8368684653153,0.0,384.00738007380073,513.8929889298893,0,375.0,513.0,0.0,1.1728579645258281,0.9157606116001981,414,414
1,415,1,5.677646957337856,20.519268237054348,0.12545092403888702,0.011616125702857971,0.2111178756327755,0.19413797557353973,0.19413797557353973,0.13847919408141113,0.13679512158036233,0.13511599600315094,0.09386269748210907,0.09386269748210907,0.019440117989218703,0.01586736545267886,0.14758579432964325,1123.4322865826362,509.67781975207686,0.0,1123.5266666666666,509.8666666666667,0,1120.0,512.0,0.0,0.9656754010018636,1.0352244267864033,415,415
1,416,1,8.428199529647827,67.1671272739768,0.10276706889271736,0.038887329399585724,0.6077710802157026,0.20709073543548584,0.3154154419898987,0.10535249412059784,0.16223943785984735,0.12582728266716003,0.07903631776571274,0.07903631776571274,0.032296279763439316,0.07186886723107412,0.23055065423250198,1311.162426382288,513.2689822514066,0.0,1311.4589371980676,513.7995169082126,0,1314.0,514.0,0.0,1.264537154767529,0.677028099137701,416,416
1,417,1,6.4521505534648895,25.73536566644907,0.12096983939409256,0.009207472205162048,0.44441222061079366,0.18512585759162903,0.18512585759162903,0.1344198031971852,0.13403836284608892,0.13005618751049042,0.10955759137868881,0.10955759137868881,0.02031580876690132,0.017275495660547854,0.14379434287548065,1132.3111156556,524.7027809800062,0.0,1131.9947916666667,524.390625,0,1135.0,532.0,0.0,0.9446656409114501,1.0279697015506608,417,417
1,418,1,8.931789390742779,65.62423475831747,0.11656071990728378,0.025252565741539,0.311892190098225,0.20542049407958984,0.21233879029750824,0.10892426086271681,0.14391279552262604,0.13685554265975952,0.07967279106378555,0.07967279106378555,0.02529339984805482,0.035570867807832036,0.1736983358860016,1114.9192383922914,518.9416180411574,0.0,1114.657894736842,519.1118421052631,0,1116.0,515.0,0.0,1.168648633048452,0.8540197302852028,418,418
1,419,1,8.952855423092842,85.75645437836647,0.10414065420627594,0.029174283146858215,0.5379605073576743,0.14727239310741425,0.24654577672481537,0.09947617136769825,0.13966849247290955,0.12401886284351349,0.07890184223651886,0.07890184223651886,0.016789769213942544,0.044142451643734724,0.17740508913993835,1283.412172232572,519.60166606963,0.0,1283.0879478827362,520.0309446254072,0,1284.0,515.0,0.0,1.1535145251271879,0.7496455587519932,419,419
1,420,1,7.88093227148056,54.36290295422077,0.13086780160665512,0.03792552649974823,0.5451327008522908,0.19228743016719818,0.3206731677055359,0.1212451118689317,0.17041662368094285,0.1783876195549965,0.0736977607011795,0.0736977607011795,0.03368420788699594,0.046525840972749484,0.21168212592601776,435.18783008779167,524.1189801388327,0.0,435.2445141065831,523.576802507837,0,434.0,531.0,0.0,1.0858095644719334,0.731238851981844,420,420
1,421,1,6.812567211687565,44.59876190871,0.10193035751581192,0.02419687807559967,0.35132002061469114,0.13776196539402008,0.21741726994514465,0.10018481193658184,0.1327344104425893,0.11830982565879822,0.07967211306095123,0.07967211306095123,0.014368934970931873,0.036765599961497045,0.16622330248355865,373.93111971446706,527.2497910002755,0.0,374.0654761904762,527.5744047619048,0,375.0,528.0,0.0,1.1482019848842646,0.7928497350184086,421,421
1,422,1,10.960554271936417,97.11658460646868,0.12022656574845314,0.04677418991923332,0.8856673911532913,0.33896124362945557,0.37338683009147644,0.13205487074622188,0.18498397067898795,0.1571681648492813,0.07815299183130264,0.07815299183130264,0.07626523619906653,0.08360209524104922,0.26174144446849823,675.5640660399921,526.6782548206215,0.0,676.3390476190476,526.2495238095238,0,675.0,532.0,0.0,1.4949819041599364,0.799100527353753,422,422
1,423,1,7.13566080480814,25.405534513294697,0.11712686717510223,0.038587816059589386,1.1862504329854655,0.23599287867546082,0.2393353134393692,0.14865960010016957,0.15779835101425277,0.15036805719137192,0.08210784941911697,0.08210784941911697,0.04597241450152382,0.045567005324186186,0.20181879773736,422.68968176279543,523.5640166292862,0.0,422.0496894409938,522.5652173913044,0,425.0,525.0,0.0,1.191457462945961,0.866123286808994,423,423
1,424,1,7.362614929676056,67.51728581637144,0.11428532935678959,0.05250537022948265,0.7509687108830808,0.17122498154640198,0.31896480917930603,0.1067045641982037,0.17179970945641587,0.1590452641248703,0.07837621867656708,0.07837621867656708,0.027907912120309606,0.06307737679566762,0.22920281440019608,1258.4635116080296,529.515594594794,0.0,1259.0712468193385,529.9567430025445,0,1255.0,527.0,0.0,1.1889377957890621,0.7099726014716813,424,424
1,425,1,9.699187602847815,69.34951667115092,0.10354339703917503,0.06347362697124481,1.2246703907320746,0.3347533047199249,0.3347533047199249,0.12277452661832676,0.178276392470825,0.1578240618109703,0.06183140352368355,0.06183140352368355,0.07609592093448338,0.08075540263852599,0.25812752544879913,659.5487693616726,531.2090865819699,0.0,658.719794344473,532.1105398457584,0,672.0,531.0,0.0,1.1072710591701365,0.6788064888913998,425,425
1,426,1,7.191749833524227,34.111871629953384,0.11538443341851234,0.03225965052843094,1.0139743102600298,0.23813514411449432,0.23849661648273468,0.13075908788225868,0.14831248534762342,0.1371678113937378,0.0782611295580864,0.0782611295580864,0.04767498690732861,0.043837145244149396,0.18588770180940628,419.1024423161941,532.1797837457261,0.0,418.10869565217394,531.9782608695652,0,421.0,534.0,0.0,1.2248876141227265,0.8699622890958212,426,426
1,427,1,5.069456987082958,25.725255474448204,0.08705109544098377,0.022397376596927643,0.8751032779079282,0.20014186203479767,0.20416535437107086,0.10138913974165917,0.12427659649491886,0.10395384952425957,0.07943456619977951,0.07943456619977951,0.03375857871274992,0.041720739975090855,0.16921702772378922,356.97156152663024,532.4351421548638,0.0,356.2657004830918,531.9178743961353,0,359.0,533.0,0.0,1.3538022122383422,0.8721694134980102,427,427
1,428,1,6.472404457628727,47.022497192025185,0.08890711143612862,0.032672520726919174,0.4344288168917828,0.10462462902069092,0.2038908302783966,0.08629872610171636,0.12674527545020264,0.11734189465641975,0.07814333587884903,0.07814333587884903,0.0068141740760158465,0.03998725897374462,0.16823262721300125,391.74638302307835,533.8115216638628,0.0,391.31805929919136,533.8840970350404,0,396.0,536.0,0.0,1.2334240201571385,0.7876706767847396,428,428
1,429,1,6.397801950573921,30.481173805892467,0.09676748514175415,0.02047385275363922,0.6994017959802925,0.21239544451236725,0.2209608405828476,0.10319035404151486,0.12970712257826583,0.10882559418678284,0.07995904982089996,0.07995904982089996,0.031023183803723684,0.04194769254213124,0.1702338457107544,367.48727467168203,540.3772870901703,0.0,367.9446808510638,540.9063829787234,0,365.0,539.0,0.0,1.2262700360397976,0.8208767001187338,429,429
1,430,1,8.153937578201294,33.92025361210108,0.13122084736824036,0.03486655652523041,1.348252669043652,0.2549329102039337,0.26178619265556335,0.1598811289843391,0.17395001852359526,0.15638774633407593,0.08157487213611603,0.08157487213611603,0.04413549404873881,0.04955122978272133,0.22634544968605042,427.40174713200855,541.4203851955062,0.0,426.3128205128205,542.2153846153847,0,430.0,538.0,0.0,1.115774029899543,0.8747686695488295,430,430
1,431,1,6.244674541056156,29.678741790354252,0.10620373860001564,0.031237542629241943,1.2028013170442937,0.26224079728126526,0.26224079728126526,0.135753794370786,0.14989263530481944,0.12800660729408264,0.08334118872880936,0.08334118872880936,0.060008181601353294,0.052069898222874965,0.20211957395076752,1307.937533798856,533.7965138700459,0.0,1308.3636363636363,532.6717171717172,0,1307.0,541.0,0.0,1.2837401180132793,0.8701237557915134,431,431
1,432,1,9.051459446549416,48.117133505642414,0.12720198929309845,0.039441801607608795,0.9231527003262243,0.25332140922546387,0.25332140922546387,0.13714332494771841,0.16707338022792506,0.15639589726924896,0.0792405903339386,0.0792405903339386,0.046919632952415975,0.048581984867620116,0.21574939787387848,436.5792136155254,546.2539495113198,0.0,437.31944444444446,546.8055555555555,0,434.0,540.0,0.0,1.1288976305634484,0.8175613059491436,432,432
1,433,1,5.493543371558189,26.501764725893736,0.07469290494918823,0.007960818707942963,0.40809248796187475,0.13678838312625885,0.13678838312625885,0.09005808805833097,0.08467017484311097,0.08258479461073875,0.06632401049137115,0.056708697229623795,0.016946864886823076,0.014438789663556103,0.09076225757598877,663.7031072291786,546.0400268301495,0.0,663.3003194888179,545.9744408945687,0,676.0,546.0,0.0,0.8964340333311888,1.0563541981806406,433,433
1,434,1,11.86292827874422,86.6305687725544,0.10805798321962357,0.02970167249441147,0.4813806797883509,0.2596183717250824,0.2596183717250824,0.11406661806484827,0.14783373510674813,0.1271798014640808,0.07852152734994888,0.07852152734994888,0.04759940700681559,0.050478399025597635,0.1927265152335167,1306.4317184317297,545.3302919284575,0.0,1306.9129692832764,545.3191126279863,0,1307.0,542.0,0.0,1.2212754407826782,0.7899879336809053,434,434
1,435,1,6.619401276111603,61.49959283322096,0.09244077652692795,0.040480680763721466,0.3814215101431988,0.11212587356567383,0.2453767955303192,0.08709738521199477,0.14470492431346108,0.1226777620613575,0.07814333587884903,0.07814333587884903,0.009652658295409925,0.05547506065203006,0.20425338298082352,344.8154411582496,548.9006131833659,0.0,345.1035294117647,549.1505882352941,0,351.0,549.0,0.0,1.2651904853536442,0.7382975853265403,435,435
1,436,1,6.689898796379566,60.814517468214035,0.10004762187600136,0.02263251692056656,0.6010547945261394,0.116989865899086,0.2243199199438095,0.09422392670957136,0.13395268164804852,0.11514725536108017,0.07835561782121658,0.07835561782121658,0.010521869572329106,0.041333312243777634,0.17489778995513916,371.7208980539015,557.1243750715449,0.0,372.3215859030837,557.1453744493392,0,372.0,554.0,0.0,1.285229938472482,0.8175821004762537,436,436
1,437,1,12.856273848563433,79.56076857447624,0.13014204055070877,0.06186574697494507,1.4400665042562701,0.3486057221889496,0.3486057221889496,0.16273764365270169,0.1921757695035658,0.19555455446243286,0.03692634031176567,0.03692634031176567,0.09916450603820044,0.07521573588026288,0.2526146024465561,948.1817799748521,551.0862833032253,0.0,947.2874396135265,552.2149758454107,0,955.0,543.0,0.0,0.9903602577008843,0.9474149372162289,437,437
1,438,1,12.209859006106853,102.63488852977753,0.12961846590042114,0.019344456493854523,0.5947298500871457,0.26522642374038696,0.3481258153915405,0.134174274792383,0.1769567043616854,0.13931939005851746,0.07863108068704605,0.07863108068704605,0.04190040804754756,0.06662147948327653,0.23721708357334137,1189.203496978326,554.9576391452125,0.0,1189.6637931034484,554.5810344827586,0,1188.0,553.0,0.0,1.2401837208644315,0.7601452828300241,438,438
1,439,1,10.8105054423213,106.01669764518738,0.13704821467399597,0.02687794342637062,0.7820947213591429,0.17759624123573303,0.3156648576259613,0.12869649336096786,0.17698947853954486,0.15191544592380524,0.07818453013896942,0.07818453013896942,0.02488525517092964,0.057338430904124195,0.22893835231661797,1209.4373446379057,553.7212815888793,0.0,1209.2320534223707,552.9666110183639,0,1206.0,556.0,0.0,1.2006581218545245,0.7634110730951361,439,439
1,440,1,10.465138778090477,47.97984351962805,0.13801858946681023,0.04737233370542526,1.4623192085825876,0.3472107946872711,0.3472107946872711,0.19027525051073593,0.19115475505827909,0.19381356984376907,0.07874781638383865,0.07874781638383865,0.08893053692804075,0.06336318242493805,0.2240866981446743,961.6651878542605,551.7114226509582,0.0,962.4820717131474,552.9243027888447,0,960.0,543.0,0.0,1.0951543131294705,0.9659756846616672,440,440
1,441,1,8.408589452505112,74.2325796186924,0.10922634601593018,0.03847769275307655,0.7586230016288987,0.16385211050510406,0.3772957921028137,0.1038097463272236,0.17223336338443712,0.13268916308879852,0.07815732806921005,0.07815732806921005,0.024836779797343937,0.084207889740001,0.2521912455558777,427.1264031932149,560.3076271868824,0.0,427.4965197215777,560.969837587007,0,428.0,559.0,0.0,1.3625671131106258,0.6900330154660417,441,441
1,442,1,10.35730541497469,96.35242004692554,0.12612658366560936,0.054605718702077866,0.8333648400205262,0.25706905126571655,0.33882462978363037,0.1218506519408787,0.19309102213812734,0.15529262274503708,0.07558918744325638,0.07558918744325638,0.04577864448326733,0.08000829305020149,0.2743927910923958,1177.1213361687414,564.0240317649096,0.0,1177.260521042084,564.8456913827655,0,1177.0,569.0,0.0,1.1966141737605263,0.6739957193938245,442,442
1,443,1,6.356879413127899,45.77194584161043,0.10543869435787201,0.02275918424129486,0.24211060550414976,0.12885460257530212,0.1915731579065323,0.09487879721086416,0.1296655689564035,0.1219329722225666,0.07820568978786469,0.07820568978786469,0.013002597359193274,0.030783181960546666,0.15891793742775917,351.2245490651986,564.1638303720232,0.0,350.9830028328612,564.1473087818697,0,351.0,568.0,0.0,1.1362353293237384,0.8236569468222406,443,443
1,444,1,10.438271217048168,106.71315767616034,0.14076078683137894,0.031018175184726715,0.1840097139574249,0.16848677396774292,0.2965677082538605,0.11998012893158815,0.1805637185721833,0.16098254919052124,0.07910816371440887,0.07910816371440887,0.02541011177069356,0.056129443544272475,0.23030006885528564,1297.0312582004863,566.9455194785005,0.0,1297.1573604060914,567.0795262267344,0,1295.0,562.0,0.0,1.1682511920573841,0.766873413491178,444,444
1,445,1,6.926150396466255,58.57955002039671,0.11912450939416885,0.03752833604812622,0.10888690525653114,0.14165954291820526,0.23288770020008087,0.10337537905173515,0.1537520997910675,0.14245124906301498,0.07936171442270279,0.07936171442270279,0.016741328205467983,0.04221137254214772,0.19675391539931297,557.3216986971548,569.7269679890052,0.0,557.3910761154856,569.6430446194225,0,556.0,564.0,0.0,1.182035492482184,0.7978432656997054,445,445
1,446,1,9.35478263348341,64.07741305232048,0.10570313781499863,0.035907089710235596,0.5003675297891145,0.1631154716014862,0.23421849310398102,0.1087765422498071,0.14563048420981928,0.15202277898788452,0.06377582997083664,0.06377582997083664,0.03403572586282617,0.04224517170600892,0.1784222573041916,1219.0412257379123,566.56563450909,0.0,1219.3772727272728,566.9363636363636,0,1222.0,562.0,0.0,1.0626365226184624,0.8093687765158883,446,446
1,447,1,8.893445052206516,55.48885288089514,0.09481016360223293,0.056797176599502563,0.846926132865544,0.33810093998908997,0.33810093998908997,0.13682223157240794,0.17394624727553334,0.1410950869321823,0.07822182774543762,0.07822182774543762,0.0823105837211067,0.08426918292521193,0.2603105306625366,293.59549525901974,580.9862976900378,0.0,293.47962382445144,580.1473354231975,0,297.0,583.0,0.0,1.5313643934620473,0.8375558663968945,447,447
1,448,1,8.027807161211967,67.39999627321959,0.11043178290128708,0.025675270706415176,0.7723281902244659,0.18874751031398773,0.230961412191391,0.10703742881615956,0.13954450574165544,0.12899364531040192,0.078375443816185,0.078375443816185,0.028657827434584764,0.03875104908465919,0.17623382806777954,535.9268823230243,576.0632341992729,0.0,535.4989648033127,575.4202898550725,0,535.0,574.0,0.0,1.2741810955523998,0.8498114363951146,448,448
1,449,1,9.793403394520283,96.26214681565762,0.1266031414270401,0.044176869094371796,0.6342337596904346,0.18359793722629547,0.2940405309200287,0.1064500368969596,0.1700744643386177,0.1553163379430771,0.04468194395303726,0.04468194395303726,0.02974342704902151,0.05691931133682217,0.21951232850551605,1285.2002743020616,582.0355863577685,0.0,1284.851590106007,582.565371024735,0,1286.0,578.0,0.0,1.145144832440035,0.7294229695613365,449,449
1,450,1,6.773164480924606,48.756629049777985,0.10660693794488907,0.031435318291187286,0.3579715256787543,0.16068844497203827,0.21068719029426575,0.1010920071779792,0.13851315070959655,0.1347452998161316,0.07835114747285843,0.07835114747285843,0.019030130283374927,0.036882525138700675,0.17227309942245483,563.8155887194712,583.7760348898969,0.0,563.7357954545455,584.125,0,559.0,583.0,0.0,1.1308687834943587,0.7934445050832286,450,450
1,451,1,9.580478690564632,43.137839175760746,0.11025317758321762,0.05482972413301468,1.35425144720486,0.3468802571296692,0.3468802571296692,0.15967464484274388,0.1843497400673536,0.14982984960079193,0.08417805284261703,0.08417805284261703,0.07852191158767231,0.08315279040633823,0.2670881003141403,298.0009867385864,588.549945747462,0.0,299.35042735042737,588.4358974358975,0,297.0,584.0,0.0,1.282009018491329,0.7778163522285689,451,451
1,452,1,7.028198566287756,44.668337274342775,0.10509832017123699,0.03558514267206192,0.756103489895433,0.19776158034801483,0.22043657302856445,0.106487857064966,0.140909581307075,0.13740045577287674,0.04345656931400299,0.04345656931400299,0.038071754093310435,0.04218935942573214,0.1815936677157879,543.2900429794868,591.7227782034001,0.0,543.9085173501577,592.1577287066247,0,538.0,592.0,0.0,1.142135315898703,0.7926592800306115,452,452
1,453,1,7.372502021491528,70.64763025194407,0.09465708397328854,0.02348363772034645,0.09774640615851052,0.10826600342988968,0.2602834105491638,0.08474140254587963,0.13664918810820903,0.10796456411480904,0.07861921936273575,0.07861921936273575,0.005569882564629695,0.05401199785445329,0.1883932761847973,484.9940977891212,590.8014800465987,0.0,485.0657640232108,590.7350096711799,0,483.0,595.0,0.0,1.3332023336843217,0.7387733724165557,453,453
1,454,1,9.822254285216331,67.19170512259007,0.10104551538825035,0.054612986743450165,1.1885590343016827,0.37153080105781555,0.38442888855934143,0.14235151137994684,0.19197630035025734,0.14009419083595276,0.07860366255044937,0.07860366255044937,0.09557971433912141,0.10460078049331584,0.30070623755455017,1203.278476714332,593.5831199846616,0.0,1202.1514285714286,593.2057142857143,0,1205.0,594.0,0.0,1.5837270091172089,0.7568068599127092,454,454
1,455,1,8.848782815039158,37.04301855713129,0.11164158768951893,0.037083305418491364,1.6353213858374698,0.357023686170578,0.357023686170578,0.17697565630078316,0.18429362466234472,0.13879884779453278,0.08445709943771362,0.08445709943771362,0.0963411561907566,0.08798000962858381,0.2724178656935692,1215.3627669442728,591.5689318279275,0.0,1216.681592039801,590.6019900497513,0,1215.0,597.0,0.0,1.5506314072839846,0.8455805052314529,455,455
1,456,1,8.481322601437569,42.046505615115166,0.09501542523503304,0.030297912657260895,0.37341101344238126,0.18023011088371277,0.19084469974040985,0.10343076343216547,0.12588774136262026,0.11644385010004044,0.07938466966152191,0.07938466966152191,0.029457472005541795,0.034805740453735516,0.1605086252093315,402.11119885623907,598.5493320924004,0.0,402.4251497005988,598.751497005988,0,396.0,597.0,0.0,1.179474722166035,0.8567143283471573,456,456
1,457,1,6.980295337736607,25.93257673829794,0.09397655725479126,0.047580406069755554,1.0127104953068218,0.3398931324481964,0.3398931324481964,0.14851692207950226,0.1752201130966077,0.13068713247776031,0.07824897766113281,0.07824897766113281,0.09250293309918213,0.09087745261092407,0.2639339864253998,1213.070512828224,601.3498733995891,0.0,1213.8581081081081,601.9864864864865,0,1215.0,598.0,0.0,1.4067428614803703,0.792816897178437,457,457
1,458,1,9.21640433371067,47.98608072847128,0.11009638383984566,0.028533846139907837,1.0085490105324038,0.31229132413864136,0.31229132413864136,0.13553535784868634,0.1528219131479977,0.13020405173301697,0.0799117311835289,0.0799117311835289,0.06127232753775426,0.05435388543321205,0.19369688630104065,311.80885034686776,598.2104672992516,0.0,312.4108280254777,597.4012738853503,0,304.0,601.0,0.0,1.2376294419517744,0.8366515820634113,458,458
1,459,1,5.182081922888756,48.363507337868214,0.09284102916717529,0.043387338519096375,0.39089426089193247,0.10096682608127594,0.2472306191921234,0.08358196649820573,0.14393900993413158,0.13041119277477264,0.07643799483776093,0.07643799483776093,0.004566185662124024,0.05288815602137065,0.1937514841556549,601.3293625658513,602.5492755682894,0.0,601.6309523809524,602.3005952380952,0,598.0,604.0,0.0,1.2005653748490834,0.7235098023692871,459,459
1,460,1,10.592506259679794,36.18728059530258,0.1387961506843567,0.0458504781126976,0.06601633357093796,0.29937422275543213,0.3016394078731537,0.17654177099466323,0.18946220206964703,0.1846907138824463,0.11284351348876953,0.11280767619609833,0.056851746822439625,0.05450211013117854,0.23022831976413727,303.4654541095289,604.616043050103,0.0,303.4083769633508,604.6492146596859,0,302.0,602.0,0.0,1.0917844512127401,0.8849793313152812,460,460
1,461,1,7.19747918844223,42.10014472156763,0.12464183755218983,0.023805156350135803,0.33354272978007954,0.18368607759475708,0.20800653100013733,0.11799146210561033,0.14771980604058818,0.15074048936367035,0.07253388315439224,0.07253388315439224,0.028797758758205106,0.032091688724816575,0.17435312271118164,284.1374466202621,600.5161161201968,0.0,283.97543859649124,600.2245614035088,0,280.0,603.0,0.0,1.0826933149032099,0.8336616346211742,461,461
1,462,1,4.539464775472879,14.972639322280884,0.08433793485164642,0.03698786348104477,0.7359667158165072,0.1890360713005066,0.1890360713005066,0.10316965398801999,0.11883047081175305,0.11950556188821793,0.036973364651203156,0.036973364651203156,0.044521804161669225,0.04013867939429231,0.15851566195487976,404.12773124944897,606.6948074335857,0.0,404.55555555555554,607.2936507936508,0,402.0,604.0,0.0,1.0740387657239552,0.8579674263380789,462,462
1,463,1,6.613304328173399,50.2007336653769,0.08728889748454094,0.02352682501077652,0.5247781160417798,0.09284559637308121,0.2029534876346588,0.08164573244658517,0.12009744896023182,0.10558535903692245,0.05701609328389168,0.05701609328389168,0.007228051175178976,0.03794484018971496,0.15535332262516022,717.163325605221,603.6553280944624,0.0,717.1961722488038,603.1315789473684,0,720.0,607.0,0.0,1.177428882809837,0.7706305074496551,463,463
1,464,1,5.262916889041662,43.849040541797876,0.0909414067864418,0.034631431102752686,0.3899160934921337,0.10449983179569244,0.19096902012825012,0.08096795213910249,0.12528297297656535,0.12429369986057281,0.059861309826374054,0.059861309826374054,0.006452061101591207,0.03563560316952325,0.16028112918138504,1259.5595945736834,609.1556140416161,0.0,1259.4285714285713,609.5228571428571,0,1257.0,607.0,0.0,1.1529771473832329,0.769734733737594,464,464
1,465,1,5.331065364181995,23.978515282273293,0.11189979314804077,0.02483786642551422,0.7092015329917397,0.19018541276454926,0.20608119666576385,0.12116057645868171,0.13780755909352466,0.13750046491622925,0.07910241931676865,0.07910241931676865,0.03169285389141298,0.03329789105145602,0.16202621161937714,284.8435029693157,613.3795099088172,0.0,284.735632183908,614.080459770115,0,283.0,612.0,0.0,1.1472054654965778,0.8867992080912265,465,465
1,466,1,5.748279474675655,36.559351183474064,0.09282472357153893,0.03449803590774536,0.13641674023336053,0.15367956459522247,0.19577714800834656,0.08981686679180712,0.1296430893030995,0.13141265511512756,0.0742989182472229,0.0742989182472229,0.016451379171035684,0.036537913164702174,0.16205497086048126,738.6511779794114,611.6849078532063,0.0,738.7695035460993,611.6170212765958,0,744.0,616.0,0.0,1.0899821915155508,0.7438667221151238,466,466
1,467,1,10.983550533652306,102.5896927267313,0.12147160619497299,0.026258714497089386,1.180812656169029,0.2431247979402542,0.26576128602027893,0.12624770728335982,0.15567479928183808,0.1377645581960678,0.07832147181034088,0.07832147181034088,0.04393751236777585,0.04699342126296454,0.1962098591029644,303.74002904393313,619.930835484072,0.0,303.9044006069803,621.1001517450683,0,305.0,621.0,0.0,1.237393378706271,0.813690396383439,467,467
1,468,1,5.589851431548595,24.00577198714018,0.11295844241976738,0.04661481827497482,0.3085510977756806,0.25445136427879333,0.25445136427879333,0.1270420779897408,0.16787253137860264,0.17340818047523499,0.07854592800140381,0.07854592800140381,0.05749328685855838,0.05525879918479522,0.2173883393406868,690.0556573641403,612.9471204805258,0.0,689.8391608391609,612.7272727272727,0,692.0,619.0,0.0,1.0589655626580234,0.8077829239839679,468,468
1,469,1,7.32929290086031,51.402857564389706,0.09064621292054653,0.06718942895531654,0.9600658820460907,0.2536506950855255,0.2621665596961975,0.11104989243727742,0.15816263865966063,0.16333365440368652,0.07819695770740509,0.07819695770740509,0.05287638422459224,0.06292509689029221,0.2198004424571991,699.2341184523308,616.6843995185914,0.0,699.8184615384615,617.4461538461538,0,697.0,619.0,0.0,1.1441472347473374,0.6864011887623592,469,469
1,470,1,7.25947368144989,113.69382791221142,0.127126544713974,0.04616786539554596,0.2728847685727869,0.12368472665548325,0.38026195764541626,0.0942788789798687,0.1927014032410363,0.15897183120250702,0.07857313752174377,0.07857313752174377,0.011777268781322818,0.08815128639357624,0.2706328481435776,257.2906871242529,614.3702085613356,0.0,257.55762711864406,614.3135593220339,0,251.0,614.0,0.0,1.5428143142704502,0.7741070979667493,470,470
1,471,1,7.538897901773453,61.938237465918064,0.09634274244308472,0.02477169781923294,0.35406453301635693,0.13904960453510284,0.26079002022743225,0.0930728136021414,0.1370314988184028,0.11639298498630524,0.06220436841249466,0.06220436841249466,0.016892699497505687,0.050317181763861914,0.1798313856124878,627.1937022007272,621.0174104832608,0.0,627.3429203539823,621.3384955752213,0,625.0,619.0,0.0,1.260540752391287,0.767965710802905,471,471
1,472,1,5.958449296653271,40.927975468337536,0.09430713392794132,0.04232226312160492,0.3202565002629607,0.20228616893291473,0.21255049109458923,0.09767949666644705,0.13688286109811884,0.14225248247385025,0.07861921936273575,0.07861921936273575,0.030116821048753715,0.04170619024063082,0.1763484813272953,736.2518001420774,625.3867652759561,0.0,736.1672240802676,625.695652173913,0,735.0,627.0,0.0,1.1200071934644311,0.7403658565770747,472,472
1,473,1,12.362215466797352,146.151914909482,0.12377399206161499,0.05983509123325348,1.2919439030398292,0.3028217554092407,0.329280287027359,0.12877307777913907,0.1864182588131148,0.17650893330574036,0.07860366255044937,0.07860366255044937,0.05280078081524508,0.07053749483791467,0.24815325438976288,1181.9091829693607,623.5832383416976,0.0,1182.4732142857142,622.420918367347,0,1188.0,625.0,0.0,1.2588818720468706,0.7156019949213157,473,473
1,474,1,9.505702763795853,53.95879824459553,0.12149258516728878,0.03131135553121567,1.26046606054994,0.23082466423511505,0.23082466423511505,0.1357957537685122,0.1546097370905316,0.1606467291712761,0.07988402247428894,0.07988402247428894,0.05390535186572345,0.039910475322143625,0.18871911615133286,72.19693913111763,626.0315540833427,0.0,71.17191977077364,625.297994269341,0,80.0,632.0,0.0,1.1460013433972829,0.8856560189067889,474,474
1,475,1,11.72022544592619,99.56894771009684,0.1633651927113533,0.09774269163608551,1.0982824806677887,0.25705277919769287,0.44081786274909973,0.16055103350583821,0.2579506417360022,0.25146159529685974,0.07870244979858398,0.07870244979858398,0.052629161568451925,0.10508337476519498,0.3563844710588455,87.78752292976236,631.8612064966884,0.0,87.97927461139896,630.779792746114,0,87.0,630.0,0.0,1.1976485481388435,0.6514770203221523,475,475
1,476,1,8.65639328956604,54.145133048295975,0.12773793190717697,0.019807644188404083,0.18560774755851023,0.14329728484153748,0.2670755088329315,0.11541857719421386,0.1547003801379885,0.14053109288215637,0.07906681299209595,0.07906681299209595,0.020745298475309353,0.04589446142059619,0.18986839801073074,101.76850342486573,638.5638273760159,0.0,101.74285714285715,638.38,0,102.0,639.0,0.0,1.1333550500247964,0.8091703080226488,476,476
1,477,1,6.871006567031145,59.22734450548887,0.09270130097866058,0.036175452172756195,0.4013882444413291,0.13576994836330414,0.2596302628517151,0.08379276301257493,0.13584253326946988,0.11913799494504929,0.044772710651159286,0.044772710651159286,0.018362812107857198,0.052653682202359095,0.18008475005626678,1206.6076698814688,636.0410121559207,0.0,1206.4885321100917,636.4243119266055,0,1203.0,632.0,0.0,1.0858065561115544,0.6881785454047546,477,477
1,478,1,9.844373553991318,86.58342051506042,0.14192602038383484,0.03393261134624481,0.8320899103948035,0.19042153656482697,0.27771735191345215,0.13125831405321756,0.17889136470053807,0.17571136355400085,0.08003675937652588,0.08003675937652588,0.035848847003139075,0.047622743400326316,0.21169643104076385,1154.1645179891655,638.2307452058632,0.0,1153.6219008264463,638.8615702479339,0,1155.0,638.0,0.0,1.2075980921080374,0.854002282809898,478,478
1,479,1,7.929904244840145,55.55445554852486,0.099546417593956,0.02976362407207489,0.8516321375532059,0.14034110307693481,0.26158103346824646,0.09912380306050181,0.13717149518154287,0.12550511211156845,0.07834642380475998,0.07834642380475998,0.015320213232725113,0.045044394922828274,0.16680388897657394,503.942610730517,635.1898608905423,0.0,503.38271604938274,634.5481481481481,0,505.0,642.0,0.0,1.1862000846741805,0.8004399607100271,479,479
1,480,1,10.049138136208057,115.82898391783237,0.12781108915805817,0.06997435539960861,0.570205977323055,0.1851956695318222,0.3380311131477356,0.11291166445177593,0.19467056120644097,0.18094618618488312,0.07837139070034027,0.07837139070034027,0.029912038031319692,0.07754873609422917,0.2703156843781471,120.23775086039494,637.3944469566251,0.0,120.33109243697479,636.8319327731092,0,118.0,637.0,0.0,1.1327196727976665,0.5999441550709474,480,480
1,481,1,8.337059326469898,49.583368599414825,0.14265354722738266,0.010711044073104858,0.31482783004843407,0.19518208503723145,0.2093525379896164,0.13026655197609216,0.15025263211943887,0.15387074649333954,0.0797533467411995,0.0797533467411995,0.030457437052868335,0.022391839171374443,0.16419178992509842,188.17725459973275,634.9541301709941,0.0,188.1848484848485,634.6393939393939,0,184.0,626.0,0.0,1.0562989074253326,0.9704270848151325,481,481
1,482,1,7.50545896589756,45.40962702035904,0.14187689125537872,0.017788037657737732,0.6952983878349684,0.20176048576831818,0.2245606929063797,0.1316747186999572,0.15551242130259946,0.16355472803115845,0.07988494634628296,0.07988494634628296,0.043781113926546364,0.03302500313403213,0.1799623966217041,203.93830097328018,635.6829825827681,0.0,204.12671232876713,635.013698630137,0,208.0,643.0,0.0,1.1058505772641885,0.9508160066294936,482,482
1,483,1,10.085678212344646,98.95173071324825,0.12637556344270706,0.04684220254421234,1.6053919654456559,0.19399960339069366,0.30183935165405273,0.12607097765430808,0.1763845467259327,0.16965997219085693,0.07931555807590485,0.07931555807590485,0.038270137955041306,0.06014909119360529,0.2245294451713562,67.3931030913532,645.530162435979,0.0,65.96791443850267,646.2691622103387,0,74.0,646.0,0.0,1.1887965661756348,0.7351350923239769,483,483
1,484,1,7.004023253917694,36.34606122225523,0.10294975899159908,0.03578916937112808,0.010662773876269481,0.200404554605484,0.2067447006702423,0.1061215644532984,0.13819795141541913,0.14293938130140305,0.07862193882465363,0.07862193882465363,0.032893457623529875,0.03836635276554575,0.1736978180706501,696.1924533357375,642.8022346255095,0.0,696.1825095057035,642.8060836501901,0,694.0,640.0,0.0,1.1659579344695352,0.8229671603315623,484,484
1,485,1,8.16772946715355,28.602530643343925,0.1249564029276371,0.028257697820663452,0.8549822747938992,0.22191666066646576,0.24956856667995453,0.1512542493917324,0.17127263858289776,0.1871924176812172,0.07872836291790009,0.07872836291790009,0.05011235002385593,0.047199279748091315,0.2091643549501896,597.0913898026286,642.9458503622365,0.0,596.9221556886228,642.1077844311377,0,598.0,639.0,0.0,1.102179597219285,0.8491974807323486,485,485
1,486,1,15.003593236207962,153.61795219779015,0.18514491617679596,0.09531363844871521,1.785989157416516,0.39315539598464966,0.5817470550537109,0.18754491545259952,0.30180344243180773,0.2616017460823059,0.1279105842113495,0.1279105842113495,0.04659340339508063,0.13158327029248787,0.4245850145816803,1170.7105897034166,643.0306813204108,0.0,1169.7347740667976,644.5265225933202,0,1174.0,641.0,0.0,1.113869245890738,0.6088666426840088,486,486
1,487,1,7.1060372069478035,53.49789705872536,0.09697888046503067,0.03483384847640991,0.8677661897151479,0.20092272758483887,0.24887019395828247,0.10008503108377188,0.14228164111363126,0.122271828353405,0.07872836291790009,0.07872836291790009,0.028281460332847848,0.050464265109781,0.188373401761055,586.0937857046031,643.4879364892214,0.0,585.7313829787234,642.6994680851063,0,589.0,649.0,0.0,1.22860341946008,0.734855539098799,487,487
1,488,1,13.527571767568588,134.42230619490147,0.0994394812732935,0.03909236937761307,0.7603687391803722,0.21799813210964203,0.3112451434135437,0.11562027151768024,0.14886191162226076,0.13273538649082184,0.0761091485619545,0.0761091485619545,0.04034241050738572,0.05999080887187411,0.19290204346179962,612.2843197448926,645.1368590575418,0.0,612.9822812846069,645.4385382059801,0,609.0,645.0,0.0,1.1563254140894361,0.7943843379644407,488,488
1,489,1,5.368692755699158,16.567216627299786,0.10489635542035103,0.017578311264514923,0.6859265404252456,0.19367294013500214,0.19367294013500214,0.11930428345998129,0.12744012790230605,0.11645633727312088,0.07857169955968857,0.07857169955968857,0.03215098056196511,0.028905613313033717,0.15373609215021133,703.8268986682458,647.0049729481509,0.0,704.4923076923077,646.8384615384615,0,697.0,649.0,0.0,1.114393271592674,0.9218163830062829,489,489
1,490,1,6.821773670613766,40.753786481916904,0.12232591211795807,0.033483050763607025,0.8648312359260779,0.19785988330841064,0.2186039239168167,0.12403224855661392,0.1549573630491137,0.15865742415189743,0.08003497123718262,0.08003497123718262,0.03635118162994851,0.03854091559124098,0.18990486860275269,130.97469230146154,650.6367369972454,0.0,131.66920152091254,651.1520912547528,0,125.0,648.0,0.0,1.1187814014430006,0.8192689942616025,490,490
1,491,1,8.408130336552858,68.56597801670432,0.1079376395791769,0.047447800636291504,0.9551478465042628,0.24818015098571777,0.25269654393196106,0.11063329390201129,0.15762293796943522,0.16836972534656525,0.040409740060567856,0.040409740060567856,0.05341226244610109,0.05292402653776385,0.19978566467761993,486.19594146253115,643.1872214763907,0.0,486.08045977011494,642.2390804597701,0,482.0,645.0,0.0,1.092220405530554,0.7304568270107719,491,491
1,492,1,9.546596944332123,58.3138128221035,0.1101485937833786,0.02799656242132187,1.2441641659028764,0.25031962990760803,0.264565110206604,0.11785922153496448,0.14578453205525876,0.12734627723693848,0.07847277075052261,0.07847277075052261,0.045952698531524616,0.04849553414986499,0.1855061799287796,498.59399593956596,654.1853850405845,0.0,499.11,655.3175,0,498.0,648.0,0.0,1.195140726721165,0.8196091256307909,492,492
1,493,1,9.545916967093945,68.72866103798151,0.14498212561011314,0.04291445016860962,0.3129593496844404,0.2262832522392273,0.29566848278045654,0.14686026103221453,0.18625653397826966,0.17339734733104706,0.07871343940496445,0.07871343940496445,0.031654789685844606,0.054233890716564405,0.2383175678551197,1187.5288153229535,649.3875022282757,0.0,1187.79945799458,649.2303523035231,0,1190.0,644.0,0.0,1.05921125601669,0.7525722994673534,493,493
1,494,1,5.78687858581543,59.69628943502903,0.09383125603199005,0.03108290582895279,0.11369673983283882,0.09960971027612686,0.19116787612438202,0.08266969408307756,0.13325064606033266,0.14284826815128326,0.0781516432762146,0.0781516432762146,0.0043444770419035885,0.03630755149375914,0.16616852581501007,1265.7794089655354,650.5974139119945,0.0,1265.7276785714287,650.6986607142857,0,1264.0,645.0,0.0,1.099992621286039,0.7087244100499531,494,494
1,495,1,9.947059638798237,69.815983787179,0.12948013842105865,0.03118489682674408,1.0239779591922291,0.2232135385274887,0.2232135385274887,0.14210085198283195,0.16466033912070518,0.17582640051841736,0.08033859729766846,0.08033859729766846,0.0398392220831,0.04035163799888575,0.20175959169864655,84.68062147702783,653.1753087216756,0.0,85.20990566037736,654.0518867924528,0,88.0,643.0,0.0,1.1942142146630146,0.874910938470438,495,495
1,496,1,7.204769689589739,52.484875820577145,0.09894285909831524,0.04293800890445709,1.0308382441066546,0.20730692148208618,0.2610715627670288,0.10753387596402596,0.15391459184919984,0.17054077982902527,0.035766348242759705,0.035766348242759705,0.06069974580045619,0.062168502581977994,0.20581213012337685,196.354581293076,649.8277634211644,0.0,196.58357771260998,650.8328445747801,0,196.0,651.0,0.0,1.018455679725358,0.7287837097450702,496,496
1,497,1,4.8925280421972275,19.169504582881927,0.11248721554875374,0.022860832512378693,0.21602510193624078,0.18099139630794525,0.18446172773838043,0.11377972191156344,0.1389094534991444,0.14718253910541534,0.07815732806921005,0.07815732806921005,0.0374032029592393,0.03247759857488174,0.16789858043193817,807.2403769315898,651.5587929370023,0.0,807.3768115942029,651.3913043478261,0,805.0,650.0,0.0,1.0683240376501693,0.889210844647405,497,497
1,498,1,6.210361339151859,28.704823836684227,0.08452054113149643,0.04274260997772217,0.8437903095526529,0.18143856525421143,0.1938575804233551,0.10350602231919766,0.12757699482970766,0.1294701099395752,0.07815732806921005,0.07815732806921005,0.03619860604170666,0.039912062667438984,0.16687650978565216,805.2492043139894,659.9696434492171,0.0,805.2622222222222,660.8133333333334,0,808.0,658.0,0.0,1.199008830649008,0.8349970040990204,498,498
1,499,1,8.94926069676876,50.41224306821823,0.16328561305999756,0.040202438831329346,0.3775943008656724,0.2548663914203644,0.2929772734642029,0.1598082267280136,0.19615658781407871,0.1855001002550125,0.08264710009098053,0.08264710009098053,0.04155051226616331,0.0478688566021111,0.23728282749652863,1196.3380422883197,657.9618725853205,0.0,1196.7081712062256,657.8871595330739,0,1196.0,654.0,0.0,1.0668937421364049,0.8329743265723362,499,499
1,500,1,9.622193723917007,50.876163117587566,0.13237081468105316,0.03654484450817108,0.3731129819426383,0.25542712211608887,0.25542712211608887,0.15034677693620324,0.16958721039195856,0.1637657731771469,0.09304934740066528,0.09304934740066528,0.03866557796959257,0.03985175777156485,0.2084324210882187,119.05688706594006,658.7635223605945,0.0,119.43,658.7633333333333,0,114.0,663.0,0.0,1.1215630891424764,0.8484719190284956,500,500
1,501,1,8.426683351397514,82.251858741045,0.09154998511075974,0.04460024833679199,0.4083573418273298,0.16004177927970886,0.2808014452457428,0.09575776535678994,0.1490069904729076,0.12955673038959503,0.06977463513612747,0.06977463513612747,0.022390961489673587,0.06154838004987663,0.20820674300193787,707.0999442828372,659.3714277501247,0.0,707.5018115942029,659.2989130434783,0,705.0,660.0,0.0,1.217832532837534,0.6586828300653128,501,501
1,502,1,9.11103580147028,71.48549554497004,0.1278662532567978,0.042947784066200256,1.1906320763991876,0.22794987261295319,0.32767796516418457,0.1283244479080321,0.17694429590339117,0.15660667419433594,0.07819469273090363,0.07819469273090363,0.04081482402370106,0.06314731813398694,0.23261795938014984,1168.2000515809443,663.8592874825838,0.0,1167.4727722772277,664.8019801980198,0,1172.0,659.0,0.0,1.2145979885878733,0.7607789609187893,502,502
1,503,1,12.483119174838066,59.086711049079895,0.13274909555912018,0.06049152463674545,0.2071668990082351,0.2867039144039154,0.34443897008895874,0.1664415889978409,0.20097520764993163,0.18540805578231812,0.0852307379245758,0.0852307379245758,0.05605813971471864,0.07391523623557501,0.26971064507961273,112.54994493128113,665.9634947374068,0.0,112.62925170068027,665.7721088435375,0,110.0,667.0,0.0,1.2329265714441617,0.7903202591721523,503,503
1,504,1,5.581560626626015,53.94165835529566,0.11086291074752808,0.0350392647087574,0.10991531138385792,0.11389271169900894,0.2357904314994812,0.09150099387911499,0.1477853653569744,0.1367165669798851,0.07824671268463135,0.07824671268463135,0.009948507122080877,0.04509725999871906,0.1936081126332283,526.5003532075061,667.3802374442478,0.0,526.5835616438357,667.4520547945206,0,522.0,665.0,0.0,1.2067147746285654,0.7805675959338529,504,504
1,505,1,4.047538422048092,12.441678754985332,0.1255219578742981,0.012919247150421143,0.2257576747836506,0.1614881306886673,0.16988182067871094,0.11904524770729683,0.1352356386411449,0.1400219351053238,0.06774215400218964,0.06774215400218964,0.024363325916779994,0.02169227919292928,0.1509108543395996,752.9592469941749,667.2401634677552,0.0,752.9021739130435,667.0217391304348,0,755.0,670.0,0.0,1.0426148523774783,0.9370348386604489,505,505
1,506,1,6.66175427287817,29.752087593078613,0.10247059166431427,0.01919524371623993,1.1540906925190604,0.22429460287094116,0.2350488007068634,0.12336581986811426,0.14034003581640855,0.1173042505979538,0.08112255483865738,0.08112255483865738,0.039854298275921685,0.045705712701075325,0.18803903460502625,861.1837609013753,666.3093990355143,0.0,861.2122641509434,665.1556603773585,0,860.0,673.0,0.0,1.273163285729664,0.8500906076199238,506,506
1,507,1,9.047358870506287,61.736399814486504,0.15521838888525963,0.030024349689483643,0.5498791568336565,0.2176198959350586,0.2574756443500519,0.14136498235166073,0.18319406473141395,0.18920199573040009,0.06575401872396469,0.06575401872396469,0.036044347791380396,0.0388650267075726,0.21705623716115952,1203.6683960385374,669.9624375023994,0.0,1204.186943620178,670.1454005934718,0,1204.0,664.0,0.0,1.038089331909364,0.7963962909737395,507,507
1,508,1,5.325296998023987,22.447306104004383,0.10174732282757759,0.02289128303527832,0.5904089541726699,0.1635621041059494,0.18290723860263824,0.10650593996047973,0.1254039447151083,0.12780866771936417,0.07007625699043274,0.07007625699043274,0.025426057853717793,0.027942350600851873,0.14848506078124046,759.6454571245338,675.2279685471758,0.0,759.8491620111732,675.7821229050279,0,761.0,675.0,0.0,1.116957993376211,0.8796271342841072,508,508
1,509,1,10.794938750565052,66.925417304039,0.13445547223091125,0.03389604389667511,1.4125961905557414,0.24954785406589508,0.2619470953941345,0.16607598077792388,0.19231441754034195,0.21461163461208344,0.0799141675233841,0.0799141675233841,0.06068187784279836,0.05701529317892684,0.24156564474105835,72.97634701564883,672.3300286917114,0.0,72.82758620689656,670.9252873563219,0,70.0,676.0,0.0,1.217610172530446,0.8482512382771713,509,509
1,510,1,7.751439481973648,56.53902693837881,0.11097513139247894,0.015123344957828522,0.3641086514758272,0.1366274505853653,0.18792147934436798,0.10474918218883308,0.12648551887780496,0.1256197839975357,0.07053670287132263,0.07053670287132263,0.01604059560967815,0.021778848046340643,0.1429760456085205,847.0318691365293,678.1750347336489,0.0,846.8120805369127,678.4653243847874,0,851.0,678.0,0.0,1.0763230789091387,0.8969196088137286,510,510
1,511,1,6.728369370102882,21.85214973986149,0.13027393072843552,0.038321077823638916,0.3159216544064036,0.2134803980588913,0.25831127166748047,0.14017436187714338,0.16939650961132938,0.16864950954914093,0.10870515555143356,0.10870515555143356,0.02815692538352861,0.041640580379592125,0.20495722442865372,865.0580529830368,674.6147609845608,0.0,864.937984496124,674.9069767441861,0,864.0,676.0,0.0,1.0215575075355379,0.8429319779233977,511,511
1,512,1,8.99219573289156,58.42259228229523,0.10235064662992954,0.023468825966119766,0.6535841007885219,0.16838641464710236,0.19378270208835602,0.1110147621344637,0.12896819488365394,0.1215319111943245,0.08112255483865738,0.08112255483865738,0.02065948901658135,0.030635429031734093,0.15771674364805222,879.375215057167,669.7483379196199,0.0,879.8101545253863,669.2604856512141,0,878.0,674.0,0.0,1.147374729786858,0.8333245022695215,512,512
1,513,1,8.064281649887562,45.5329325646162,0.1218499094247818,0.03939478099346161,1.1395825090963356,0.2292756587266922,0.2292756587266922,0.1344046941647927,0.15701011229178002,0.1563839614391327,0.08003497123718262,0.08003497123718262,0.04741579948466912,0.04321010884836507,0.1958535760641098,117.9862611011774,678.4429516522671,0.0,118.87586206896552,679.1551724137931,0,119.0,670.0,0.0,1.1720064325560575,0.8291858819764957,513,513
1,514,1,6.370962962508202,39.92717435956001,0.09355134889483452,0.024229317903518677,0.9146192182830315,0.21858695149421692,0.22276215255260468,0.10618271604180336,0.1326484197992027,0.10867151245474815,0.07474149763584137,0.07474149763584137,0.038718680521340136,0.04666409416394335,0.18438833951950073,784.8941450371431,676.16370574226,0.0,783.9833887043189,676.0797342192691,0,790.0,673.0,0.0,1.2763890816866321,0.8016921975109834,514,514
1,515,1,6.628537096083164,29.101001381874084,0.11188308149576187,0.0576014518737793,1.2719015029516834,0.2536918818950653,0.27472007274627686,0.13809452283506593,0.16724713437858668,0.16483204066753387,0.07834142446517944,0.07834142446517944,0.05310685414085594,0.05886759388305543,0.22492271661758423,101.5791923715312,672.9738487221878,0.0,100.47701149425288,672.3390804597701,0,104.0,677.0,0.0,1.233316659611431,0.822218224672391,515,515
1,516,1,7.339487634599209,52.94741199165583,0.10894308984279633,0.02100074291229248,0.384276328960776,0.15109890699386597,0.2155478447675705,0.1033730652760452,0.13236852997913956,0.12583546340465546,0.07921052724123001,0.07921052724123001,0.018231560012278786,0.032393754044686654,0.15385012328624725,745.3261151530264,676.4933112092723,0.0,744.945,676.5425,0,750.0,679.0,0.0,1.183082468122548,0.8577232917864202,516,516
1,517,1,10.116357259452343,77.94771269708872,0.10007743537425995,0.056439682841300964,1.92133602632918,0.5546004772186279,0.5546004772186279,0.12489329949941164,0.17399043012743018,0.17366057634353638,0.07387616485357285,0.07387616485357285,0.12254976039376153,0.08746711182134495,0.2173519730567932,340.4365595295166,673.1147258204704,0.0,339.96651785714283,674.9776785714286,0,341.0,660.0,0.0,1.0249655264985642,0.8719125915595112,517,517
1,518,1,7.017768010497093,14.633829668164253,0.09248555824160576,0.042213112115859985,0.3374750302021883,0.21281534433364868,0.2129480242729187,0.12759578200903807,0.1380549968694741,0.14023970067501068,0.07042652368545532,0.07042652368545532,0.04779795047994461,0.04365920641331826,0.17829281836748123,794.2664613011784,678.3668790222256,0.0,794.6037735849056,678.377358490566,0,794.0,684.0,0.0,1.0524840988726494,0.9622243871117967,518,518
1,519,1,7.904267024248838,62.639459889382124,0.14459185302257538,0.030766084790229797,0.4296852681222332,0.17546740174293518,0.24897401034832,0.12748817781046515,0.17114606527153586,0.17078430950641632,0.06160793825984001,0.06160793825984001,0.034703998379321664,0.04238228519308087,0.20640022307634354,1186.4893646955807,676.9933631530918,0.0,1186.1065573770493,677.188524590164,0,1182.0,676.0,0.0,1.0546222231704496,0.7598215059754204,519,519
1,520,1,8.057632349431515,40.1064920052886,0.12332619354128838,0.013279914855957031,0.3051038552902652,0.1560075432062149,0.20487509667873383,0.11348777956945795,0.13829824829409862,0.1362319439649582,0.0746598094701767,0.0746598094701767,0.024930309068364364,0.027730969145622786,0.15197961032390594,687.4477661185664,678.6757903291118,0.0,687.6620689655173,678.4586206896552,0,681.0,679.0,0.0,1.011804547447062,1.008926742194046,520,520
1,521,1,6.229585014283657,23.49783743172884,0.1377645581960678,0.010481670498847961,0.16283541172102,0.1689196228981018,0.19642923772335052,0.1354257611800795,0.14686148394830525,0.14855560660362244,0.08498358726501465,0.08498358726501465,0.020552762158926183,0.021759351123782706,0.15709321200847626,702.1122267390097,676.0720883392275,0.0,702.05625,676.225,0,705.0,679.0,0.0,1.0115751302599414,1.0177657351828209,521,521
1,522,1,4.428377419710159,17.858860455453396,0.09536584466695786,0.03932708501815796,0.7467770420900209,0.20643088221549988,0.20643088221549988,0.11354813896692716,0.14287088364362716,0.15706754475831985,0.07825411856174469,0.07825411856174469,0.045131573420372634,0.04555323353890995,0.18617943674325943,799.2626174956907,679.5302939367543,0.0,799.92,679.176,0,795.0,683.0,0.0,1.0935058193757279,0.8215515169179155,522,522
1,523,1,9.581100337207317,89.90975292772055,0.11282962001860142,0.0632723942399025,0.8575701324084763,0.21203990280628204,0.302743524312973,0.11543494382177491,0.17526267627235975,0.18665587157011032,0.07828334718942642,0.07828334718942642,0.04246672324293985,0.06538713530922363,0.22811589762568474,610.4174167453086,678.2256447254558,0.0,610.9980506822612,677.5945419103314,0,607.0,680.0,0.0,1.1814857706489106,0.701313581005708,523,523
1,524,1,6.08544097840786,27.210635609924793,0.12250076979398727,0.03434334695339203,0.9489919684523433,0.24855627119541168,0.2536918818950653,0.1383054767819968,0.1600625624113223,0.14646129310131073,0.07822182029485703,0.07822182029485703,0.048487459127394154,0.0487601080388578,0.20530786365270615,106.40985547621676,684.7452561835562,0.0,106.39411764705882,685.6941176470589,0,106.0,683.0,0.0,1.1970207632965397,0.8518075940626075,524,524
1,525,1,4.34245665371418,11.605838313698769,0.11400236189365387,0.01057356595993042,0.33050925771057593,0.15371137857437134,0.15371137857437134,0.120623795936505,0.12089414910102884,0.12500424683094025,0.04821629822254181,0.04821629822254181,0.02549668661787069,0.01944671106911313,0.13394847512245178,696.9736990898655,683.0239384076328,0.0,697.1145833333334,683.3229166666666,0,695.0,676.0,0.0,1.0104968718737422,1.000795603692261,525,525
1,526,1,9.761232696473598,45.654666751623154,0.20780009776353836,0.010301657021045685,0.903899149374029,0.24964284896850586,0.25513508915901184,0.18417420182025657,0.20846879795261714,0.2268865928053856,0.08043013513088226,0.08043013513088226,0.06332100586695892,0.045388154897509865,0.23664061725139618,84.1605369628748,679.3760061372238,0.0,84.65753424657534,678.62100456621,0,84.0,681.0,0.0,1.0831643572099523,0.914612064803118,526,526
1,527,1,7.007189624011517,39.97232708334923,0.10424903221428394,0.032698921859264374,0.5973871389827451,0.17057110369205475,0.21127957105636597,0.10458491976136591,0.13736194874003171,0.13989657908678055,0.049316249787807465,0.049316249787807465,0.029113438663708188,0.036405267192423874,0.16932786628603935,872.8589850589391,685.215690533056,0.0,873.3264604810996,685.5876288659794,0,866.0,683.0,0.0,1.0808852662502595,0.7865516748945068,527,527
1,528,1,8.879000470042229,63.16456159949303,0.14300401508808136,0.0378715917468071,1.0057988937830982,0.23288770020008087,0.28689414262771606,0.13453031015215497,0.17893643512604257,0.1643568053841591,0.07957063615322113,0.07957063615322113,0.04172724701018452,0.05260906409771551,0.22573334723711014,1211.6159734621172,685.5826406422344,0.0,1212.586402266289,685.8470254957507,0,1209.0,686.0,0.0,1.1596502188309892,0.7965275645493302,528,528
1,529,1,8.237497709691525,78.94981344789267,0.09807980805635452,0.03857041895389557,0.3258712503996161,0.17809060215950012,0.22278685867786407,0.09691173776107675,0.13875186897696426,0.1366502270102501,0.07951381802558899,0.07951381802558899,0.025628195439546513,0.04221611421488679,0.1749303936958313,1287.22265153086,683.9862306337362,0.0,1287.066783831283,684.2724077328646,0,1284.0,679.0,0.0,1.160646775296925,0.7364072518251927,529,529
1,530,1,8.248094595968723,41.47110494971275,0.08524816483259201,0.01782839745283127,0.9295614901795309,0.1850639432668686,0.19655337929725647,0.098191602332961,0.11781563906168396,0.09844136238098145,0.0781516432762146,0.0781516432762146,0.028766682590795165,0.03794288278506629,0.15359127521514893,1302.3534810634906,685.7986410966233,0.0,1302.7443181818182,686.6420454545455,0,1300.0,689.0,0.0,1.2872024188968947,0.8364873073829956,530,530
1,531,1,10.036079168319702,66.01439196616411,0.1612890660762787,0.02324475347995758,0.5928532474749111,0.2520514130592346,0.2520514130592346,0.14758939953411326,0.18236019880155832,0.1937062293291092,0.08033859729766846,0.08033859729766846,0.059220181165485275,0.040787753761840795,0.21210625767707825,65.05371674191765,684.848342873331,0.0,64.59944751381215,685.2292817679559,0,72.0,684.0,0.0,1.086620911709289,0.9330447991486062,531,531
1,532,1,9.550743773579597,57.47758752852678,0.14350252971053123,0.03398878872394562,0.7223164915516674,0.2454698085784912,0.27638375759124756,0.13841657642868982,0.18969500834497288,0.21417418122291565,0.044359561055898666,0.044359561055898666,0.06832745677449133,0.061223032005838944,0.23736347258090973,85.43070710346802,690.6832623612434,0.0,85.8976897689769,691.2343234323432,0,84.0,692.0,0.0,1.0212185005157164,0.8649155961455877,532,532
1,533,1,9.662398517131805,62.046102315187454,0.12102044746279716,0.03136809915304184,1.0180938776827344,0.20526406168937683,0.2323126643896103,0.12883198022842407,0.15950154836809113,0.17106951028108597,0.0776032954454422,0.0776032954454422,0.04550614786428395,0.043781471274683535,0.1947404257953167,603.0401608583102,693.7807635132743,0.0,602.2596401028278,694.4344473007712,0,605.0,691.0,0.0,1.0858317787266172,0.7788599952341148,533,533
1,534,1,7.5270019099116325,58.32800114899874,0.14907394349575043,0.027711302042007446,0.7868272217751973,0.1980791538953781,0.24406221508979797,0.12977589499847642,0.17155294455587863,0.17522412538528442,0.07849418371915817,0.07849418371915817,0.040119191472049294,0.038844737404920573,0.20300553739070892,1199.022484802959,693.6085908816714,0.0,1199.1941176470589,694.3764705882353,0,1197.0,690.0,0.0,1.1185052865456662,0.8394711041879105,534,534
1,535,1,6.5084037482738495,30.701545909047127,0.09416679292917252,0.023514196276664734,0.8981574604234159,0.24658124148845673,0.24658124148845673,0.11221385772885947,0.13009129622477597,0.11128802597522736,0.07883992046117783,0.07883992046117783,0.045675112769534135,0.04593019770570165,0.1693374514579773,769.6516273469908,689.8051229475394,0.0,769.228813559322,689.0127118644068,0,772.0,696.0,0.0,1.3463808895860598,0.8742062225402335,535,535
1,536,1,7.6348161697387695,53.52501454204321,0.15669075399637222,0.038981229066848755,0.7280649648011785,0.2534366250038147,0.2888432741165161,0.1388148394497958,0.18913432700368626,0.1888071447610855,0.07935547083616257,0.07935547083616257,0.047375609113054856,0.05380232806148219,0.23321909829974174,625.9518323211921,692.8555649603193,0.0,626.5901060070671,692.5053003533569,0,622.0,692.0,0.0,1.1827299967672236,0.8543411549682737,536,536
1,537,1,7.511102348566055,35.18667960166931,0.10789085179567337,0.03913276642560959,1.2656045291581073,0.24658124148845673,0.25086960196495056,0.12730681946722128,0.15037042564815944,0.14370548725128174,0.07891377061605453,0.07891377061605453,0.04243512568275881,0.046500364161857204,0.19784000515937805,781.8569760429173,694.1014659228197,0.0,783.0982905982906,693.8547008547008,0,774.0,696.0,0.0,1.17624989644107,0.8135308559401134,537,537
1,538,1,5.768876068294048,45.28400380164385,0.10645093023777008,0.021691814064979553,0.12391427247293105,0.10777929425239563,0.1755780726671219,0.0901386885670945,0.1272022578697861,0.12867705523967743,0.0761091485619545,0.0761091485619545,0.00753111595576676,0.025629000062117647,0.150267094373703,1245.3553136995793,694.2637868607105,0.0,1245.4016853932585,694.1488764044943,0,1241.0,693.0,0.0,1.0908859376725875,0.8695706739858278,538,538
1,539,1,8.136263124644756,41.08852422237396,0.17442121729254723,0.03715802729129791,0.7001916493729765,0.23957720398902893,0.30010390281677246,0.15953457107146582,0.20442051851927345,0.203649640083313,0.07922400534152985,0.07922400534152985,0.04137996477586567,0.050474252592889866,0.24796707183122635,615.3986799776684,701.0929212880675,0.0,615.1343283582089,701.7412935323383,0,615.0,696.0,0.0,1.081408927307947,0.8296922843724498,539,539
1,540,1,8.804515041410923,52.51090655475855,0.1103888675570488,0.046936362981796265,1.5068316541572135,0.24276074767112732,0.27257347106933594,0.12760166726682498,0.15912395925684408,0.1621437668800354,0.07849714159965515,0.07849714159965515,0.03887688308554658,0.05104113925202152,0.20379486680030823,785.5439068346291,706.7981626634357,0.0,787.0454545454545,706.9242424242424,0,777.0,705.0,0.0,1.1794427893891823,0.7517580503318431,540,540
1,541,1,10.670465245842934,95.91593766957521,0.15743082016706467,0.04016993194818497,0.9125172879116343,0.2673243284225464,0.30326712131500244,0.1385774707252329,0.19534814189322855,0.1999247521162033,0.07888421416282654,0.07888421416282654,0.051667328742934567,0.05426952413721228,0.2381192035973072,628.8905223701671,714.6950015058753,0.0,627.979633401222,714.7494908350305,0,637.0,718.0,0.0,1.0841965315682942,0.7722343780637277,541,541
1,542,1,7.530004143714905,44.85569739341736,0.16744670271873474,0.03607434034347534,0.5470707260478043,0.255104124546051,0.2857655882835388,0.1448077719945174,0.19673551488340946,0.20006322860717773,0.07888421416282654,0.07888421416282654,0.0504368164879037,0.05127638338116394,0.24052545428276062,643.1612096178399,707.1293519934466,0.0,643.2850877192982,706.5964912280701,0,647.0,709.0,0.0,1.146911241517434,0.8622739129898604,542,542
1,543,1,8.979054421186447,79.47062707692385,0.10928481817245483,0.04451262950897217,1.3225696391782564,0.17904378473758698,0.30461063981056213,0.11661109637904477,0.16836997262060138,0.15016330778598785,0.07883992046117783,0.07883992046117783,0.027704493071220828,0.06519293237894942,0.22523343563079834,766.1000789736655,709.1937662067371,0.0,764.9385593220339,709.8262711864406,0,767.0,707.0,0.0,1.1827580951083265,0.6850283525287755,543,543
1,544,1,8.375590428709984,67.2027524933219,0.1235249973833561,0.028446383774280548,0.4612068097292096,0.18921032547950745,0.2530960142612457,0.1102051372198682,0.15484505182793062,0.14050814509391785,0.07884880155324936,0.07884880155324936,0.02688974230731331,0.04438745696612344,0.19116425514221191,355.8257599911917,710.7112149942385,0.0,355.55069124423966,710.3410138248848,0,352.0,713.0,0.0,1.2242199857451739,0.8212001822816318,544,544
1,545,1,5.742349334061146,21.06508829444647,0.08479425311088562,0.04900453984737396,1.0897295311424977,0.20919035375118256,0.20919035375118256,0.1125950849815911,0.13417253690730235,0.13651806116104126,0.07814726233482361,0.07814726233482361,0.043949692178980114,0.04606849753776708,0.18043085932731628,864.1852015656258,715.5919132509629,0.0,863.0955414012739,715.5796178343949,0,870.0,714.0,0.0,1.2258666808033345,0.822731031726991,545,545
1,546,1,8.708132103085518,40.07434693723917,0.09683647006750107,0.04270154982805252,0.4396995692441121,0.1939987689256668,0.21881398558616638,0.11309262471539634,0.13963187086146053,0.1438419371843338,0.07819695770740509,0.07819695770740509,0.0374898747818666,0.04324163419461097,0.18023307248950005,871.1416345996927,720.3108646701771,0.0,870.787456445993,720.5714285714286,0,875.0,720.0,0.0,1.1112488104742897,0.7948695688249582,546,546
1,547,1,7.252917442470789,53.457960207015276,0.13135158270597458,0.04468299448490143,0.1852970795344102,0.21127957105636597,0.2797756493091583,0.11512567369001252,0.17244503292585572,0.16602493822574615,0.053110767155885696,0.053110767155885696,0.03412155315372244,0.05212010708765749,0.2229301854968071,366.50305934390366,718.7842096076167,0.0,366.6225806451613,718.9258064516129,0,368.0,721.0,0.0,1.1426698359326384,0.775584089316756,547,547
1,548,1,8.685474626719952,71.75404009222984,0.10565067827701569,0.017123419791460037,0.998241589987424,0.1902889460325241,0.22439588606357574,0.11279837177558379,0.1361556737992976,0.11451007425785065,0.07839974761009216,0.07839974761009216,0.027299260605708517,0.03825156840648163,0.17422545701265335,780.3660182892498,723.6047755055387,0.0,780.4686907020873,724.5977229601518,0,777.0,716.0,0.0,1.1864687626697512,0.8149735007748432,548,548
1,549,1,10.392644613981247,70.04815526306629,0.15147415921092033,0.0254671573638916,0.529044140286278,0.23812083899974823,0.23812083899974823,0.13496941057118503,0.1729584080569538,0.17968431115150452,0.06275539100170135,0.06275539100170135,0.04263083542833305,0.035897947868636954,0.1999974250793457,649.5353957747608,722.277767578894,0.0,649.9728395061728,722.5753086419753,0,643.0,717.0,0.0,1.0758276892510175,0.8611314310547739,549,549
1,550,1,5.665672816336155,55.525018349289894,0.09340596944093704,0.057543251663446426,0.7261093408554331,0.1021195575594902,0.24648188054561615,0.08331871788729639,0.15047430446962032,0.15303635597229004,0.06818588078022003,0.06818588078022003,0.00551219337464718,0.05620109715326761,0.2064148113131523,807.2357041090402,721.3058982434376,0.0,806.6612466124661,720.8617886178862,0,811.0,717.0,0.0,1.2067191471926952,0.7044166162060549,550,550
1,551,1,5.855004094541073,44.42452568560839,0.09246764704585075,0.039720311760902405,0.358379344521131,0.11272027343511581,0.1998400092124939,0.0861030013903099,0.13340698404086604,0.13369148969650269,0.07852152734994888,0.0772659182548523,0.006911587186192631,0.039326367797736496,0.17113010585308075,31.82848237924452,731.5601878240899,0.0,31.89189189189189,731.9129129129129,0,35.0,731.0,0.0,1.1128653813737037,0.7481737573682253,551,551
1,552,1,7.336055226624012,54.820481926202774,0.10120552033185959,0.028316840529441833,0.7321314163834587,0.16029900312423706,0.19505684077739716,0.1018896559253335,0.13052495696714947,0.12480391561985016,0.07857169955968857,0.07857169955968857,0.020353462427351907,0.03303833475969403,0.16453209519386292,881.6712756388907,729.4674002592245,0.0,882.0952380952381,730.0642857142857,0,881.0,723.0,0.0,1.102644742682272,0.7929619822425779,552,552
1,553,1,6.346769131720066,71.58221879974008,0.11402957141399384,0.032754309475421906,0.28194257604206135,0.11662054806947708,0.2232135385274887,0.08462358842293422,0.14490327692255076,0.14436107873916626,0.0361858569085598,0.0361858569085598,0.01860310722680668,0.04278340815245487,0.17881828546524048,85.33679740801337,730.6103715401083,0.0,85.10526315789474,730.7712550607288,0,87.0,726.0,0.0,1.1109442470832818,0.7647844646196859,553,553
1,554,1,7.215434990823269,72.7352502644062,0.09687601588666439,0.028035253286361694,0.2751587820333489,0.1376165747642517,0.22980815172195435,0.08907944433115146,0.13544739341602646,0.1173887699842453,0.07827161252498627,0.07827161252498627,0.010824391084493238,0.044818802222804315,0.1792897917330265,938.308712761042,733.3151301721772,0.0,938.0651769087523,733.4432029795158,0,936.0,735.0,0.0,1.203736642921578,0.7379028753749705,554,554
1,555,1,8.211267422884703,94.14333030208945,0.11442078463733196,0.05201491713523865,0.6719803310133977,0.17873452603816986,0.2896207869052887,0.10013740759615491,0.1672172829522015,0.16099511086940765,0.03871111199259758,0.03871111199259758,0.02890136164159564,0.05982657203039052,0.2178131267428398,308.3068317909581,735.1458520209209,0.0,307.7442273534636,735.5133214920071,0,311.0,735.0,0.0,1.1627916034147465,0.7299717241396264,555,555
1,556,1,7.311676286160946,51.106581538915634,0.09706000983715057,0.04141414910554886,0.29106593882288984,0.13398891687393188,0.25224801898002625,0.09255286438178413,0.14643719638657776,0.12705985456705093,0.07814333587884903,0.07814333587884903,0.01740282300924477,0.05575877835513532,0.19888151809573174,486.3901207533431,737.77328518564,0.0,486.3409742120344,738.0601719197708,0,492.0,736.0,0.0,1.252336628376542,0.7381809103761762,556,556
1,557,1,7.826336480677128,57.16945818066597,0.13870806992053986,0.03546132147312164,0.7265464373432147,0.21151919662952423,0.2457161545753479,0.12830059804388735,0.17219716319477701,0.1714795082807541,0.07841549068689346,0.07841549068689346,0.03548230394703677,0.04362149696723687,0.21030274033546448,321.77814381280797,750.5676870333455,0.0,322.46084337349396,750.816265060241,0,323.0,751.0,0.0,1.094722385369347,0.7783931668735764,557,557
1,558,1,6.174943000078201,41.32761513441801,0.1047740951180458,0.04286615923047066,0.26169233648683615,0.15563079714775085,0.25080573558807373,0.10466005084878308,0.1513832056205788,0.13958339393138885,0.07833197712898254,0.07833197712898254,0.02261247494710239,0.051067144236150074,0.202044527977705,453.086298164058,748.3756472006484,0.0,453.34798534798534,748.3772893772893,0,450.0,750.0,0.0,1.1823013878045843,0.748434133357145,558,558
1,559,1,6.099421635270119,28.25287090986967,0.10587001219391823,0.013119097799062729,0.5423759826764835,0.18713073432445526,0.18713073432445526,0.11729656990904075,0.12669448838506578,0.11446154117584229,0.07933207601308823,0.07933207601308823,0.0261315179091337,0.025248467864966973,0.14966842532157898,872.1715694881234,743.5239779008087,0.0,871.8654708520179,743.0762331838565,0,877.0,748.0,0.0,1.1165840866824503,0.909080538527215,559,559
1,560,1,7.156633622944355,72.13992159068584,0.098657650873065,0.027076061815023422,0.6867824263681443,0.11138108372688293,0.19140784442424774,0.08727601979200433,0.12723090227634187,0.12145864218473434,0.07818066328763962,0.07818066328763962,0.007586490494710797,0.0324992922863192,0.15951360017061234,35.47718411460203,752.7489940127666,0.0,35.91005291005291,753.2821869488536,0,30.0,751.0,0.0,1.1557867386593363,0.8003340916062057,560,560
1,561,1,6.003404185175896,24.145748913288116,0.14002513140439987,0.014579296112060547,0.4617226567456624,0.201466903090477,0.201466903090477,0.1500851046293974,0.15679057735901375,0.16049611568450928,0.11515860259532928,0.11515860259532928,0.025303450848039647,0.02103510229387366,0.1726859211921692,474.86953370494916,746.8669441353323,0.0,474.6753246753247,746.4480519480519,0,478.0,753.0,0.0,1.104474836897362,0.9572071360896164,561,561
1,562,1,8.132268637418747,43.92102475464344,0.09451384842395782,0.021738454699516296,0.06333613784797076,0.19373534619808197,0.2048090547323227,0.10039837823973762,0.12099455855273675,0.1099705845117569,0.07514289021492004,0.07514289021492004,0.029438670852881946,0.03254444077374865,0.1521635837852955,875.0136237746187,752.5935339703605,0.0,875.0,752.5316804407713,0,878.0,750.0,0.0,1.1217460025484074,0.8466625893709433,562,562
1,563,1,9.443827867507935,93.34307088702917,0.1147116981446743,0.039392709732055664,0.7821141186207038,0.1785472333431244,0.2667512595653534,0.11242652223223731,0.15740821397475407,0.14941628277301788,0.07886145263910294,0.07886145263910294,0.031984727225938515,0.05088079696895983,0.202444177120924,1322.061447226794,751.1969325663939,0.0,1322.841483979764,751.1399662731872,0,1319.0,750.0,0.0,1.2102186984860075,0.7587453443062604,563,563
1,564,1,11.230362392961979,88.67049823701382,0.13972684741020203,0.041504308581352234,1.0771079243311092,0.22326424717903137,0.263039767742157,0.14215648598686048,0.1802245899126297,0.18050892651081085,0.07894688844680786,0.07894688844680786,0.03956397580129703,0.047366148145517074,0.22356297075748444,1301.2400142424556,754.3411389502725,0.0,1301.0020325203252,753.290650406504,0,1307.0,756.0,0.0,1.1247719237002165,0.7757786375139194,564,564
1,565,1,7.827234972268343,53.91010433807969,0.11116777546703815,0.05547240376472473,0.29778355218468455,0.21982140839099884,0.32214176654815674,0.12041899957335912,0.18030135230126987,0.20156259089708328,0.056681662797927856,0.056681662797927856,0.056233963343207696,0.06878259091052741,0.23018170520663261,127.48765366737545,758.4720494643689,0.0,127.21404682274247,758.3545150501673,0,123.0,759.0,0.0,1.1396205919764075,0.7420968273841626,565,565
1,566,1,7.156155243515968,47.18187179416418,0.1244017630815506,0.036510080099105835,0.30058233270895546,0.19978542625904083,0.24943004548549652,0.11542185876638658,0.15939821552082495,0.14429444074630737,0.07978560030460358,0.07978560030460358,0.03357679972343145,0.04809930838707435,0.2045965939760208,991.486320757571,758.3287025242499,0.0,991.3209459459459,758.0777027027027,0,988.0,759.0,0.0,1.1487559084521195,0.7921603795160311,566,566
1,567,1,9.85640037059784,58.22215673327446,0.147971972823143,0.03307017683982849,0.42320799515893043,0.1950061321258545,0.2621150314807892,0.1388225404309555,0.1796980146088718,0.18418920040130615,0.08024805784225464,0.08024805784225464,0.035203296272319745,0.04355632401669548,0.2155330926179886,461.2344915324432,758.1910875440434,0.0,461.00925925925924,758.5493827160494,0,459.0,759.0,0.0,1.1163160016391322,0.8007051138720925,567,567
1,568,1,11.589801035821438,59.51111461222172,0.14460202306509018,0.016543909907341003,0.4210481558319242,0.19941112399101257,0.20376797020435333,0.14670634222558782,0.16259867380388449,0.17047622799873352,0.094537653028965,0.094537653028965,0.027892009280718912,0.025480025873274192,0.18351709842681885,474.9402890191018,761.0744098705394,0.0,475.3551912568306,761.0027322404371,0,474.0,764.0,0.0,1.05736365779868,0.9199694106165829,568,568
1,569,1,8.468545515090227,76.00640258565545,0.11637350916862488,0.0343613475561142,0.21407278653748996,0.16173486411571503,0.2628423273563385,0.10081601803678841,0.1520128051713109,0.1379043459892273,0.058913227170705795,0.058913227170705795,0.027066109474842642,0.04880613204831157,0.1931750774383545,1283.515499564755,758.2869918418742,0.0,1283.68,758.15,0,1282.0,759.0,0.0,1.1015900149344737,0.7330376951687891,569,569
1,570,1,7.854313790798187,59.85737964510918,0.13848990201950073,0.01723572611808777,0.45485024758900106,0.15986797213554382,0.23035186529159546,0.12083559678151057,0.15587859282580516,0.1509033888578415,0.07833053916692734,0.07833053916692734,0.02532801516268391,0.031606949777119385,0.18121616542339325,288.46463610902845,759.5897518062629,0.0,288.4114583333333,759.1380208333334,0,284.0,762.0,0.0,1.118814736473534,0.8773512738197782,570,570
1,571,1,9.78428078442812,63.98590790480375,0.1321115829050541,0.03845483437180519,0.44022832925542404,0.18626783788204193,0.2587994337081909,0.13045707712570825,0.1679420154981726,0.15949643403291702,0.07889492809772491,0.07889492809772491,0.028434063557401645,0.04737662028790129,0.2124296985566616,315.3193859946384,762.2236241969301,0.0,315.62204724409446,762.5433070866142,0,321.0,761.0,0.0,1.1028460779976421,0.7791086640073218,571,571
1,572,1,7.609809160232544,48.231186658144,0.10720169544219971,0.025657061487436295,0.9434314343409836,0.22327552735805511,0.24022409319877625,0.11028708927873251,0.13741078819984046,0.12393482774496078,0.059905555099248886,0.059905555099248886,0.03883191555994584,0.04053481620850051,0.17144062370061874,994.7796952502099,770.4611507532029,0.0,994.5384615384615,771.3732193732194,0,996.0,765.0,0.0,1.1538938269286272,0.8313793080771794,572,572
1,573,1,7.043817110359669,37.79438307881355,0.11909215897321701,0.03911401331424713,1.2763023605461383,0.21670517325401306,0.22627250850200653,0.1381140609874445,0.15747659616172313,0.16421569883823395,0.08010329306125641,0.08007921278476715,0.041630826413401614,0.04277414461700994,0.19577085971832275,489.4482427256936,761.9565546415552,0.0,490.21666666666664,760.9375,0,487.0,764.0,0.0,1.184761953859846,0.8422191925387668,573,573
1,574,1,13.82297421246767,98.45298610627651,0.2153863087296486,0.025051280856132507,0.4632093752499578,0.2634473741054535,0.3015369772911072,0.20033295960098074,0.23553345958439356,0.2390209287405014,0.09548953175544739,0.09548953175544739,0.04628531573820269,0.04073317534673799,0.2650824040174484,1308.3543315295092,770.4503230714035,0.0,1307.9186602870814,770.6076555023924,0,1314.0,771.0,0.0,1.0665585406844873,0.8803537601868778,574,574
1,575,1,9.764178641140461,67.32043131440878,0.17191077396273613,0.04461098462343216,0.7243474846240359,0.22626817226409912,0.3573997914791107,0.15021813294062247,0.212367291212646,0.21715520322322845,0.04257780686020851,0.04257780686020851,0.06012274016308597,0.06737869091151845,0.2603180855512619,135.1090441254875,769.0638449587832,0.0,135.80757097791798,769.2555205047319,0,133.0,772.0,0.0,1.0384474937061294,0.7425062984993736,575,575
1,576,1,6.758856102824211,27.50424701720476,0.10789114236831665,0.03740367665886879,1.403542273131744,0.21677066385746002,0.2324160784482956,0.1438054489962598,0.14708153485136236,0.1308135688304901,0.07938598096370697,0.07938598096370697,0.04434397903676339,0.04652998234958583,0.19420809298753738,481.0434182656091,774.0559249510494,0.0,480.0,774.9946524064171,0,483.0,774.0,0.0,1.236168795340649,0.8683882470468167,576,576
1,577,1,8.799925222992897,77.65752501040697,0.1278219372034073,0.04677262902259827,1.0944101062928735,0.1672014445066452,0.29680806398391724,0.12222118365267913,0.1781135894734105,0.1581447273492813,0.078961580991745,0.078961580991745,0.02358210084636167,0.06187243703576565,0.23860889673233032,299.7832720999678,773.7089581338648,0.0,299.5366972477064,774.7752293577981,0,296.0,773.0,0.0,1.1379191122148804,0.6967314834979628,577,577
1,578,1,6.94219832867384,47.88824570924044,0.11789637058973312,0.026355117559432983,0.3864698996675789,0.16316591203212738,0.19950878620147705,0.10361490042796775,0.14644723458483314,0.15375694632530212,0.06251872330904007,0.06251872330904007,0.02539672932663695,0.0342773729813611,0.17559514939785004,276.695009098596,772.5419579049251,0.0,276.4464831804281,772.8379204892966,0,277.0,779.0,0.0,1.1101306568629972,0.8172778161870144,578,578
1,579,1,12.114139139652252,94.58738619089127,0.13975131511688232,0.034754276275634766,1.081898458409056,0.19281263649463654,0.24486693739891052,0.1459534836102681,0.1732369710455884,0.17068150639533997,0.09251031279563904,0.09251031279563904,0.029007863159114015,0.03961011808534029,0.2090180665254593,505.68950024287375,771.5176784910174,0.0,506.007326007326,770.4835164835165,0,503.0,779.0,0.0,1.140135725743928,0.8167158147288813,579,579
1,580,1,7.36709413677454,28.012578211724758,0.11401132494211197,0.0604729950428009,1.3329959542604144,0.2916977107524872,0.2916977107524872,0.15348112784946957,0.17507861382327974,0.16342997550964355,0.07878788560628891,0.07878788560628891,0.06187764176421908,0.06493152139858166,0.2422139048576355,320.93662780899473,775.6800399134461,0.0,322.23125,775.3625,0,315.0,777.0,0.0,1.2055123152248925,0.8132501107046488,580,580
1,581,1,5.615822710096836,26.14855995029211,0.08772229216992855,0.0623541995882988,0.6601543122484209,0.22642773389816284,0.24363300204277039,0.11231645420193673,0.14446718204581277,0.1452474668622017,0.035841409116983414,0.035841409116983414,0.06811680131209255,0.06597904884475095,0.20964643359184265,129.3677620298886,778.2450308409151,0.0,129.13259668508286,778.8618784530387,0,128.0,777.0,0.0,1.0466007157814232,0.8196135224826254,581,581
1,582,1,9.178101412951946,41.80429860949516,0.1066503431648016,0.045242790132761,1.361241539656107,0.2033023089170456,0.23027098178863525,0.13301596250654996,0.15091804552164317,0.15197037160396576,0.0797763243317604,0.0797763243317604,0.044894379533414554,0.04682407512078487,0.19701895117759705,491.5401461330656,781.1990559498854,0.0,491.0324909747292,782.4620938628159,0,491.0,777.0,0.0,1.1861302767656676,0.8335519435594808,582,582
1,583,1,12.175963517278433,76.15829148888588,0.14568044245243073,0.05757381021976471,1.435697966211884,0.27419498562812805,0.30908820033073425,0.16021004627997937,0.20472659002388677,0.21902109682559967,0.03930594027042389,0.03930594027042389,0.06988865589329582,0.07018226960043258,0.26876676082611084,1319.7638487793238,778.9115487866864,0.0,1321.1881720430108,778.7311827956989,0,1322.0,780.0,0.0,1.1100561196577419,0.7782166991503242,583,583
1,584,1,8.802214309573174,93.41482689231634,0.10161953419446945,0.03074701875448227,0.7523873892266062,0.17001153528690338,0.22984057664871216,0.10235132918108342,0.13901015906594694,0.1221705973148346,0.07831825315952301,0.07831825315952301,0.022472775729579224,0.04529267537312351,0.18352942168712616,1222.257398985967,778.6020409784802,0.0,1222.486607142857,777.8854166666666,0,1220.0,776.0,0.0,1.306424142982139,0.7874052732369086,584,584
1,585,1,9.350780457258224,52.519325599074364,0.10409726202487946,0.031241826713085175,1.440217117479726,0.28267747163772583,0.2957913875579834,0.13358257796083178,0.15538262011560464,0.12378213554620743,0.08014722913503647,0.08014722913503647,0.05794360521826822,0.06468707369816314,0.21979831159114838,315.4985665816714,785.0873833567938,0.0,315.0769230769231,786.4644970414201,0,318.0,783.0,0.0,1.2255167985896525,0.7657089617190724,585,585
1,586,1,11.221245929598808,179.95855838805437,0.1298873871564865,0.08754399046301842,1.2130062453987347,0.21198661625385284,0.4414691627025604,0.11937495669785966,0.23280537954470165,0.2004946693778038,0.07945887744426727,0.07945887744426727,0.03441975306492968,0.11431827600732976,0.34663522243499756,527.6526179304057,778.1304366827751,0.0,528.5860284605434,777.3557567917205,0,521.0,780.0,0.0,1.356342078454943,0.6135276997563918,586,586
1,587,1,7.765417791903019,75.35299600660801,0.11896563321352005,0.04474066197872162,0.6877618375331718,0.21970926225185394,0.27243757247924805,0.11093453988432884,0.16452619215416595,0.15617117285728455,0.07834143191576004,0.07834143191576004,0.03937050396047354,0.05396848797055861,0.21276775002479553,382.5743623229779,780.7245611366786,0.0,381.9192139737991,780.5152838427948,0,382.0,779.0,0.0,1.2934390009189758,0.8237243660180348,587,587
1,588,1,6.3488848730921745,46.758088409900665,0.10449093766510487,0.02209368348121643,0.23117854721753275,0.11627867817878723,0.2100585550069809,0.09475947571779365,0.13245917396572426,0.11783979088068008,0.08000306785106659,0.08000306785106659,0.009881914549857807,0.036066064339795374,0.16532544419169426,675.0221145308095,781.7147783944404,0.0,675.0764872521246,781.4900849858357,0,672.0,785.0,0.0,1.1621417065428623,0.8042049125924305,588,588
1,589,1,8.594622105360031,84.04600793123245,0.12654806300997734,0.0300387442111969,0.8051960204400647,0.22461171448230743,0.2764270007610321,0.11459496140480041,0.15887714164694225,0.15664158016443253,0.07821329683065414,0.07821329683065414,0.03772402930173948,0.044776880278190434,0.1866404265165329,395.48806396561076,793.5229635995179,0.0,396.187145557656,793.9224952741021,0,391.0,791.0,0.0,1.248386129788138,0.8656056776642868,589,589
1,590,1,8.177655220031738,38.53632915765047,0.13340727984905243,0.029499024152755737,0.5538138687330807,0.2692960202693939,0.2738071382045746,0.1386043257632498,0.1690189875335547,0.15817607939243317,0.08012669533491135,0.08012669533491135,0.044918669557588026,0.04829882438102075,0.20409271121025085,355.88213441503433,791.019405034595,0.0,356.36842105263156,790.7543859649123,0,351.0,795.0,0.0,1.1433881492514197,0.8646015437208993,590,590
1,591,1,7.070314951241016,24.20687747746706,0.15405654907226562,0.02757275104522705,0.458110601566138,0.2692960202693939,0.2899134159088135,0.16068897616456856,0.18338543543535651,0.1681356132030487,0.08493306487798691,0.08493306487798691,0.037909732183527015,0.046285478202147776,0.22548823058605194,346.74401020680597,789.4141196465952,0.0,346.6060606060606,788.9772727272727,0,347.0,791.0,0.0,1.1023856211174843,0.8850659714403526,591,591
1,592,1,12.39201520383358,62.06221139431,0.14463075250387192,0.025985069572925568,0.9164535025574669,0.2438274472951889,0.2438274472951889,0.15686095194726052,0.17097027932316805,0.17726093530654907,0.07820568978786469,0.07820568978786469,0.03958923528940454,0.0373432361500387,0.19699333608150482,510.6869091241035,792.5771195897288,0.0,511.3581267217631,793.2011019283747,0,509.0,795.0,0.0,1.1241823168060412,0.9044055902053616,592,592
1,593,1,6.053742364048958,37.207476541399956,0.10121387243270874,0.03453603759407997,0.5532294751947134,0.13873079419136047,0.19788044691085815,0.09172336915225694,0.13241094854590732,0.12758692353963852,0.038454748690128326,0.038454748690128326,0.01981141818262881,0.03827698471243374,0.1696363240480423,684.9767510298477,793.2867634026431,0.0,685.1814946619218,793.8007117437722,0,690.0,794.0,0.0,1.0893792093656791,0.7658557377841025,593,593
1,594,1,6.895753353834152,30.459894463419914,0.09801479801535606,0.04256276786327362,1.1627265037931842,0.2117854654788971,0.2117854654788971,0.12537733370607548,0.14036817725078302,0.1458142027258873,0.07949420064687729,0.07949420064687729,0.045334665570003006,0.041638674668279,0.18002750352025032,1211.055744683549,793.3910119545958,0.0,1209.9078341013824,793.5760368663595,0,1218.0,794.0,0.0,1.2189583124354495,0.8600424344071328,594,594
1,595,1,10.862037770450115,133.86622455716133,0.12037662416696548,0.05741826444864273,0.10651460380601555,0.16363950073719025,0.3112560212612152,0.10971755323686985,0.17848829940954844,0.16226539015769958,0.07852152734994888,0.07852152734994888,0.025038970025619483,0.06647511095858726,0.23987939208745956,333.0417042597286,796.9295345757084,0.0,333.136,796.88,0,330.0,801.0,0.0,1.164006609508154,0.6521948689194392,595,595
1,596,1,8.654605355113745,63.76054599136114,0.15218757092952728,0.037785112857818604,0.9027612124559741,0.28388091921806335,0.3187102973461151,0.14668822635786008,0.1886406686134945,0.18251758813858032,0.036912087351083755,0.036912087351083755,0.06772970349883155,0.06229347177177969,0.2320140153169632,1298.7031498947742,791.0382389036931,0.0,1299.2603550295858,791.7485207100592,0,1295.0,788.0,0.0,0.9107023333358115,1.040326372627292,596,596
1,597,1,9.35495463013649,63.02959664165974,0.16364150121808052,0.03704503923654556,0.3620319777631033,0.23729199171066284,0.2880540192127228,0.14849134333549985,0.19513807009801776,0.19239594787359238,0.07931160181760788,0.07931160181760788,0.049188166152373584,0.05143932631448928,0.23339862376451492,1317.052040392451,797.0981713333282,0.0,1316.829721362229,797.3839009287925,0,1318.0,798.0,0.0,1.024170175904345,0.9835837908728235,597,597
1,598,1,7.304611213505268,28.885204918682575,0.1514064520597458,0.028344333171844482,0.685808944228389,0.2341100126504898,0.2341100126504898,0.1587958959457667,0.17830373406594183,0.18875883519649506,0.07854592800140381,0.07854592800140381,0.046627334055548954,0.04158440178172687,0.2122001051902771,511.61193158562924,800.9315584431221,0.0,512.074074074074,801.4382716049382,0,507.0,797.0,0.0,1.1315313162465548,0.9063662334603315,598,598
1,599,1,7.507298164069653,40.13047896325588,0.09757271409034729,0.018142715096473694,1.110063177728937,0.2091236561536789,0.21170541644096375,0.11549689483184081,0.1234783968100181,0.11070248484611511,0.0793750137090683,0.0793750137090683,0.03745577950278378,0.03564196274029717,0.14441557228565216,1220.1323454939993,800.5845090994221,0.0,1219.84,801.6553846153846,0,1222.0,796.0,0.0,1.2265178561036927,0.8789054338741576,599,599
1,600,1,6.929013378918171,48.22726830095053,0.10486195981502533,0.028148971498012543,0.6596934125819195,0.20522336661815643,0.21987202763557434,0.11175828030513178,0.13471303994678918,0.12522906064987183,0.07913772016763687,0.07913772016763687,0.03968921043485797,0.03769035237137499,0.16390173137187958,1242.1203836884017,794.418991593205,0.0,1242.5977653631285,793.963687150838,0,1245.0,798.0,0.0,1.2138718432902804,0.8635979336578379,600,600
1,601,1,5.463432788848877,20.183797016739845,0.10549389570951462,0.027974821627140045,0.6560866890088836,0.20001766085624695,0.20001766085624695,0.12140961752997505,0.1327881382680253,0.12056872993707657,0.07952405512332916,0.07952405512332916,0.039713416347674155,0.034568660622371704,0.1669948250055313,1234.5108882607803,803.2085225438021,0.0,1234.171052631579,803.7697368421053,0,1237.0,799.0,0.0,1.1611974878732831,0.898610317218386,601,601
1,602,1,8.252255953848362,66.95026221126318,0.12599781155586243,0.05357368290424347,0.8880369606520642,0.19366700947284698,0.3497368395328522,0.12695778390535942,0.18392929178918457,0.16138917207717896,0.08263757824897766,0.08263757824897766,0.03052658176405399,0.07093187770973645,0.24200206995010376,372.9345823331488,802.5307562375357,0.0,373.6565934065934,802.0137362637363,0,373.0,803.0,0.0,1.222770430066885,0.710098886086983,602,602
1,603,1,9.654755525290966,70.37121138721704,0.10199539735913277,0.05111785978078842,1.5927960421077072,0.18438252806663513,0.2560899555683136,0.12377891699090982,0.1563804697493712,0.1527339518070221,0.07865448296070099,0.07865448296070099,0.0342404925112747,0.053637770129005745,0.20645101368427277,354.95974121915833,807.8038263661721,0.0,354.15777777777777,809.18,0,357.0,808.0,0.0,1.2054779408952827,0.7275040946917993,603,603
1,604,1,8.440979607403278,50.47382263094187,0.10411734879016876,0.030416153371334076,0.4029610150258541,0.1795479655265808,0.26134446263313293,0.10293877570003998,0.13866434788720294,0.12914161384105682,0.05803872272372246,0.05803872272372246,0.027569322719750138,0.04600716266517474,0.1693374514579773,508.7214478063347,813.8888930534387,0.0,508.31868131868134,813.8763736263736,0,509.0,812.0,0.0,1.1616854368378966,0.8502886734800261,604,604
1,605,1,7.965018607676029,59.469667717814445,0.0873427726328373,0.020333372056484222,1.0655825120643012,0.18833941221237183,0.21224135160446167,0.09833356305772875,0.12038394274861224,0.10300904512405396,0.07820426672697067,0.07820426672697067,0.027713135066256906,0.03649138011405641,0.15300121158361435,1112.8105336604124,810.0398417537151,0.0,1112.7024291497976,808.9797570850202,0,1115.0,815.0,0.0,1.2527009129662803,0.8110854173195848,605,605
1,606,1,9.16828390955925,66.76992376148701,0.11711118184030056,0.030046284198760986,1.1260458981182404,0.2129080593585968,0.3038211762905121,0.12389572850755744,0.16405386673584033,0.13611994683742523,0.07862785458564758,0.07862785458564758,0.02901086556855283,0.05964651950508131,0.21595732495188713,376.27187982538413,818.3604472095586,0.0,375.45700245700243,819.1375921375922,0,377.0,814.0,0.0,1.2592208788762986,0.768021379936874,606,606
1,607,1,8.30060862004757,44.66933551430702,0.09060808271169662,0.026751570403575897,0.8026017240011201,0.2025662660598755,0.2025662660598755,0.09881676928628058,0.12007885890942747,0.11295414716005325,0.046440329402685165,0.046440329402685165,0.03262571599378631,0.032716078712395985,0.14660613238811493,1124.7266796923489,819.1389084070947,0.0,1125.505376344086,819.3333333333334,0,1115.0,820.0,0.0,1.1308314257350267,0.8413781585493956,607,607
1,608,1,9.29856974631548,124.41949962079525,0.12523789703845978,0.043771035969257355,0.12557176171931042,0.15695978701114655,0.2971203625202179,0.10107141028603782,0.17280486058443784,0.15410922467708588,0.07822182774543762,0.07822182774543762,0.023626914351650794,0.061972956830071015,0.2325063794851303,185.83373329955808,822.9086896858894,0.0,185.80972222222223,823.0319444444444,0,181.0,824.0,0.0,1.287280176111581,0.753881188695976,608,608
1,609,1,9.383519820868969,83.90683937817812,0.10267594456672668,0.03649250417947769,0.3157978020301858,0.20179954171180725,0.2553784251213074,0.10426133134298854,0.14567159614267033,0.12859055399894714,0.07865067571401596,0.07865067571401596,0.029452134710056303,0.04888394031541458,0.19189248979091644,392.2538842240737,821.887286275567,0.0,392.5607638888889,821.9618055555555,0,389.0,818.0,0.0,1.21463115120955,0.7547504758912065,609,609
1,610,1,8.860047534108162,50.7519074678421,0.13281246274709702,0.02837851643562317,0.6131491785507053,0.20012564957141876,0.22588284313678741,0.13424314445618427,0.15959719329510094,0.15779271721839905,0.07881534099578857,0.07881534099578857,0.030842867967727384,0.03361327671569059,0.188124880194664,952.6155175275499,823.6939941345761,0.0,952.2264150943396,823.2201257861635,0,951.0,827.0,0.0,1.0949234673501669,0.8491225141069935,610,610
1,611,1,5.444578640162945,22.940404392778873,0.1176310833543539,0.030306469649076462,0.7267010833852627,0.20675814151763916,0.218221515417099,0.12661810791076616,0.14611722543171257,0.13693906366825104,0.07856906205415726,0.07856906205415726,0.03574466539110355,0.038213660831819575,0.18146077916026115,965.21925902439,823.1200185102288,0.0,965.8789808917197,822.8152866242038,0,964.0,824.0,0.0,1.157130477411387,0.8714433457073507,611,611
1,612,1,6.937239669263363,73.52327442914248,0.15752428025007248,0.025408275425434113,0.09986590076371595,0.16161175072193146,0.25919678807258606,0.10053970535164294,0.17631480678451433,0.1835489645600319,0.04380489140748978,0.04380489140748978,0.02574759804718124,0.044706718959583364,0.20829782634973526,542.4625258262122,830.6707049632901,0.0,542.3717026378897,830.7122302158274,0,548.0,820.0,0.0,1.0455746623449185,0.8645107306792912,612,612
1,613,1,8.765484429895878,73.46719548106194,0.09607979282736778,0.03866749256849289,0.5458003195042745,0.1313330978155136,0.2533164620399475,0.09226825715679872,0.14101189151835306,0.12527106702327728,0.07814333587884903,0.07814333587884903,0.015170163958420404,0.051388673497071914,0.18814140185713768,983.4010385401434,830.2405735120141,0.0,983.936660268714,830.3454894433781,0,984.0,833.0,0.0,1.2488597954371161,0.7313753657962414,613,613
1,614,1,8.771752581000328,57.41441763937473,0.11461376585066319,0.03339417278766632,0.4204107407785804,0.18278656899929047,0.2457169145345688,0.09855901776404863,0.1499070956641638,0.15129730850458145,0.07822182774543762,0.07822182774543762,0.02176561110289708,0.04265922934825524,0.1828603446483612,497.734623181958,833.4942880527801,0.0,497.5535248041775,833.1148825065275,0,498.0,836.0,0.0,1.1702505695108822,0.8949364912298223,614,614
1,615,1,8.516829513013363,58.92500426620245,0.10932393744587898,0.04971763491630554,0.6922003544544748,0.22771242260932922,0.2780371606349945,0.12343231178280237,0.15925676828703364,0.15112417936325073,0.07865066826343536,0.07865066826343536,0.047630390033229816,0.055164076279362866,0.21079473197460175,30.85759280695245,834.9958111254601,0.0,31.045945945945945,834.3297297297297,0,32.0,836.0,0.0,1.2462254621851898,0.7849856742896918,615,615
1,616,1,6.416804067790508,40.69452449679375,0.09377812221646309,0.040514275431632996,0.27141315100872715,0.14358781278133392,0.2128002792596817,0.0916686295398644,0.13519775580330148,0.13432542979717255,0.07918345928192139,0.07918345928192139,0.015861827891718902,0.04236446145546333,0.17421314120292664,217.38138286925576,836.1594820521408,0.0,217.5581395348837,836.3654485049834,0,218.0,835.0,0.0,1.131145779544628,0.7292270510305656,616,616
1,617,1,9.222302697598934,79.71612478792667,0.11676670052111149,0.033284738659858704,0.7766734028849765,0.16466225683689117,0.24344372749328613,0.11673800883036625,0.1518402376912889,0.1476477086544037,0.07986123114824295,0.07986123114824295,0.025298797292808737,0.039569697682119195,0.18648559600114822,941.1557707797621,835.7317269069898,0.0,940.384761904762,835.6380952380953,0,943.0,840.0,0.0,1.0919981780234085,0.8015207721407377,617,617
1,618,1,9.163681268692017,55.76067476719618,0.13865560293197632,0.03225556015968323,0.8182758135522255,0.18894392251968384,0.2793029844760895,0.14097971182603103,0.17534803385910747,0.17463034391403198,0.10245010256767273,0.10245010256767273,0.021062303836123248,0.041165793046334845,0.20499348640441895,965.8360741128658,838.7596940774592,0.0,966.6540880503145,838.7389937106918,0,960.0,841.0,0.0,1.069654563726649,0.7822566159639633,618,618
1,619,1,6.288496047258377,42.01971568912268,0.0950155258178711,0.042808786034584045,0.3733155481090052,0.17535074055194855,0.26837536692619324,0.09385814995908026,0.1453969401007705,0.13263578712940216,0.07815656810998917,0.07815656810998917,0.022832124655575988,0.054946560852628556,0.18789632245898247,210.6803169899013,847.3068253894982,0.0,210.32525951557093,847.4221453287197,0,211.0,847.0,0.0,1.1574926108785133,0.6965522726835924,619,619
1,620,1,10.688458494842052,59.34020394831896,0.13628830015659332,0.036561474204063416,0.27672326836423317,0.22190725803375244,0.24437886476516724,0.14443862830867638,0.17350936826993849,0.1743701547384262,0.08714919537305832,0.08714919537305832,0.0325671504190397,0.04173118767504732,0.2081192284822464,17.595114443608953,851.3232928555249,0.0,17.318713450292396,851.3099415204679,0,19.0,858.0,0.0,1.0810988431429822,0.8115227928126217,620,620
1,621,1,11.187645964324474,60.44343337416649,0.17420629411935806,0.018413841724395752,0.622636803448019,0.2656489610671997,0.2656489610671997,0.17758168197340435,0.19249501074575315,0.19255094230175018,0.11999217420816422,0.11745262891054153,0.03826890092721904,0.032962617599333444,0.2108791321516037,35.574962363454205,848.7953910772384,0.0,36.197452229299365,848.8089171974523,0,26.0,851.0,0.0,1.026585970679764,0.9122540098048042,621,621
1,622,1,9.205058440566063,86.99622324854136,0.10101034119725227,0.02305757999420166,1.0129619392079585,0.17139644920825958,0.28833717107772827,0.1022784271174007,0.14547863419488521,0.11649380624294281,0.0799250602722168,0.0799250602722168,0.022182385043834896,0.05767816230820291,0.19730397313833237,862.6167492478153,846.7630207069764,0.0,863.3177257525084,846.0317725752508,0,860.0,851.0,0.0,1.2620315204108512,0.7226956384323092,622,622
1,623,1,6.333539895713329,36.93500968068838,0.10852061957120895,0.04804408550262451,0.8036559694274733,0.25093749165534973,0.28721290826797485,0.12179884414833325,0.15920262793400164,0.15116003155708313,0.07852151989936829,0.07852151989936829,0.05083320894150061,0.060032832291193786,0.20807583630084991,53.086540334655176,846.4696356434034,0.0,53.2801724137931,845.6896551724138,0,53.0,848.0,0.0,1.1875490713319898,0.7749097862373103,623,623
1,624,1,9.948723390698433,72.81762711703777,0.12954562902450562,0.0341838076710701,0.10070139974850573,0.19279509782791138,0.2568509876728058,0.12282374556417819,0.16437387611069476,0.1600928083062172,0.07981079816818237,0.07981079816818237,0.025869364478168545,0.04274849346235688,0.1986052617430687,932.6683761969063,852.6916445799429,0.0,932.6704288939052,852.7923250564334,0,932.0,855.0,0.0,1.0749324071529833,0.7743529409241233,624,624
1,625,1,8.731715880334377,59.67987962067127,0.12128830514848232,0.03266480565071106,0.970482164610202,0.19937953352928162,0.2548862397670746,0.1247387982904911,0.15582214000175268,0.14586564898490906,0.07840295135974884,0.07840295135974884,0.033212779682905334,0.04353280873772966,0.1959322728216648,962.961315995035,851.8183050914915,0.0,963.668407310705,852.4830287206266,0,957.0,852.0,0.0,1.1124398498182082,0.7808121559817566,625,625
1,626,1,13.78939139842987,96.01608502864838,0.13538244366645813,0.07306353747844696,1.3579473449573414,0.43199461698532104,0.43199461698532104,0.1814393605056562,0.20918537043278512,0.20627601444721222,0.07999833673238754,0.07999833673238754,0.09983135389794297,0.08011540756106106,0.2816813811659813,182.20678493472371,851.6246286105824,0.0,182.49891067538127,850.2984749455337,0,181.0,858.0,0.0,1.3496330713318,0.8351995677216945,626,626
1,627,1,8.723439529538155,38.29514006525278,0.09307530149817467,0.06102469563484192,1.543666598630179,0.25360703468322754,0.2841936945915222,0.12286534548645288,0.16023071157009533,0.1531759276986122,0.07759882509708405,0.07759882509708405,0.052154721667694984,0.06609120267030251,0.2167186364531517,49.39451208696129,859.179009843593,0.0,49.02510460251046,860.6778242677824,0,53.0,856.0,0.0,1.1872581243069145,0.7577783166484472,627,627
1,628,1,7.938049592077732,66.88195919245481,0.09623240306973457,0.04167348891496658,0.20120164274856742,0.19810758531093597,0.24971075356006622,0.09922561990097165,0.14352351758037513,0.1310308873653412,0.07821329683065414,0.0781877189874649,0.029017216104895032,0.05129768875354475,0.19193010032176971,848.8753466147263,854.2301289189389,0.0,848.8755364806867,854.431330472103,0,853.0,857.0,0.0,1.1750833230694409,0.7161114496361114,628,628
1,629,1,11.612582564353943,78.57883206009865,0.13095282018184662,0.03516172617673874,0.37804628321704553,0.16624538600444794,0.2666967809200287,0.12486647918660154,0.16508157995819045,0.15083672106266022,0.07842136919498444,0.07842136919498444,0.027126304441218323,0.04858472644641841,0.20959149301052094,917.603301478626,855.102789495714,0.0,917.609243697479,854.7247899159664,0,918.0,862.0,0.0,1.152623749361514,0.7729723412614442,629,629
1,630,1,15.932511188089848,112.50814600288868,0.12203238159418106,0.08812163770198822,1.555336952594849,0.6190398335456848,0.6212553381919861,0.19429891692792498,0.26410362911476215,0.20279110968112946,0.0801120474934578,0.0801120474934578,0.14657830898133517,0.16467531044544886,0.3897414356470108,161.51237910545228,859.1178770023978,0.0,160.06338028169014,859.6830985915493,0,166.0,854.0,0.0,1.6040262886139014,0.7076975891766666,630,630
1,631,1,13.0442114174366,36.002386689186096,0.37612849473953247,0.07032695412635803,0.06691898351806563,0.5997564792633057,0.5997564792633057,0.42078101346569674,0.4500298336148262,0.46843698620796204,0.23111838102340698,0.23111838102340698,0.10959722493096685,0.0891888098534459,0.5228589773178101,169.39680729068397,858.278104014958,0.0,169.45,858.2375,0,167.0,855.0,0.0,1.0,0.9464554857076266,631,631
1,632,1,13.777024187147617,76.99711567908525,0.15232952684164047,0.024292007088661194,1.22924720423819,0.24491475522518158,0.24718062579631805,0.17662851521984124,0.1910598403947525,0.2053891122341156,0.0808834582567215,0.0808834582567215,0.05039395154871343,0.04109723919150483,0.22530624270439148,898.0347819943754,857.1352274903822,0.0,898.4119106699752,855.9652605459057,0,893.0,861.0,0.0,1.1009817035177059,0.871958077210005,632,632
1,633,1,3.7091294527053833,10.09801471233368,0.1314520500600338,0.030623964965343475,0.3325957460651915,0.20650561153888702,0.20650561153888702,0.1373751649150142,0.1553540724974412,0.1642858162522316,0.07880757749080658,0.07880757749080658,0.043465959701560614,0.03766313315991762,0.18964457511901855,1023.700399416795,855.7471507857017,0.0,1023.6769230769231,855.4153846153846,0,1026.0,856.0,0.0,1.054653744050307,0.9255319156617449,633,633
1,634,1,9.16859007626772,52.491791784763336,0.12645605206489563,0.035232678055763245,1.5351299341187776,0.26285266876220703,0.2740378677845001,0.1410552319425803,0.16558924853237644,0.14540795236825943,0.07969018816947937,0.07969018816947937,0.05478169168890836,0.054115952677063456,0.21430789679288864,29.615609203388587,862.0792157523751,0.0,30.069400630914828,863.5457413249211,0,26.0,856.0,0.0,1.2168238383729237,0.8268255277413743,634,634
1,635,1,4.884604997932911,17.689465686678886,0.09868589043617249,0.03871401771903038,0.6111844461169291,0.20110756158828735,0.2052343785762787,0.11913670726665636,0.14151572549343108,0.15418503433465958,0.07164302468299866,0.07164302468299866,0.04818981473159569,0.0440489587280837,0.18026942014694214,1029.7907987553174,859.0140158650707,0.0,1030.392,858.904,0,1029.0,859.0,0.0,1.0667455739266112,0.8634601809348094,635,635
1,636,1,16.15870501101017,90.17851807922125,0.13311852514743805,0.1140906885266304,2.3870057921028143,0.5725434422492981,0.5900934934616089,0.2648968034591831,0.27409883914656913,0.23649488389492035,0.08094625174999237,0.08094625174999237,0.14961611929284727,0.15565616911886793,0.3893153965473175,177.04529269204525,864.7635473649489,0.0,176.95744680851064,867.1489361702128,0,176.0,862.0,0.0,1.4821195204383957,0.7722154738823729,636,636
1,637,1,13.059507876634598,69.66103553771973,0.14289284497499466,0.05715596675872803,1.5717259131323635,0.29205161333084106,0.30083513259887695,0.1813820538421472,0.20368723841438516,0.2125900387763977,0.09852941334247589,0.09852941334247589,0.06356413950126093,0.06146438733978618,0.26084834337234497,883.8189038935938,856.8720668677807,0.0,883.3157894736842,855.3830409356725,0,881.0,862.0,0.0,1.2310135841901204,0.834628057864266,637,637
1,638,1,12.3493592441082,74.02065543085337,0.15820490568876266,0.022272080183029175,0.5213192621799999,0.2514749765396118,0.25155550241470337,0.18160822417806177,0.19176335603848021,0.19956819713115692,0.13892075419425964,0.11649380624294281,0.029545468648079515,0.032183385272960115,0.21718236804008484,903.1093865052125,872.0500220079214,0.0,903.5880829015545,872.2564766839379,0,908.0,860.0,0.0,1.0796706907326001,0.9463850790679609,638,638
1,639,1,4.014472588896751,17.495572321116924,0.10382025688886642,0.034695982933044434,0.376266317324931,0.20739217102527618,0.21164682507514954,0.11469921682562147,0.1457964360093077,0.15750166773796082,0.07379569113254547,0.07379569113254547,0.044867848558367056,0.042220046679216666,0.1832248717546463,1021.6481405634697,864.112690156578,0.0,1021.5833333333334,864.4833333333333,0,1024.0,865.0,0.0,1.033863585622855,0.8510941493686479,639,639
1,640,1,10.331566266715527,117.61293445527554,0.10320054739713669,0.01661234349012375,0.21951883689322818,0.11504931002855301,0.23346444964408875,0.09224612738138863,0.13426134070236934,0.11466310173273087,0.07820256799459457,0.07820256799459457,0.009058369288491392,0.04241278935371088,0.17160449922084808,1197.8014494030672,860.234222403058,0.0,1197.7134703196348,860.033105022831,0,1203.0,866.0,0.0,1.2447030467114264,0.7856704618984087,640,640
1,641,1,8.802823565900326,55.409586265683174,0.11355270259082317,0.04298429563641548,0.7266056511332782,0.21421676874160767,0.281970351934433,0.12575462237000465,0.16060749642227007,0.15109913796186447,0.0840718001127243,0.0840718001127243,0.03022966255740189,0.05057753886272828,0.20525047928094864,948.4385311337154,862.867195158326,0.0,949.0376811594203,863.2782608695652,0,942.0,862.0,0.0,1.0962830469825866,0.7665288508979511,641,641
1,642,1,12.270646020770073,90.58859195560217,0.12540684640407562,0.044501274824142456,1.3121150020449026,0.272026389837265,0.272026389837265,0.1533830752596259,0.17027930818722212,0.1721082329750061,0.07971780002117157,0.07971780002117157,0.05286228065957585,0.05023492180141794,0.21491959691047668,878.0917840801062,873.3650101593009,0.0,876.781954887218,873.2875939849624,0,885.0,869.0,0.0,1.1456547235058938,0.8231028813100676,642,642
1,643,1,8.473039276897907,62.5367771461606,0.10360375791788101,0.02373926341533661,0.5770873808479794,0.20261642336845398,0.25071221590042114,0.11003947112854424,0.14376270608312783,0.11888975650072098,0.08021605759859085,0.08021605759859085,0.026915358849432927,0.049713328807982314,0.18929803371429443,945.1727817129388,876.9734452903149,0.0,944.9862068965517,877.519540229885,0,945.0,875.0,0.0,1.2257920349009628,0.7640989802825613,643,643
1,644,1,10.013674691319466,73.49070695787668,0.14047733694314957,0.01816008985042572,0.6808113978683402,0.2262324094772339,0.24211402237415314,0.14512572016405023,0.16933342617022276,0.15351399779319763,0.10866668075323105,0.10866668075323105,0.026031031653523364,0.03480330897085244,0.2042822316288948,986.7241161394224,874.3560746513568,0.0,987.073732718894,873.7718894009216,0,983.0,872.0,0.0,1.168079519073133,0.8768743739531047,644,644
1,645,1,12.114896520972252,117.74474664032459,0.1476122997701168,0.05521661043167114,1.0414020756964029,0.3029051423072815,0.3964855968952179,0.13766927864741196,0.20620796259251242,0.2030816376209259,0.08062779158353806,0.08062779158353806,0.05822026354824239,0.07421498298560897,0.2563921809196472,197.68151658028376,880.5338005604873,0.0,198.64098073555166,880.938704028021,0,196.0,882.0,0.0,1.333065813235379,0.8642452689621652,645,645
1,646,1,8.789391212165356,64.09473074227571,0.09446734562516212,0.0303971990942955,0.7236704511516171,0.19835081696510315,0.25191614031791687,0.10589627966464284,0.13637176753675684,0.11908890306949615,0.0793374627828598,0.0793374627828598,0.026353616928420413,0.04911679360842299,0.1812707707285881,967.6503366017728,879.8520840497229,0.0,966.9893617021277,879.5574468085107,0,972.0,878.0,0.0,1.248543941293297,0.755262236844613,646,646
1,647,1,6.281534194946289,27.988994643092155,0.14450156688690186,0.056555673480033875,1.159465746699541,0.29990193247795105,0.30438023805618286,0.17448706097073025,0.1957272352663787,0.18781547248363495,0.07829654216766357,0.07829654216766357,0.06871879663752632,0.06435111265899587,0.25685859471559525,229.94554337016964,882.8130131241647,0.0,229.11888111888112,882.0,0,231.0,883.0,0.0,1.235119565403816,0.8769857703732645,647,647
1,648,1,10.572613880038261,60.763062343001366,0.15783679485321045,0.03877532482147217,0.7223030785981728,0.30470871925354004,0.30558809638023376,0.15322628811649655,0.18870516255590486,0.18894243240356445,0.0783807560801506,0.0783807560801506,0.06315690183942665,0.056111915098140855,0.231655515730381,242.21488125022816,884.8575205044696,0.0,242.49689440993788,884.1925465838509,0,242.0,884.0,0.0,1.1682630754924415,0.850782271072346,648,648
1,649,1,6.420835789293051,53.27069238200784,0.09512125700712204,0.03768545389175415,0.0614588723623164,0.11274583637714386,0.22473300993442535,0.08561114385724068,0.13624218000513513,0.1267184317111969,0.046349309384822845,0.046349309384822845,0.014939459424542705,0.04676043367223567,0.179217167198658,1202.4562111996718,886.7441938564863,0.0,1202.4808184143224,886.8005115089514,0,1201.0,882.0,0.0,1.1181799063432876,0.7027415324205674,649,649
1,650,1,8.353705517947674,52.31758261471987,0.11990708112716675,0.037007078528404236,0.809477304180035,0.2046111673116684,0.26112794876098633,0.1305266487179324,0.15853812913551474,0.14643409848213196,0.08906614035367966,0.08906614035367966,0.027910714813092628,0.04458487547894554,0.19897203147411346,870.2758131016748,886.0127802018538,0.0,869.4878787878788,885.8272727272728,0,874.0,889.0,0.0,1.1260457156599901,0.7984158043190992,650,650
1,651,1,6.841845944523811,58.67743676900864,0.09449002146720886,0.02957523614168167,0.08287519987933184,0.14354854822158813,0.23044359683990479,0.09122461259365082,0.13551371078292987,0.11695925518870354,0.07961373776197433,0.07961373776197433,0.01161594221794604,0.046835251749764065,0.18213581293821335,1217.8836440928656,882.748046142478,0.0,1217.9538106235566,882.7921478060047,0,1217.0,879.0,0.0,1.1779532632493537,0.7247937107797274,651,651
1,652,1,8.381608232855797,62.190239787101746,0.1379125751554966,0.02336430549621582,0.3644587134835713,0.1623973548412323,0.2172372192144394,0.11805082018106756,0.15824488495445738,0.1621691808104515,0.08002224564552307,0.08002224564552307,0.024520200703507602,0.0316280227189971,0.18487300351262093,1002.7927933358299,887.0165340120446,0.0,1002.9898218829517,886.7099236641221,0,1002.0,883.0,0.0,1.1100202653979174,0.8642776941084572,652,652
1,653,1,8.470124013721943,32.233240343630314,0.14666945859789848,0.04955832660198212,1.4279749757014861,0.2493824064731598,0.2876591682434082,0.1728596737494274,0.19535297177957767,0.20076142251491547,0.08982882648706436,0.08982882648706436,0.04746686677664079,0.05400222292257929,0.24437906965613365,975.542965976077,889.9115280833508,0.0,974.5212121212121,890.9090909090909,0,978.0,886.0,0.0,1.117339890830519,0.8655155671572742,653,653
1,654,1,10.948603004217148,86.31412799656391,0.1648336984217167,0.01800544559955597,0.8477387438564298,0.2048424631357193,0.38811826705932617,0.16588792430632043,0.20698831653852257,0.1775023192167282,0.11014395207166672,0.11014395207166672,0.022899604877622482,0.0649046475161995,0.23166247829794884,221.3339759528551,893.6684045138696,0.0,220.4916067146283,893.5731414868105,0,224.0,890.0,0.0,1.221580791919322,0.8209577287965845,654,654
1,655,1,8.764153979718685,53.20003278553486,0.16102978214621544,0.06322778016328812,1.081813664653944,0.31537050008773804,0.33014991879463196,0.1752830795943737,0.21365475014271026,0.20562246441841125,0.08141397684812546,0.08141397684812546,0.07551964263314427,0.06859009498986764,0.2778947502374649,256.9092696009456,892.5723406089417,0.0,257.1686746987952,891.5220883534137,0,259.0,898.0,0.0,1.2043556325856728,0.8181936292924833,655,655
1,656,1,9.117035612463951,84.94034602493048,0.09554368630051613,0.028354883193969727,0.2743135924059415,0.12574562430381775,0.2695011496543884,0.09117035612463951,0.13744392560668361,0.11741788685321808,0.07787813991308212,0.07787813991308212,0.013419651319163861,0.051411162431906576,0.17810551077127457,698.6707487829723,896.4760506706463,0.0,698.9271844660194,896.3786407766991,0,696.0,898.0,0.0,1.2238701627278556,0.7368419059740455,656,656
1,657,1,10.021416194736958,74.18294440954924,0.13968678936362267,0.036726489663124084,1.085667625220627,0.25782784819602966,0.28625476360321045,0.14316308849624226,0.17704760002279055,0.1582847312092781,0.07895005494356155,0.07895005494356155,0.046436522163956946,0.053352592420985855,0.22302355617284775,982.8977512537905,897.4872486219535,0.0,982.7947494033413,898.5680190930788,0,986.0,894.0,0.0,1.1657804534819953,0.8037163092440343,657,657
1,658,1,9.586447335779667,59.8861091658473,0.1286648064851761,0.03903357684612274,0.64326805772854,0.19850197434425354,0.2646125257015228,0.13502038501098124,0.16916979990352346,0.1712063103914261,0.0783245861530304,0.0783245861530304,0.03782580721736006,0.04745186905685159,0.20439370721578598,661.1819748092055,897.5356504079775,0.0,660.7259887005649,897.0819209039548,0,658.0,900.0,0.0,1.147520814879987,0.7941922212843886,658,658
1,659,1,8.834377475082874,53.54273156821728,0.10622153431177139,0.03807103633880615,0.7935576607464095,0.1464816778898239,0.22711865603923798,0.10393385264803381,0.1424008818303651,0.1324518471956253,0.07867655158042908,0.07867655158042908,0.019268938714199046,0.042669260120621395,0.18445152044296265,887.1822983639256,898.3084839496818,0.0,887.9468085106383,898.0957446808511,0,885.0,895.0,0.0,1.1676889297798634,0.7647740689381582,659,659
1,660,1,9.2881810516119,66.06657646596432,0.11504967696964741,0.034261949360370636,0.8137212083959519,0.18127943575382233,0.2620055079460144,0.11757191204572026,0.1532867203386643,0.14031895250082016,0.07863450795412064,0.07863450795412064,0.03194071852549937,0.04783171625156103,0.1901158131659031,677.0261557810786,897.0644343865579,0.0,677.6264501160093,896.5150812064966,0,675.0,902.0,0.0,1.2071474846209356,0.8082983939036982,660,660
1,661,1,8.177607357501984,111.23897196352482,0.1008644551038742,0.025219745934009552,0.348559796577504,0.11774398386478424,0.32945936918258667,0.09399548686783889,0.159368154675537,0.11774398386478424,0.0751672089099884,0.0751672089099884,0.010441354010603775,0.07270065514130489,0.22619008272886276,946.062436247174,897.6776029092788,0.0,946.2936962750716,897.9383954154728,0,950.0,897.0,0.0,1.3497864608305952,0.674717303113146,661,661
1,662,1,13.432982563972473,44.630566976964474,0.18576975166797638,0.05532576143741608,1.3087558406163171,0.37398025393486023,0.37398025393486023,0.2356663607714469,0.2479475943164693,0.2734537720680237,0.07957915216684341,0.07957915216684341,0.09202377033779378,0.07877467052998115,0.31414341926574707,259.1941774649651,902.2555543922376,0.0,260.3,901.5555555555555,0,261.0,907.0,0.0,1.1223939612782783,0.8843002035191088,662,662
1,663,1,10.055890023708344,63.821732588112354,0.13698174804449081,0.017235159873962402,0.791747741942956,0.1961830109357834,0.20750585198402405,0.13589040572578842,0.15415877436742115,0.16023917496204376,0.07860366255044937,0.07860366255044937,0.03365011809179334,0.026271311844343816,0.17335601150989532,726.6908021602354,901.9086817503529,0.0,726.4082125603865,901.1690821256038,0,728.0,906.0,0.0,1.0887213928186241,0.8887822246786041,663,663
1,664,1,11.411988034844398,68.04115727543831,0.19096596539020538,0.040655575692653656,0.2056332224620939,0.34020286798477173,0.34020286798477173,0.2037855006222214,0.23222237977965293,0.2337293103337288,0.16047677397727966,0.16047677397727966,0.04769626092331052,0.045819336367527365,0.26930195838212967,238.8235139583016,902.792948531728,0.0,238.66211604095562,902.6655290102389,0,246.0,908.0,0.0,1.0173924745622986,0.8593411537399595,664,664
1,665,1,10.269467204809189,70.95884077996016,0.12228915467858315,0.05065330117940903,0.9356171299903854,0.19807755947113037,0.28744155168533325,0.12999325575707835,0.17349349823951138,0.17608483880758286,0.0781516432762146,0.0781516432762146,0.040579882804801404,0.05658130526110219,0.22025469690561295,745.4150564744267,904.2546671372802,0.0,746.2713936430317,903.8777506112469,0,745.0,905.0,0.0,1.1482331347866594,0.7228077489200601,665,665
1,666,1,7.414905749261379,49.79739559441805,0.08830012008547783,0.02488921955227852,0.46627760914999017,0.13319596648216248,0.1987965703010559,0.09154204628717752,0.11999372432389892,0.10866807028651237,0.07865067571401596,0.07865067571401596,0.01329979299755489,0.03391056955834265,0.1499091275036335,845.1714011436633,902.3224435438962,0.0,844.7397590361446,902.4987951807229,0,850.0,902.0,0.0,1.1724023554906695,0.7897454140579221,666,666
1,667,1,11.12929468601942,100.7643778026104,0.11614562757313251,0.0401778370141983,0.8608895888470289,0.19352960586547852,0.24518261849880219,0.11966983533354215,0.15719871732076504,0.15343794226646423,0.0792502611875534,0.0792502611875534,0.02712264660302066,0.0446481350163685,0.19605972990393639,863.6706070028163,903.6804291401685,0.0,863.4648985959439,904.5163806552262,0,863.0,904.0,0.0,1.1018292513592396,0.744381846809647,667,667
1,668,1,8.450124241411686,78.94761200249195,0.11267787963151932,0.036818429827690125,0.865909895531204,0.14232026040554047,0.259672075510025,0.10562655301764608,0.1541945546923671,0.1366274505853653,0.07204707711935043,0.07204707711935043,0.01914373036296207,0.05065365411107106,0.20517875254154205,1009.3392576494698,909.8068541872085,0.0,1009.99609375,910.37109375,0,1004.0,911.0,0.0,1.148858104349279,0.7199812698466904,668,668
1,669,1,11.009742237627506,73.20480442047119,0.10847126878798008,0.06640295311808586,1.4500526783809993,0.3530665338039398,0.3530665338039398,0.12952637926620594,0.17725134242244842,0.1689331829547882,0.03944746404886246,0.03944746404886246,0.0854882221822883,0.07745684857955432,0.2483924925327301,441.0624218795301,908.5135868061747,0.0,440.4309927360775,907.2082324455206,0,441.0,914.0,0.0,1.1769034222420045,0.7385504221365784,669,669
1,670,1,4.515278525650501,17.110998518764973,0.1154511347413063,0.02489948645234108,0.5686943449486851,0.19107162952423096,0.19107162952423096,0.1254244034902917,0.14141321089888406,0.13746123760938644,0.07875429838895798,0.07875429838895798,0.031283290223799165,0.030412299093179603,0.17331653833389282,879.5418517029143,910.1348934330555,0.0,879.8760330578513,910.595041322314,0,875.0,907.0,0.0,1.0667043692458904,0.8977423386964283,670,670
1,671,1,13.28357132524252,72.30182334035635,0.15520111471414566,0.08839744329452515,1.2375705841099887,0.3965637981891632,0.4050813913345337,0.19826225858570926,0.2528035781131341,0.2783709168434143,0.07817370444536209,0.07817370444536209,0.10883949139485252,0.10189159905871942,0.34213055670261383,260.13494150813494,915.3415052950602,0.0,260.65384615384613,916.465034965035,0,261.0,913.0,0.0,1.0938352468595347,0.7276419491542804,671,671
1,672,1,14.420907437801361,79.42789793759584,0.17418458312749863,0.062006011605262756,1.0554394717275428,0.4456805884838104,0.4509473741054535,0.1897487820763337,0.2406905998108965,0.20982925593852997,0.08011958748102188,0.08011958748102188,0.0967485888711881,0.10048502114557833,0.33358466625213623,657.9135016263657,912.6670413604309,0.0,658.9636363636364,912.7727272727273,0,652.0,916.0,0.0,1.2575033190743283,0.7699666563715623,672,672
1,673,1,10.791476987302303,90.41650743037462,0.14986558258533478,0.04486948251724243,1.306785019259658,0.3067757487297058,0.36476999521255493,0.1519926336239761,0.20182256122851477,0.18490181863307953,0.07940571010112762,0.07940571010112762,0.053324533623717335,0.07520329955929686,0.2570415139198303,224.90256713960844,915.339908655638,0.0,223.88392857142858,916.1584821428571,0,228.0,914.0,0.0,1.2511430635370888,0.763529201186308,673,673
1,674,1,15.230674758553505,49.520133063197136,0.33092837035655975,0.022881925106048584,0.12145110884980054,0.3847956955432892,0.42212140560150146,0.31730572413653135,0.34873333143096574,0.3607243597507477,0.19134801626205444,0.19134801626205444,0.04954340540368641,0.04501931840907198,0.3773009330034256,249.6164762590302,912.0340840930118,0.0,249.5281690140845,911.9507042253521,0,250.0,914.0,0.0,1.0,0.9295266597286224,674,674
1,675,1,8.347798228263855,56.58156571537256,0.14622631669044495,0.04804694652557373,0.3690892604643721,0.2262352854013443,0.30674293637275696,0.13912997047106426,0.19180191767922902,0.17958816140890121,0.08253298699855804,0.08253298699855804,0.039256012451929556,0.05835503976057534,0.24512050673365593,720.9248575359859,913.9036808503349,0.0,720.5694915254237,914.0033898305085,0,723.0,916.0,0.0,1.0740886944060601,0.7584435770698891,675,675
1,676,1,13.47901351004839,71.34913540631533,0.20399105548858643,0.06451032310724258,0.9423885598091387,0.3739717900753021,0.39420685172080994,0.21060958609450608,0.2521170862413969,0.24788819253444672,0.0834224596619606,0.0834224596619606,0.07501347895566214,0.08173911712961261,0.3272097036242485,439.584825269533,920.6107060318496,0.0,438.64664310954066,920.6996466431095,0,440.0,919.0,0.0,1.1568141237089211,0.7921290971633331,676,676
1,677,1,11.861714489758015,72.27587021142244,0.13411783427000046,0.048917293548583984,0.9925030618186219,0.24661995470523834,0.32072171568870544,0.15607519065471073,0.18772953301668166,0.195855051279068,0.0783807560801506,0.0783807560801506,0.05852608624100082,0.06331987675313475,0.23384588956832886,623.1434727482359,919.0490131112805,0.0,622.8025974025974,918.1168831168832,0,624.0,921.0,0.0,1.1564641182947972,0.796023821723893,677,677
1,678,1,10.367264740169048,29.1069660410285,0.2045767568051815,0.059226930141448975,0.42703386488317263,0.3903641700744629,0.3903641700744629,0.24683963667069161,0.2720277200096122,0.2941848784685135,0.08096441626548767,0.08096441626548767,0.08232211278145805,0.07312398485750253,0.3314184620976448,246.47556195898215,919.902752900746,0.0,246.52336448598132,920.3271028037383,0,248.0,918.0,0.0,1.0303556883810776,0.9423717578480164,678,678
1,679,1,6.827296860516071,64.60132025927305,0.11168804951012135,0.04293961822986603,0.4116822767000214,0.14861950278282166,0.2842137813568115,0.09894633131182712,0.1595094327389458,0.1393347829580307,0.07846333831548691,0.07846333831548691,0.021486128706967842,0.05898219761247053,0.21665466204285622,302.11002189936806,919.5989984257027,0.0,301.93333333333334,919.2271604938271,0,299.0,922.0,0.0,1.232158501730946,0.7401161662575472,679,679
1,680,1,13.080422557890415,63.05626816302538,0.11218128353357315,0.12176396697759628,2.124019952517658,0.4333958923816681,0.4524087905883789,0.22170207725237992,0.24346049483793583,0.23720089346170425,0.08676993101835251,0.08676993101835251,0.10173115265133344,0.11688569269465789,0.34823863208293915,655.7535740039782,923.382284646071,0.0,657.4324324324324,924.6833976833976,0,654.0,922.0,0.0,1.2704109418236527,0.7197676112730969,680,680
1,681,1,10.575075432658195,64.71247421950102,0.15070466697216034,0.04663354158401489,1.1592848366742388,0.24292351305484772,0.3108285963535309,0.15783694675609247,0.19550596440936863,0.194789320230484,0.08708224445581436,0.08708224445581436,0.040834892530744876,0.05819396131815626,0.2434854656457901,749.0143376710186,919.2835345636777,0.0,750.0815709969788,918.8308157099698,0,748.0,921.0,0.0,1.1189224788643042,0.7474001536566919,681,681
1,682,1,13.391868874430656,108.28539229929447,0.21349939703941345,0.06316017359495163,0.45922433077141234,0.26924076676368713,0.43563082814216614,0.1913124124918665,0.27414023366909995,0.25582973659038544,0.08077223598957062,0.08077223598957062,0.04774222521663653,0.08289031845819976,0.3492864966392517,639.49230668777,921.1013906733351,0.0,639.3924050632911,920.653164556962,0,637.0,924.0,0.0,1.0924370765611944,0.7461069472793754,682,682
1,683,1,9.023450277745724,53.16021227836609,0.13893889263272285,0.07164430990815163,1.1592040904965075,0.298105388879776,0.3437010943889618,0.1583061452236092,0.20525178485855633,0.19115468859672546,0.07843427360057831,0.07843427360057831,0.07256604578555152,0.07801563280328627,0.28216947615146637,239.83598352659774,925.5253694841408,0.0,239.78378378378378,926.6833976833976,0,241.0,925.0,0.0,1.1970811288541834,0.7750175456602671,683,683
1,684,1,8.951434075832367,61.44542794674635,0.15619823336601257,0.018487103283405304,0.3902187153186783,0.1680223047733307,0.2183128446340561,0.13771437039742104,0.1702089416807378,0.1735917031764984,0.07816216349601746,0.07816216349601746,0.027378939238708565,0.02876950695882349,0.19231297820806503,990.6296231424425,923.6595391862728,0.0,990.5678670360111,923.2742382271468,0,993.0,923.0,0.0,1.084613826012115,0.8640012142479737,684,684
1,685,1,10.150651887059212,80.0342982634902,0.1078992709517479,0.04693767428398132,0.5924362267277347,0.3811791241168976,0.3811791241168976,0.12848926439315458,0.15879821084025833,0.1454450637102127,0.0709693506360054,0.0709693506360054,0.07720579591098188,0.05910960962415791,0.20588967204093933,689.6891469637627,929.7781741488619,0.0,689.9761904761905,929.2599206349206,0,682.0,934.0,0.0,1.197488416976953,0.7783615923003862,685,685
1,686,1,7.372552141547203,55.45356124639511,0.14582102000713348,0.041291072964668274,0.38012310262626614,0.1916617602109909,0.31588849425315857,0.12495851087368141,0.1830150536184657,0.16970790177583694,0.04901833087205887,0.04901833087205887,0.0392344288354732,0.05978058642542604,0.2338009923696518,732.4902454358552,928.6697104207783,0.0,732.5907590759076,929.036303630363,0,728.0,925.0,0.0,1.0200303686479548,0.702342382609836,686,686
1,687,1,9.13218355923891,84.17867199331522,0.11342143267393112,0.03401700407266617,0.9330004286761283,0.16330891847610474,0.2771347761154175,0.11415229449048639,0.15646593307307663,0.13890457153320312,0.0782306119799614,0.0782306119799614,0.024690554935195237,0.05384275253761788,0.20683719962835312,1009.222411561729,932.5047555351412,0.0,1010.0817843866171,932.868029739777,0,1004.0,935.0,0.0,1.2292596108302374,0.7542363512399699,687,687
1,688,1,14.751987010240555,210.43728451430798,0.15783504769206047,0.0729866772890091,1.988634677279331,0.28402307629585266,0.5703097581863403,0.16575266303641073,0.27508141766576205,0.21581777930259705,0.09189102798700333,0.09189102798700333,0.04401782819865319,0.13595513914204094,0.40296684950590134,616.0768963642348,937.1068379080953,0.0,614.3921568627451,938.1633986928105,0,619.0,929.0,0.0,1.3155157159998756,0.6231665350643402,688,688
1,689,1,8.589069701731205,71.41549860686064,0.11412249505519867,0.0705171674489975,1.1500785219679044,0.22665470838546753,0.34190604090690613,0.11606850948285412,0.1854948015762614,0.18672797828912735,0.04227885603904724,0.04227885603904724,0.05164518845492072,0.07935235194106345,0.25479143112897873,752.2447552781308,932.1321482761972,0.0,753.3948051948051,932.1402597402597,0,747.0,932.0,0.0,1.0980370557435075,0.6369172549843604,689,689
1,690,1,12.02243609726429,149.69602800160646,0.13827785849571228,0.034915462136268616,0.1302170752421176,0.15971814095973969,0.2682535648345947,0.11672268055596398,0.16933939819186253,0.15987832844257355,0.06325344741344452,0.06325344741344452,0.0286722386421815,0.04345451855182249,0.21030044555664062,967.7087309731396,925.8710325860411,0.0,967.5893665158371,925.9230769230769,0,968.0,933.0,0.0,1.133791660867719,0.8027529548884949,690,690
1,691,1,9.623631685972214,66.97030639648438,0.11109106242656708,0.046169959008693695,0.9113857833359414,0.2578745484352112,0.2578745484352112,0.1283150891462962,0.1575771915211397,0.15807143598794937,0.06577350944280624,0.06577350944280624,0.06283568027661174,0.05301151179055532,0.20388738811016083,437.2475759952317,931.8219876969198,0.0,436.43529411764706,932.2352941176471,0,448.0,928.0,0.0,1.0821462844081582,0.859916119448433,691,691
1,692,1,6.245357483625412,48.218549981713295,0.11813651770353317,0.036249369382858276,0.16567934193042733,0.15403319895267487,0.2568185031414032,0.1023829095676297,0.1607284999390443,0.16693204641342163,0.0666225403547287,0.0666225403547287,0.026801468561614528,0.049681194824534716,0.19767595827579498,304.06304877291194,934.4410832418565,0.0,304.12,934.5966666666667,0,301.0,936.0,0.0,1.0620383034156375,0.7007420469063885,692,692
1,693,1,13.884640596807003,74.96195314079523,0.13440978899598122,0.07440720498561859,0.299234912788647,0.3898400068283081,0.40602853894233704,0.20418589112951474,0.23065216351013917,0.20095524191856384,0.09689890593290329,0.0949123352766037,0.09892861267893872,0.10205746527034258,0.33689362555742264,681.4963953950363,939.4098202689511,0.0,681.7138461538461,939.6153846153846,0,681.0,935.0,0.0,1.360644762038983,0.790151550464477,693,693
1,694,1,8.032881185412407,52.48424565792084,0.1197662428021431,0.055003613233566284,0.9095123030870195,0.21921391785144806,0.3013491928577423,0.12956259976471624,0.1749474855264028,0.16765554249286652,0.07954338192939758,0.07954338192939758,0.04236980927984336,0.06286944000707341,0.22865532338619232,647.2062677604322,938.9029310072391,0.0,647.77,939.6166666666667,0,646.0,937.0,0.0,1.1053566275127822,0.7238804916309268,694,694
1,695,1,9.395359441637993,80.45880395174026,0.13587777316570282,0.036412984132766724,0.847288639902781,0.19116787612438202,0.2553350329399109,0.1269643167788918,0.17046356769436496,0.1668449193239212,0.07938027381896973,0.07938027381896973,0.03432109896820341,0.046080940653628194,0.2096942514181137,985.892076928556,942.8029957387905,0.0,985.7139830508474,943.6313559322034,0,989.0,940.0,0.0,1.1312287828135366,0.7988162842709354,695,695
1,696,1,10.526720836758614,41.646862864494324,0.14304200559854507,0.02143464982509613,1.5564057654437458,0.37939372658729553,0.37939372658729553,0.19139492430470206,0.20216923720628313,0.15551458299160004,0.12637925148010254,0.12637925148010254,0.08261303401882536,0.08110023074702595,0.26559409499168396,678.1621507977748,948.6923272963863,0.0,678.6796116504854,950.1601941747573,0,675.0,941.0,0.0,1.3640126030846191,0.8608532710541307,696,696
1,697,1,8.89331329613924,75.7489237561822,0.1096804030239582,0.03483154624700546,0.41492469088899314,0.1498904973268509,0.28569653630256653,0.10222199190964644,0.15458964031873917,0.1340375691652298,0.07868112623691559,0.07868112623691559,0.021520600087933973,0.058526191718310104,0.21078059077262878,663.4043660440342,947.179104323808,0.0,663.3122448979592,947.5836734693878,0,665.0,944.0,0.0,1.2325861692349351,0.7357261120863606,697,697
1,698,1,10.353660836815834,60.93951856344938,0.1515960618853569,0.04249034821987152,0.47437456606487,0.21310201287269592,0.2906455993652344,0.1479094405259405,0.19163370617436912,0.19407309591770172,0.08902337402105331,0.08902337402105331,0.027011443241775273,0.049851151687357396,0.23746128380298615,634.2512238362727,947.4847553893452,0.0,634.7201257861635,947.5566037735849,0,633.0,948.0,0.0,1.0471924993343438,0.7736244778392594,698,698
1,699,1,9.931109957396984,104.92369019240141,0.13282010704278946,0.06618597358465195,1.2018483434783882,0.19634778797626495,0.36592134833335876,0.12260629577033313,0.19947469618327265,0.1908915638923645,0.0786966010928154,0.0786966010928154,0.03667120058798689,0.07457756653317546,0.26303477585315704,338.70767236683133,949.3875045074702,0.0,339.61787072243345,948.6026615969582,0,340.0,954.0,0.0,1.189165084032097,0.6939588009467379,699,699
1,700,1,10.039989925920963,85.44594833999872,0.11433308385312557,0.06867741793394089,1.0281317602915367,0.19889774918556213,0.38122642040252686,0.11674406890605771,0.19115424684563473,0.17075247317552567,0.07931555807590485,0.07931555807590485,0.04168320192535707,0.08585316150047144,0.26730605214834213,320.06418252970917,956.459240942595,0.0,319.1096196868009,956.841163310962,0,319.0,956.0,0.0,1.3249212023274788,0.6939762205888315,700,700
1,701,1,5.074651271104813,19.806600265204906,0.1162442285567522,0.05021005868911743,0.6059480634623814,0.2782747745513916,0.2889567017555237,0.13354345450275823,0.1692871817538881,0.174119271337986,0.07827333360910416,0.07827333360910416,0.055945326236544975,0.056095746832788056,0.21608327329158783,111.66439491922262,958.6102153602168,0.0,112.23931623931624,958.4188034188035,0,109.0,960.0,0.0,1.115657869250066,0.8606369899388205,701,701
1,702,1,9.292598739266396,61.03655930608511,0.1212497279047966,0.05130188539624214,1.543132632628357,0.24321117997169495,0.28051528334617615,0.13467534404733908,0.1690763415681028,0.15678349882364273,0.07908297330141068,0.07908297330141068,0.04603039360658152,0.05881734164403409,0.22628358379006386,637.707494114532,962.7886961368026,0.0,639.1994459833795,963.1828254847645,0,640.0,963.0,0.0,1.2140584023865824,0.7569485722669882,702,702
1,703,1,5.722250878810883,23.661882609128952,0.122038334608078,0.037675924599170685,0.5549188198077042,0.262324720621109,0.262324720621109,0.12716113064024184,0.15567028032321678,0.14953146874904633,0.07883398234844208,0.07883398234844208,0.05016569628063712,0.04653071687460202,0.1920466274023056,103.59410110614107,962.0759367625059,0.0,103.05263157894737,962.1973684210526,0,108.0,961.0,0.0,1.0917754856711601,0.8395404867298284,703,703
1,704,1,6.692043054848909,43.95217898860574,0.09408923611044884,0.036145322024822235,0.5604777144912712,0.1482895463705063,0.20099569857120514,0.09841239786542513,0.12851514324153723,0.12456915527582169,0.046891648322343826,0.046891648322343826,0.026941401399839932,0.03840069018431818,0.16646597534418106,347.5468304902072,964.1506383591563,0.0,348.0409356725146,964.4152046783626,0,352.0,964.0,0.0,1.019267480542657,0.7637590910483084,704,704
1,705,1,7.671355322003365,42.80539295822382,0.1553136259317398,0.037634193897247314,0.5943700007177142,0.2661256790161133,0.2661256790161133,0.1475260638846801,0.1910955042777849,0.2012079358100891,0.08221828937530518,0.08221828937530518,0.05877421505609636,0.050830754810211376,0.2354808747768402,1089.140106339381,962.0216954751812,0.0,1089.1785714285713,961.4285714285714,0,1091.0,967.0,0.0,1.1342546858198859,0.8460771801199571,705,705
1,706,1,7.8707427233457565,67.90507765859365,0.09831038117408752,0.025790348649024963,1.0090255621077384,0.12729264795780182,0.2101597636938095,0.08745269692606396,0.12958984285991154,0.11373773217201233,0.05671149864792824,0.05671149864792824,0.012037108560856977,0.03831788271818858,0.16917595267295837,560.5249626551856,969.3841470539932,0.0,561.4427480916031,969.8034351145038,0,552.0,975.0,0.0,1.1359087191619837,0.7537322761464729,706,706
1,707,1,6.002680122852325,51.00228764116764,0.0903015099465847,0.040715545415878296,0.7184787436883088,0.1028318926692009,0.227993905544281,0.08454479046270881,0.13492668688139586,0.1277930736541748,0.07818866521120071,0.07818866521120071,0.005005765993694208,0.04502569150227597,0.1790315955877304,78.50510217328552,965.102885305135,0.0,78.11111111111111,965.7037037037037,0,78.0,961.0,0.0,1.1532607356247648,0.7046295458081238,707,707
1,708,1,6.532741479575634,44.809515707194805,0.11796634085476398,0.029863018542528152,0.5909295705844435,0.17050929367542267,0.22071845829486847,0.11072443185721413,0.14595933455112314,0.13602900505065918,0.07818066328763962,0.07818066328763962,0.023277754627130318,0.03718092402002093,0.18234005942940712,123.61353254723817,966.6198843495744,0.0,124.20195439739413,966.6742671009772,0,118.0,966.0,0.0,1.1338283233451545,0.8110441554949321,708,708
1,709,1,10.880600795149803,59.248694501817226,0.1366027668118477,0.06004086136817932,0.4252572051677965,0.28155848383903503,0.35666757822036743,0.15543715421642576,0.20152617177488852,0.1869339942932129,0.08623705059289932,0.08623705059289932,0.05084361420714339,0.07214190374232628,0.2682257443666458,625.729300318983,966.5285293172476,0.0,625.4319727891157,966.2244897959183,0,630.0,969.0,0.0,1.1611433523132229,0.7643947707707729,709,709
1,710,1,12.148048654198647,102.8978790268302,0.16930612549185753,0.0784137099981308,1.579532355782719,0.31830769777297974,0.4172954857349396,0.17864777432645068,0.24794669645019324,0.24094818532466888,0.07886145263910294,0.07886145263910294,0.07642976547072959,0.09117756855337565,0.3290380612015724,1105.1546400862003,968.3462294438386,0.0,1106.5349397590362,967.5783132530121,0,1103.0,970.0,0.0,1.1675912071721042,0.694703606918245,710,710
1,711,1,10.18293972313404,78.71305973082781,0.1317872852087021,0.028579071164131165,0.20307438599708647,0.16539113223552704,0.2501629590988159,0.11840627585039583,0.15933817759276883,0.14960971474647522,0.07907236367464066,0.07907236367464066,0.02588386541652835,0.04064938688305622,0.1969318836927414,597.5680770577143,968.4262902328513,0.0,597.3927125506073,968.3238866396761,0,595.0,964.0,0.0,1.1443998873347037,0.8205510124960378,711,711
1,712,1,10.515467345714569,68.3946740552783,0.12984657287597656,0.03945375978946686,0.4103851801739301,0.1887647658586502,0.27344679832458496,0.13310718159132365,0.16971383140267568,0.15784023702144623,0.07968727499246597,0.07968727499246597,0.029624600022367695,0.05182663301546851,0.2153874896466732,610.3797457832334,974.6033538206924,0.0,610.2655086848636,974.9975186104218,0,610.0,968.0,0.0,1.1673080642278324,0.7645699098500214,712,712
1,713,1,6.758035033941269,44.1512955725193,0.10388853400945663,0.029761888086795807,0.8805200291892495,0.19266563653945923,0.227066308259964,0.1185620181393205,0.13797279866412282,0.1277930736541748,0.07848930358886719,0.07848930358886719,0.028353370288263773,0.03904186906833979,0.17509213089942932,109.32117399638115,975.3454919663684,0.0,108.9,976.11875,0,113.0,974.0,0.0,1.129752568862372,0.8059154396078796,713,713
1,714,1,12.485401026904583,45.35493478924036,0.21741300076246262,0.04126673936843872,0.446600238632793,0.3085136115550995,0.3496372103691101,0.21904212327902778,0.2548030044339346,0.26425081491470337,0.08708549290895462,0.08708549290895462,0.0514173897201369,0.05624251200734179,0.29648594558238983,1090.532718466634,973.3532482788603,0.0,1090.1067415730338,973.2191011235955,0,1092.0,973.0,0.0,1.0233976263789524,0.8595159310765914,714,714
1,715,1,5.799152113497257,51.77191314846277,0.0878976434469223,0.04179556295275688,0.535792947978729,0.09702792763710022,0.21131068468093872,0.08284503019281796,0.13173514796046507,0.1296350583434105,0.06935404241085052,0.06935404241085052,0.004676516647069588,0.04202436369521564,0.17143488302826881,59.93083918039477,970.4949506839706,0.0,60.30025445292621,970.1068702290077,0,61.0,976.0,0.0,1.105302358064412,0.6888096343362149,715,715
1,716,1,10.805924721062183,78.49609108269215,0.15502741932868958,0.0374043732881546,0.2585075863581398,0.22821399569511414,0.3121187090873718,0.15219612283186174,0.19722635950425163,0.1751634180545807,0.07337400317192078,0.07337400317192078,0.02790723876369139,0.054781723740065985,0.25176985561847687,336.85359269133716,975.1599645779557,0.0,336.59547738693465,975.1457286432161,0,339.0,973.0,0.0,1.0873270907463075,0.7759613541540052,716,716
1,717,1,9.331393614411354,63.76192408055067,0.12619288824498653,0.06667712703347206,1.7050653976523926,0.27752450108528137,0.3767562508583069,0.13330562306301935,0.19263421172371803,0.16963578760623932,0.07860366255044937,0.07860366255044937,0.06131538166090261,0.08463176809540957,0.2711656540632248,624.1763777708258,981.0427499371436,0.0,624.1027190332326,982.7462235649547,0,628.0,977.0,0.0,1.2660286162055907,0.7130083495959453,717,717
1,718,1,6.9566356018185616,38.46930738538504,0.14379271864891052,0.06211327016353607,0.8610735073907648,0.2904370427131653,0.3292521834373474,0.15810535458678548,0.2137183743632502,0.23194439709186554,0.07999833673238754,0.07999833673238754,0.0740271258942128,0.07418150343316086,0.28474193811416626,1081.673360699897,980.3268938540529,0.0,1080.9055555555556,980.7166666666667,0,1084.0,981.0,0.0,1.1339826611401262,0.779782299573828,718,718
1,719,1,7.604970142245293,24.300349563360214,0.22511589154601097,0.024511568248271942,0.3855800405258611,0.2822881042957306,0.32133206725120544,0.2304536406740998,0.2454580763975779,0.2515132278203964,0.08333931863307953,0.08333931863307953,0.04471457091814138,0.04175382175575616,0.2730337157845497,1098.7792577003681,983.5053242941075,0.0,1098.989898989899,983.8282828282828,0,1097.0,984.0,0.0,1.0,0.9455668980692227,719,719
1,720,1,6.228637874126434,14.934063762426376,0.17715111002326012,0.03071826696395874,0.2584997549401042,0.27256736159324646,0.2899647355079651,0.19464493356645107,0.21033892623135741,0.2064156010746956,0.15208081901073456,0.15208081901073456,0.03566414447175088,0.039939628054089155,0.2439775913953781,1107.4326105206096,982.2981943407931,0.0,1107.6760563380283,982.2112676056338,0,1106.0,982.0,0.0,1.014596868505214,0.9457890188173226,720,720
1,721,1,6.92931517213583,50.436985947191715,0.10518060438334942,0.025630485266447067,0.2035212325013139,0.1468425989151001,0.20010876655578613,0.09899021674479758,0.1330791185941734,0.12686139345169067,0.07842408120632172,0.07842408120632172,0.016466621153933457,0.03303915323831915,0.1639828458428383,752.4593316923125,986.2843130478597,0.0,752.5145118733509,986.4802110817942,0,748.0,985.0,0.0,1.1127332404857628,0.7869719467693208,721,721
1,722,1,7.392488818615675,44.16164096444845,0.12750588357448578,0.045926690101623535,0.3792392375838974,0.2481009066104889,0.2953042984008789,0.11923369062283347,0.16985246524787867,0.16517573595046997,0.036939650774002075,0.036939650774002075,0.05550354150678944,0.06397578186679902,0.2173394113779068,1115.7856124658724,981.9263698655735,0.0,1116.1,982.1384615384616,0,1112.0,985.0,0.0,1.0639198401165484,0.8145744278113688,722,722
1,723,1,7.546711400151253,25.93592596054077,0.1904834881424904,0.03055620938539505,0.1164970510406741,0.250968873500824,0.30384162068367004,0.19350542051669878,0.22167458085932285,0.2187015861272812,0.14018207788467407,0.14018207788467407,0.023749354086634304,0.03757894772867786,0.2554502710700035,331.8868276753374,985.448584812182,0.0,331.8034188034188,985.5299145299145,0,330.0,985.0,0.0,1.017712274317438,0.8900285073718441,723,723
1,724,1,8.595311746001244,52.64071348309517,0.10991069674491882,0.04394727200269699,0.35337201538911817,0.1709267497062683,0.2563204765319824,0.11309620718422689,0.15482562789145637,0.15367689728736877,0.07889096438884735,0.07889096438884735,0.030468246922329075,0.04957122651468484,0.1992243081331253,93.05742018342094,988.2775729130049,0.0,92.83235294117647,988.55,0,87.0,990.0,0.0,1.1376052280012356,0.7391070490069374,724,724
1,725,1,7.298244915902615,30.88007251173258,0.14335699379444122,0.03125620633363724,0.9037269768543191,0.2552380859851837,0.27454105019569397,0.15865749817179597,0.17849752896955248,0.17047549784183502,0.08979068696498871,0.08979068696498871,0.0432803126689856,0.04657158707899292,0.21825992316007614,342.6434980968672,990.6157628186179,0.0,342.95953757225436,991.4624277456647,0,343.0,988.0,0.0,1.1579493895577093,0.863710817261713,725,725
1,726,1,7.600375257432461,49.82211437821388,0.1111140213906765,0.027558058500289917,0.6620881350005807,0.17872165143489838,0.2044563740491867,0.1085767893918923,0.13612599556889038,0.13190442323684692,0.07844841480255127,0.07844841480255127,0.02423743530942339,0.031684280098058376,0.16736820340156555,737.085046816633,982.8547859002205,0.0,737.0437158469946,982.1939890710382,0,733.0,988.0,0.0,1.128850335787449,0.8224601158798206,726,726
1,727,1,6.793322563171387,45.45682903379202,0.10852936282753944,0.02245958149433136,0.5083996057453495,0.12664219737052917,0.20327144861221313,0.09704746518816267,0.13137811859477463,0.12438414990901947,0.04310014471411705,0.04310014471411705,0.02161754281706832,0.03332687191068299,0.15765643864870071,356.23015316281715,987.9854663946635,0.0,356.15606936416185,988.4884393063584,0,359.0,979.0,0.0,1.1080690232418269,0.8462357760774171,727,727
1,728,1,8.333395384252071,83.17914175987244,0.12011820822954178,0.05887223780155182,0.6320741273559538,0.16661883890628815,0.3595459461212158,0.10964993926647462,0.18776329968368496,0.16810698062181473,0.07891024649143219,0.07891024649143219,0.02204057604778798,0.07765415652312761,0.2564963102340698,125.97916221239527,987.1588178355079,0.0,125.47629796839729,987.5417607223476,0,125.0,990.0,0.0,1.3495340376255345,0.7415980824196928,728,728
1,729,1,6.623869102448225,41.167312029749155,0.13696987926959991,0.06428532302379608,0.9781571603076011,0.28117674589157104,0.3354473412036896,0.14399715440104838,0.21441308348827684,0.23944009840488434,0.04156526178121567,0.04156526178121567,0.08043885445038208,0.08506153337847353,0.2914784252643585,1090.2390215124176,989.6306888157227,0.0,1089.9583333333333,990.5677083333334,0,1095.0,990.0,0.0,1.0560932543453267,0.7497464964670141,729,729
1,730,1,7.233016155660152,34.38699048757553,0.1099136546254158,0.02197413146495819,0.49211997674300084,0.2198273092508316,0.2198273092508316,0.12470717509758883,0.13591695844891513,0.11997493356466293,0.07887869328260422,0.07887869328260422,0.042868001595068386,0.03840539685246681,0.16924328356981277,589.2507116198029,988.9327164831565,0.0,589.7154150197629,988.7707509881423,0,584.0,987.0,0.0,1.1843166552322566,0.8841933193770685,730,730
1,731,1,7.6850465796887875,45.056215580552816,0.0890316441655159,0.040824078023433685,0.8304723295628093,0.21504846215248108,0.2175900936126709,0.10824009267167306,0.1348988490435713,0.12433719635009766,0.06247473880648613,0.06247473880648613,0.04501577138793956,0.047670887410760455,0.18640794605016708,579.4754971883509,993.9093784006968,0.0,579.4520958083832,994.7395209580839,0,578.0,992.0,0.0,1.1313317709857806,0.7907540297665188,731,731
1,732,1,10.913322679698467,64.39833020418882,0.1509038731455803,0.03751295804977417,0.7150758913754551,0.20256109535694122,0.29646533727645874,0.15370877013659814,0.18829921112335912,0.17818790674209595,0.08430639654397964,0.08430639654397964,0.032323930334379025,0.05131258688168921,0.2351333051919937,325.21968959026594,990.5283977452845,0.0,324.7105263157895,990.0263157894736,0,325.0,989.0,0.0,1.1433623976664165,0.8218026650494877,732,732
1,733,1,5.213028583675623,45.28533321991563,0.0939970389008522,0.04560151696205139,0.40479751759061944,0.14428569376468658,0.2679511308670044,0.08688380972792704,0.14330801651872035,0.1324872374534607,0.05544945225119591,0.05544945225119591,0.018539880600630984,0.05364066792130292,0.19274330139160156,142.91592313200607,996.1754800329437,0.0,143.0094936708861,995.7816455696203,0,145.0,997.0,0.0,1.1610740098594783,0.7178862888239306,733,733
1,734,1,7.565097324550152,52.62033420056105,0.11535151302814484,0.05009021610021591,1.028527809569236,0.2229824960231781,0.2801830768585205,0.12201769878306697,0.16291125139492585,0.15087109804153442,0.0792265459895134,0.0792265459895134,0.04411088603976993,0.05692717457873827,0.2170514166355133,315.4301801306892,999.8748815158309,0.0,314.54179566563465,1000.3931888544892,0,316.0,997.0,0.0,1.2182070803664735,0.76672166504386,734,734
1,735,1,9.319974824786186,53.602379970252514,0.10542241483926773,0.04595407098531723,1.2544060247824946,0.21544133126735687,0.24068868160247803,0.1331424974969455,0.1540298275007256,0.14891846477985382,0.07943456619977951,0.07943456619977951,0.04307110461056217,0.04978666933508008,0.20314013957977295,735.9183899040564,1001.3383313712106,0.0,736.933908045977,1002.0747126436781,0,733.0,1004.0,0.0,1.1493843760840938,0.7815773349944676,735,735
1,736,1,11.074624300003052,75.64519889652729,0.13068965077400208,0.013283729553222656,0.24342954996337593,0.1864144504070282,0.18664953112602234,0.14018511772155762,0.14491417413127833,0.14650966227054596,0.0962962955236435,0.0962962955236435,0.021935448944212066,0.01883700993686416,0.15668296068906784,101.7975630922336,1000.6275178007711,0.0,101.77586206896552,1000.3850574712644,0,107.0,1009.0,0.0,1.0069644192918843,1.014947045863678,736,736
1,737,1,5.401617109775543,49.84727352112532,0.10717560723423958,0.021423980593681335,0.33741452644031183,0.10997474938631058,0.17632123827934265,0.08440026734024286,0.12913801430343347,0.13559435307979584,0.070647232234478,0.070647232234478,0.007625374605270306,0.02883556915243904,0.1547212451696396,450.2550042902229,1005.4810302168853,0.0,450.1139896373057,1005.7875647668394,0,455.0,1009.0,0.0,1.022502865480443,0.718673435700523,737,737
1,738,1,9.457435362040997,63.641157530248165,0.10588477551937103,0.03392639756202698,0.9419383329380376,0.18895286321640015,0.22505053877830505,0.1212491713082179,0.14301383714662508,0.13534653186798096,0.08158295601606369,0.08158295601606369,0.02769709925813401,0.040568549971777376,0.1792312189936638,605.793096504711,1002.4086613873931,0.0,605.8292134831461,1001.467415730337,0,609.0,1002.0,0.0,1.2151044915649927,0.809158886953335,738,738
1,739,1,11.695267334580421,79.44695889949799,0.16474155336618423,0.03787197917699814,0.7227590702272431,0.24698248505592346,0.29150068759918213,0.16020914156959482,0.20113154151771642,0.20163709670305252,0.08071728050708771,0.08071728050708771,0.04746876589957193,0.047874737843638056,0.2417704239487648,1338.1220791326925,1003.9427048676179,0.0,1337.6253164556963,1003.4177215189874,0,1335.0,1003.0,0.0,1.1798019591371032,0.858805664930237,739,739
1,740,1,8.569587528705597,53.74192529916763,0.10877550952136517,0.044815950095653534,0.9530303783926983,0.2028292417526245,0.2408362478017807,0.10711984410881996,0.1496989562650909,0.1471599042415619,0.05015385150909424,0.05015385150909424,0.041526178888856895,0.04937286047877074,0.19705378636717796,724.5886215628876,1005.0863827980413,0.0,724.4596100278552,1006.0306406685237,0,722.0,1002.0,0.0,1.1206643842654764,0.7425923181594385,740,740
1,741,1,8.889946922659874,61.251851327717304,0.11929715797305107,0.029352515935897827,1.1198842205322241,0.1872302144765854,0.2315719574689865,0.12699924175228391,0.1479513317094621,0.13977882266044617,0.07884309440851212,0.07884309440851212,0.029602952793507737,0.03684459189711653,0.17993878573179245,328.28025857223173,1010.9030180736665,0.0,328.04347826086956,1011.9975845410628,0,329.0,1005.0,0.0,1.1707777965856367,0.8425145645251678,741,741
1,742,1,7.4289011508226395,64.62817464023829,0.09925098717212677,0.053838327527046204,1.0444117102779775,0.17156967520713806,0.3075679540634155,0.10317918265031444,0.16320246121272294,0.14417247474193573,0.06517564505338669,0.06517564505338669,0.026214442473777314,0.06841222555758794,0.22755274176597595,625.1000506718925,1007.5837310932208,0.0,625.4242424242424,1006.5909090909091,0,623.0,1010.0,0.0,1.2301516729006856,0.6667891556829278,742,742
1,743,1,7.376480504870415,35.17633564770222,0.10591275617480278,0.014316067099571228,0.7570409163161915,0.22270585596561432,0.22270585596561432,0.12718069835983473,0.12838078703540956,0.11600443720817566,0.0799141675233841,0.0799141675233841,0.04220451656503014,0.03173582218180598,0.14968647807836533,1180.0288488620747,1006.7143637395462,0.0,1179.2810218978102,1006.8321167883212,0,1188.0,1007.0,0.0,0.9448775012874223,1.091251335068278,743,743
1,744,1,6.80898929387331,45.724298894405365,0.10621807351708412,0.023769080638885498,0.17711048113057826,0.140471950173378,0.19755129516124725,0.10013219549813691,0.13026865781881872,0.1227339655160904,0.07148279994726181,0.07148279994726181,0.01889936192187742,0.031533248039134265,0.15775607526302338,346.20426610094324,1011.2153074766792,0.0,346.3703703703704,1011.1538461538462,0,343.0,1013.0,0.0,1.1174922082351382,0.8364369779531861,744,744
