ImageNumber,ObjectNumber,Intensity_IntegratedIntensityEdge_CorrProtein,Intensity_IntegratedIntensity_CorrProtein,Intensity_LowerQuartileIntensity_CorrProtein,Intensity_MADIntensity_CorrProtein,Intensity_MassDisplacement_CorrProtein,Intensity_MaxIntensityEdge_CorrProtein,Intensity_MaxIntensity_CorrProtein,Intensity_MeanIntensityEdge_CorrProtein,Intensity_MeanIntensity_CorrProtein,Intensity_MedianIntensity_CorrProtein,Intensity_MinIntensityEdge_CorrProtein,Intensity_MinIntensity_CorrProtein,Intensity_StdIntensityEdge_CorrProtein,Intensity_StdIntensity_CorrProtein,Intensity_UpperQuartileIntensity_CorrProtein,Location_CenterMassIntensity_X_CorrProtein,Location_CenterMassIntensity_Y_CorrProtein,Location_CenterMassIntensity_Z_CorrProtein,Location_Center_X,Location_Center_Y,Location_MaxIntensity_X_CorrProtein,Location_MaxIntensity_Y_CorrProtein,Location_MaxIntensity_Z_CorrProtein,Math_Ratio2,Number_Object_Number,Parent_Cells,Parent_Nuclei
1,1,19.09545750170946,33.77910838276148,0.1016051135957241,0.02484053373336792,1.2791132607198352,0.18341273069381714,0.18341273069381714,0.1290233614980369,0.12651351454217782,0.12562620639801025,0.07897540181875229,0.07897540181875229,0.032800304605794056,0.028313291051098276,0.15242943540215492,115.95544677713377,16.43682001937369,0.0,115.09363295880149,17.382022471910112,123.0,4.0,0.0,0.6951155181458815,1,1,1
1,2,13.183425925672054,27.730318039655685,0.11333374679088593,0.00963517278432846,0.848137746874143,0.18046951293945312,0.18046951293945312,0.12676371082376975,0.12435120197155015,0.12497146427631378,0.0793786346912384,0.0793786346912384,0.026270547636043556,0.019723881387201228,0.13451367616653442,885.0888084652404,15.683078152289369,0.0,885.8699551569507,16.013452914798208,880.0,9.0,0.0,0.8409483058681211,2,2,2
1,3,18.987503439188004,33.90850333124399,0.11392245069146156,0.013657182455062866,0.8937282846582648,0.2712339460849762,0.2712339460849762,0.14605771876298465,0.13563401332497596,0.13106392323970795,0.07940378785133362,0.07940378785133362,0.04854545502578817,0.03802274529904746,0.14198540151119232,1032.8243054019795,14.27225770207536,0.0,1033.716,14.212,1038.0,16.0,0.0,0.8167329952900777,3,3,3
1,4,13.094257034361362,37.46656508743763,0.09913905709981918,0.01344095915555954,0.684837415607136,0.1916201263666153,0.1916201263666153,0.11003577339799464,0.11285109966095672,0.11089140921831131,0.0781516432762146,0.0781516432762146,0.02553290108795298,0.020229866652192615,0.12437428534030914,594.7957711466502,14.084532524467793,0.0,594.9909638554217,14.740963855421686,590.0,7.0,0.0,0.7504205125656953,4,4,4
1,5,13.534494653344154,18.96529747545719,0.10264842584729195,0.03727264329791069,1.428109605934085,0.2152007520198822,0.2152007520198822,0.143983985673874,0.1384328282880087,0.13451070338487625,0.07937688380479813,0.07937688380479813,0.04397270729119909,0.039639593061840964,0.17789382487535477,759.9111560461746,15.665654607301677,0.0,760.043795620438,17.087591240875913,752.0,13.0,0.0,0.7276362607975244,5,5,5
1,6,9.254456877708435,12.957799822092056,0.09364797174930573,0.037207916378974915,1.1202552308337554,0.2693018317222595,0.2693018317222595,0.14021904360164295,0.13497708148012558,0.12402637302875519,0.03948770463466644,0.03948770463466644,0.06739752344706514,0.05760566014495728,0.16758057475090027,708.009714795545,10.223662032494174,0.0,707.0833333333334,9.59375,711.0,20.0,0.0,0.7109729292980034,6,6,6
1,7,14.48391342163086,22.780542500317097,0.12687546014785767,0.02591457962989807,1.00985596620936,0.2399604171514511,0.2399604171514511,0.1540841853364985,0.153922584461602,0.15379270911216736,0.07978245615959167,0.07978245615959167,0.04346625885950195,0.03883952835575607,0.17165504395961761,738.85373765159,18.71999893966176,0.0,738.8378378378378,19.72972972972973,750.0,13.0,0.0,0.7762037831348972,7,7,7
1,8,19.463258385658264,26.155428402125835,0.1514771729707718,0.03741078078746796,1.3840998426663214,0.31345701217651367,0.31345701217651367,0.19860467740467616,0.1868244885866131,0.18624243140220642,0.08132586628198624,0.08132586628198624,0.05064083359720461,0.05057884602740358,0.22985443472862244,719.5120839531515,14.726813710555753,0.0,720.0714285714286,15.992857142857142,719.0,7.0,0.0,0.763349276996525,8,8,8
1,9,10.34916676580906,13.004320427775383,0.10158569738268852,0.023920796811580658,1.6513516506602695,0.2658121585845947,0.2658121585845947,0.1592179502432163,0.14449244919750426,0.12411075085401535,0.07918901741504669,0.07918901741504669,0.05863696744766815,0.055540240967448966,0.1937459409236908,1037.30587665843,22.4145883805013,0.0,1038.4555555555555,23.6,1038.0,17.0,0.0,0.8946897452366739,9,9,9
1,10,16.37462927401066,25.697242327034473,0.0993066355586052,0.02036174386739731,0.6855245463377826,0.2621205747127533,0.2621205747127533,0.15022595664229962,0.13110837921956364,0.11562918871641159,0.07849499583244324,0.07849499583244324,0.05417662701606831,0.04661653278810193,0.14333167672157288,573.3339121396302,19.261604316631026,0.0,573.6989795918367,19.841836734693878,566.0,20.0,0.0,0.7478402563934825,10,10,10
1,11,15.659753881394863,45.76098345220089,0.09387884847819805,0.011243611574172974,0.6945660838463019,0.1869349628686905,0.1869349628686905,0.11430477285689682,0.10767290224047268,0.10542682185769081,0.07845932990312576,0.07845932990312576,0.028522621723783056,0.019685943356909763,0.11652058735489845,1169.8444508303614,24.475211420293665,0.0,1169.3788235294119,24.99058823529412,1165.0,14.0,0.0,0.7879502003213421,11,11,11
1,12,14.898064978420734,46.56825739145279,0.09466543979942799,0.013694029301404953,0.127930501436378,0.18251758813858032,0.18251758813858032,0.11117958939119951,0.1095723703328301,0.10893503949046135,0.07822182774543762,0.07822182774543762,0.026122949140717965,0.019252560312786687,0.12020877189934254,1192.9772631312023,24.110745441213513,0.0,1193.075294117647,24.192941176470587,1188.0,22.0,0.0,0.8043709296859508,12,12,12
1,13,11.159364342689514,13.707771435379982,0.08074523136019707,0.004522107541561127,0.44944699431846646,0.12531521916389465,0.12531521916389465,0.08718253392726183,0.08675804705936697,0.08379995822906494,0.06794005632400513,0.06794005632400513,0.011447748128506546,0.0107898354205366,0.09072662517428398,1349.5129574811983,16.892532538586266,0.0,1349.9493670886077,17.0,1340.0,14.0,0.0,0.6731882985623061,13,13,13
1,14,16.462421126663685,21.669305004179478,0.12263482064008713,0.05925608426332474,0.707731498133756,0.37284332513809204,0.37284332513809204,0.20578026408329606,0.19521896400161692,0.17845554649829865,0.07846516370773315,0.07846516370773315,0.09742558863702636,0.08548618351343908,0.2523116022348404,434.9511509605376,22.716205832875293,0.0,434.31531531531533,22.405405405405407,436.0,26.0,0.0,0.783863938749912,14,14,14
1,15,7.9660505801439285,8.668254002928734,0.0731709934771061,0.05927817337214947,1.512323536838457,0.2886495292186737,0.2886495292186737,0.13975527333585838,0.13759133337982118,0.11580689251422882,0.046655673533678055,0.046655673533678055,0.07974251173254505,0.0762112524056642,0.21243829280138016,715.062072254937,24.664438851769624,0.0,715.1428571428571,26.174603174603174,710.0,22.0,0.0,0.7890307276348256,15,15,15
1,16,13.139267642050982,25.17675767466426,0.09068194031715393,0.01863863319158554,0.9684157808625538,0.2389240711927414,0.2389240711927414,0.11837178055901786,0.11443980761211027,0.10932057350873947,0.06033141538500786,0.06033141538500786,0.040442725165759745,0.031671386312837176,0.12950469553470612,563.8644139613247,26.93503927014235,0.0,564.2409090909091,27.827272727272728,567.0,24.0,0.0,0.7691087365748152,16,16,16
1,17,14.802991285920143,21.93365865200758,0.12445816956460476,0.025867611169815063,0.8300169217019665,0.24161593616008759,0.24161593616008759,0.1541978258950015,0.15126661139315573,0.14927944540977478,0.07907862216234207,0.07907862216234207,0.04502932725642557,0.037762036319778695,0.17667178064584732,270.6905212561553,24.61065150457596,0.0,271.33103448275864,24.082758620689656,263.0,29.0,0.0,0.7003710733010816,17,17,17
1,18,17.097432628273964,33.19535153359175,0.10613720491528511,0.016941756010055542,0.704151081811913,0.19056442379951477,0.19056442379951477,0.13051475288758752,0.12479455463756296,0.12556782364845276,0.07932277023792267,0.07932277023792267,0.027464729188753936,0.023371673974923526,0.14184445142745972,861.8825176627957,27.03084679269233,0.0,861.312030075188,27.44360902255639,855.0,22.0,0.0,0.7285424559845624,18,18,18
1,19,12.181514225900173,15.972401320934296,0.0972156971693039,0.017943039536476135,1.512206269031824,0.2489914745092392,0.2489914745092392,0.1416455142546532,0.12880968807205076,0.11267703026533127,0.0788235291838646,0.0788235291838646,0.05198384755451146,0.0475645488844198,0.13321709632873535,1033.1416663093848,29.848001929411193,0.0,1034.6290322580646,30.120967741935484,1026.0,27.0,0.0,0.8877747728637546,19,19,19
1,20,12.351713381707668,29.20920044183731,0.10711896978318691,0.008020944893360138,1.0937058155921193,0.24378833174705505,0.24378833174705505,0.14197371703112263,0.12429446996526515,0.11551913991570473,0.07846140116453171,0.07846140116453171,0.05485113522482863,0.03661219320847218,0.12277522310614586,1017.1372668301082,30.71466475122241,0.0,1016.0510638297873,30.842553191489362,1025.0,27.0,0.0,0.8482023763006769,20,20,20
1,21,13.694582127034664,33.20348062366247,0.12319253943860531,0.014352396130561829,0.13432366772163318,0.19438865780830383,0.19438865780830383,0.13426060908857515,0.13892669717013587,0.14406295120716095,0.07833614945411682,0.07833614945411682,0.03389461241958881,0.025333628927372117,0.15677805244922638,627.1389359513335,24.956057971819025,0.0,627.1129707112971,24.824267782426777,625.0,22.0,0.0,0.8489101890225372,21,21,21
1,22,27.984702467918396,57.40025685727596,0.13317477703094482,0.048355937004089355,0.691547987671996,0.33862408995628357,0.33862408995628357,0.18290655207789802,0.18164638245973405,0.175100177526474,0.07866280525922775,0.07866280525922775,0.08185297294662872,0.06364700734665724,0.226972296833992,447.1278920715625,30.508461116511945,0.0,447.67088607594934,30.936708860759495,441.0,19.0,0.0,0.6916172989976331,22,22,22
1,23,26.590720273554325,87.43438341468573,0.13151956722140312,0.0257226824760437,0.9814045158826045,0.4316270351409912,0.4316270351409912,0.18088925356159405,0.16782031365582672,0.17037606239318848,0.07940741628408432,0.07940741628408432,0.07000197466129794,0.04822375794591191,0.18696880340576172,538.7002669804073,33.477807001623326,0.0,538.8771593090211,32.51247600767754,551.0,30.0,0.0,0.6305180554463055,23,23,23
1,24,6.591530978679657,8.234565615653992,0.09139833599328995,0.01059337705373764,0.929846936307651,0.2311268001794815,0.2311268001794815,0.129245705464307,0.12109655317138224,0.09934640675783157,0.07825168967247009,0.07825168967247009,0.04818235377311089,0.04411679425495676,0.14390099048614502,1032.2880287514895,38.93194059378449,0.0,1032.8823529411766,39.64705882352941,1033.0,34.0,0.0,0.9176317041008749,24,24,24
1,25,16.563050262629986,36.52786488085985,0.11502506583929062,0.018457502126693726,0.9555890535905232,0.26801374554634094,0.26801374554634094,0.15195458956541272,0.13732280030398442,0.1334831863641739,0.07873035967350006,0.07873035967350006,0.04585666853079926,0.03470705922983503,0.15190757811069489,1216.514027098617,29.03166520602989,0.0,1216.8834586466166,28.150375939849624,1217.0,37.0,0.0,0.7896589828430006,25,25,25
1,26,16.389643661677837,23.978049993515015,0.14496955275535583,0.029632151126861572,0.44244395465554226,0.26038864254951477,0.26038864254951477,0.17072545480914414,0.1712717856679644,0.17404772341251373,0.0792858675122261,0.0792858675122261,0.04996863733842622,0.043988377634806695,0.20608611404895782,254.62390902480104,37.59814791369114,0.0,254.2,37.47142857142857,258.0,27.0,0.0,0.7249005111727479,26,26,26
1,27,12.377265445888042,12.470569543540478,0.16926848888397217,0.016921281814575195,0.3354818472203837,0.28243401646614075,0.28243401646614075,0.1847353051625081,0.18339072858147762,0.182237446308136,0.08324790000915527,0.08324790000915527,0.043609545362304485,0.04466489992082189,0.20181307196617126,274.38313495288065,38.06543840319911,0.0,274.3235294117647,37.73529411764706,282.0,39.0,0.0,0.8606447421739006,27,27,27
1,28,19.270311556756496,44.43234074115753,0.11432283371686935,0.01365014910697937,0.4320660293075851,0.22185784578323364,0.22185784578323364,0.12846874371170997,0.12916378122429514,0.13159851729869843,0.07959789782762527,0.07959789782762527,0.032333277703860866,0.02346753863138098,0.14271017909049988,641.0580182743754,45.23060059222298,0.0,641.1279069767442,45.656976744186046,634.0,34.0,0.0,0.7524871529555546,28,28,28
1,29,17.56829895079136,29.19592036306858,0.14410460740327835,0.0384380966424942,1.0951901886202413,0.3117741048336029,0.3117741048336029,0.19305823022847649,0.1895838984614843,0.20099663734436035,0.07995754480361938,0.07995754480361938,0.06769668342558004,0.05662572660259191,0.22717171907424927,292.04476960953315,38.92291523590107,0.0,292.23376623376623,37.84415584415584,286.0,44.0,0.0,0.7642783729924822,29,29,29
1,30,13.46661538630724,31.199694357812405,0.09171291440725327,0.02039966732263565,0.3364507565189041,0.2621743381023407,0.2621743381023407,0.1202376373777432,0.1181806604462591,0.11158321797847748,0.07888990640640259,0.07888990640640259,0.045138884557256,0.034077334592216985,0.13603384792804718,335.98945164620284,39.21939027289344,0.0,336.3181818181818,39.14772727272727,330.0,36.0,0.0,0.7006901202224728,30,30,30
1,31,11.935281574726105,28.068297296762466,0.09865666925907135,0.01221657544374466,0.579964115514005,0.1735564023256302,0.1735564023256302,0.11259699598798212,0.11227318918704987,0.1131739541888237,0.0793786346912384,0.0793786346912384,0.026822190415241972,0.019418453677874658,0.12310954928398132,872.6051122508117,41.19827271808708,0.0,872.656,41.776,864.0,35.0,0.0,0.8761840265551429,31,31,31
1,32,13.72820321470499,23.429762542247772,0.12092944234609604,0.010149568319320679,0.29460856581656625,0.22184236347675323,0.22184236347675323,0.1372820321470499,0.13312365080822597,0.12996937334537506,0.08009985089302063,0.08009985089302063,0.029684605967190327,0.024612929522407886,0.14011894166469574,617.6866292575933,42.47913485509986,0.0,617.3920454545455,42.48295454545455,617.0,36.0,0.0,0.7293548991505587,32,32,32
1,33,13.975121334195137,26.436405926942825,0.0967029556632042,0.01818736642599106,1.1143952448620038,0.17898793518543243,0.17898793518543243,0.11645934445162615,0.11594914880238082,0.11450507491827011,0.0782306119799614,0.0782306119799614,0.02480318492452588,0.02310274891667294,0.13470955193042755,596.9657046036593,42.61570511659047,0.0,596.3815789473684,41.666666666666664,598.0,35.0,0.0,0.7087536987046886,33,33,33
1,34,24.43742199242115,41.98027680069208,0.0981938298791647,0.021993327885866165,0.7523630956860093,0.2263227254152298,0.2263227254152298,0.1320941729320062,0.12606689729937562,0.11887143552303314,0.07943456619977951,0.07943456619977951,0.04067181293941712,0.034448720367890054,0.1477852426469326,1224.8106410074636,51.73705054241402,0.0,1225.5075075075074,51.453453453453456,1218.0,38.0,0.0,0.5952288304358989,34,34,34
1,35,15.998594768345356,50.78897339105606,0.12867316231131554,0.01652105152606964,0.7997612779831625,0.30955758690834045,0.30955758690834045,0.15532616279946948,0.14807280872028006,0.15222463011741638,0.07946174591779709,0.07946174591779709,0.052760525530294984,0.03382288669735591,0.16445571556687355,543.1820644893701,53.03830922802284,0.0,543.5539358600583,53.74635568513119,544.0,44.0,0.0,0.8327667265947564,35,35,35
1,36,13.767818622291088,42.300959676504135,0.10287114605307579,0.011524450033903122,0.3383476269033315,0.20058074593544006,0.20058074593544006,0.11767366343838537,0.1165315693567607,0.11590877175331116,0.07875622063875198,0.07875622063875198,0.029892456481238675,0.02126089796206131,0.1250527948141098,1200.4330056212564,53.80518808194121,0.0,1200.2561983471073,54.09366391184573,1198.0,47.0,0.0,0.800571717994703,36,36,36
1,37,13.29861107468605,27.049379758536816,0.09052788838744164,0.012647464871406555,1.1525799792970288,0.16785265505313873,0.16785265505313873,0.11564009630161783,0.10819751903414726,0.10089977085590363,0.07846847176551819,0.07846847176551819,0.025521000482233543,0.022464392946284682,0.1244794949889183,577.4142975099841,47.72281525902161,0.0,576.708,46.812,587.0,47.0,0.0,0.7157068698800525,37,37,37
1,38,8.374519312754273,8.374519312754273,0.03191082924604416,0.008536338806152344,3.9811601988178267,0.19476473331451416,0.19476473331451416,0.08130601274518712,0.08130601274518712,0.03799249045550823,0.02916274406015873,0.02916274406015873,0.05939263887927277,0.05939263887927277,0.14993174746632576,770.6545419249675,51.15034048657772,0.0,769.8446601941747,47.25242718446602,778.0,46.0,0.0,0.9005403122122561,38,38,38
1,39,12.206779450178146,25.09741149097681,0.08602583780884743,0.01186186820268631,1.0258918722349917,0.1853588968515396,0.1853588968515396,0.10344728347608599,0.10202199793080004,0.09733033925294876,0.07821033895015717,0.07821033895015717,0.025379914980235996,0.020217793618414474,0.11071440204977989,1242.73805849512,49.96881915160834,0.0,1243.4430894308944,49.22357723577236,1232.0,56.0,0.0,1.002661407653802,39,39,39
1,40,17.672029197216034,17.88889817893505,0.19828367605805397,0.012998804450035095,0.25586821888927413,0.2970162034034729,0.2970162034034729,0.2155125511855614,0.21552889372210904,0.21135764569044113,0.17053353786468506,0.17053353786468506,0.028441175244995467,0.028269711020943028,0.22222033888101578,278.00736877568886,51.86528119175583,0.0,277.9277108433735,52.10843373493976,284.0,45.0,0.0,0.8345950001772209,40,40,40
1,41,14.61416645348072,38.51192566752434,0.1067302767187357,0.029062476009130478,0.8271652202221069,0.1970096230506897,0.1970096230506897,0.14188511119884195,0.13608454299478565,0.14011824876070023,0.07866736501455307,0.07866736501455307,0.040236054181417305,0.031073191800113788,0.16256104037165642,983.0700962461095,45.760585554501525,0.0,983.0,44.936395759717314,987.0,55.0,0.0,0.8494013047811544,41,41,41
1,42,12.038941659033298,26.799202635884285,0.09731480292975903,0.021964728832244873,0.3538453114325437,0.2960427403450012,0.2960427403450012,0.12160547130336666,0.12464745412039202,0.11677560210227966,0.07219745218753815,0.07219745218753815,0.04736044668091434,0.038186285197461936,0.14166010916233063,335.92075144349076,52.36999222522683,0.0,336.09302325581393,52.67906976744186,328.0,49.0,0.0,0.693962699757051,42,42,42
1,43,7.560535948723555,7.560535948723555,0.026847124099731445,0.0049156248569488525,2.89331456414201,0.17585228383541107,0.17585228383541107,0.0787555827992037,0.0787555827992037,0.03158173710107803,0.024293644353747368,0.024293644353747368,0.0613409023018246,0.0613409023018246,0.1516452133655548,774.8066220921949,56.26649891089915,0.0,777.4791666666666,57.375,774.0,55.0,0.0,1.071308252257765,43,43,43
1,44,13.81998424232006,26.958654023706913,0.1225358359515667,0.01801156997680664,0.679096118698968,0.23514661192893982,0.23514661192893982,0.14395816919083396,0.14493900012745653,0.1518627107143402,0.0783526673913002,0.0783526673913002,0.04232724180094613,0.03312312916502891,0.16482986509799957,740.4130040515912,48.93713093845823,0.0,740.4193548387096,48.25806451612903,730.0,55.0,0.0,0.7507224490114016,44,44,44
1,45,14.904975421726704,20.606129974126816,0.1309772953391075,0.013481736183166504,0.8283837791699193,0.2931627035140991,0.2931627035140991,0.1713215565715713,0.1585086921086678,0.13913646340370178,0.11841046065092087,0.11385621130466461,0.053188106359358965,0.047640705451771445,0.16520095616579056,604.6959780465584,55.43210734989724,0.0,603.9,55.66153846153846,606.0,58.0,0.0,0.8161470658245817,45,45,45
1,46,18.466068349778652,22.25080818682909,0.16155272722244263,0.029214709997177124,1.277964861036926,0.273357093334198,0.273357093334198,0.20292382801954562,0.1918173119554232,0.1993442177772522,0.08227472007274628,0.08227472007274628,0.042032816561905516,0.04522183134947769,0.22381265461444855,258.11996245729534,54.16786783895864,0.0,257.17241379310343,53.310344827586206,255.0,60.0,0.0,0.7526712013810427,46,46,46
1,47,19.49115850776434,57.59889720380306,0.14414171874523163,0.013673007488250732,0.854877502102253,0.32859164476394653,0.32859164476394653,0.17881796796114072,0.15999693667723072,0.1582648605108261,0.07816758006811142,0.07816758006811142,0.05482481916045016,0.036722826575589486,0.1712004393339157,518.5173173786902,55.209540843516855,0.0,519.2194444444444,55.69722222222222,512.0,60.0,0.0,0.8362633505789497,47,47,47
1,48,19.923256419599056,35.02045301347971,0.1731751747429371,0.024770908057689667,0.6555831291470935,0.26178619265556335,0.26178619265556335,0.18795524924150053,0.1934831658203299,0.2050052359700203,0.07966616004705429,0.07966616004705429,0.048806123183036995,0.042083466255075204,0.22632931917905807,291.9452220999632,59.180645517088315,0.0,292.3204419889503,59.71823204419889,296.0,50.0,0.0,0.7830571456964787,48,48,48
1,49,13.661353193223476,27.070921771228313,0.10485256463289261,0.013715989887714386,0.9861116031455988,0.2866310179233551,0.2866310179233551,0.143803717823405,0.12890915129156338,0.118568554520607,0.07985907047986984,0.07985907047986984,0.0615717153648361,0.04461257263147149,0.13227161020040512,611.765156173253,64.2799039355895,0.0,611.9285714285714,65.25238095238095,612.0,57.0,0.0,0.8225369811631985,49,49,49
1,50,14.854381546378136,32.75070709735155,0.08625632897019386,0.02077910676598549,1.0066544718445387,0.19830557703971863,0.19830557703971863,0.11883505237102508,0.1125453852142665,0.10681973770260811,0.058344438672065735,0.058344438672065735,0.039883319364744714,0.03073541457264867,0.1298183612525463,966.5385017327892,65.84891961555533,0.0,965.5635738831616,66.09965635738831,971.0,66.0,0.0,0.8077024690091105,50,50,50
1,51,10.007810689508915,10.14099944382906,0.09447643160820007,0.05340927839279175,1.0979601779669141,0.2713169455528259,0.2713169455528259,0.1471736866104252,0.1469710064323052,0.14537456631660461,0.04118203744292259,0.04118203744292259,0.05988435521211362,0.05947231627394683,0.19885438680648804,725.1259655793369,61.597106464265806,0.0,724.0289855072464,61.55072463768116,725.0,71.0,0.0,0.6086955904078972,51,51,51
1,52,11.684573821723461,12.86986131221056,0.1420012190937996,0.01749253273010254,0.8612065877495279,0.2112533301115036,0.2112533301115036,0.16692248316747801,0.1629096368634248,0.1704348400235176,0.10956696420907974,0.10956696420907974,0.0242598370600569,0.025614205252581495,0.1829662248492241,977.1178425778344,64.96459581876842,0.0,977.1898734177215,65.82278481012658,979.0,57.0,0.0,0.8920199291707832,52,52,52
1,53,16.474234111607075,34.706280924379826,0.13194475322961807,0.012393712997436523,0.39628220935214026,0.18642625212669373,0.18642625212669373,0.14709137599649175,0.1434143839850406,0.14338712394237518,0.10234265774488449,0.09729841351509094,0.019651976293433352,0.018306924318774388,0.15598493069410324,990.5655798109386,66.93727703842796,0.0,990.8925619834711,67.16115702479338,984.0,68.0,0.0,0.8807600106169196,53,53,53
1,54,19.7718378379941,24.015335887670517,0.15616744384169579,0.046069443225860596,1.9438408133361047,0.3684335947036743,0.3684335947036743,0.24714797297492624,0.2287174846444811,0.2507263123989105,0.07979372143745422,0.07979372143745422,0.07719012381333963,0.0802107519220311,0.28844282776117325,249.316762955426,64.19804047134764,0.0,247.85714285714286,62.91428571428571,252.0,60.0,0.0,0.7025499392322015,54,54,54
1,55,14.916861414909363,24.801837369799614,0.15835921466350555,0.014797821640968323,0.24733556241427312,0.22730505466461182,0.22730505466461182,0.1754924872342278,0.17223498173471954,0.16828444600105286,0.08077223598957062,0.08077223598957062,0.030823841333828067,0.026833124026842563,0.18806424736976624,745.1519152259366,66.53574357769484,0.0,745.2222222222222,66.29861111111111,749.0,59.0,0.0,0.9034549798528376,55,55,55
1,56,7.747191205620766,7.8794113248586655,0.13120584189891815,0.01260596513748169,0.8496056474830775,0.21870222687721252,0.21870222687721252,0.1359156351863292,0.13585191939411492,0.14482608437538147,0.044089175760746,0.044089175760746,0.03886077639916145,0.03852731634807272,0.15724078565835953,759.84566967789,60.014298858586194,0.0,759.3965517241379,59.293103448275865,759.0,62.0,0.0,0.9764038690864755,56,56,56
1,57,9.297972820699215,12.090735226869583,0.1034352108836174,0.027353882789611816,1.2603881535899304,0.25756874680519104,0.25756874680519104,0.15496621367832025,0.14058994449848353,0.13195128738880157,0.07910989969968796,0.07910989969968796,0.04939718738024504,0.04727695082627459,0.15401966124773026,570.0302918833272,60.63004939726644,0.0,569.3488372093024,59.56976744186046,568.0,63.0,0.0,0.8084085476511994,57,57,57
1,58,16.41506765782833,25.009125642478466,0.09296005964279175,0.02951408177614212,1.106383856504718,0.28811296820640564,0.28811296820640564,0.12925250124274276,0.1275975798085636,0.11993280798196793,0.07165775448083878,0.07165775448083878,0.05200404158874239,0.04371689551907088,0.15207229554653168,507.1512497308406,61.55294313118912,0.0,506.6530612244898,62.54081632653061,513.0,63.0,0.0,0.6757796217398899,58,58,58
1,59,18.920047268271446,33.74050711095333,0.14834091812372208,0.037991002202034,0.7292161482273584,0.2851628065109253,0.2851628065109253,0.1768228716660883,0.18955341073569287,0.2019278109073639,0.078738734126091,0.078738734126091,0.06170309903881232,0.054860893091302404,0.235727459192276,86.6719806110206,63.02198385992397,0.0,86.01123595505618,62.71348314606742,84.0,76.0,0.0,0.6964718914772697,59,59,59
1,60,20.313466772437096,21.484572276473045,0.2249324917793274,0.024994656443595886,0.5098306846363451,0.39411765336990356,0.39411765336990356,0.26381125678489736,0.2620069789813786,0.2516159415245056,0.2067057490348816,0.2067057490348816,0.05042235882289547,0.04944462459723228,0.2753969132900238,270.34182767940405,68.03293263036895,0.0,270.3780487804878,67.52439024390245,273.0,73.0,0.0,0.8831655922927073,60,60,60
1,61,12.332740604877472,25.902014404535294,0.09080556780099869,0.01426319032907486,0.8133006623554075,0.2831897735595703,0.2831897735595703,0.12846604796747366,0.11563399287738971,0.10670395940542221,0.07849499583244324,0.07849499583244324,0.05786325830932951,0.04053361127480291,0.11997007578611374,564.9158304998217,69.39499533210541,0.0,564.3928571428571,70.01785714285714,567.0,64.0,0.0,0.7390934883798309,61,61,61
1,62,14.372215986251831,21.84324834495783,0.12330050766468048,0.03068123757839203,1.5205209135502644,0.2527272701263428,0.2527272701263428,0.17315922875002207,0.1560232024639845,0.14766333997249603,0.07855162024497986,0.07855162024497986,0.05030596947855801,0.04535101870051905,0.19570395350456238,234.57053599908778,68.0013198207427,0.0,233.65714285714284,66.78571428571429,242.0,70.0,0.0,0.7269636925728893,62,62,62
1,63,10.89942979067564,15.77269959449768,0.10617377050220966,0.01269829273223877,0.5058378916633599,0.16705764830112457,0.16705764830112457,0.12110477545195156,0.12040228698089833,0.12418325990438461,0.0802776888012886,0.0802776888012886,0.021988946583060175,0.019644330960604528,0.13431567326188087,1004.9866948617853,67.06188314649802,0.0,1005.4732824427481,66.92366412213741,998.0,70.0,0.0,0.798800416886904,63,63,63
1,64,12.961324501782656,18.538021195679903,0.10943815112113953,0.027355708181858063,1.577101837350169,0.2933272123336792,0.2933272123336792,0.15430148216407924,0.14482829059124924,0.13867102563381195,0.05085388943552971,0.05085388943552971,0.05600559153282776,0.04862171493022007,0.16531436145305634,735.0155797679673,73.03113900626875,0.0,735.359375,74.5703125,728.0,66.0,0.0,0.7461559644610692,64,64,64
1,65,13.838798731565475,29.828830756247044,0.1031497661024332,0.012678347527980804,0.7628369061314176,0.1892474889755249,0.1892474889755249,0.12139297132952172,0.11790051682311084,0.1185092180967331,0.0781516432762146,0.0781516432762146,0.029314209908987754,0.02183506973705821,0.13003448396921158,589.1421791994054,71.09101705176715,0.0,589.596837944664,71.70355731225297,578.0,69.0,0.0,0.7795745633256232,65,65,65
1,66,14.011585650965571,30.49861286394298,0.1297251470386982,0.021764345467090607,2.4318883631818213,0.2573713958263397,0.2573713958263397,0.12399633319438559,0.14733629402871004,0.16649942845106125,0.024493984878063202,0.024493984878063202,0.06791317674773509,0.058700054478516325,0.18332694098353386,755.1932131631792,70.72134391347831,0.0,757.487922705314,71.52657004830918,754.0,68.0,0.0,1.0844412187076753,66,66,66
1,67,16.47594203054905,27.46967300772667,0.12225427478551865,0.028767600655555725,1.0912626532895235,0.3333122730255127,0.3333122730255127,0.1615288434367554,0.16158631181015687,0.17341652512550354,0.06600359827280045,0.06600359827280045,0.05911000600997689,0.04846791269560154,0.1883561909198761,100.43443013405428,72.02050498965653,0.0,101.51764705882353,71.88823529411765,93.0,80.0,0.0,0.6945207428412592,67,67,67
1,68,19.031115919351578,27.82710538804531,0.17282525077462196,0.05039503425359726,1.41806911064837,0.3994659185409546,0.3994659185409546,0.22929055324519973,0.2262366291711001,0.23573756963014603,0.06539605557918549,0.06539605557918549,0.09344823825826724,0.08071912061994403,0.2665902152657509,279.32568044474226,74.73647291303368,0.0,280.2764227642276,75.78861788617886,272.0,75.0,0.0,0.8164896629599523,68,68,68
1,69,8.767843406647444,12.305904563516378,0.08271053433418274,0.007748253643512726,0.8166475718122861,0.14660701155662537,0.14660701155662537,0.09229308849102573,0.09322654972360893,0.08781348913908005,0.04645437002182007,0.04645437002182007,0.021148199410109036,0.018902152596773438,0.10319294035434723,1033.9506655410632,76.33745452535544,0.0,1034.2045454545455,77.11363636363636,1031.0,70.0,0.0,0.764748742965596,69,69,69
1,70,17.002063244581223,17.002063244581223,0.23203423246741295,0.04124182462692261,0.7359420145028156,0.3724821209907532,0.3724821209907532,0.2698740197552575,0.2698740197552575,0.27183428406715393,0.16421569883823395,0.16421569883823395,0.053832277866198285,0.053832277866198285,0.31214436888694763,261.2551157379542,80.19682457804265,0.0,261.7936507936508,80.6984126984127,267.0,81.0,0.0,0.8542072222511204,70,70,70
1,71,18.274798460304737,24.589710652828217,0.13694347441196442,0.03719593584537506,1.6555751734706015,0.26162704825401306,0.26162704825401306,0.184593923841462,0.17076187953352928,0.17685548961162567,0.07955791056156158,0.07955791056156158,0.04484799358553637,0.04428574674438439,0.20883065462112427,224.8512605804731,80.11407774572542,0.0,223.71527777777777,78.90972222222223,219.0,84.0,0.0,0.7168048023847446,71,71,71
1,72,14.34983417391777,24.80222611129284,0.13457687199115753,0.03333819657564163,0.8217153061226812,0.3069576025009155,0.3069576025009155,0.17715844659157742,0.1698782610362523,0.1539464145898819,0.08018042892217636,0.08018042892217636,0.06965959640532096,0.05677453246366426,0.20924914628267288,73.97854893312909,83.93762927440804,0.0,73.17808219178082,84.12328767123287,82.0,79.0,0.0,0.8699232900890032,72,72,72
1,73,20.71319618821144,20.71319618821144,0.23641566187143326,0.02546793967485428,0.5283661749967232,0.36331644654273987,0.36331644654273987,0.26219235681280306,0.26219235681280306,0.25220370292663574,0.19740848243236542,0.19740848243236542,0.03557312395423675,0.03557312395423675,0.28931886702775955,248.18332832596806,81.790599688081,0.0,247.68354430379748,81.9620253164557,256.0,74.0,0.0,0.8973344395483098,73,73,73
1,74,21.604549519717693,23.143820978701115,0.15358351916074753,0.04272916913032532,1.897366610938782,0.4158758819103241,0.4158758819103241,0.24832815539905395,0.23616143855817465,0.2589237689971924,0.10988803207874298,0.10988803207874298,0.06827267713788857,0.07288101092156953,0.2839527130126953,87.00740185496213,85.55893550820683,0.0,85.65306122448979,86.88775510204081,92.0,81.0,0.0,0.7588411064048,74,74,74
1,75,11.205747939646244,22.29194486141205,0.08489027991890907,0.012292608618736267,0.3755924701189674,0.1874740868806839,0.1874740868806839,0.10280502696923159,0.10225662780464242,0.09595908224582672,0.07094558328390121,0.07094558328390121,0.03042359539299716,0.023692017755162772,0.11240343004465103,614.433654108872,81.09626143927647,0.0,614.6788990825688,81.38073394495413,607.0,79.0,0.0,0.7109315058407953,75,75,75
1,76,12.067509412765503,22.340840131044388,0.10494053363800049,0.018008805811405182,0.9371570759554826,0.17142395675182343,0.17142395675182343,0.12189403447237881,0.12275186885189224,0.12294933944940567,0.062009431421756744,0.062009431421756744,0.028384127684225945,0.023675770474549034,0.14001654833555222,1006.925239614301,84.12770255162091,0.0,1007.8516483516484,84.26923076923077,996.0,88.0,0.0,0.825543218439234,76,76,76
1,77,14.199209429323673,24.86684925854206,0.11583060026168823,0.021890312433242798,1.1036542627351984,0.2555507719516754,0.2555507719516754,0.1463836023641616,0.1381491625474559,0.130501851439476,0.07921962440013885,0.07921962440013885,0.04614986430165874,0.036677971197933035,0.15954937040805817,211.56011046964647,93.88722692847607,0.0,210.72222222222223,94.60555555555555,220.0,90.0,0.0,0.7656546974866263,77,77,77
1,78,11.172478303313255,11.172478303313255,0.1744956076145172,0.037587448954582214,0.6658192514526992,0.30344364047050476,0.30344364047050476,0.21485535198679337,0.21485535198679337,0.21657903492450714,0.13512034714221954,0.13512034714221954,0.04462518161257683,0.04462518161257683,0.252156138420105,240.65123973827323,92.48511409250771,0.0,240.34615384615384,93.07692307692308,241.0,89.0,0.0,0.7966452141899174,78,78,78
1,79,14.85113525390625,18.49281732738018,0.18071098253130913,0.03294350206851959,1.3952491410000298,0.3250596821308136,0.3250596821308136,0.2216587351329291,0.2125611187055193,0.20376954227685928,0.0786966010928154,0.0786966010928154,0.05788306607852274,0.05435374153110845,0.2536049708724022,255.4608535872174,96.5838399643217,0.0,255.72413793103448,97.95402298850574,253.0,90.0,0.0,0.7862573780690855,79,79,79
1,80,14.454191207885742,16.575128115713596,0.09471575915813446,0.04476471245288849,1.4394800999752098,0.30928850173950195,0.30928850173950195,0.15711077399875806,0.1563691331671094,0.1335992068052292,0.05950673297047615,0.05950673297047615,0.0754627717961856,0.07144090925065587,0.23508793860673904,92.87691305095854,92.88693389135472,0.0,93.14150943396227,94.30188679245283,95.0,90.0,0.0,0.834747696608502,80,80,80
1,81,11.570926178246737,13.477184046059847,0.11843306571245193,0.0328294038772583,1.215226196046264,0.2661573886871338,0.2661573886871338,0.16297079124291178,0.16435590300072983,0.18271130323410034,0.04789523407816887,0.04789523407816887,0.060921374318812456,0.05732032863782173,0.20524536073207855,266.42549347961545,94.06994361691054,0.0,267.4024390243902,94.79268292682927,264.0,89.0,0.0,0.6587072251202506,81,81,81
1,82,26.213845148682594,66.16491214931011,0.14812231808900833,0.013158977031707764,0.7210370399809504,0.4117121994495392,0.4117121994495392,0.2064082295171858,0.17882408689002732,0.1584530919790268,0.11852142214775085,0.11604251712560654,0.07684779092977886,0.055002281484960495,0.18090372532606125,978.2431627630306,91.23810623469846,0.0,977.7162162162163,90.74594594594595,988.0,96.0,0.0,0.7460459900988629,82,82,82
1,83,23.988643415272236,33.375128611922264,0.13171381503343582,0.017695948481559753,2.757247775967263,0.43357789516448975,0.43357789516448975,0.18595847608738167,0.168561255615769,0.1459910124540329,0.07890184223651886,0.07890184223651886,0.09102031590458334,0.07780758596391202,0.16618237644433975,997.4423903578358,105.1660933172875,0.0,1000.0505050505051,106.06060606060606,986.0,106.0,0.0,0.8525401501753637,83,83,83
1,84,13.012498892843723,16.568413838744164,0.11547460407018661,0.03152809292078018,1.2715164378543846,0.2492244392633438,0.2492244392633438,0.1513081266609735,0.1479322664173586,0.14890563488006592,0.05729706585407257,0.05729706585407257,0.04728915808706469,0.04283163391597875,0.17462876439094543,223.7847235101536,103.33254380047039,0.0,223.34821428571428,104.52678571428571,220.0,99.0,0.0,0.714074864255526,84,84,84
1,85,10.512767814099789,20.889049477875233,0.09183851629495621,0.014094561338424683,0.6007189122786176,0.22897136211395264,0.22897136211395264,0.11812098667527852,0.11111196530784698,0.10633406043052673,0.07081588357686996,0.07081588357686996,0.04107841028983767,0.030018631106374476,0.11598657071590424,518.1442450487322,99.81980895506099,0.0,517.8563829787234,99.29255319148936,522.0,102.0,0.0,0.821541355971913,85,85,85
1,86,15.729364164173603,32.395607471466064,0.08850739151239395,0.010931864380836487,0.9876345817775503,0.22598613798618317,0.22598613798618317,0.11155577421399719,0.10416594042272047,0.0979408323764801,0.07905604690313339,0.07905604690313339,0.035403787830271344,0.025913205852374714,0.11098324507474899,532.9280739105594,109.25593230206923,0.0,533.7909967845659,109.73633440514469,522.0,109.0,0.0,0.7362966905709633,86,86,86
1,87,12.398957937955856,31.02400727570057,0.08800862729549408,0.005867980420589447,0.16510448408273795,0.14630228281021118,0.14630228281021118,0.09686685889028013,0.09604955812910393,0.09399893879890442,0.07822182774543762,0.07822182774543762,0.01670570663924323,0.012058220979473051,0.09986691921949387,680.8795971378547,101.59851929039375,0.0,680.953560371517,101.74613003095975,674.0,100.0,0.0,0.8046039007925406,87,87,87
1,88,17.819369561970234,37.83680322766304,0.1351260542869568,0.01564010977745056,1.447069523943384,0.43609869480133057,0.43609869480133057,0.21999221681444733,0.17356331755808735,0.15286636352539062,0.08962442725896835,0.08962442725896835,0.10886353528509149,0.07656150228103459,0.16756433993577957,981.3809302872575,111.37037568814574,0.0,980.6422018348624,112.61467889908256,985.0,106.0,0.0,0.8344481206334333,88,88,88
1,89,8.118339240550995,12.496462859213352,0.07991417869925499,0.005181945860385895,0.22699928255335575,0.15135222673416138,0.15135222673416138,0.08729397032850532,0.08800325957192502,0.08494170755147934,0.04583105444908142,0.04583105444908142,0.022013263139240482,0.01883387984832723,0.09509435296058655,1037.8383850856449,102.46778597622445,0.0,1038.0070422535211,102.61971830985915,1033.0,103.0,0.0,0.749236605555781,89,89,89
1,90,10.691389497369528,12.717802446335554,0.11009054258465767,0.026849638670682907,0.8664487022106799,0.19399960339069366,0.19399960339069366,0.13706909612012216,0.136750563939092,0.14339390397071838,0.061474669724702835,0.061474669724702835,0.038015836164741225,0.035447093469741585,0.16803620755672455,244.04311537030765,106.37083244025766,0.0,244.51612903225808,107.09677419354838,234.0,107.0,0.0,0.673701079540917,90,90,90
1,91,11.515442579984665,22.393514223396778,0.0879228375852108,0.020162120461463928,1.737250476988501,0.2251327782869339,0.22990195453166962,0.12654332505477653,0.12580625968200437,0.10392554849386215,0.07838902622461319,0.07838902622461319,0.04371282692765157,0.04664556228853812,0.16424430161714554,678.6810633458547,118.0735962068111,0.0,676.943820224719,118.07865168539325,684.0,115.0,0.0,0.8779110954930197,91,91,91
1,92,11.756796546280384,22.713548578321934,0.11632587388157845,0.013679556548595428,1.0996767837050645,0.24436548352241516,0.24436548352241516,0.15072816084974852,0.13682860589350562,0.12946553528308868,0.08092720806598663,0.08092720806598663,0.0415674975037225,0.03248744163831817,0.14505673944950104,1186.8278369001641,112.324602677896,0.0,1186.9759036144578,111.23493975903614,1189.0,121.0,0.0,0.8575072313145751,92,92,92
1,93,13.7791658192873,37.83795014023781,0.12088547646999359,0.012912541627883911,0.7562516752852443,0.2427254319190979,0.2427254319190979,0.1565814297646284,0.13962343225180002,0.1320723071694374,0.09443051367998123,0.09443051367998123,0.03879795860583188,0.027984074662551008,0.1498108059167862,1169.5567463918696,115.96605863885208,0.0,1168.80073800738,115.98523985239852,1179.0,119.0,0.0,0.9042007835401897,93,93,93
1,94,13.101661913096905,22.68940858542919,0.09600993618369102,0.011233419179916382,0.9449379832896284,0.2495603710412979,0.2495603710412979,0.11697912422407951,0.11288262977825468,0.10617758333683014,0.05848301202058792,0.05848301202058792,0.04161969645112411,0.032105101428109475,0.11962902545928955,1199.7301220701909,125.60014600234884,0.0,1200.5323383084576,126.09950248756219,1195.0,118.0,0.0,0.6964524031392823,94,94,94
1,95,6.906993106007576,6.906993106007576,0.16493189334869385,0.02687087655067444,0.3155578835943054,0.24129652976989746,0.24129652976989746,0.19186091961132157,0.19186091961132157,0.19138477742671967,0.1474011391401291,0.1474011391401291,0.029116062458327346,0.029116062458327346,0.22441740334033966,1178.7796804896602,123.76346834449666,0.0,1179.0555555555557,123.91666666666667,1177.0,121.0,0.0,0.9657118998912492,95,95,95
1,96,11.249515555799007,25.438305534422398,0.08606088161468506,0.008086740970611572,0.8328818606921897,0.20458844304084778,0.20458844304084778,0.10416218107221303,0.09936838099383749,0.09300711750984192,0.07876116782426834,0.07876116782426834,0.029594084500434124,0.022391057702046305,0.10364840924739838,519.3193513950742,128.09223321351772,0.0,519.76953125,128.79296875,513.0,121.0,0.0,0.7331904105162378,96,96,96
1,97,8.085160955786705,8.085160955786705,0.15174230188131332,0.027563974261283875,0.6955265165272828,0.24969656765460968,0.24969656765460968,0.1757643686040588,0.1757643686040588,0.16227170825004578,0.1203177198767662,0.1203177198767662,0.03577342335366586,0.03577342335366586,0.20798486471176147,1188.3967428796402,127.34814278379595,0.0,1188.4130434782608,128.04347826086956,1190.0,122.0,0.0,0.9439566193345031,97,97,97
1,98,16.739273242652416,43.44414661079645,0.11242506094276905,0.015767209231853485,1.1249639840610277,0.18349240720272064,0.18349240720272064,0.130775572208222,0.12891438163441082,0.12943626195192337,0.07828930020332336,0.07828930020332336,0.031634242672201496,0.025599868741032785,0.14330191910266876,1010.1912518390774,126.96551582231685,0.0,1011.2878338278932,127.21661721068249,1003.0,130.0,0.0,0.9154417421718666,98,98,98
1,99,10.055106945335865,20.24597942829132,0.11769210547208786,0.01524168998003006,0.932258544744695,0.23583871126174927,0.23583871126174927,0.1523501052323616,0.13679715829926567,0.12602071464061737,0.08398153632879257,0.08398153632879257,0.04103288109553337,0.031910139185892146,0.14964959025382996,1169.533877956142,131.43637440844626,0.0,1168.7094594594594,131.8716216216216,1176.0,127.0,0.0,0.8878373379767328,99,99,99
1,100,9.475493915379047,24.063563518226147,0.1018916592001915,0.030624553561210632,1.2770014044273807,0.22210143506526947,0.22210143506526947,0.11844367394223809,0.13221738196827554,0.12788477540016174,0.036764875054359436,0.036764875054359436,0.05448358304784587,0.04690122978992384,0.17174170911312103,687.2803181922405,126.82265982397772,0.0,687.2362637362637,128.0989010989011,687.0,120.0,0.0,1.0106403849118382,100,100,100
1,101,17.692314870655537,37.732488587498665,0.13608311116695404,0.013236045837402344,0.5018422400420426,0.19010324776172638,0.19010324776172638,0.15251995578151326,0.14973209756943914,0.15005895495414734,0.10425786674022675,0.10425786674022675,0.019282005149324842,0.01762639084601579,0.16158632934093475,995.0113863674335,132.2905526664745,0.0,995.063492063492,132.78968253968253,1002.0,134.0,0.0,0.9157643762392981,101,101,101
1,102,16.566145159304142,56.32305987179279,0.1046866923570633,0.014565765857696533,0.45126186814836355,0.21409562230110168,0.21409562230110168,0.13147734253415985,0.1229761132571895,0.11863455176353455,0.08031182736158371,0.08031182736158371,0.03610489242422969,0.02451116709815489,0.1339247152209282,945.8396163549419,128.20492083504942,0.0,945.3951965065502,128.12663755458516,948.0,123.0,0.0,0.8140115695636514,102,102,102
1,103,14.857467696070671,45.182983726263046,0.10941659100353718,0.010612394660711288,0.7131461694287686,0.18872664868831635,0.18872664868831635,0.12808161806957474,0.12178701813008908,0.11975731328129768,0.08067525923252106,0.08067525923252106,0.027816015090642174,0.01885567794552115,0.13054410740733147,1185.229573412083,145.8170916617906,0.0,1185.3315363881402,146.52291105121293,1188.0,134.0,0.0,0.8399619421469625,103,103,103
1,104,16.959674440324306,36.185372434556484,0.13150158897042274,0.01433098316192627,0.6203893708595359,0.17893441021442413,0.17893441021442413,0.14620409000279574,0.14649948354071451,0.14756153523921967,0.11925089359283447,0.11861703544855118,0.015707551149415137,0.01629065962330866,0.16161686182022095,982.8088389298703,139.3777042878731,0.0,983.080971659919,139.93522267206478,982.0,134.0,0.0,0.837666372190897,104,104,104
1,105,19.720447450876236,41.70785877108574,0.1386345624923706,0.011016279458999634,0.6247372817784378,0.18252688646316528,0.18252688646316528,0.1516957496221249,0.14842654366934427,0.1545337438583374,0.08881524950265884,0.08132586628198624,0.020578087962586873,0.02190285641756932,0.16461141780018806,960.3732126996457,139.1711052583813,0.0,960.6725978647687,138.62277580071174,954.0,151.0,0.0,0.8210442288322182,105,105,105
1,106,9.793726101517677,16.985741659998894,0.08331790752708912,0.007763136178255081,0.28433672734892745,0.15543809533119202,0.15543809533119202,0.0960169225638988,0.09489241150837371,0.08920109644532204,0.07625474035739899,0.07625474035739899,0.020312018122184767,0.01692824176756897,0.10014298930764198,1225.9568602339664,147.2459827545851,0.0,1225.804469273743,147.48603351955308,1225.0,154.0,0.0,0.7113275485167994,106,106,106
1,107,13.738053854554892,24.595355931669474,0.10342920571565628,0.028289414942264557,0.9127809478716029,0.2329452484846115,0.2329452484846115,0.1373805385455489,0.13223309640682512,0.12660068273544312,0.060588669031858444,0.060588669031858444,0.04441114877400858,0.036111571869605674,0.16219917684793472,314.22328211112097,147.34641365051962,0.0,314.8010752688172,146.63978494623655,306.0,147.0,0.0,0.7504605000620166,107,107,107
1,108,12.408359006047249,23.3460922986269,0.10514532588422298,0.02042427659034729,0.7528108809218459,0.19379781186580658,0.19379781186580658,0.1292537396463255,0.12898393535152983,0.13232694566249847,0.07881375402212143,0.07881375402212143,0.03436513044704183,0.028922107856629454,0.14997247233986855,367.8132332671445,156.22949164359798,0.0,367.44198895027625,155.5745856353591,365.0,149.0,0.0,0.7572399794189174,108,108,108
1,109,12.678972318768501,21.558394826948643,0.13139553368091583,0.03053281456232071,1.660940098013992,0.4093230664730072,0.4093230664730072,0.19810894248075783,0.17527150265811905,0.16989689320325851,0.07843427360057831,0.07843427360057831,0.08909139064981757,0.07194217171020943,0.19005953148007393,327.37780091845286,152.74138843162777,0.0,328.9918699186992,152.34959349593495,320.0,154.0,0.0,0.8008529039342773,109,109,109
1,110,10.195393577218056,12.225653983652592,0.09498433023691177,0.022715650498867035,0.8822033472471905,0.1779264360666275,0.1779264360666275,0.11994580679080065,0.11755436522742876,0.11506523191928864,0.07294175028800964,0.07294175028800964,0.028074503853084645,0.026618971401615513,0.14210878312587738,390.02591324817524,154.501682629252,0.0,390.7307692307692,153.97115384615384,393.0,160.0,0.0,0.7153289221053596,110,110,110
1,111,18.120288118720055,23.48952965438366,0.167469821870327,0.013331592082977295,1.3603815610157202,0.4245773255825043,0.4245773255825043,0.20591236498545518,0.19739100549902236,0.18087922036647797,0.1070588231086731,0.1070588231086731,0.07241826206218897,0.0643476859246027,0.19071442633867264,315.1030389657924,162.5282806335434,0.0,314.7142857142857,163.83193277310923,318.0,153.0,0.0,0.7580849800358819,111,111,111
1,112,14.515364617109299,37.33203971385956,0.10743711143732071,0.012065298855304718,0.7072931629463877,0.16903361678123474,0.20744988322257996,0.12301156455177371,0.12042593456083728,0.12065299600362778,0.07963097840547562,0.07963097840547562,0.025002966819261712,0.019894642319698733,0.13255441933870316,990.1143512418677,165.2492388127979,0.0,990.5774193548388,165.78387096774193,982.0,174.0,0.0,0.7295646235253961,112,112,112
1,113,15.770144365727901,24.90366405248642,0.12816379964351654,0.014762088656425476,1.153732316057191,0.18028587102890015,0.18028587102890015,0.14738452678250374,0.1414980912073092,0.14292588829994202,0.08451680839061737,0.08451680839061737,0.021289239295515912,0.020976300465140922,0.15701529383659363,969.7612946979266,165.3086704407123,0.0,970.1079545454545,166.4090909090909,967.0,149.0,0.0,0.7081640890175132,113,113,113
1,114,13.520270079374313,34.39985068887472,0.08513417840003967,0.008038200438022614,0.6964553882642892,0.20137833058834076,0.20137833058834076,0.11361571495272532,0.10238050800260334,0.0911891832947731,0.07825168967247009,0.07825168967247009,0.03935358220060134,0.027727682163801372,0.10665889829397202,1245.5389829587118,162.70842597070435,0.0,1246.205357142857,162.50595238095238,1247.0,168.0,0.0,0.8477202916033129,114,114,114
1,115,15.574002221226692,37.98605213314295,0.1204402819275856,0.01713050901889801,0.5303429045189227,0.298902690410614,0.298902690410614,0.1622291898044447,0.14610020051208827,0.13537044823169708,0.08164031058549881,0.08164031058549881,0.05947549352972167,0.042862702782541014,0.15454502403736115,933.4624249558898,156.60117655172255,0.0,933.3423076923077,156.08461538461538,930.0,166.0,0.0,0.8298245973773373,115,115,115
1,116,16.05207349359989,22.656171068549156,0.15272408723831177,0.0075481608510017395,0.1483921498728094,0.1893557608127594,0.1893557608127594,0.16052073493599892,0.16068206431595147,0.16250737011432648,0.12852777540683746,0.12852777540683746,0.015094177564809965,0.013443073106278155,0.16979888826608658,949.8353417816197,160.9620465633528,0.0,949.936170212766,161.0709219858156,954.0,172.0,0.0,0.8387153700005061,116,116,116
1,117,12.746917769312859,23.165560498833656,0.08862047642469406,0.017572671175003052,1.0733552116363279,0.21759186685085297,0.21759186685085297,0.11483709702083657,0.11191092028422056,0.10114933550357819,0.07817370444536209,0.07817370444536209,0.03431242212362093,0.029165230407700807,0.13468347489833832,302.29950291810263,166.1890802231956,0.0,302.24154589371983,167.2608695652174,301.0,161.0,0.0,0.7391722954580692,117,117,117
1,118,19.241450890898705,64.00069183856249,0.15328434109687805,0.023083627223968506,0.665136911825398,0.22431372106075287,0.24297282099723816,0.15771681058113693,0.17158362423207102,0.17398253083229065,0.08166004717350006,0.08166004717350006,0.04233893459365696,0.035144230162059205,0.19908372685313225,334.425468540898,171.89199816746708,0.0,333.7640750670241,171.96246648793564,345.0,172.0,0.0,0.8374657598109266,118,118,118
1,119,11.62940825521946,15.868589520454407,0.11118974350392818,0.015138506889343262,0.8292596724199445,0.21543750166893005,0.21543750166893005,0.13681656770846423,0.13334949176852443,0.13822104036808014,0.08209589123725891,0.08209589123725891,0.03161024505528014,0.02855094581371394,0.1506367176771164,395.9962622316917,169.69885152383634,0.0,396.8235294117647,169.7563025210084,393.0,161.0,0.0,0.8020678282538507,119,119,119
1,120,12.554102592170238,28.211514934897423,0.11185316741466522,0.013725869357585907,0.7067169964390997,0.296283096075058,0.296283096075058,0.1443000297950602,0.13182950904157675,0.12280578166246414,0.07893393188714981,0.07893393188714981,0.058120855965034524,0.04076728939505541,0.13900158554315567,929.9085212166608,175.39962248416813,0.0,929.5140186915888,175.98598130841123,929.0,166.0,0.0,0.8296588188321997,120,120,120
1,121,7.452315159142017,11.33323809504509,0.08710547536611557,0.010739095509052277,0.7693815872327526,0.20623011887073517,0.20623011887073517,0.12216910096954127,0.11111017740240284,0.09459610283374786,0.07896067947149277,0.07896067947149277,0.04033093939106744,0.03442625046186919,0.12778673321008682,1246.1161062181525,174.82692659295242,0.0,1246.450980392157,175.51960784313727,1247.0,169.0,0.0,0.8326343720873522,121,121,121
1,122,11.606996312737465,11.606996312737465,0.15474296361207962,0.0331338495016098,0.5927659692415261,0.26226016879081726,0.26226016879081726,0.18720961794737848,0.18720961794737848,0.18470007181167603,0.13562284409999847,0.13562284409999847,0.03557114426087013,0.03557114426087013,0.21975044161081314,378.22475843752267,167.88779106624764,0.0,378.758064516129,167.6290322580645,377.0,172.0,0.0,0.9204733692307058,122,122,122
1,123,14.05594900995493,39.50324699282646,0.09273894503712654,0.009396657347679138,0.4006475975954168,0.20538462698459625,0.20538462698459625,0.1089608450384103,0.10450594442546683,0.10101410746574402,0.07862785458564758,0.07862785458564758,0.02928073122211073,0.019757919956055022,0.11122999712824821,877.3626998204535,171.08730925304192,0.0,877.7328042328043,171.24074074074073,871.0,163.0,0.0,0.7567913213045607,123,123,123
1,124,5.753497622907162,11.233564101159573,0.08976860530674458,0.01175094023346901,0.8589783350219552,0.1970096230506897,0.1970096230506897,0.12785550273127025,0.11122340694217399,0.09887273982167244,0.07913772016763687,0.07913772016763687,0.04013506269506402,0.03160336041992736,0.120207654312253,1234.252919936576,172.43902906861308,0.0,1233.5049504950496,172.86138613861385,1240.0,173.0,0.0,0.9358969403213395,124,124,124
1,125,13.83655221760273,26.336938604712486,0.10909908823668957,0.03214780613780022,1.174358174033262,0.2675011157989502,0.2675011157989502,0.160890142065148,0.14879626330346038,0.15384232997894287,0.07855064421892166,0.07846333831548691,0.050210053660058346,0.044398970879622565,0.18012351170182228,368.54817392225976,172.52742216075544,0.0,367.50847457627117,173.07344632768363,376.0,172.0,0.0,0.8528107223595414,125,125,125
1,126,13.906805783510208,29.362898901104927,0.09701091051101685,0.020947784185409546,0.45692825189008207,0.2120552957057953,0.2120552957057953,0.12528653859018204,0.12033974959469232,0.12080838531255722,0.07862480729818344,0.07862480729818344,0.0355292022239995,0.027513906941163558,0.13457460701465607,686.210093155699,170.5347747532683,0.0,685.9549180327868,170.15573770491804,689.0,166.0,0.0,0.7548404450233811,126,126,126
1,127,16.130048610270023,37.55649860948324,0.11747228726744652,0.0092526376247406,0.7739914524642817,0.23757080733776093,0.23757080733776093,0.13221351319893462,0.12774319254926272,0.12521374225616455,0.0791001096367836,0.0791001096367836,0.03399162395225115,0.023655379190356835,0.13501284271478653,949.0018378524687,181.57578267113166,0.0,949.0680272108843,182.3469387755102,947.0,172.0,0.0,0.7534449483166327,127,127,127
1,128,11.677441082894802,11.677441082894802,0.1487506702542305,0.015264034271240234,0.5037228147049821,0.24754974246025085,0.24754974246025085,0.1668205868984972,0.1668205868984972,0.16301000118255615,0.11194893717765808,0.11194893717765808,0.024673869991655245,0.024673869991655245,0.18146201968193054,388.140388505609,180.6767393450295,0.0,388.51428571428573,181.0142857142857,389.0,175.0,0.0,0.8118701732091484,128,128,128
1,129,8.001738417893648,11.964847888797522,0.08409322611987591,0.009138543158769608,0.3456088184231543,0.12668396532535553,0.1267726719379425,0.09197400480337527,0.09421140069919308,0.09310625493526459,0.0619950033724308,0.0619950033724308,0.011811381163360593,0.011941540440075707,0.10267358459532261,1056.702381446524,177.4047067906771,0.0,1057.0314960629921,177.29921259842519,1052.0,176.0,0.0,0.9791859136927173,129,129,129
1,130,16.36445727944374,45.57243159413338,0.09629402309656143,0.014659211039543152,1.1080222887015154,0.16600123047828674,0.1921146959066391,0.10626270960677754,0.11115227218081311,0.10883314162492752,0.0782644972205162,0.0782644972205162,0.019386209355164497,0.0188932005213207,0.12616942077875137,60.38986325032537,182.03465352120466,0.0,61.392682926829266,181.56341463414634,54.0,176.0,0.0,1.0278704015628917,130,130,130
1,131,14.597542688250542,36.50617694109678,0.12474285811185837,0.011071428656578064,0.9088668403478309,0.1702243685722351,0.1703919619321823,0.13642563260047236,0.13323422241276198,0.13466453552246094,0.08222313970327377,0.08222313970327377,0.022306617062938686,0.018550802246312732,0.14594555646181107,705.0311800517085,178.65007052902848,0.0,705.4890510948906,177.86496350364965,702.0,194.0,0.0,0.9069514427025944,131,131,131
1,132,13.329842641949654,30.702865533530712,0.09054923802614212,0.013170510530471802,0.37757788090301747,0.20334185659885406,0.20334185659885406,0.10663874113559722,0.1055081289812052,0.10375022515654564,0.07841549068689346,0.07841549068689346,0.02593438426628972,0.0198733089353913,0.11621220968663692,862.4965265044815,182.51640648025426,0.0,862.2886597938144,182.8316151202749,857.0,177.0,0.0,0.7152370320577476,132,132,132
1,133,10.157542377710342,18.829664319753647,0.08982882648706436,0.012222319841384888,0.156373783210957,0.19449524581432343,0.19449524581432343,0.1047169317289726,0.10460924622085359,0.10264530032873154,0.0715213492512703,0.0715213492512703,0.02603244591506807,0.020199104216065383,0.11341997981071472,619.4386345939868,182.4512192078376,0.0,619.3055555555555,182.53333333333333,619.0,176.0,0.0,0.6661682376221623,133,133,133
1,134,6.494206227362156,12.83509687334299,0.08539215475320816,0.006970487534999847,0.44365657418879045,0.11663319170475006,0.11663319170475006,0.09277437467660223,0.09167926338102136,0.08800862729549408,0.05942390859127045,0.05942390859127045,0.012373812322704476,0.010578673984324364,0.09769316017627716,1052.609123688881,187.9284853892991,0.0,1052.9071428571428,188.25714285714287,1053.0,183.0,0.0,0.9790799629000765,134,134,134
1,135,12.142018347978592,13.789636954665184,0.15675580501556396,0.012336552143096924,0.41264431626529346,0.21074795722961426,0.21074795722961426,0.17101434292927595,0.1723704619333148,0.17579910159111023,0.13793900609016418,0.13793900609016418,0.018055389441472218,0.01756657277793788,0.1826208531856537,685.9714632170696,185.5817784737412,0.0,686.3625,185.45,686.0,192.0,0.0,0.9209757580380437,135,135,135
1,136,12.844443283975124,26.294432014226913,0.108033936470747,0.01937946304678917,0.25835856696041404,0.20276866853237152,0.20276866853237152,0.12592591454877572,0.12826552202061908,0.1312813088297844,0.07824049144983292,0.07824049144983292,0.03307600880120052,0.026840326677215684,0.14712828397750854,413.9856946326363,187.6706935199299,0.0,414.01951219512193,187.9268292682927,411.0,181.0,0.0,0.8317062310320127,136,136,136
1,137,13.319793112576008,33.12619085609913,0.10962051153182983,0.02991410344839096,1.5318159435914704,0.44431692361831665,0.6449463367462158,0.16860497610855707,0.1716382945911872,0.13427137583494186,0.08096441626548767,0.08096441626548767,0.0696097762486289,0.11549859666588082,0.17637881264090538,369.64710297920624,189.7201062819941,0.0,368.3523316062176,188.9015544041451,369.0,194.0,0.0,0.8412200179348909,137,137,137
1,138,14.251987658441067,29.10311333835125,0.11574751138687134,0.02019333839416504,1.266162071243355,0.27163854241371155,0.27163854241371155,0.16381595009702377,0.14336509033670566,0.13119889795780182,0.09510031342506409,0.09510031342506409,0.04303055934347231,0.035999634497127696,0.1591036580502987,717.2307263350809,187.69048133192402,0.0,718.1527093596059,186.82266009852216,713.0,194.0,0.0,0.843647993551874,138,138,138
1,139,12.11690553277731,15.02070926874876,0.09672347642481327,0.02135837823152542,1.4205173187323505,0.2971256971359253,0.2971256971359253,0.14424887539020606,0.1353217051238627,0.11622762680053711,0.07820256799459457,0.07820256799459457,0.06100775705430377,0.05561284616834012,0.1412474401295185,381.75725282983956,194.8856599479943,0.0,381.98198198198196,196.2882882882883,381.0,188.0,0.0,0.7193514710006191,139,139,139
1,140,9.68860824406147,10.96244203299284,0.08128823898732662,0.010015249252319336,0.7885684120409041,0.15468215942382812,0.15468215942382812,0.09592681429763832,0.09532558289558991,0.0889170914888382,0.07073906809091568,0.07073906809091568,0.020211819480093252,0.01910674268384035,0.1067600678652525,1243.3042552552492,190.5100204701715,0.0,1244.0782608695652,190.66086956521738,1234.0,190.0,0.0,0.78036298032977,140,140,140
1,141,12.64372369647026,20.68489971011877,0.10893413051962852,0.017905235290527344,0.7942431818989009,0.1931305080652237,0.1931305080652237,0.1317054551715652,0.12768456611184426,0.13007549941539764,0.0783245861530304,0.0783245861530304,0.026563989941021198,0.023398197945054128,0.14500970393419266,400.90790397055747,191.913871232343,0.0,401.141975308642,192.67283950617283,396.0,185.0,0.0,0.7873998695980551,141,141,141
1,142,9.125799641013145,14.596833996474743,0.1473313309252262,0.007678166031837463,0.2871115592782873,0.2198602706193924,0.2198602706193924,0.16296070787523473,0.15695520426316928,0.15290777385234833,0.12918800115585327,0.12485537678003311,0.019099266469332965,0.017376721372270375,0.16342473402619362,693.5498546034332,195.2602996989167,0.0,693.7956989247311,195.40860215053763,689.0,192.0,0.0,0.9515426549036985,142,142,142
1,143,9.822849698364735,18.068725772202015,0.09316753596067429,0.013704996556043625,0.39961017014854294,0.22276215255260468,0.22276215255260468,0.11834758672728596,0.11222811038634792,0.10480105504393578,0.08330941945314407,0.08223963528871536,0.03389295240869776,0.0277058615281457,0.12035245075821877,67.70374532103787,198.86128284621904,0.0,67.7080745341615,199.2608695652174,73.0,190.0,0.0,0.7761066132247282,143,143,143
1,144,16.87395991384983,40.94364670664072,0.10294128023087978,0.020931556820869446,1.2056449009379089,0.24084967374801636,0.24084967374801636,0.12783302965037752,0.1244487741843183,0.1177353784441948,0.078366219997406,0.078366219997406,0.03982736022821814,0.032062051280697196,0.14491206035017967,81.76339037568155,197.91808566866533,0.0,82.30699088145897,196.8419452887538,76.0,205.0,0.0,0.7457534569750001,144,144,144
1,145,5.581407397985458,6.513502664864063,0.07884309440851212,0.01594497263431549,0.42439070231735737,0.1520899385213852,0.1520899385213852,0.0979194280348326,0.09721645768453825,0.09145757928490639,0.06788629293441772,0.06788629293441772,0.02334757557738812,0.02194173836017856,0.11223740689456463,1233.1366238170704,194.92179092429382,0.0,1233.0149253731342,195.32835820895522,1233.0,191.0,0.0,0.8911373430441811,145,145,145
1,146,14.784331887960434,20.54185250401497,0.10062578320503235,0.03677692264318466,1.8992018626732294,0.26317039132118225,0.26317039132118225,0.15241579265938593,0.13879630070280385,0.1326480209827423,0.07816216349601746,0.07816216349601746,0.04698498264130909,0.044212536852418986,0.17499083280563354,674.4468041203256,192.5101792382309,0.0,673.1959459459459,191.0810810810811,679.0,203.0,0.0,0.770507476362403,146,146,146
1,147,9.081093199551105,21.78091847151518,0.09715098142623901,0.007050752639770508,0.30057852430604204,0.23564665019512177,0.23564665019512177,0.10559410697152448,0.10573261393939407,0.10454970598220825,0.07857626676559448,0.07857626676559448,0.022038288510873735,0.016146155489261346,0.11125244200229645,1037.9967369765789,192.4731793489352,0.0,1038.2961165048544,192.5,1028.0,192.0,0.0,0.9768581793665072,147,147,147
1,148,12.65863686054945,26.64843925088644,0.10807709395885468,0.01664073020219803,1.1341809981859794,0.27594706416130066,0.27594706416130066,0.1455015731097638,0.13062960417101196,0.12274599075317383,0.08089783787727356,0.08089783787727356,0.05130214373510029,0.037406873646952464,0.14115332067012787,722.3495332551987,198.20247076611597,0.0,723.4803921568628,198.2892156862745,714.0,195.0,0.0,0.8130722975431482,148,148,148
1,149,9.851693890988827,19.451028920710087,0.12128365784883499,0.035033322870731354,1.2326853482580091,0.41699081659317017,0.41699081659317017,0.2141672584997571,0.17682753564281897,0.15354536473751068,0.07913878560066223,0.07913878560066223,0.10843125659387275,0.0829108508733155,0.19911029934883118,47.68649323123611,197.83499486338755,0.0,46.872727272727275,196.9090909090909,51.0,203.0,0.0,0.8731980889009598,149,149,149
1,150,5.4426499381661415,9.116414621472359,0.09010488539934158,0.004775285720825195,0.06245619230179734,0.11831265687942505,0.11831265687942505,0.0954850866344937,0.09496265230700374,0.09488017112016678,0.06623214483261108,0.06623214483261108,0.010378942888521021,0.008730246336213535,0.09962417930364609,1049.4485066653242,201.10634150764932,0.0,1049.5104166666667,201.11458333333334,1044.0,201.0,0.0,0.9839112352229022,150,150,150
1,151,12.116730816662312,27.928172558546066,0.0970910731703043,0.007095634937286377,0.1506312381782414,0.18561053276062012,0.18561053276062012,0.1053628766666288,0.10619077018458581,0.10478442534804344,0.06281721591949463,0.06281721591949463,0.02576047782473737,0.017936193881377058,0.11145974323153496,458.5316112226401,204.97681726848063,0.0,458.6539923954373,205.06463878326997,454.0,201.0,0.0,0.7280286950971007,151,151,151
1,152,16.172214955091476,24.29886282235384,0.11180911958217621,0.03721563518047333,1.5519360714482457,0.3494918942451477,0.3494918942451477,0.1796912772787942,0.16199241881569226,0.1405361145734787,0.08059974014759064,0.08059974014759064,0.07877808850240567,0.07007410199843293,0.20572682470083237,657.855741775684,205.15193100762298,0.0,656.6,204.24,656.0,208.0,0.0,0.9555643761840587,152,152,152
1,153,16.464961633086205,30.140836410224438,0.09375989437103271,0.029616400599479675,1.0215426747742555,0.4028328061103821,0.4028328061103821,0.14968146939169277,0.13516070139114097,0.12397624924778938,0.07832859456539154,0.07832859456539154,0.08414354057848751,0.06314030124749015,0.1508483812212944,52.850164080381575,208.7678867247178,0.0,52.869955156950674,209.78923766816143,51.0,204.0,0.0,0.7464806207713699,153,153,153
1,154,13.455193664878607,14.677612718194723,0.05965299531817436,0.04845933988690376,2.1479714573966318,0.351614773273468,0.351614773273468,0.1401582673424855,0.1411308915211031,0.10581022500991821,0.04140225797891617,0.04140225797891617,0.09601419553775126,0.09274845510660132,0.22851809859275818,826.5666403624571,209.4353265805375,0.0,826.0288461538462,207.35576923076923,822.0,211.0,0.0,0.6820330421767834,154,154,154
1,155,19.725705467164516,29.870418667793274,0.15895800665020943,0.028521135449409485,1.1952381134293486,0.31825223565101624,0.31825223565101624,0.19725705467164517,0.1878642683509011,0.18708805739879608,0.07837139070034027,0.07837139070034027,0.05805562144413244,0.05207767133631231,0.21591788157820702,685.2668102394958,212.88768407924144,0.0,685.9937106918239,213.83647798742138,680.0,204.0,0.0,0.7748893331308891,155,155,155
1,156,19.92039030045271,45.042751647531986,0.1391373872756958,0.020396776497364044,0.7649034292749836,0.2331617921590805,0.2331617921590805,0.16328188770862875,0.15694338553147033,0.15943482518196106,0.07814982533454895,0.07814982533454895,0.038916066814191436,0.031794085489064317,0.1810659021139145,87.24618784983592,215.7663444529482,0.0,87.33797909407666,215.00696864111498,97.0,216.0,0.0,0.7960989171422816,156,156,156
1,157,11.889399334788322,25.667202308773994,0.08339188247919083,0.006097458302974701,0.2757226521236694,0.18414615094661713,0.18414615094661713,0.09666178320966116,0.09436471437049263,0.08926981687545776,0.06675608456134796,0.06675608456134796,0.026342420351714295,0.01920508828284979,0.09612206369638443,486.148728685961,206.22121383763,0.0,486.38235294117646,206.36764705882354,483.0,203.0,0.0,0.690548504662669,157,157,157
1,158,23.57017072290182,33.53134102374315,0.2292943373322487,0.05823194980621338,1.3398746267433221,0.42440253496170044,0.42440253496170044,0.30218167593463874,0.2841639069808742,0.3099258542060852,0.10952530801296234,0.10952530801296234,0.08962064818505178,0.0915994226391478,0.360678568482399,657.601993494675,214.53087049058416,0.0,656.2966101694915,214.22881355932202,663.0,220.0,0.0,0.9653742640863712,158,158,158
1,159,14.398059248924255,29.537433125078678,0.1122061237692833,0.017024368047714233,1.2983584361023022,0.18134430050849915,0.18134430050849915,0.1320922866873785,0.1295501452854328,0.13355566561222076,0.07879827916622162,0.07879827916622162,0.026277942208657448,0.024034395398832578,0.14933180809020996,699.9319145813361,209.401823177028,0.0,699.8464912280701,210.69736842105263,708.0,215.0,0.0,0.8038489948077808,159,159,159
1,160,10.267301186919212,12.822098806500435,0.08617948740720749,0.02303513139486313,0.9338059079436207,0.20995807647705078,0.20995807647705078,0.1128274855705408,0.11247455093421434,0.10653212666511536,0.06831372529268265,0.06831372529268265,0.03384408552794866,0.03126624371765428,0.13252872973680496,714.6465276567087,213.55293062889453,0.0,715.1315789473684,214.35087719298247,709.0,216.0,0.0,0.6946659466830484,160,160,160
1,161,17.5854597017169,23.67046246677637,0.1188262291252613,0.03649893403053284,2.4328528448330666,0.40582412481307983,0.40582412481307983,0.19983476933769204,0.1766452422893759,0.14836788177490234,0.07950953394174576,0.07950953394174576,0.0922647268640143,0.08182758493475656,0.24233776330947876,820.0076662335595,221.09861142263753,0.0,818.6641791044776,223.12686567164178,822.0,212.0,0.0,0.7737552108420193,161,161,161
1,162,16.803287640213966,25.559155486524105,0.10824594274163246,0.04583737999200821,1.8957856511034508,0.28118154406547546,0.28118154406547546,0.17687671200225227,0.1577725647316303,0.14331550896167755,0.07885386049747467,0.07885386049747467,0.06461802346487179,0.05689928589150303,0.20882832258939743,104.05976219772775,215.69194755735342,0.0,105.75308641975309,214.8395061728395,98.0,217.0,0.0,0.727365300366807,162,162,162
1,163,15.680401921272278,22.020306512713432,0.10552141442894936,0.03951576352119446,1.946260620624675,0.3228273391723633,0.3228273391723633,0.17043915131817694,0.15956743849792343,0.13412092626094818,0.06688962131738663,0.06688962131738663,0.07778390687311612,0.06837926223962446,0.20773866772651672,834.0772352492239,219.27046342788435,0.0,835.8405797101449,220.09420289855072,824.0,223.0,0.0,0.7495480992770287,163,163,163
1,164,23.81264726817608,31.959954880177975,0.09885074757039547,0.06649725139141083,1.8107323266265773,0.4004523754119873,0.4004523754119873,0.18603630678262562,0.17657433635457445,0.16936412453651428,0.05335342884063721,0.05335342884063721,0.10248288031764687,0.0900203339516192,0.22600558400154114,667.0426568968212,219.88470141477873,0.0,666.5801104972376,221.6353591160221,664.0,221.0,0.0,0.8227506897419278,164,164,164
1,165,8.212878532707691,10.731866881251335,0.08985457010567188,0.03601768612861633,1.364779002695237,0.2814059853553772,0.2814059853553772,0.16425757065415383,0.14701187508563474,0.11644438281655312,0.07980010658502579,0.07980010658502579,0.07305905438535634,0.06683099887006982,0.20754019916057587,261.99689052701564,226.69598201630248,0.0,261.82191780821915,225.34246575342465,260.0,230.0,0.0,0.8225766176029672,165,165,165
1,166,17.202059119939804,41.31993439048529,0.1189710758626461,0.024083666503429413,0.8771482796607213,0.2545021176338196,0.2545021176338196,0.1563823556358164,0.14704602985937826,0.1376703754067421,0.08145098388195038,0.08145098388195038,0.046515558465704376,0.037863960981474536,0.17000849917531013,94.75412239381191,233.1083598929658,0.0,95.32740213523131,233.77224199288256,97.0,226.0,0.0,0.8510359265654265,166,166,166
1,167,21.75338973850012,52.7673267275095,0.14223506301641464,0.049020975828170776,0.6867170134691551,0.32425662875175476,0.32425662875175476,0.18592640802136853,0.19543454343522038,0.20277640223503113,0.07852151989936829,0.07852151989936829,0.07693026773205522,0.06411535862573499,0.24720154702663422,59.26878961726252,232.10026087522516,0.0,59.94814814814815,232.0,51.0,232.0,0.0,0.9012653191442723,167,167,167
1,168,12.045426778495312,15.676247350871563,0.09540682286024094,0.020460300147533417,0.974405647366915,0.3096303939819336,0.3096303939819336,0.1433979378392299,0.13284955382094546,0.11466947197914124,0.0783807560801506,0.0783526673913002,0.06404705253588472,0.05722697940246801,0.13573118299245834,262.1975203334322,236.07664097174364,0.0,262.06779661016947,237.04237288135593,265.0,234.0,0.0,0.7838837205514522,168,168,168
1,169,15.122418269515038,34.69215529412031,0.1595119833946228,0.04041188955307007,0.6406731176894825,0.3052666485309601,0.3052666485309601,0.1914230160698106,0.19489974884337255,0.19344502687454224,0.08351311087608337,0.08351311087608337,0.0638372841950907,0.052869147770949296,0.23732664436101913,40.49946469680033,232.10686177827284,0.0,40.2247191011236,231.52808988764045,50.0,232.0,0.0,0.9110579789866826,169,169,169
1,170,7.4436561316251755,8.425636984407902,0.09199784323573112,0.029079675674438477,0.8519122811944456,0.23175214231014252,0.23175214231014252,0.135339202393185,0.12962518437550619,0.11248039454221725,0.07864367961883545,0.07864367961883545,0.04765768323064896,0.045946425030721626,0.15410767868161201,550.0277429307332,237.32202653738972,0.0,549.1846153846154,237.2,553.0,242.0,0.0,0.8123118493232979,170,170,170
1,171,13.072152227163315,21.437333203852177,0.08587520569562912,0.010035090148448944,0.5567685973075344,0.22516340017318726,0.22516340017318726,0.11269096747554581,0.10508496668554988,0.09305894374847412,0.07820568978786469,0.07820568978786469,0.04016719339746395,0.03226699796439267,0.10918208211660385,558.3772490123526,234.4137483691282,0.0,558.7892156862745,234.0392156862745,555.0,243.0,0.0,0.736396591946014,171,171,171
1,172,17.94166998565197,43.86706568300724,0.13008221238851547,0.012494519352912903,1.0370720795661748,0.314846396446228,0.314846396446228,0.16163666653740513,0.14920770640478653,0.1462373286485672,0.08049127459526062,0.08049127459526062,0.06018632735499695,0.04008806061126475,0.1568928137421608,116.79258959759841,241.30334187346102,0.0,117.51700680272108,240.5612244897959,107.0,247.0,0.0,0.808667797784784,172,172,172
1,173,14.199362739920616,23.90458643436432,0.10211160778999329,0.03148074448108673,1.36416400456228,0.2344098538160324,0.2344098538160324,0.1448914565298022,0.13817680019863768,0.12896188348531723,0.0782761424779892,0.0782761424779892,0.05012602049737949,0.04411377947986301,0.17170845344662666,241.63624448360753,246.25660321147302,0.0,241.73410404624278,244.89595375722544,237.0,250.0,0.0,0.7843172191782919,173,173,173
1,174,21.746474243700504,28.90597277879715,0.16144657135009766,0.04444208741188049,1.8355161728009226,0.37846940755844116,0.37846940755844116,0.22419045612062374,0.2094635708608489,0.20318391919136047,0.0824049785733223,0.0824049785733223,0.07366210404377525,0.06736449727622301,0.24826490134000778,39.72019029561649,245.80702981947965,0.0,38.0,245.16666666666666,51.0,250.0,0.0,0.8019307512035451,174,174,174
1,175,18.15777924656868,24.197636492550373,0.10430481284856796,0.04704791679978371,1.5695445556071828,0.23589323461055756,0.23589323461055756,0.151314827054739,0.1502958788357166,0.1629072055220604,0.06623214483261108,0.06623214483261108,0.05169008111995833,0.047870543798562204,0.18569337204098701,219.76993157801945,252.62332308994894,0.0,219.16770186335404,251.17391304347825,224.0,254.0,0.0,0.68609940704827,175,175,175
1,176,12.526620037853718,28.933445140719414,0.10450306721031666,0.0151175856590271,0.5415299153935456,0.19525180757045746,0.19525180757045746,0.12281000037111488,0.1220820470072549,0.12467356771230698,0.07854974269866943,0.07854974269866943,0.027810712355771917,0.02461432518108008,0.13608835265040398,272.3610650457713,248.89411978597713,0.0,272.3164556962025,248.35443037974684,268.0,253.0,0.0,0.8621179558647472,176,176,176
1,177,13.984827257692814,33.935713082551956,0.097749724984169,0.01369459182024002,0.2316186361733371,0.18110978603363037,0.18110978603363037,0.11654022714744011,0.1146476793329458,0.1136334016919136,0.0795116126537323,0.07922983914613724,0.02567824640259349,0.021793730596268115,0.12601561844348907,472.094031040846,243.8308445938481,0.0,471.93581081081084,244.0,474.0,237.0,0.0,0.8064102103632245,177,177,177
1,178,15.153894059360027,33.91153545677662,0.11320311576128006,0.015255451202392578,0.977052329660316,0.24156813323497772,0.24156813323497772,0.15306963696323259,0.13456958514593897,0.1282784789800644,0.07849646359682083,0.07849646359682083,0.04500375324979085,0.033900441208266595,0.14450980722904205,490.99456557001287,246.49564122804773,0.0,491.734126984127,245.85714285714286,491.0,253.0,0.0,0.8703366851106968,178,178,178
1,179,13.322253182530403,18.992398887872696,0.1328858882188797,0.04472898691892624,1.7690522125406654,0.3198901414871216,0.3198901414871216,0.22203755304217337,0.1918424130088151,0.16844479739665985,0.11551278829574585,0.11551278829574585,0.07153274255280352,0.06812432812131221,0.2683398351073265,101.25012372874451,248.25787106552113,0.0,99.57575757575758,247.68686868686868,108.0,248.0,0.0,0.9262959150277975,179,179,179
1,180,9.253002904355526,17.969975747168064,0.12807467579841614,0.008981466293334961,0.6954008995897234,0.2612379491329193,0.2612379491329193,0.16523219472063438,0.14491915925135535,0.13706256449222565,0.08106503635644913,0.08106503635644913,0.046287258269622024,0.03827002934605225,0.14595088362693787,485.4528078114125,258.54151528836513,0.0,485.05645161290323,259.11290322580646,490.0,254.0,0.0,0.9081311352912711,180,180,180
1,181,16.390854746103287,39.09143202006817,0.12685677409172058,0.02485257387161255,1.1225636248068982,0.31975483894348145,0.31975483894348145,0.17073807027190924,0.1576267420164039,0.16057808697223663,0.0786462053656578,0.0786462053656578,0.05328879408919035,0.04125325840106463,0.18271535634994507,32.13288112055997,258.00146209000144,0.0,31.024193548387096,258.1774193548387,39.0,254.0,0.0,0.8107921122105698,181,181,181
1,182,19.919535130262375,24.98905685544014,0.210235096514225,0.040212661027908325,0.24912090545591697,0.43185287714004517,0.43185287714004517,0.26559380173683167,0.2549903760759198,0.2500266134738922,0.13452880084514618,0.13452880084514618,0.07029378157465081,0.06523612979838664,0.28974901139736176,56.7714483194111,253.38900252786542,0.0,57.02040816326531,253.39795918367346,51.0,252.0,0.0,0.7638298193248498,182,182,182
1,183,21.537615977227688,57.18708609044552,0.1387893706560135,0.012820959091186523,0.8000046401042107,0.3176151514053345,0.3176151514053345,0.1709334601367277,0.15624886909957791,0.15430742502212524,0.08062202483415604,0.08062202483415604,0.05392760192388383,0.036497206601645064,0.1651483029127121,106.92370767992786,260.316128891182,0.0,106.24043715846994,260.73224043715845,108.0,253.0,0.0,0.8241361373793156,183,183,183
1,184,14.713928431272507,17.394507110118866,0.2128824144601822,0.007306292653083801,0.03153276415262958,0.2436363697052002,0.2436363697052002,0.2163813004598898,0.21743133887648583,0.21921391785144806,0.17876935005187988,0.17876935005187988,0.013759482128186427,0.013547733238951885,0.2268369048833847,226.57144353224385,258.9491267668682,0.0,226.6,258.9625,224.0,265.0,0.0,1.017524006385472,184,184,184
1,185,15.807006850838661,33.04188050329685,0.1539997085928917,0.03729341924190521,1.1190933869153075,0.3312017321586609,0.3312017321586609,0.20528580325764495,0.19551408581832458,0.21027906239032745,0.07821153104305267,0.07821153104305267,0.07102753612916995,0.05868571893978609,0.2375660426914692,71.39398632719939,251.97638811620385,0.0,71.94082840236686,251.0,75.0,258.0,0.0,0.8341094362041088,185,185,185
1,186,9.915238723158836,15.043079130351543,0.14442647993564606,0.03322473168373108,0.4107750087449045,0.24793213605880737,0.24793213605880737,0.19441644555213405,0.1790842753613279,0.18294021487236023,0.10572648793458939,0.10572648793458939,0.037418949045886815,0.038637019434705516,0.21318098902702332,241.49866042678036,258.64467275692965,0.0,241.85714285714286,258.8452380952381,240.0,263.0,0.0,0.9495239836812948,186,186,186
1,187,13.788522362709045,35.04084154218435,0.09804625064134598,0.016240298748016357,0.8724310962250039,0.23631292581558228,0.24363300204277039,0.1288646949785892,0.12166958868814011,0.11524569988250732,0.0783807560801506,0.0783807560801506,0.03774269087500459,0.03361622105512899,0.13132578134536743,261.48805911548584,262.8339765926993,0.0,262.11805555555554,263.4375,251.0,258.0,0.0,0.8022935135557108,187,187,187
1,188,12.127363994717598,14.853653997182846,0.0968321431428194,0.02978099137544632,1.3658874276464072,0.2986539304256439,0.2986539304256439,0.14789468286240973,0.1414633714017414,0.12001281976699829,0.06721145659685135,0.06721145659685135,0.06986240126979136,0.06349167099298131,0.16237841546535492,74.22089646595151,265.6925396415283,0.0,74.88571428571429,266.8857142857143,74.0,261.0,0.0,0.768017543235865,188,188,188
1,189,13.175763100385666,36.14521054178476,0.11328159272670746,0.009629033505916595,0.3130629305027246,0.19904360175132751,0.19904360175132751,0.13175763100385665,0.12378496760885192,0.12291062623262405,0.07866280525922775,0.07866280525922775,0.025712612280008547,0.018931180135592744,0.13250507414340973,283.10937926067936,264.0971526677655,0.0,283.06849315068496,264.4075342465753,280.0,262.0,0.0,0.8119935027355324,189,189,189
1,190,11.162465162575245,13.157171167433262,0.10553466342389584,0.03389272093772888,1.271462123242636,0.2815004289150238,0.2815004289150238,0.15503423836910063,0.1478333839037445,0.13644959777593613,0.07834143191576004,0.07834143191576004,0.055532074428351695,0.05231534835620323,0.1736721470952034,451.0888460884956,260.2653661317483,0.0,451.40449438202245,259.03370786516854,448.0,266.0,0.0,0.7398498695867046,190,190,190
1,191,12.850870959460735,24.506634689867496,0.09608639031648636,0.017172489315271378,1.1892998976999143,0.21216975152492523,0.21216975152492523,0.1311313363210279,0.11954455946276828,0.11103910952806473,0.07874781638383865,0.07874781638383865,0.03947740531449137,0.031237176098096835,0.13493900746107101,299.9400108766478,258.9961399148249,0.0,300.81463414634146,258.190243902439,293.0,265.0,0.0,0.7910185750445062,191,191,191
1,192,12.051632553339005,16.68008006364107,0.10050188191235065,0.028650879859924316,1.4016081077888833,0.27494001388549805,0.27494001388549805,0.14520039220890366,0.13561040702147212,0.12352503463625908,0.07930649071931839,0.07930649071931839,0.05516026476112399,0.047896091725801365,0.15867694839835167,441.806399770912,268.7773980673016,0.0,440.6178861788618,269.520325203252,447.0,266.0,0.0,0.731919657404743,192,192,192
1,193,10.400671370327473,21.440016858279705,0.12242988869547844,0.01486608013510704,0.606858657498261,0.21327842772006989,0.21327842772006989,0.1529510495636393,0.14198686661112386,0.13585182279348373,0.10983606427907944,0.10976685583591461,0.030309431803063745,0.025128559573944314,0.15191497653722763,500.9893280170647,261.3415571790374,0.0,501.47682119205297,260.9801324503311,500.0,270.0,0.0,0.911226302533612,193,193,193
1,194,17.071655981242657,28.516319625079632,0.16442979127168655,0.0290411114692688,0.5088460266435927,0.2517704963684082,0.2517704963684082,0.18968506645825173,0.18884979884158695,0.19085896015167236,0.09176110476255417,0.0893147736787796,0.04220783821429998,0.04119637882931374,0.22229449450969696,229.70012064634665,269.0504977451076,0.0,230.19867549668874,269.1523178807947,228.0,271.0,0.0,0.9275910678185632,194,194,194
1,195,15.764856569468975,36.71010886877775,0.13469219580292702,0.010231845080852509,0.4545558674500107,0.1904987245798111,0.1904987245798111,0.14733510812587827,0.14509924454062353,0.14585785567760468,0.09141197800636292,0.09141197800636292,0.02004845888607309,0.01618517325613403,0.1549714393913746,468.62896990692775,266.3788644119614,0.0,468.6521739130435,265.92490118577075,458.0,261.0,0.0,0.8830725058788528,195,195,195
1,196,26.19058259576559,48.066565692424774,0.12121915817260742,0.039403170347213745,1.7571957738657835,0.3251754939556122,0.3251754939556122,0.18315092724311602,0.16689779754314157,0.16483929753303528,0.07830426841974258,0.07830426841974258,0.061727934057242924,0.054456878517869046,0.20424246788024902,52.91475538794518,274.08055222106066,0.0,52.71527777777778,275.8263888888889,56.0,263.0,0.0,0.6962061668875044,196,196,196
1,197,18.150827631354332,42.12703167647123,0.1509847454726696,0.020036958158016205,1.1146161445841147,0.25869154930114746,0.25869154930114746,0.17452718876302242,0.17194706806722954,0.17617062479257584,0.07852152734994888,0.07852152734994888,0.04285102268851155,0.03564105197016055,0.1936791092157364,209.66558473677856,269.42802151853607,0.0,208.84897959183672,268.66938775510204,207.0,277.0,0.0,0.860840554862824,197,197,197
1,198,11.590831860899925,17.103376507759094,0.14638203755021095,0.011894382536411285,0.25230772078803554,0.21967212855815887,0.21967212855815887,0.167983070447825,0.16288930007389613,0.15639392286539078,0.13675770163536072,0.13675770163536072,0.022961535653103642,0.020281408057715344,0.17906035855412483,491.2634415839352,269.90243746875774,0.0,491.0761904761905,269.73333333333335,500.0,271.0,0.0,0.880975171477564,198,198,198
1,199,11.608200006186962,16.71624305844307,0.08833672106266022,0.012313105165958405,0.719166532899813,0.20462068915367126,0.20462068915367126,0.112700970933854,0.10715540422078891,0.0981871709227562,0.07849333435297012,0.07849333435297012,0.030534338324435074,0.026921323175471162,0.12032252550125122,301.9565707585979,275.2908309386739,0.0,302.62179487179486,275.56410256410254,303.0,270.0,0.0,0.7091800471845277,199,199,199
1,200,9.228322960436344,20.97700985521078,0.10772912576794624,0.018768981099128723,0.5503516723958254,0.16162553429603577,0.16162553429603577,0.13183318514909062,0.12636752924825773,0.12950469553470612,0.07858381420373917,0.07858381420373917,0.02372553670217836,0.021325052877114656,0.14554912596940994,23.482758777311076,268.79874412281123,0.0,23.704819277108435,268.2951807228916,16.0,271.0,0.0,0.946912926108527,200,200,200
1,201,11.672977365553379,18.892549492418766,0.08707931637763977,0.011405520141124725,0.24111025615574946,0.13246428966522217,0.13246428966522217,0.09809224676935613,0.09839869527301441,0.09840325266122818,0.07822989672422409,0.07822989672422409,0.014659153669297117,0.01288422056230097,0.10997474938631058,868.4372388804856,276.9976140659201,0.0,868.2083333333334,276.921875,857.0,275.0,0.0,0.737909375064646,201,201,201
1,202,14.098294891417027,29.834814213216305,0.1373688131570816,0.01458171010017395,0.6062884807919464,0.19159556925296783,0.19159556925296783,0.15159456872491425,0.14917407106608152,0.1571936309337616,0.07905156910419464,0.07905156910419464,0.030764679604947606,0.02636606621845774,0.16958850622177124,452.96999064903736,281.4820786200654,0.0,452.47,281.825,449.0,273.0,0.0,0.9191397354240133,202,202,202
1,203,15.946177199482918,27.04715758562088,0.12574562430381775,0.02896261215209961,1.0936370723509963,0.2661573588848114,0.2661573588848114,0.16271609387227468,0.15725091619547024,0.15712641179561615,0.08152568340301514,0.08152568340301514,0.05341804507345462,0.04368969537057462,0.1834573596715927,201.15956826099696,285.34007845043504,0.0,200.19767441860466,285.86046511627904,203.0,278.0,0.0,0.8416544830203792,203,203,203
1,204,16.77437222748995,25.83652287721634,0.1435047872364521,0.027029193937778473,1.524218039028242,0.28997689485549927,0.28997689485549927,0.18233013290749944,0.1733994823974251,0.17193493247032166,0.08699307590723038,0.08699307590723038,0.04504092263402147,0.042769774672923803,0.19729597121477127,239.05574937406988,275.3655330258267,0.0,240.1208053691275,274.2751677852349,237.0,282.0,0.0,0.7935824340967645,204,204,204
1,205,11.740525998175144,16.27685486525297,0.10261490009725094,0.021596767008304596,0.571886671412294,0.19903434813022614,0.19903434813022614,0.12229714581432442,0.12238236740791708,0.11791165918111801,0.07864367961883545,0.07864367961883545,0.03201353965219609,0.02830273565236456,0.14326786249876022,508.3338241570464,272.6017705719069,0.0,508.7894736842105,272.94736842105266,509.0,267.0,0.0,0.703868221271524,205,205,205
1,206,13.958719670772552,26.038488820195198,0.09272805973887444,0.029157862067222595,1.2905153784587664,0.21721763908863068,0.21721763908863068,0.12463142563189779,0.12224642638589295,0.11965586245059967,0.07821249961853027,0.07821249961853027,0.03777444216809101,0.034042607158569944,0.14910593628883362,256.2611098485307,280.28374986484664,0.0,257.037558685446,281.3145539906103,254.0,273.0,0.0,0.6956916132335303,206,206,206
1,207,13.351861394941807,30.948005698621273,0.14385703578591347,0.01021062582731247,0.3509818674949016,0.2717881202697754,0.2717881202697754,0.17117771019156164,0.1603523611327527,0.15243740379810333,0.11202503740787506,0.11202503740787506,0.03935284953070625,0.028611319978039024,0.16702913865447044,481.98826669070803,278.5557574447139,0.0,481.6373056994819,278.559585492228,490.0,280.0,0.0,0.9069065015586171,207,207,207
1,208,12.712957553565502,25.158421777188778,0.0984162762761116,0.021232642233371735,1.0040204875891832,0.2228313535451889,0.2228313535451889,0.13669846831790863,0.12706273624842818,0.11539480835199356,0.07830259948968887,0.07830259948968887,0.041892552880671556,0.03540718847814084,0.15559599548578262,673.0478434900477,278.67853142702677,0.0,673.7878787878788,278.0,668.0,275.0,0.0,0.7420296370003064,208,208,208
1,209,11.09206472337246,21.385775588452816,0.1241326816380024,0.013547450304031372,0.6533835556403955,0.16648785769939423,0.1695062816143036,0.13865080904215574,0.13621513113664213,0.13668105006217957,0.09655650705099106,0.09655650705099106,0.017431179815853126,0.016548214358807083,0.1506575308740139,15.284512109313479,282.764242008377,0.0,15.038216560509554,283.36942675159236,14.0,276.0,0.0,0.9705759707123219,209,209,209
1,210,17.08384320139885,44.689230129122734,0.13120276480913162,0.010198652744293213,0.8119054366005937,0.19924837350845337,0.19924837350845337,0.1423653600116571,0.14053217021736708,0.1394675225019455,0.07893125712871552,0.07893125712871552,0.028480042326576256,0.02116438682319751,0.15323969721794128,130.94067050646052,277.2424797157833,0.0,131.61006289308176,276.7830188679245,124.0,273.0,0.0,0.7763257429695559,210,210,210
1,211,14.660851746797562,21.30653002858162,0.1457221694290638,0.015878722071647644,0.4768710607675219,0.20565305650234222,0.20565305650234222,0.16472867131233215,0.16264526739375282,0.16133762896060944,0.12771356105804443,0.12771356105804443,0.021595548482996354,0.020144317444147738,0.17807278782129288,112.61090263440087,276.62290065636256,0.0,113.07633587786259,276.51908396946567,109.0,280.0,0.0,0.8371967110273899,211,211,211
1,212,10.568144388496876,22.37056916207075,0.12416785210371017,0.011833250522613525,0.8409943584725728,0.2779082655906677,0.2779082655906677,0.1509734912642411,0.14069540353503618,0.13744358718395233,0.08153020590543747,0.08153020590543747,0.05003446946943801,0.03594064554610029,0.1480998359620571,493.0736297843216,289.373014806298,0.0,493.251572327044,290.1949685534591,491.0,282.0,0.0,0.851504791886887,212,212,212
1,213,14.839058108627796,30.818891018629074,0.11822238564491272,0.01608012616634369,0.23478887529726514,0.1931888610124588,0.1931888610124588,0.1399911142323377,0.13636677441871273,0.13668105006217957,0.09387437999248505,0.09387437999248505,0.021483789676860144,0.019491826634876454,0.15031704306602478,32.185682893389924,284.6167355400202,0.0,32.3716814159292,284.4734513274336,30.0,293.0,0.0,0.9566837852911553,213,213,213
1,214,14.593980565667152,28.82468508183956,0.09266368672251701,0.008865073323249817,0.16973067086984203,0.1726859211921692,0.1726859211921692,0.10277451102582502,0.10368591756057396,0.10300622135400772,0.07779207825660706,0.07779207825660706,0.019268232037317458,0.015091628824680542,0.11097898706793785,598.7771830568761,281.8573789948479,0.0,598.8201438848921,282.021582733813,594.0,277.0,0.0,0.7189540721045741,214,214,214
1,215,21.92976611852646,38.93818545341492,0.16951299458742142,0.020680248737335205,0.933790761099649,0.24586597084999084,0.24586597084999084,0.19406872671262354,0.1918137214453937,0.1948770210146904,0.12987400591373444,0.12987400591373444,0.026394269888916223,0.026954965375941373,0.2136055752635002,103.99147334689162,284.03199926617964,0.0,104.75369458128078,284.57142857142856,102.0,292.0,0.0,0.8934554391570196,215,215,215
1,216,17.1030927374959,39.99640641361475,0.13231664896011353,0.03751034289598465,0.7209342215802556,0.26233160495758057,0.26233160495758057,0.16445281478361443,0.171658396624956,0.17946092039346695,0.07996229082345963,0.07996229082345963,0.05026120041108203,0.04641655226089321,0.21069223806262016,690.941898685023,282.16846796981554,0.0,690.7811158798283,282.87124463519314,689.0,281.0,0.0,0.8716945163495977,216,216,216
1,217,22.06397272646427,39.40376391261816,0.11810169368982315,0.03502999246120453,1.984415130086656,0.413318932056427,0.413318932056427,0.17237478692550212,0.16696510132465323,0.16231568157672882,0.06292974203824997,0.06292974203824997,0.09205386502483245,0.07088194070759889,0.19183991849422455,1007.9784443044474,291.85584797541264,0.0,1007.1355932203389,290.0593220338983,1013.0,296.0,0.0,0.725481269288852,217,217,217
1,218,9.641186684370041,20.85118869692087,0.09889951534569263,0.024233192205429077,0.6016024747152444,0.18250039219856262,0.18457086384296417,0.1095589395951141,0.12485741734683156,0.1260823979973793,0.06810939311981201,0.06810939311981201,0.027732761429050384,0.02947710318021614,0.14850815385580063,971.4023196375754,290.01861985256863,0.0,971.0239520958083,289.5508982035928,970.0,295.0,0.0,0.8755302097150369,218,218,218
1,219,15.401209987699986,31.620381861925125,0.11764398962259293,0.02670760452747345,0.7489204480650762,0.23833483457565308,0.23833483457565308,0.14808855757403833,0.14372900846329603,0.1447211056947708,0.0802118107676506,0.0802118107676506,0.045654443070012825,0.035324592502809574,0.16616126894950867,88.52569607061587,288.9773859907099,0.0,88.02727272727273,289.53636363636366,86.0,285.0,0.0,0.7445415633375926,219,219,219
1,220,13.82403415441513,17.820555165410042,0.09618527814745903,0.04062210023403168,1.2255313237967873,0.2222461700439453,0.2222461700439453,0.1440003557751576,0.13708119358007725,0.1293412297964096,0.07981079816818237,0.07981079816818237,0.0469090684600388,0.04426579808726152,0.17778649926185608,705.688551202415,284.8629205669774,0.0,706.7384615384616,284.2307692307692,700.0,281.0,0.0,0.681631402389058,220,220,220
1,221,12.390297643840313,23.282754838466644,0.08954983204603195,0.013099662959575653,0.5992651875971952,0.13209228217601776,0.13209228217601776,0.1007341271856936,0.10211734578274843,0.10118957608938217,0.07874167710542679,0.07874167710542679,0.016370630224631446,0.014355860441153756,0.11524340510368347,881.4287693676142,285.79310536312613,0.0,881.5964912280701,286.36842105263156,892.0,282.0,0.0,0.7919048555496283,221,221,221
1,222,16.588464006781578,24.22540059685707,0.1419193595647812,0.012944996356964111,0.7937806628038167,0.2753806710243225,0.2753806710243225,0.1692700408855263,0.1625865811869602,0.1539735496044159,0.09752138704061508,0.09752138704061508,0.04096956853997446,0.036032555764760554,0.17107054591178894,237.3929493714574,288.3711298782838,0.0,237.88590604026845,288.99328859060404,237.0,283.0,0.0,0.8466146072295426,222,222,222
1,223,11.020940519869328,20.69686259329319,0.09072533994913101,0.008653022348880768,0.4402876062451619,0.1961628943681717,0.1961628943681717,0.10699942252300318,0.10348431296646594,0.09921582788228989,0.07815656810998917,0.07815656810998917,0.02507300770396342,0.019824687554984427,0.10943815112113953,308.3402494605147,287.48075275031977,0.0,308.31,287.92,307.0,281.0,0.0,0.7457194262857249,223,223,223
1,224,8.019789721816778,8.144291762262583,0.08360542356967926,0.038180433213710785,1.0223793424466645,0.19996897876262665,0.19996897876262665,0.11969835405696684,0.11976899650386151,0.11908891052007675,0.04866035282611847,0.04866035282611847,0.04408614728968584,0.04376460390032667,0.15930868685245514,56.077135986603096,289.0683938284099,0.0,56.529411764705884,289.9852941176471,59.0,283.0,0.0,0.7397388717474086,224,224,224
1,225,16.76842798292637,33.62021520733833,0.13044346868991852,0.02013573795557022,0.9172920680952813,0.21542522311210632,0.21542522311210632,0.15526322206413304,0.14942317869928148,0.15196926146745682,0.08224740624427795,0.08224740624427795,0.030374190488045138,0.029114318295061902,0.16891426965594292,217.86609356991752,289.1510954623573,0.0,217.21333333333334,289.79555555555555,218.0,283.0,0.0,0.7926080780647012,225,225,225
1,226,15.951820112764835,43.119118452072144,0.14955658465623856,0.016331523656845093,0.44270310333180013,0.25397858023643494,0.25397858023643494,0.1752947265138993,0.16777867101973598,0.1651349663734436,0.09301742166280746,0.09301742166280746,0.037799950590456224,0.028065249473529896,0.18385710567235947,472.98757276877876,289.7591196219303,0.0,473.3774319066148,289.9688715953307,469.0,295.0,0.0,0.9136215402534008,226,226,226
1,227,11.913097724318504,20.06317725032568,0.10036912187933922,0.020859166979789734,0.5548860715687483,0.23135806620121002,0.23135806620121002,0.1294901926556359,0.12384677315015852,0.11472533643245697,0.06835515797138214,0.06835515797138214,0.04529329022280337,0.036391031956538686,0.14647886902093887,539.5911758468554,283.901240738054,0.0,540.0679012345679,283.61728395061726,533.0,291.0,0.0,0.8279787272446063,227,227,227
1,228,16.756709054112434,52.36463314294815,0.10176520422101021,0.013531051576137543,0.4139907712696023,0.17553333938121796,0.17553333938121796,0.1117113936940829,0.11636585142877366,0.11606138199567795,0.07828334718942642,0.07828334718942642,0.024141085848414522,0.019314426859066196,0.12902827560901642,347.9220902154553,289.6588465986358,0.0,347.8644444444444,289.24888888888887,339.0,290.0,0.0,0.817522691422498,228,228,228
1,229,11.253824353218079,20.361455887556076,0.09842118993401527,0.02224833518266678,0.36892913391971643,0.25379711389541626,0.25379711389541626,0.13085842271183812,0.12805947099091872,0.13102973997592926,0.06807971000671387,0.06807971000671387,0.042665947463495356,0.03403130296895826,0.14431249722838402,671.6772446072473,293.65706869718554,0.0,672.0377358490566,293.57861635220127,674.0,288.0,0.0,0.759961706499972,229,229,229
1,230,9.875431753695011,18.481913782656193,0.09645278006792068,0.009195283055305481,0.7789449567213333,0.2227393090724945,0.2227393090724945,0.12043209455725623,0.11269459623570849,0.10487215965986252,0.05812167376279831,0.05812167376279831,0.04518388856423993,0.03323288687478481,0.114067442715168,531.2208563991178,295.9877693279183,0.0,530.8048780487804,296.6463414634146,534.0,292.0,0.0,0.8266364312123492,230,230,230
1,231,16.736472629010677,31.54681995511055,0.13628676161170006,0.0221102312207222,1.4535008696948741,0.2353259176015854,0.2353259176015854,0.16905527908091594,0.15694935301050025,0.1560296043753624,0.08216428011655807,0.08216428011655807,0.04125863634258106,0.03391378793191783,0.17923379689455032,1029.2303422364741,287.2263542528387,0.0,1029.636815920398,285.83084577114425,1024.0,303.0,0.0,0.7818355920050211,231,231,231
1,232,10.56602680683136,12.659927606582642,0.1550225205719471,0.019561894237995148,0.26355092358360355,0.2656765878200531,0.2656765878200531,0.18867905012198857,0.18347721168960351,0.1695348247885704,0.13875210285186768,0.13875210285186768,0.03647748282567614,0.03481118050548947,0.21324241906404495,466.18470188373414,296.4595592178357,0.0,466.39130434782606,296.6231884057971,464.0,297.0,0.0,0.9715862056445971,232,232,232
1,233,14.050385482609272,27.840796947479248,0.10958809219300747,0.025809437036514282,1.4468408862886428,0.2796931266784668,0.2796931266784668,0.15786949980459855,0.13990350224863943,0.1360965594649315,0.0797126293182373,0.0797126293182373,0.05307775144066018,0.0418961123030467,0.16026147082448006,103.41775177832346,303.49039622523156,0.0,103.33165829145729,304.93467336683415,104.0,294.0,0.0,0.7417577897824819,233,233,233
1,234,11.739152111113071,26.566721118986607,0.1050781887024641,0.016761675477027893,0.8130765283427754,0.25376570224761963,0.25376570224761963,0.14143556760377193,0.1283416479178097,0.12477750331163406,0.0801922008395195,0.0801922008395195,0.05238868421444587,0.03672765014574047,0.13711927831172943,142.08074577431464,297.51858150430775,0.0,142.77777777777777,297.93719806763283,137.0,298.0,0.0,0.8830011456794812,234,234,234
1,235,12.908127896487713,29.214518308639526,0.09004493989050388,0.016459647566080093,0.47286097457076604,0.16050928831100464,0.16798458993434906,0.1058043270203911,0.10860415728118783,0.10416653379797935,0.07816758006811142,0.07816758006811142,0.024553687843942705,0.021830409755854582,0.12370661459863186,318.8923405175181,296.9364740999807,0.0,319.12267657992567,297.34944237918216,321.0,288.0,0.0,0.8364961993266311,235,235,235
1,236,13.156416088342667,16.026877254247665,0.15289241820573807,0.011128455400466919,0.35837034633472353,0.27193334698677063,0.27193334698677063,0.17311073800450877,0.1704986941941241,0.1625288724899292,0.11630020290613174,0.11630020290613174,0.03720924755110317,0.03412096042024734,0.17431140691041946,129.95711343045463,298.49107804805277,0.0,129.75531914893617,298.78723404255317,135.0,299.0,0.0,0.879390958305653,236,236,236
1,237,16.329157829284668,22.711723163723946,0.10760185867547989,0.045591726899147034,2.3439086745616295,0.3769775927066803,0.3769775927066803,0.20934817729852137,0.1747055627978765,0.14237622916698456,0.08078090846538544,0.08078090846538544,0.08804864985546389,0.0825559982382351,0.24917100369930267,46.94893323033902,298.63339173587656,0.0,45.83846153846154,296.5692307692308,54.0,304.0,0.0,0.6678881500135462,237,237,237
1,238,15.012863837182522,28.794246576726437,0.11434277892112732,0.02591809630393982,1.5896277789553255,0.22650758922100067,0.22650758922100067,0.15164508926446993,0.14397123288363217,0.14819122850894928,0.07960286736488342,0.07960286736488342,0.03935201261094105,0.035556696166790365,0.16837891936302185,240.19979472265953,302.55935696383733,0.0,241.7,303.085,231.0,298.0,0.0,0.7959694208733014,238,238,238
1,239,9.867881678044796,20.66717405617237,0.10267708450555801,0.01215585321187973,0.22272783786819103,0.20498575270175934,0.20498575270175934,0.12490989465879489,0.11877686239179523,0.114680714905262,0.0781877189874649,0.0781877189874649,0.035683711520212345,0.026502205136080585,0.12716881185770035,369.6097727042073,301.17071019372224,0.0,369.45402298850576,301.01149425287355,377.0,301.0,0.0,0.8548838161916119,239,239,239
1,240,17.446680545806885,30.670726090669632,0.14215265959501266,0.0286729633808136,0.6032139066022015,0.2917788624763489,0.2917788624763489,0.1780273525082335,0.1685204730256573,0.16360962390899658,0.08589545637369156,0.08589545637369156,0.04933266334808915,0.04496523484707966,0.19746936857700348,25.960124738248012,300.9815016646642,0.0,25.47252747252747,300.6263736263736,22.0,307.0,0.0,0.7937032641678172,240,240,240
1,241,6.728783421218395,10.222327969968319,0.09531117230653763,0.008961573243141174,0.44896934203675476,0.19359265267848969,0.19359265267848969,0.11601350726238613,0.1111122605431339,0.1022261381149292,0.07982129603624344,0.07982129603624344,0.03432945913094693,0.028380993706619718,0.11529742926359177,378.0019849708419,307.03740567153864,0.0,378.0869565217391,307.4782608695652,378.0,302.0,0.0,0.918647048060236,241,241,241
1,242,15.149387620389462,20.43940307199955,0.10553110018372536,0.02556067705154419,1.5552962816816005,0.2565554678440094,0.2565554678440094,0.14427988209894727,0.13626268714666367,0.12203070521354675,0.07965249568223953,0.07965249568223953,0.046123694514150354,0.041268015650412465,0.17285744845867157,1044.2053025229618,298.8347645172061,0.0,1045.4533333333334,297.9066666666667,1046.0,309.0,0.0,0.678834730121304,242,242,242
1,243,9.073292195796967,11.994782365858555,0.08410567790269852,0.012773565948009491,0.46846687774017104,0.1798313856124878,0.1798313856124878,0.1008143577310774,0.10165069801575047,0.09497220069169998,0.06640997529029846,0.06640997529029846,0.024600827803016638,0.022910193631220814,0.11281785741448402,395.79289026698785,300.0435474485374,0.0,395.89830508474574,300.5,393.0,294.0,0.0,0.6957412408427143,243,243,243
1,244,13.294991411268711,22.179839491844177,0.16091014072299004,0.012016959488391876,0.6763146326332018,0.24833433330059052,0.24833433330059052,0.17266222612037288,0.16931175184613875,0.16824426501989365,0.0788235291838646,0.0788235291838646,0.04099127922803358,0.034293887668602634,0.1861058585345745,455.2650115961971,297.42549819208506,0.0,454.63358778625957,297.1832061068702,464.0,298.0,0.0,0.8571223233611507,244,244,244
1,245,10.25795267522335,21.98306780308485,0.09207028895616531,0.017655692994594574,0.24362692270746253,0.19301804900169373,0.19301804900169373,0.10685367370024323,0.111025594965075,0.10754217952489853,0.07815656810998917,0.07815656810998917,0.028455296743939068,0.023080669551778236,0.12581242620944977,287.98254469241965,304.9386124609605,0.0,287.74242424242425,304.979797979798,280.0,300.0,0.0,0.7635228169358148,245,245,245
1,246,17.888290271162987,28.952027387917042,0.13558367639780045,0.016742072999477386,1.9771599610151713,0.3678760528564453,0.3678760528564453,0.18441536362023697,0.16544015650238308,0.15035252273082733,0.07976043224334717,0.07976043224334717,0.0739202769974996,0.0597565945391233,0.17206977307796478,716.7022247268247,299.93902187783954,0.0,718.3142857142857,298.7942857142857,708.0,307.0,0.0,0.764164640342109,246,246,246
1,247,22.649306043982506,24.56305481493473,0.18873358890414238,0.022712931036949158,1.4944767231913447,0.41057828068733215,0.41057828068733215,0.22878086913113643,0.2212887821165291,0.2067309394478798,0.08883745968341827,0.08883745968341827,0.07118978145448279,0.07086623751124904,0.23435822874307632,1012.5862061715221,304.275849833915,0.0,1011.3963963963964,305.1801801801802,1016.0,297.0,0.0,0.8270670931306939,247,247,247
1,248,14.19213754683733,30.09535662829876,0.09434502199292183,0.016955051571130753,0.6000452062090472,0.19973383843898773,0.19973383843898773,0.11445272215191395,0.11356738350301418,0.11065133288502693,0.0782306119799614,0.0782306119799614,0.03014009055934258,0.024566291196930143,0.12848945707082748,333.4040607059627,308.29460023447103,0.0,333.38490566037734,308.8943396226415,331.0,301.0,0.0,0.789220677890005,248,248,248
1,249,12.494631983339787,18.77874320745468,0.11698092333972454,0.017938856035470963,0.6638974303953354,0.2426213175058365,0.2426213175058365,0.14699567039223277,0.13910180153670135,0.1342363879084587,0.07228966057300568,0.07228966057300568,0.04541823694192937,0.038187147499197056,0.1530793011188507,675.8017559105413,306.0914256115307,0.0,675.1407407407407,306.02962962962965,682.0,306.0,0.0,0.8067530362541131,249,249,249
1,250,16.195853032171726,20.49389886111021,0.1402498409152031,0.04267235845327377,1.3644350668292948,0.43015334010124207,0.43015334010124207,0.22494240322460732,0.20290988971396248,0.1769103854894638,0.11796719580888748,0.11796719580888748,0.07495211561481,0.0729833134548931,0.24447818472981453,40.93991875089038,307.66613896937827,0.0,39.722772277227726,307.0495049504951,44.0,305.0,0.0,0.6832544335515027,250,250,250
1,251,21.248485147953033,29.804142773151398,0.10551011562347412,0.03346729278564453,1.6380619282566804,0.2561166286468506,0.2561166286468506,0.15069847622661725,0.14192448939595903,0.13966147601604462,0.07843956351280212,0.07843956351280212,0.045797462315282644,0.04274035049677518,0.17309831827878952,221.36655783716418,312.5473696228187,0.0,219.88571428571427,313.247619047619,228.0,314.0,0.0,0.7121192294482798,251,251,251
1,252,11.424673527479172,11.424673527479172,0.1308092139661312,0.10106222331523895,1.8512848130296857,0.35695844888687134,0.35695844888687134,0.22401320642116024,0.22401320642116024,0.22515514492988586,0.09329000860452652,0.09329000860452652,0.09421146435649733,0.09421146435649733,0.32611555606126785,707.2859924389517,313.2901112395579,0.0,707.7647058823529,315.078431372549,706.0,307.0,0.0,0.9313668124953419,252,252,252
1,253,12.032145731151104,18.709973208606243,0.08808991312980652,0.010752826929092407,0.7939293821565238,0.22829779982566833,0.22829779982566833,0.114591864106201,0.1081501341537933,0.09691452980041504,0.07900077849626541,0.07900077849626541,0.037489090525146124,0.031059641782689572,0.1135442703962326,444.8608238328223,310.18332169375896,0.0,444.28901734104045,310.73410404624275,453.0,312.0,0.0,0.7758633827214204,253,253,253
1,254,14.533691167831421,34.881157495081425,0.10184399411082268,0.025546878576278687,1.2666456174930496,0.202278271317482,0.202278271317482,0.12976509971278055,0.12730349450759645,0.12411274760961533,0.07820256799459457,0.07820256799459457,0.03796967559302893,0.0304420312837589,0.1516614779829979,125.21745220173113,310.787666611532,0.0,125.81386861313868,311.9051094890511,128.0,306.0,0.0,0.7581790848213753,254,254,254
1,255,11.577042784541845,12.96710491552949,0.09066164121031761,0.05360645055770874,1.7523520966873223,0.24342933297157288,0.24342933297157288,0.14471303480677306,0.1440789435058832,0.14712375402450562,0.04391753673553467,0.04391753673553467,0.06520674681262338,0.06164225164269586,0.19931356608867645,463.2001300393028,308.1014673410773,0.0,464.6,309.15555555555557,453.0,308.0,0.0,0.8134287279268436,255,255,255
1,256,10.9584636464715,19.86988539248705,0.09238774701952934,0.01034572720527649,0.17585893232565708,0.1787147969007492,0.1787147969007492,0.10743591810266177,0.10457834417098447,0.10202699899673462,0.07854732125997543,0.07854732125997543,0.021917198440858703,0.017283018157887724,0.11408000439405441,929.8495294332953,308.5864063651171,0.0,929.6736842105263,308.5842105263158,925.0,310.0,0.0,0.7635757106549177,256,256,256
1,257,15.398827657103539,15.398827657103539,0.20819482952356339,0.009742289781570435,0.08882099068835779,0.2643504738807678,0.2643504738807678,0.21998325224433626,0.21998325224433626,0.22206540405750275,0.1922396421432495,0.1922396421432495,0.015228296531055202,0.015228296531055202,0.22881843149662018,1032.2977223889684,312.28711386467,0.0,1032.2285714285715,312.34285714285716,1037.0,309.0,0.0,0.8602119310145325,257,257,257
1,258,15.948134578764439,29.16828479617834,0.15778078138828278,0.017152458429336548,0.6687448318929912,0.29713258147239685,0.29713258147239685,0.1812288020314141,0.17571255901312255,0.17297983169555664,0.09398508816957474,0.09398508816957474,0.044117218460145755,0.038741921768238395,0.191056989133358,15.085064721235735,310.7200656022223,0.0,14.46987951807229,310.4578313253012,20.0,308.0,0.0,0.8433857165521098,258,258,258
1,259,13.298842716962099,17.356601927429438,0.08814769051969051,0.08011190965771675,1.610946189673781,0.32312363386154175,0.32312363386154175,0.16418324341928517,0.17531921138817613,0.18979912251234055,0.03756450116634369,0.03756450116634369,0.09376998835493906,0.08913246135217047,0.2519250363111496,51.52037241339602,315.26682499829064,0.0,53.13131313131313,315.26262626262627,55.0,305.0,0.0,0.8739548686563491,259,259,259
1,260,14.995886355638504,19.519452951848507,0.11356816627085209,0.03215882554650307,1.2379940255385462,0.2867777645587921,0.2867777645587921,0.15620714953790107,0.15131358877401943,0.14510032534599304,0.06506069004535675,0.06506069004535675,0.05874019938652217,0.05192663919357244,0.17749746143817902,1045.5043088703342,317.1951583997883,0.0,1046.4031007751937,318.04651162790697,1046.0,310.0,0.0,0.7985167861753978,260,260,260
1,261,16.059556044638157,26.862470611929893,0.1279047727584839,0.019006460905075073,1.0615791285558682,0.23854917287826538,0.23854917287826538,0.1559180198508559,0.14759599237324117,0.14691123366355896,0.07945887744426727,0.07945887744426727,0.038873378434364066,0.03292552850532135,0.1647750660777092,681.5288155855662,318.1768583890282,0.0,680.9010989010989,319.032967032967,684.0,307.0,0.0,0.8423630011119618,261,261,261
1,262,22.86875757575035,27.45280931890011,0.1756577491760254,0.01995950937271118,0.8745148862704298,0.3312051296234131,0.3312051296234131,0.21372670631542384,0.20797582817348567,0.19058386981487274,0.15138185024261475,0.15138185024261475,0.048972047436355276,0.04614140543545234,0.22446542978286743,695.4800126141787,314.311674574973,0.0,694.6060606060606,314.280303030303,704.0,306.0,0.0,0.7686996099649502,262,262,262
1,263,10.171097606420517,20.39874155819416,0.14129746705293655,0.009915165603160858,0.7239751263390346,0.27516913414001465,0.27516913414001465,0.16673930502328715,0.15571558441369587,0.14962472021579742,0.0813828632235527,0.0813828632235527,0.05307253420060198,0.03840695092652761,0.1609926074743271,234.58925691939373,318.0748080250622,0.0,235.25190839694656,318.36641221374043,228.0,315.0,0.0,0.9102029897670596,263,263,263
1,264,11.395341165363789,19.040510438382626,0.08407844044268131,0.0095314159989357,0.9351280460387773,0.1774066984653473,0.1774066984653473,0.10174411754789096,0.09865549449939184,0.0912291556596756,0.07915566116571426,0.07915566116571426,0.02479195434658992,0.021286531939120067,0.10628730989992619,274.8971273186558,321.4831033769172,0.0,275.37823834196894,322.2849740932642,269.0,313.0,0.0,0.7054147421384206,264,264,264
1,265,18.879072800278664,51.72226266562939,0.12275412306189537,0.03094758838415146,1.8007018734786393,0.2793101966381073,0.2833091914653778,0.16135959658357832,0.16112854412968655,0.14569024741649628,0.08064373582601547,0.08064373582601547,0.051728441779515064,0.04849921720929672,0.2039533033967018,725.1903311784292,316.9272787385565,0.0,724.4392523364486,318.5638629283489,730.0,310.0,0.0,0.7902475571220803,265,265,265
1,266,16.44703510403633,20.630631521344185,0.12262585014104843,0.034521810710430145,1.385349289033123,0.27860039472579956,0.27860039472579956,0.1661316677175387,0.1624459174908991,0.16598349809646606,0.08029037714004517,0.08029037714004517,0.05321879250852205,0.04882950729783466,0.19229135289788246,1008.1851371183934,320.2073366777724,0.0,1006.8818897637796,320.6771653543307,1012.0,314.0,0.0,0.7531091510665221,266,266,266
1,267,10.103228107094765,15.513647824525833,0.0925840400159359,0.010646224021911621,0.5523587029787154,0.17703589797019958,0.17703589797019958,0.10981769681624744,0.10625786181182077,0.09967956691980362,0.07946023344993591,0.07946023344993591,0.02606922199419677,0.021814547584268103,0.11372538655996323,938.8606188055413,318.7289398987794,0.0,938.8835616438356,319.2808219178082,936.0,315.0,0.0,0.7731655979481927,267,267,267
1,268,19.908835381269455,24.596480190753937,0.19959211349487305,0.027563199400901794,0.8010571398345339,0.3228890895843506,0.3228890895843506,0.2314980858287146,0.22774518695142534,0.22441740334033966,0.1737922579050064,0.1737922579050064,0.03253743068549946,0.03169519207863863,0.25834041833877563,34.81850285021613,320.07361276308467,0.0,34.074074074074076,319.77777777777777,38.0,316.0,0.0,0.828179609592515,268,268,268
1,269,11.410167425870895,23.249536730349064,0.0888955146074295,0.00991656631231308,0.43919623314776784,0.15898467600345612,0.15898467600345612,0.09508472854892412,0.09978341944355822,0.10373018309473991,0.039731722325086594,0.039731722325086594,0.023117929056766903,0.018544956870465003,0.11105916649103165,1216.500110884634,322.9490278075139,0.0,1216.7081545064377,322.56223175965664,1218.0,307.0,0.0,0.7200269607088283,269,269,269
1,270,9.32537217438221,16.474295876920223,0.0992291122674942,0.009182430803775787,0.2669506875166197,0.2435074895620346,0.2435074895620346,0.12433829565842947,0.11767354197800159,0.10574198514223099,0.07905156910419464,0.07905156910419464,0.04288948448552357,0.03347001428717464,0.12540684640407562,378.88163124559236,319.05355858685084,0.0,379.0,318.8142857142857,377.0,324.0,0.0,0.8643278182809806,270,270,270
1,271,16.639537051320076,41.32140348851681,0.10320250689983368,0.0318027138710022,1.681311297474457,0.31734466552734375,0.31734466552734375,0.14990573920108177,0.14054899145754016,0.12945440411567688,0.07815732806921005,0.07815732806921005,0.06189818631147663,0.04801834514672811,0.17407502233982086,743.9931358482586,316.8845820021521,0.0,745.5680272108843,316.2959183673469,738.0,325.0,0.0,0.766695973388134,271,271,271
1,272,16.69446226209402,21.321151427924633,0.13768118619918823,0.02886097878217697,1.555053896126499,0.23753350973129272,0.23753350973129272,0.16529170556528733,0.16528024362732274,0.18157221376895905,0.05660732835531235,0.05660732835531235,0.05238204159317014,0.047098588779761294,0.20293409749865532,1023.1678544935098,325.5974076242398,0.0,1023.5348837209302,327.1085271317829,1028.0,318.0,0.0,0.81900350105559,272,272,272
1,273,14.041746273636818,36.125193156301975,0.08679971843957901,0.009867534041404724,0.7021486253743173,0.1564069241285324,0.1564069241285324,0.10029818766883442,0.09979335126050269,0.09552738070487976,0.0783577710390091,0.07824897766113281,0.021600718384878197,0.016866051593402317,0.11075977236032486,296.4764683163205,326.8247938247329,0.0,296.5966850828729,327.51657458563534,293.0,316.0,0.0,0.7456636598620698,273,273,273
1,274,12.375994622707367,13.416984781622887,0.16011029481887817,0.01566772162914276,0.22354645918429106,0.2402592897415161,0.2402592897415161,0.1767999231815338,0.1765392734424064,0.17577801644802094,0.1388707458972931,0.1388707458972931,0.02434764602073127,0.02344002694056363,0.19108736515045166,11.81843900942419,325.8613199009536,0.0,12.039473684210526,325.89473684210526,7.0,330.0,0.0,0.8587408787499916,274,274,274
1,275,19.765888281166553,52.297389440238476,0.14870484918355942,0.012432053685188293,0.42598798108720565,0.20561929047107697,0.20561929047107697,0.15563691559973664,0.16042144000073152,0.16312409937381744,0.09181952476501465,0.09181952476501465,0.027841528990620215,0.02106908667571357,0.17416762560606003,359.621571065617,319.09227580907805,0.0,360.03374233128835,318.9846625766871,359.0,334.0,0.0,0.9873061073276442,275,275,275
1,276,9.841854438185692,19.983758859336376,0.09439340978860855,0.011005740612745285,0.7067084742882439,0.236698180437088,0.236698180437088,0.12302318047732115,0.11164111094601327,0.10494712740182877,0.07814726233482361,0.07814726233482361,0.04102960382060338,0.03019471051235855,0.1159250158816576,375.11047293108265,331.06993719694344,0.0,375.122905027933,331.77653631284915,377.0,325.0,0.0,0.853526338261048,276,276,276
1,277,11.8983264118433,27.11360388994217,0.10723299533128738,0.010631583631038666,1.0642817816112866,0.3321540951728821,0.3321540951728821,0.15452371963432857,0.1303538648554912,0.1177460327744484,0.08825519680976868,0.08825519680976868,0.06985123898614254,0.04729319008236902,0.1304018199443817,734.1105133129548,332.9711636112619,0.0,733.2980769230769,333.65865384615387,738.0,326.0,0.0,0.8106928903158578,277,277,277
1,278,15.79422203451395,35.75425577163696,0.12601101770997047,0.028822243213653564,0.971763291640443,0.29389071464538574,0.29389071464538574,0.15637843598528664,0.15613212127352386,0.1547544151544571,0.07992369681596756,0.07992369681596756,0.05782819480929169,0.04371894695337117,0.183590829372406,701.8454986358813,332.20492361342826,0.0,702.3362445414847,333.04366812227073,698.0,325.0,0.0,0.771647915239808,278,278,278
1,279,12.83847974985838,22.33763264864683,0.09745040722191334,0.014661196619272232,0.43949331483408377,0.22462928295135498,0.22462928295135498,0.11671345227143981,0.11573902926760016,0.11251673102378845,0.07778162509202957,0.07778162509202957,0.03015853044714438,0.02632633456351291,0.12543201819062233,1296.4867255469026,326.30031194727786,0.0,1296.5492227979275,325.86528497409324,1294.0,320.0,0.0,0.6926072381603543,279,279,279
1,280,12.569599196314812,14.134672299027443,0.10922914743423462,0.034012675285339355,1.116249048500216,0.3080168068408966,0.3080168068408966,0.15711998995393514,0.15363774238073308,0.13484475016593933,0.079593226313591,0.079593226313591,0.062132206433493535,0.0592960511540888,0.18469256162643433,340.9141813417806,328.0571855112053,0.0,340.04347826086956,327.35869565217394,343.0,335.0,0.0,0.7321436227898217,280,280,280
1,281,10.497695162892342,20.494836673140526,0.10350564867258072,0.019320346415042877,1.0590969582150123,0.2946704030036926,0.2946704030036926,0.1499670737556049,0.1357273951863611,0.12072514742612839,0.07859284430742264,0.07859284430742264,0.06538682521166653,0.048813602071936794,0.15027125552296638,838.3441152406549,325.8045694681519,0.0,838.1258278145696,324.7682119205298,835.0,332.0,0.0,0.7898889990047364,281,281,281
1,282,12.75374884903431,21.62355711311102,0.12321949750185013,0.01435019075870514,0.8073653813524094,0.1915731579065323,0.1915731579065323,0.14170832054482566,0.13599721454786803,0.13648051023483276,0.07960508018732071,0.07960508018732071,0.024427967835364692,0.02081321836379587,0.15108637511730194,851.45447103044,328.81865148870446,0.0,851.4088050314465,328.0125786163522,856.0,336.0,0.0,0.7959267932838059,282,282,282
1,283,14.65020876377821,31.0578253865242,0.10164961591362953,0.01789291948080063,0.7831786734820018,0.19473697245121002,0.19473697245121002,0.12208507303148508,0.11899549956522683,0.11865893751382828,0.07816215604543686,0.07816215604543686,0.029257055255652437,0.023947956046556224,0.13670634105801582,1282.2362541043315,332.6262903032545,0.0,1282.16091954023,331.84674329501917,1279.0,326.0,0.0,0.7371988462609337,283,283,283
1,284,8.55530983954668,10.082785211503506,0.07044048979878426,0.018306978046894073,1.7514923172992103,0.22331781685352325,0.22331781685352325,0.10184892666127,0.10288556338268884,0.08613236248493195,0.051282528787851334,0.051282528787851334,0.04600109662634685,0.04336736576291361,0.11906478926539421,1316.0677858427387,337.67911158809113,0.0,1316.9795918367347,336.18367346938777,1312.0,341.0,0.0,0.9276374027742598,284,284,284
1,285,18.26777108758688,42.88141167163849,0.14448196068406105,0.04247473180294037,1.4147682081400264,0.2995518445968628,0.2995518445968628,0.19229232723775663,0.1872550728019148,0.18728598952293396,0.07986795902252197,0.07986795902252197,0.05767693766472524,0.05031042992849712,0.2296036034822464,49.33263722187443,334.1287508125904,0.0,50.2707423580786,335.1877729257642,36.0,338.0,0.0,0.7791834169229345,285,285,285
1,286,18.565123990178108,18.745946630835533,0.18234612047672272,0.028256535530090332,0.7041955554749595,0.35243314504623413,0.35243314504623413,0.21587353476951288,0.21547065092914405,0.21078555285930634,0.14585617184638977,0.14585617184638977,0.04245889600578778,0.042379188511245246,0.23714442178606987,27.41458437601583,334.05801436813226,0.0,26.724137931034484,333.91954022988506,35.0,338.0,0.0,0.7722431125470032,286,286,286
1,287,12.802836880087852,18.298894941806793,0.09591630846261978,0.02427671104669571,1.1797645655772822,0.2609499394893646,0.2609499394893646,0.13476670400092478,0.12707565931810272,0.11704844236373901,0.07815732806921005,0.07815732806921005,0.04357524149973375,0.03789788935565196,0.14754584431648254,864.9910066155119,332.8330169795419,0.0,865.8194444444445,331.99305555555554,865.0,342.0,0.0,0.6753715932211899,287,287,287
1,288,10.906532801687717,14.205341003835201,0.1328044980764389,0.017323531210422516,0.9557832271283235,0.28732991218566895,0.28732991218566895,0.17311956828075742,0.16712165886864944,0.14789149910211563,0.09528294205665588,0.09528294205665588,0.05198868113054508,0.049939591169024744,0.19372817873954773,838.3562701289511,340.3092605380812,0.0,838.8470588235294,341.1294117647059,840.0,336.0,0.0,0.8431469924212222,288,288,288
1,289,15.487759970128536,15.587933115661144,0.14166278392076492,0.06585737690329552,0.8936656130580125,0.3458096981048584,0.3458096981048584,0.2037863153964281,0.2024406898137811,0.18611141294240952,0.07983600348234177,0.07983600348234177,0.07910761171643628,0.07946291678034828,0.28522610664367676,349.1706500055356,338.8368948504919,0.0,348.3636363636364,339.2207792207792,353.0,341.0,0.0,0.8458532774383455,289,289,289
1,290,12.073395989835262,19.11582437157631,0.08599517494440079,0.010685492306947708,0.5657405116633903,0.227151557803154,0.227151557803154,0.1068442122994271,0.10332878038689897,0.09454460442066193,0.07546161860227585,0.07546161860227585,0.029347479153299147,0.024671019586611012,0.11337508261203766,752.9076771106625,335.5786978450143,0.0,753.0756756756757,336.1189189189189,748.0,334.0,0.0,0.6187466508388371,290,290,290
1,291,13.138408422470093,18.7947758436203,0.09528739005327225,0.014818668365478516,0.5069604152468746,0.18200814723968506,0.18200814723968506,0.11524919668833415,0.11254356792587006,0.1096334233880043,0.07818453013896942,0.07818453013896942,0.025488499325732574,0.021973756005369643,0.12960366532206535,1182.0760184784087,337.2998652312443,0.0,1182.1736526946108,336.8023952095808,1176.0,347.0,0.0,0.7450677774903346,291,291,291
1,292,11.37495069950819,26.936950743198395,0.09310218505561352,0.007541727274656296,0.3022715522348532,0.13956567645072937,0.13956567645072937,0.10435734586704762,0.10088745596703519,0.10067804157733917,0.07824049144983292,0.07824049144983292,0.015082230911537316,0.011971105522191751,0.10817108675837517,1210.57190142529,336.5785020828174,0.0,1210.5955056179776,336.2771535580524,1212.0,348.0,0.0,0.8566554236601972,292,292,292
1,293,9.805806040763855,13.743618220090866,0.08394928276538849,0.008449018001556396,0.3695703419900899,0.17634767293930054,0.17634767293930054,0.09904854586630156,0.09816870157207762,0.09225917607545853,0.07953191548585892,0.07953191548585892,0.021593908709103795,0.019716237576899297,0.10490436851978302,765.925946054264,345.3488398313847,0.0,766.0928571428572,345.67857142857144,760.0,341.0,0.0,0.6538057700144001,293,293,293
1,294,14.159881137311459,24.260412380099297,0.1389930173754692,0.010693259537220001,1.0188135692874254,0.26447436213493347,0.26447436213493347,0.1646497806664123,0.15452491961846684,0.1519564390182495,0.09629186987876892,0.09629186987876892,0.037245522465500856,0.031085467279649465,0.16189344227313995,13.732778240527267,346.17490073966883,0.0,12.815286624203821,346.61783439490443,22.0,342.0,0.0,0.7534658351610596,294,294,294
1,295,11.472182177007198,27.409620590507984,0.0847337618470192,0.007362529635429382,0.26253959795707293,0.16499793529510498,0.16499793529510498,0.09805283911971964,0.09517229371704161,0.09142017364501953,0.0696849450469017,0.0696849450469017,0.021606583232064578,0.016106031122363723,0.09977888315916061,313.2157166885759,343.77299172520895,0.0,313.2916666666667,344.02430555555554,316.0,336.0,0.0,0.7604678517173274,295,295,295
1,296,12.75393357872963,20.76887847483158,0.0905933789908886,0.017460837960243225,0.6448651351646599,0.20165647566318512,0.20165647566318512,0.11387440695294312,0.11166063696146011,0.10568336397409439,0.07815732806921005,0.07815732806921005,0.03147460059954844,0.026513808744463435,0.12857597321271896,830.1195569610967,344.0198164013807,0.0,829.6774193548387,344.48924731182797,833.0,336.0,0.0,0.7386027780383012,296,296,296
1,297,11.44941434264183,16.41039887815714,0.09913816303014755,0.022786863148212433,1.4659370732120978,0.3494918942451477,0.3494918942451477,0.1590196436478032,0.14269912067962728,0.11495880410075188,0.06857086718082428,0.06857086718082428,0.08847079245577541,0.07349368004501848,0.1429535560309887,359.05851340776775,342.1627684951397,0.0,360.45217391304345,342.61739130434785,354.0,342.0,0.0,0.7635107654872557,297,297,297
1,298,15.953427083790302,51.080848805606365,0.09286285936832428,0.013673178851604462,0.5547252081809253,0.18315309286117554,0.18315309286117554,0.10852671485571634,0.10731270757480328,0.10729904472827911,0.07898924499750137,0.07852152734994888,0.024747607160720022,0.017959661333278275,0.11984863877296448,277.47305949429204,346.16118743998186,0.0,277.9726890756302,345.9201680672269,268.0,343.0,0.0,0.7625208897184227,298,298,298
1,299,11.705662861466408,16.288561649620533,0.11729798465967178,0.007258214056491852,0.4158408959022847,0.17435620725154877,0.17435620725154877,0.12863365781831218,0.12626791976450025,0.12374356761574745,0.09974583238363266,0.09974583238363266,0.016801534355303925,0.015231743836541623,0.13322443515062332,1193.585436057481,350.8542690297806,0.0,1194.0,350.8217054263566,1189.0,343.0,0.0,0.9002209273720484,299,299,299
1,300,15.77191910147667,18.407865419983864,0.14850810170173645,0.02053995430469513,0.46177109656019405,0.24688543379306793,0.24688543379306793,0.175243545571963,0.17044319833318392,0.1635940819978714,0.11682098358869553,0.11682098358869553,0.029121444109712142,0.029032830699707673,0.19555960595607758,38.193133552195654,351.28295449505123,0.0,38.083333333333336,351.73148148148147,43.0,355.0,0.0,0.8007343387036435,300,300,300
1,301,11.873880669474602,20.96998755633831,0.08927909843623638,0.011030077934265137,0.52603637799337,0.1892516165971756,0.1892516165971756,0.1109708473782673,0.10644663734181883,0.09813134744763374,0.07814333587884903,0.07814333587884903,0.03064569117860977,0.024867349601078528,0.11803650483489037,564.3411664609471,347.5372604556175,0.0,564.8629441624365,347.6040609137056,561.0,342.0,0.0,0.7565168721770222,301,301,301
1,302,14.201279640197754,28.732742346823215,0.09842397645115852,0.01034681499004364,1.3195704244025162,0.2909226417541504,0.2909226417541504,0.13272223962801638,0.11727649937478864,0.10684036463499069,0.07898774743080139,0.07898774743080139,0.05417708445242714,0.0387396294753057,0.11745092272758484,867.7003664081005,352.514602585518,0.0,868.4204081632653,353.6204081632653,866.0,343.0,0.0,0.7313351439791133,302,302,302
1,303,12.199221849441528,23.271096408367157,0.09364926442503929,0.013840451836585999,0.21048454610613698,0.17067350447177887,0.17067350447177887,0.11295575786519933,0.11028955643775903,0.11079128831624985,0.07971780002117157,0.07971780002117157,0.023824660309193783,0.019097965235941962,0.12274599075317383,979.3990508890341,347.4995819435107,0.0,979.3981042654028,347.28909952606637,974.0,344.0,0.0,0.7446136808282526,303,303,303
1,304,11.399951621890068,22.33752354979515,0.09195038676261902,0.010448232293128967,0.30147773659154564,0.17349518835544586,0.17349518835544586,0.10178528233830418,0.10341446087868125,0.10272740572690964,0.07339715957641602,0.07339715957641602,0.021526643273258764,0.017047834271747945,0.11110126227140427,1332.9868974966562,350.6672628551323,0.0,1333.287037037037,350.6388888888889,1328.0,350.0,0.0,0.7298519360407647,304,304,304
1,305,21.16685549914837,48.37168562412262,0.14839288592338562,0.02716955542564392,0.44828957364737954,0.25517967343330383,0.25517967343330383,0.17639046249290308,0.1778370795004508,0.18782250583171844,0.07928092032670975,0.07928092032670975,0.04723548624401435,0.04016307472627367,0.20741944015026093,1306.6591273137253,350.9405984520204,0.0,1306.4669117647059,351.34558823529414,1298.0,348.0,0.0,0.8238457892365831,305,305,305
1,306,12.548124447464943,30.618550948798656,0.10250262171030045,0.013246618211269379,0.8849585343977076,0.18840786814689636,0.18840786814689636,0.12548124447464942,0.11776365749537945,0.11520740389823914,0.07869265228509903,0.07869265228509903,0.02723893568816971,0.02088206194167429,0.1290934681892395,847.9148854865917,356.867218631263,0.0,847.9769230769231,357.75,857.0,351.0,0.0,0.7636363659228421,306,306,306
1,307,14.232281319797039,32.55427664518356,0.10431033372879028,0.019510075449943542,1.0045441773761634,0.20215822756290436,0.20215822756290436,0.12594939221059326,0.12569218781924155,0.1293671801686287,0.07250887900590897,0.07250887900590897,0.03262970015438345,0.026672987874090268,0.14484631270170212,1281.406695926127,350.35496083797193,0.0,1280.5135135135135,350.81467181467184,1289.0,347.0,0.0,0.7466296185200102,307,307,307
1,308,9.750128343701363,16.266219444572926,0.08603744208812714,0.015595942735671997,0.3721531467484487,0.20733514428138733,0.20733514428138733,0.10833475937445959,0.10990688813900626,0.09722869843244553,0.07616272568702698,0.07616272568702698,0.03599044687556341,0.031071034178605694,0.12266860902309418,383.51532942895653,352.59007068335865,0.0,383.8445945945946,352.7635135135135,379.0,352.0,0.0,0.7525210622815066,308,308,308
1,309,13.366525508463383,31.256997875869274,0.09883567690849304,0.021296340972185135,1.1888353239375355,0.22803588211536407,0.22803588211536407,0.13104436773003317,0.1265465501047339,0.1352747231721878,0.07985664159059525,0.07985664159059525,0.03481950752178278,0.029832323185105415,0.14869099110364914,1179.5184817289685,359.3052816823811,0.0,1178.331983805668,359.2307692307692,1177.0,348.0,0.0,0.7574311011507439,309,309,309
1,310,13.313412696123123,18.5966559574008,0.0870911031961441,0.01568957418203354,1.2373077286211955,0.2544865310192108,0.2544865310192108,0.11886975621538502,0.11479417257654814,0.09793134033679962,0.07171347737312317,0.07171347737312317,0.04732229745514106,0.04114874263998959,0.1272926777601242,67.62826093335508,354.67125610636447,0.0,66.4753086419753,354.22222222222223,76.0,357.0,0.0,0.8017965486241191,310,310,310
1,311,12.059266179800034,23.55947856605053,0.10513245314359665,0.009614259004592896,0.47306500046203004,0.16563616693019867,0.16563616693019867,0.11708025417281585,0.11548764002965946,0.11426696926355362,0.08433793485164642,0.08433793485164642,0.01800219768785878,0.01445098244708327,0.12440873682498932,963.7095749213518,354.8160096895187,0.0,963.6960784313726,354.34313725490193,960.0,366.0,0.0,0.7972110776676368,311,311,311
1,312,13.601452521979809,23.764531277120113,0.09566375985741615,0.017106257379055023,1.0974544702333984,0.2006348818540573,0.2006348818540573,0.12478396809155788,0.11536180231611705,0.11151283234357834,0.07843700051307678,0.07843700051307678,0.03032159369467998,0.026303129104555463,0.12868770211935043,1209.4400900966493,358.1029368537328,0.0,1210.5339805825242,358.0145631067961,1208.0,364.0,0.0,0.7043084700201588,312,312,312
1,313,12.037341818213463,29.07403104007244,0.10120552033185959,0.018723413348197937,0.5308402976125017,0.19982565939426422,0.19982565939426422,0.12805682785333472,0.12114179600030184,0.12036482989788055,0.07996144145727158,0.07996144145727158,0.03661229991170257,0.02661072923548096,0.13641346991062164,19.229363485309307,362.44376032671755,0.0,19.116666666666667,362.9625,18.0,355.0,0.0,0.8088128792104158,313,313,313
1,314,15.278697796165943,27.49556252360344,0.11407729238271713,0.02607545256614685,1.5201726703449572,0.26081985235214233,0.26081985235214233,0.15915310204339525,0.1462529921468268,0.14523598551750183,0.07958880811929703,0.07958880811929703,0.051147641351417854,0.042570220376228,0.16277675330638885,44.64998076849253,358.9366687670831,0.0,43.8936170212766,360.25531914893617,38.0,360.0,0.0,0.8344744637973922,314,314,314
1,315,8.518633123487234,11.26272189244628,0.08842591568827629,0.010487198829650879,1.4426341233326805,0.24889497458934784,0.24889497458934784,0.12345845106503238,0.1149257335963906,0.09231585264205933,0.04487378150224686,0.04487378150224686,0.05869064935298202,0.05122088740184872,0.12826870381832123,71.5613152535359,364.49694027750814,0.0,71.14285714285714,365.8775510204082,75.0,359.0,0.0,0.8440738852331023,315,315,315
1,316,12.183571979403496,27.623788088560104,0.08880563825368881,0.010966718196868896,0.3253113303881679,0.1768278032541275,0.1768278032541275,0.10503079292589221,0.10231032625392632,0.10000383108854294,0.0782644972205162,0.0782644972205162,0.02645791196748005,0.019003650043438645,0.10924846306443214,945.3394459823903,357.0140180871449,0.0,945.0296296296297,356.9148148148148,951.0,366.0,0.0,0.7872071989786871,316,316,316
1,317,14.124809250235558,34.61113911867142,0.09514263272285461,0.007360503077507019,0.40487407747471194,0.20738837122917175,0.20738837122917175,0.1167339607457484,0.10748800968531497,0.10227881371974945,0.0782611295580864,0.0782611295580864,0.03331029249066007,0.022865504588429907,0.1099107414484024,540.2712203481194,360.7978733578843,0.0,539.8664596273292,360.8074534161491,548.0,355.0,0.0,0.8880821348431976,317,317,317
1,318,13.769310340285301,26.346698366105556,0.10652751475572586,0.011276926845312119,0.8956819353060265,0.23307311534881592,0.23307311534881592,0.12749361426190095,0.12141335652583206,0.1205328144133091,0.07841227948665619,0.0783577710390091,0.03372987617740732,0.026490108636643816,0.12975069507956505,253.63052882312243,357.00293235863603,0.0,253.94930875576037,356.1658986175115,247.0,367.0,0.0,0.7248209184493818,318,318,318
1,319,11.754220299422741,25.91834055632353,0.08353222347795963,0.011317811906337738,0.36954288534255586,0.21009181439876556,0.21009181439876556,0.10494839553056019,0.10244403381946059,0.09253918007016182,0.0781877189874649,0.0781877189874649,0.03384910240502953,0.026550582528039712,0.11293627507984638,303.8084941144534,359.26433278179417,0.0,303.49407114624506,359.45849802371544,302.0,357.0,0.0,0.6956316087702471,319,319,319
1,320,15.704766616225243,27.582348480820656,0.09685548208653927,0.009206894785165787,1.6630808485824968,0.2054392248392105,0.2054392248392105,0.13197282870777516,0.11638121721865255,0.10298562422394753,0.07970284670591354,0.07970284670591354,0.03561137762019828,0.030063592977339418,0.12263835407793522,557.3851544050759,370.3713723921891,0.0,557.8270042194093,371.9746835443038,548.0,356.0,0.0,0.8323433089442457,320,320,320
1,321,7.925487443804741,10.54534988105297,0.09274757280945778,0.008148685097694397,0.9290374748431957,0.2062612622976303,0.2062612622976303,0.12783044264201196,0.11717055423392189,0.09876683354377747,0.08459265530109406,0.08459265530109406,0.039248528487285765,0.03630699933278884,0.1254289224743843,565.710403145757,363.48773459561403,0.0,566.6,363.75555555555553,560.0,363.0,0.0,0.8942851284622237,321,321,321
1,322,11.8950921818614,23.07740242779255,0.09325350262224674,0.013366252183914185,0.7918836467794425,0.15824712812900543,0.15824712812900543,0.11221785077227736,0.10733675547810488,0.10653213784098625,0.0797436535358429,0.0797436535358429,0.020592627309835448,0.017414439527104312,0.1200924962759018,982.8778258113508,365.8133233320651,0.0,983.5581395348837,366.21860465116276,978.0,358.0,0.0,0.7389402747572774,322,322,322
1,323,13.1200512945652,32.910882867872715,0.08957450091838837,0.007903628051280975,0.6896496570818687,0.2572923004627228,0.2572923004627228,0.11118687537767119,0.10284650896210223,0.09747812896966934,0.07903631776571274,0.07903631776571274,0.03546510158815609,0.02353972203876588,0.10789148509502411,53.02256163411503,371.78166019396446,0.0,53.36875,372.378125,48.0,364.0,0.0,0.7094766790800527,323,323,323
1,324,15.790521793067455,44.93727242201567,0.09812057763338089,0.010033108294010162,0.2562584286745772,0.167107954621315,0.167107954621315,0.10815425885662641,0.10907104956799919,0.1079101487994194,0.07821329683065414,0.07821329683065414,0.023353347619566436,0.016334857950586264,0.11893811076879501,507.56832101553397,363.6291994768154,0.0,507.42233009708735,363.8398058252427,496.0,362.0,0.0,0.7842741998289677,324,324,324
1,325,12.713092546910048,29.06734061613679,0.08861207216978073,0.005998477339744568,0.6011841639021228,0.1968052089214325,0.1968052089214325,0.09417105590303738,0.09561625202676576,0.09380392730236053,0.05272059515118599,0.05272059515118599,0.02369839930295352,0.01725444256251779,0.10109853744506836,577.2014058340837,364.7663091274082,0.0,577.3848684210526,365.3388157894737,578.0,356.0,0.0,0.6791513823915262,325,325,325
1,326,16.720530472695827,32.998895421624184,0.1430531144142151,0.01656298339366913,0.8574116459533517,0.24824322760105133,0.24824322760105133,0.19000602809881623,0.18749372398650105,0.2145736813545227,0.07965249568223953,0.07965249568223953,0.05061825294469288,0.0482086215640887,0.22428582608699799,238.61584711408932,368.43529589482273,0.0,238.5625,367.57954545454544,241.0,363.0,0.0,0.9151137937962046,326,326,326
1,327,13.281003572046757,27.424971491098404,0.09607772529125214,0.01059810072183609,0.7821027556986594,0.23488961160182953,0.23488961160182953,0.12297225529672923,0.11239742414384592,0.10581737756729126,0.0783807560801506,0.0783807560801506,0.036531311294997815,0.02708277337384256,0.11933591961860657,1208.4026900955444,371.9590537629358,0.0,1209.0901639344263,372.33196721311475,1208.0,365.0,0.0,0.6943135370188049,327,327,327
1,328,14.039466060698032,23.79520770162344,0.10781548917293549,0.011784292757511139,0.672049611071806,0.16508764028549194,0.16508764028549194,0.12315321105875467,0.1189760385081172,0.11848945170640945,0.07904067635536194,0.07904067635536194,0.020915841677824804,0.018583701125972362,0.1310575157403946,273.47559031014845,369.6091410893643,0.0,274.015,370.01,264.0,363.0,0.0,0.7863193472894132,328,328,328
1,329,9.867588698863983,13.483559168875217,0.08979786932468414,0.020191244781017303,1.3619042066860794,0.2016475945711136,0.2016475945711136,0.1351724479296436,0.12038892115067158,0.10768666118383408,0.07849574834108353,0.07849574834108353,0.03731997836517271,0.03664547981319824,0.1520567387342453,951.5675082397819,371.72671903851574,0.0,950.4464285714286,372.5,957.0,373.0,0.0,0.8605278791206707,329,329,329
1,330,17.712242767214775,46.275102376937866,0.10997098311781883,0.027845077216625214,1.304849946829028,0.24454720318317413,0.25773751735687256,0.12473410399447024,0.1415140745472106,0.13402582705020905,0.08014906942844391,0.08014906942844391,0.03985700396180617,0.040226654130514704,0.1722508743405342,1305.0675945146088,371.45548357690035,0.0,1306.2477064220184,372.01223241590213,1302.0,363.0,0.0,0.8342128645922057,330,330,330
1,331,6.605099603533745,7.772727929055691,0.08300846815109253,0.014431629329919815,0.9855805253031543,0.19947250187397003,0.19947250187397003,0.11388102764713354,0.1094750412543055,0.09514361247420311,0.07823888957500458,0.07823888957500458,0.03808348376316607,0.035715681528805145,0.11925913952291012,955.1730798679212,378.42602137081326,0.0,954.5774647887324,379.2112676056338,956.0,374.0,0.0,0.8284628270041287,331,331,331
1,332,10.777475744485855,20.92929321527481,0.08922610059380531,0.01113150641322136,0.14154291245364148,0.18042582273483276,0.18042582273483276,0.10777475744485855,0.1051723277149488,0.09736470505595207,0.07872836291790009,0.07872836291790009,0.028744041633206673,0.02258243144486299,0.11319591291248798,286.4825038963687,375.13562129409024,0.0,286.60804020100505,375.20100502512565,287.0,372.0,0.0,0.7078500204919533,332,332,332
1,333,15.48483918607235,35.039653450250626,0.1358913779258728,0.03160957247018814,1.1255013329881787,0.22401729226112366,0.22748492658138275,0.15800856312318723,0.1599984175810531,0.16351690888404846,0.07917153835296631,0.07917153835296631,0.0441147426005438,0.039791794827699255,0.19581729173660278,256.6523920903092,385.9823519501049,0.0,257.65296803652967,386.49771689497715,257.0,390.0,0.0,0.9186119771169807,333,333,333
1,334,14.360381975769997,32.18266998976469,0.09431453049182892,0.006811171770095825,0.10843116309755428,0.18439717590808868,0.18439717590808868,0.11675107297373981,0.10586404601896279,0.09958269447088242,0.07971012592315674,0.07971012592315674,0.028283758589391996,0.020933116342460964,0.1086759865283966,515.5760603611628,380.8211461564597,0.0,515.6842105263158,380.82894736842104,520.0,382.0,0.0,0.8234770893279759,334,334,334
1,335,8.345870986580849,9.811914801597595,0.0868677943944931,0.015586569905281067,0.8887502427101888,0.16803966462612152,0.16803966462612152,0.10303544427877591,0.10220744584997495,0.10242605954408646,0.06699613481760025,0.06699613481760025,0.02110907093423996,0.01981666003357725,0.11835984140634537,972.3457022562437,379.0694374984229,0.0,972.6979166666666,379.8854166666667,964.0,376.0,0.0,0.7668717585330015,335,335,335
1,336,9.716133631765842,13.82762499153614,0.09169662930071354,0.012095421552658081,0.3037822393735059,0.1483987420797348,0.1483987420797348,0.10336312374218981,0.10396710519951985,0.10247708857059479,0.07433763891458511,0.07433763891458511,0.01924818591052205,0.016901097099934446,0.11665947176516056,1273.3578720749003,377.9852921253972,0.0,1273.6616541353383,377.98496240601503,1267.0,384.0,0.0,0.7867747025810083,336,336,336
1,337,18.114957809448242,46.66489306092262,0.15687662735581398,0.008787862956523895,0.26058454414471943,0.2584196925163269,0.2584196925163269,0.17418228662931,0.16846531790946795,0.16452394425868988,0.12637189030647278,0.12637189030647278,0.03457445661688868,0.023892822970040677,0.17412477731704712,1188.8160813414017,379.6760388924513,0.0,1188.9747292418772,379.46931407942236,1189.0,391.0,0.0,0.8245169678589468,337,337,337
1,338,17.830448925495148,36.071364149451256,0.1426125019788742,0.017008081078529358,0.5692854805022073,0.2287135273218155,0.2287135273218155,0.17144662428360719,0.16248362229482546,0.15704305469989777,0.09842801094055176,0.09842801094055176,0.032017882566290935,0.02853642724149908,0.18092788755893707,237.12907968867762,383.10894719002675,0.0,236.56756756756758,383.2027027027027,244.0,380.0,0.0,0.9036230928224611,338,338,338
1,339,11.933135770261288,20.74416457861662,0.08346602320671082,0.0073838010430336,0.23043737252158053,0.1806679219007492,0.1806679219007492,0.09623496588920394,0.09603779897507694,0.09071928262710571,0.07418493926525116,0.07418493926525116,0.023065090624479857,0.01929940769510376,0.09853971749544144,541.2944077088612,383.99046668386774,0.0,541.3333333333334,384.2175925925926,541.0,380.0,0.0,0.755250554041992,339,339,339
1,340,9.688586357980967,16.351961042732,0.08991954103112221,0.012021206319332123,0.490835148710932,0.16301000118255615,0.16301000118255615,0.10307006763809538,0.10349342432108861,0.10207226127386093,0.050120122730731964,0.050120122730731964,0.025907914157021716,0.0206464414457173,0.11180642992258072,1256.8614369397617,387.6484378964534,0.0,1256.867088607595,388.1392405063291,1265.0,384.0,0.0,0.8345058170247176,340,340,340
1,341,13.653755940496922,33.17299924045801,0.09004237502813339,0.011232852935791016,0.36526985256789296,0.18450383841991425,0.18450383841991425,0.11284095818592497,0.10666559241304827,0.09921085089445114,0.07865851372480392,0.07865851372480392,0.032606624851627464,0.023689047306159984,0.11592641659080982,1078.4326755575537,389.0851176377673,0.0,1078.234726688103,388.7781350482315,1078.0,385.0,0.0,0.7863376173332025,341,341,341
1,342,12.02411849051714,23.95896053314209,0.08832499384880066,0.007058002054691315,0.6353266048248793,0.17544108629226685,0.17544108629226685,0.10640812823466494,0.10024669679138949,0.0948648601770401,0.07827161252498627,0.07827161252498627,0.02540751884230787,0.019039235169521176,0.10347336530685425,519.1657663425885,394.46220229776867,0.0,519.276150627615,395.0878661087866,521.0,383.0,0.0,0.8028940197986465,342,342,342
1,343,10.35959654301405,19.91684950888157,0.10087639093399048,0.02347000688314438,0.7599839594929224,0.2335919439792633,0.2335919439792633,0.13631048082913222,0.1284958032831069,0.12550851702690125,0.07871343940496445,0.07871343940496445,0.04399538437290626,0.03469323632316256,0.14861232042312622,1171.5186978485578,387.0399519232102,0.0,1170.9806451612903,386.5032258064516,1170.0,396.0,0.0,0.8515564480134832,343,343,343
1,344,13.112312562763691,30.00837140530348,0.11487208306789398,0.012623019516468048,0.9214009676326445,0.20876860618591309,0.20876860618591309,0.14252513655177926,0.12990636971992847,0.12211461365222931,0.07938027381896973,0.07938027381896973,0.03656056333404428,0.026817072598711574,0.1447911635041237,223.0701542286426,390.6686906688369,0.0,222.15151515151516,390.5974025974026,231.0,388.0,0.0,0.854943519781065,344,344,344
1,345,12.318988598883152,21.069453068077564,0.09770994447171688,0.03236285597085953,1.060236804408303,0.25778764486312866,0.25778764486312866,0.1466546261771804,0.1377088435822063,0.12143170088529587,0.07866429537534714,0.07866429537534714,0.056143819004658924,0.04808754844263235,0.17985383421182632,382.5382756655195,394.95084214859116,0.0,382.1764705882353,393.9542483660131,387.0,397.0,0.0,0.8713031948295578,345,345,345
1,346,10.1311424523592,10.760994344949722,0.16265174746513367,0.023774951696395874,0.6871378399824513,0.3011731803417206,0.3011731803417206,0.1948296625453692,0.19216061330267362,0.177127406001091,0.14366714656352997,0.14366714656352997,0.04080119610260703,0.04051401399157487,0.21265903115272522,1183.021981707147,393.1432196331256,0.0,1182.4464285714287,392.76785714285717,1186.0,396.0,0.0,0.8714455669811462,346,346,346
1,347,12.90298131853342,22.10893466323614,0.10792223922908306,0.017286602407693863,0.6375522441007425,0.2527463436126709,0.2527463436126709,0.1290298131853342,0.12779731019211643,0.12884797155857086,0.07929486781358719,0.07929486781358719,0.036078497132972905,0.02902981720290198,0.14143124967813492,1204.1698181537934,394.6743482757061,0.0,1204.612716763006,395.1329479768786,1197.0,394.0,0.0,0.6995788195876946,347,347,347
1,348,12.112619645893574,18.361386731266975,0.0909154936671257,0.02304491400718689,1.4932061776391232,0.26202523708343506,0.26202523708343506,0.1392255131711905,0.1257629228168971,0.11666876077651978,0.0792405903339386,0.0792405903339386,0.05370831668228416,0.04651760163739375,0.13339675217866898,393.02404837575796,400.7468249778698,0.0,394.513698630137,400.64383561643837,388.0,397.0,0.0,0.8209646445889568,348,348,348
1,349,9.496919989585876,12.36917869001627,0.10522681847214699,0.03171782195568085,1.4283795707747866,0.30845192074775696,0.30845192074775696,0.16373999982044615,0.15084364256117402,0.14166994392871857,0.078961580991745,0.078961580991745,0.06531093820398179,0.060242053470471645,0.17258206009864807,1189.7751624230361,401.7249687023364,0.0,1190.280487804878,403.0609756097561,1187.0,397.0,0.0,0.8205389167925147,349,349,349
1,350,11.171544432640076,12.896742388606071,0.09208068437874317,0.023744475096464157,1.4696898610182971,0.22167398035526276,0.22167398035526276,0.13623834673951313,0.13027012513743508,0.10956873744726181,0.07833053916692734,0.07833053916692734,0.05074661087568636,0.04817756085886586,0.18008814007043839,1176.6017442579882,402.74291071761184,0.0,1176.7777777777778,404.2020202020202,1169.0,397.0,0.0,0.8169627988981041,350,350,350
1,351,11.666239030659199,15.142264425754547,0.0952940508723259,0.03153304010629654,1.627307107192784,0.22924068570137024,0.22924068570137024,0.1405570967549301,0.13282688092767148,0.1176232248544693,0.07849499583244324,0.07849499583244324,0.046554930938086034,0.04429941816074724,0.17877152562141418,229.78360898461702,404.5878725369412,0.0,228.53508771929825,405.63157894736844,236.0,408.0,0.0,0.7939442607282525,351,351,351
1,352,9.875238955020905,19.24546443670988,0.09751005098223686,0.018108107149600983,1.1683192856463418,0.22679607570171356,0.22679607570171356,0.1431194051452305,0.12830309624473255,0.10901127010583878,0.07932914793491364,0.07932914793491364,0.048983604216578706,0.04172071240876219,0.16675737500190735,243.696394651096,402.4137063726959,0.0,244.77333333333334,402.8666666666667,237.0,406.0,0.0,0.8531710629555486,352,352,352
1,353,18.79970023781061,54.78561595827341,0.10515327379107475,0.01938607543706894,1.001956163022206,0.22203810513019562,0.22203810513019562,0.12450132607821597,0.1262341381527037,0.1232210099697113,0.0783245861530304,0.07821249961853027,0.03723573562243992,0.027737120762382782,0.14386972039937973,175.2149158092206,403.30758309251314,0.0,176.06451612903226,403.83870967741933,166.0,398.0,0.0,0.7214181156303747,353,353,353
1,354,16.40301987528801,40.2971997782588,0.10368607938289642,0.014916922897100449,0.6594422416423721,0.2289705127477646,0.2289705127477646,0.12241059608423888,0.12248388990352219,0.1251167356967926,0.07084386050701141,0.07084386050701141,0.03380941169066127,0.025508812954316267,0.13640426099300385,150.41081757119318,406.76676475376945,0.0,149.8419452887538,407.1003039513678,143.0,408.0,0.0,0.7900092025930663,354,354,354
1,355,15.083906151354313,46.07593036442995,0.09659820608794689,0.014157496392726898,0.15834618043421386,0.15180827677249908,0.15369997918605804,0.1069780578110235,0.11102633822754206,0.10930196195840836,0.07846686989068985,0.07846686989068985,0.023500805893726193,0.0190132655857882,0.12572714313864708,1096.6125798310943,411.2426776656203,0.0,1096.501204819277,411.1301204819277,1098.0,418.0,0.0,0.7916082644804856,355,355,355
1,356,17.721389576792717,41.152890890836716,0.1326279118657112,0.0404198095202446,0.8493996696658235,0.27358654141426086,0.27358654141426086,0.17900393511911836,0.16935346045611818,0.16505084931850433,0.07864046096801758,0.07864046096801758,0.05383641576792711,0.04606500526841123,0.2095576860010624,374.3831587266593,408.2438172085638,0.0,373.57201646090533,407.9917695473251,376.0,420.0,0.0,0.8753847568578867,356,356,356
1,357,10.43182921409607,14.258136428892612,0.1026644017547369,0.010302037000656128,0.6008698894198049,0.1676410585641861,0.1676410585641861,0.11990608292064447,0.11981627251170263,0.12722141295671463,0.07919224351644516,0.07919224351644516,0.023117288862911818,0.021034444898783512,0.13337643817067146,395.88758952168,414.75330481049355,0.0,396.47899159663865,414.6470588235294,401.0,409.0,0.0,0.7290184371224037,357,357,357
1,358,5.654392663389444,5.654392663389444,0.06040469370782375,0.008586406707763672,0.6226785742353125,0.16614212095737457,0.16614212095737457,0.07249221363319801,0.07249221363319801,0.06892916560173035,0.052185822278261185,0.052185822278261185,0.01891880130237346,0.01891880130237346,0.07699768245220184,166.2848771037331,427.32297475109874,0.0,165.66666666666666,427.3974358974359,174.0,424.0,0.0,0.7938783682311807,358,358,358
1,359,14.663403525948524,33.240859754383564,0.11972004920244217,0.013291165232658386,0.4397127166054354,0.25861626863479614,0.25861626863479614,0.13577225486989375,0.13403572481606277,0.13033217191696167,0.07879598438739777,0.07879598438739777,0.040058845547321635,0.028737690363197732,0.14529766142368317,183.9094892363651,428.6678335818772,0.0,184.2701612903226,428.9193548387097,175.0,425.0,0.0,0.8057061995042478,359,359,359
1,360,16.888939909636974,24.13074554502964,0.13528378307819366,0.026918083429336548,1.2638583328124087,0.29016754031181335,0.29016754031181335,0.18765488788485526,0.16993482778189886,0.15896515548229218,0.09921509027481079,0.09921509027481079,0.050020162236499556,0.047656438541168716,0.19871165603399277,370.9588050356373,421.1760388498284,0.0,369.83098591549293,420.6056338028169,378.0,421.0,0.0,0.8266480223382335,360,360,360
1,361,11.282985784113407,14.358170978724957,0.10275831818580627,0.016880057752132416,1.1665392489258835,0.2172302007675171,0.2172302007675171,0.12968949177141847,0.123777336023491,0.11645566672086716,0.07952941954135895,0.07952941954135895,0.029062379005999055,0.027470313696704954,0.14364556968212128,388.32498370767917,430.5765240630154,0.0,388.86206896551727,431.61206896551727,383.0,427.0,0.0,0.7332781801555673,361,361,361
1,362,12.186319284141064,28.73349805921316,0.09013621136546135,0.01405634731054306,0.4142250137001229,0.17896737158298492,0.17896737158298492,0.10880642217983093,0.10642036318227097,0.10189005732536316,0.07824897766113281,0.07824897766113281,0.0282585529856978,0.020857385619775615,0.11827168613672256,1142.074773123336,426.06826490778917,0.0,1142.4888888888888,426.0777777777778,1136.0,431.0,0.0,0.7677272715523963,362,362,362
1,363,21.283132456243038,60.22437993437052,0.10054483264684677,0.01778605207800865,0.7064532052309096,0.25057950615882874,0.25057950615882874,0.13057136476222722,0.12572939443501152,0.11557763069868088,0.07828473299741745,0.07828473299741745,0.04553597989557064,0.03726038546017464,0.13796594366431236,364.6877177471841,437.96782293999905,0.0,365.21085594989563,438.4425887265136,376.0,432.0,0.0,0.8134208749987867,363,363,363
1,364,12.022101894021034,24.280838795006275,0.08964593708515167,0.014116186648607254,0.5024696296298294,0.17431779205799103,0.17431779205799103,0.10454001646974813,0.10511185625543842,0.10397153347730637,0.078140489757061,0.078140489757061,0.025309059416417385,0.019524017705780678,0.11799590289592743,1125.3321324437195,432.7651257453753,0.0,1124.9610389610389,433.1038961038961,1135.0,435.0,0.0,0.7606914990358378,364,364,364
1,365,18.649783469736576,38.971816048026085,0.08731517195701599,0.008761528879404068,1.256763999576287,0.3071923553943634,0.3071923553943634,0.1277382429434012,0.1079551691081055,0.09415369108319283,0.07880757749080658,0.07880757749080658,0.06226677420977929,0.04330003490354971,0.10451117157936096,798.6602680860559,445.622071296854,0.0,797.404432132964,445.6703601108033,808.0,451.0,0.0,0.6687851103735102,365,365,365
1,366,16.657401844859123,46.13532766699791,0.11980579048395157,0.01943996548652649,0.42644344586673444,0.23336224257946014,0.23336224257946014,0.124308968991486,0.14108662895106394,0.14596949517726898,0.07133950293064117,0.07133950293064117,0.03783900004304498,0.03193765852695959,0.1631009578704834,1236.4925223195185,440.67414428513456,0.0,1236.2538226299694,441.0275229357798,1244.0,431.0,0.0,0.857017605337279,366,366,366
1,367,16.667231611907482,46.867527455091476,0.11864599585533142,0.01999923586845398,0.9584499327309209,0.22630897164344788,0.22630897164344788,0.147497624884137,0.1394866888544389,0.13752666115760803,0.07852152734994888,0.07852152734994888,0.045557137953581496,0.03236688200873175,0.15990550816059113,102.29823673088276,442.4110728983468,0.0,102.66071428571429,441.5238095238095,107.0,450.0,0.0,0.8302561731393362,367,367,367
1,368,14.011652752757072,30.005642369389534,0.10614786297082901,0.014725551009178162,0.3506323311253767,0.1887119561433792,0.1887119561433792,0.11975771583553053,0.12297394413684236,0.1269216686487198,0.0783807560801506,0.0783807560801506,0.030012458896741406,0.02289578012694971,0.13926073908805847,171.38480321919255,449.44097677956995,0.0,171.40573770491804,449.7909836065574,163.0,446.0,0.0,0.764996684260162,368,368,368
1,369,19.739218555390835,45.88501238822937,0.08604801446199417,0.007980234920978546,0.97886360672857,0.30310559272766113,0.30310559272766113,0.11680010979521203,0.10428411906415766,0.09234420955181122,0.07818150520324707,0.07818150520324707,0.057286067064581066,0.03924638231408128,0.10111189633607864,817.6119333803566,444.95442080565056,0.0,818.5863636363637,444.86136363636365,809.0,449.0,0.0,0.7288801144715451,369,369,369
1,370,9.111531049013138,12.706807076931,0.07927488349378109,0.005916386842727661,0.5843738989712033,0.1311161369085312,0.1311161369085312,0.0867764861810775,0.08763315225469655,0.08421598747372627,0.05465098097920418,0.05465098097920418,0.017056835120663395,0.015045407416455499,0.09621664136648178,266.1437750378079,449.83789378889344,0.0,266.4344827586207,450.3448275862069,265.0,445.0,0.0,0.7206168109459671,370,370,370
1,371,11.761334016919136,24.151240684092045,0.08601498417556286,0.016405221074819565,0.108505114003587,0.21261665225028992,0.21261665225028992,0.11530719624430526,0.11446085632271111,0.09971504658460617,0.07861921936273575,0.07861921936273575,0.04324416070140131,0.03526569696667243,0.13832299038767815,303.1910532287412,451.43334005240405,0.0,303.22748815165875,451.53554502369667,300.0,448.0,0.0,0.7965297459687697,371,371,371
1,372,17.634870253503323,30.521196730434895,0.140008807182312,0.029114723205566406,0.9463459092870501,0.24219124019145966,0.24219124019145966,0.17289088483826787,0.16587606918714617,0.17204155027866364,0.08217793703079224,0.08217793703079224,0.045918439167996525,0.039679868705666664,0.19601456820964813,100.82540813792728,456.0307709988063,0.0,100.16847826086956,456.7119565217391,107.0,452.0,0.0,0.8745379222167873,372,372,372
1,373,15.427600026130676,42.17437842488289,0.0928536131978035,0.012755259871482849,0.3180465455305777,0.156524658203125,0.156524658203125,0.1021695365968919,0.10543594606220723,0.10362642258405685,0.07921962440013885,0.07921962440013885,0.02133084152996004,0.01617904026090713,0.11718533933162689,1335.2635214882148,457.6591964761514,0.0,1335.4875,457.885,1329.0,450.0,0.0,0.7520340407413869,373,373,373
1,374,12.527686685323715,19.126087456941605,0.10157761350274086,0.013504870235919952,0.37655135759965275,0.171770840883255,0.171770840883255,0.117081183974988,0.11806226825272595,0.12170176953077316,0.07897540926933289,0.07897540926933289,0.02404784435574845,0.020702882581510533,0.13316071778535843,1075.4694363887568,464.6288716159671,0.0,1075.3333333333333,464.27777777777777,1087.0,466.0,0.0,0.7048784963623088,374,374,374
1,375,15.524214662611485,39.26350259780884,0.11168528720736504,0.0191277414560318,0.9317838579193923,0.203645259141922,0.203645259141922,0.13268559540693575,0.13175672012687528,0.12909266352653503,0.07870244979858398,0.07870244979858398,0.04075239422934584,0.02987447310364922,0.15014006197452545,58.62802148609347,463.4343192526926,0.0,57.785234899328856,463.03691275167785,64.0,473.0,0.0,0.8881010201619557,375,375,375
1,376,13.109252378344536,23.04321923851967,0.11702008545398712,0.030514374375343323,1.032012334505115,0.21528539061546326,0.21528539061546326,0.15068106182005214,0.14771294383666453,0.14753445982933044,0.06533446907997131,0.06533446907997131,0.041831261800276937,0.036898308352089446,0.17716756463050842,115.91677338919085,459.6227881011937,0.0,116.94871794871794,459.63461538461536,111.0,460.0,0.0,0.8727943525402845,376,376,376
1,377,13.284156925976276,29.141693629324436,0.09195740334689617,0.009645044803619385,0.1416816291911933,0.18686926364898682,0.18686926364898682,0.10888653218013342,0.10520467014196547,0.10112589597702026,0.07863108068704605,0.07863108068704605,0.0270956453670664,0.02017834832119381,0.11222474277019501,218.1073701705124,463.7701327821525,0.0,218.028880866426,463.88808664259926,217.0,457.0,0.0,0.7126233792853977,377,377,377
1,378,18.3165020942688,62.93066897243261,0.11416064202785492,0.01198308914899826,0.5581830791635699,0.2596246302127838,0.2596246302127838,0.13876137950203635,0.13110556035923462,0.12374845147132874,0.08862826228141785,0.08832670003175735,0.03867869759788666,0.0266459133667676,0.141787588596344,237.3430165922568,462.05092278851583,0.0,237.63125,461.5729166666667,230.0,455.0,0.0,0.7627223255964061,378,378,378
1,379,15.707858391106129,51.031420558691025,0.08844045363366604,0.011709317564964294,0.37342049881582223,0.17825531959533691,0.17825531959533691,0.10984516357416874,0.10609442943594807,0.09794085845351219,0.07822182029485703,0.07822182029485703,0.034293945320270434,0.023956824970700653,0.11573099531233311,139.20454217122082,466.0600288300914,0.0,139.57796257796258,466.06029106029104,134.0,474.0,0.0,0.8118823261284933,379,379,379
1,380,8.494067884981632,14.344430021941662,0.10926768556237221,0.014722377061843872,0.9796930532051815,0.2196788638830185,0.2196788638830185,0.14396725228782428,0.13040390929037873,0.11796718835830688,0.07923536002635956,0.07923536002635956,0.04154658304044313,0.0344141237310856,0.15362583845853806,504.4787197620877,463.9840425263067,0.0,505.0,463.1545454545454,500.0,469.0,0.0,0.8777519953540158,380,380,380
1,381,10.791136920452118,19.84728568047285,0.09909036755561829,0.026046253740787506,0.9038166503601245,0.22387456893920898,0.22387456893920898,0.140144635330547,0.12972082144099903,0.12208276242017746,0.07820568978786469,0.07820568978786469,0.04439051584297661,0.03549220011015985,0.15584668517112732,490.44354360345386,469.50182144027383,0.0,489.54901960784315,469.37254901960785,496.0,465.0,0.0,0.8280044723964922,381,381,381
1,382,16.917634919285774,27.28465712070465,0.14781950414180756,0.02412743866443634,0.19720938356810155,0.2303602546453476,0.2303602546453476,0.16917634919285773,0.17052910700440407,0.17740388214588165,0.0821460634469986,0.0821460634469986,0.037294195182712306,0.03356260125691853,0.19897201657295227,71.62925365340432,467.94908847148974,0.0,71.6875,468.1375,66.0,472.0,0.0,0.9028667998732246,382,382,382
1,383,12.02960654348135,18.673515133559704,0.08338569104671478,0.012162722647190094,0.4570986753173403,0.21627481281757355,0.21627481281757355,0.11348685418378632,0.10609951780431649,0.09363745898008347,0.07833197712898254,0.07833197712898254,0.03745139899014,0.031157981410596537,0.12024874240159988,792.511243321188,471.83913862324926,0.0,792.0568181818181,471.78977272727275,796.0,473.0,0.0,0.8796051112309035,383,383,383
1,384,10.78355810791254,15.755280263721943,0.08592359349131584,0.007833834737539291,0.665105422998296,0.21399980783462524,0.21399980783462524,0.11232873029075563,0.10574013599813384,0.09258009120821953,0.07840295135974884,0.07840295135974884,0.03833776654707039,0.03242211697768754,0.10441532917320728,800.4289077477487,475.764810427799,0.0,800.8926174496644,476.241610738255,797.0,475.0,0.0,0.8311749420932552,384,384,384
1,385,13.79411868005991,31.452418372035027,0.0850292295217514,0.0058952197432518005,0.3941242778868069,0.17183206975460052,0.17183206975460052,0.09783062893659511,0.09531035870313645,0.08996906876564026,0.0786881372332573,0.0786881372332573,0.02380948019037332,0.017442347286607734,0.0965862050652504,815.5157355258762,475.6681092264673,0.0,815.5515151515151,476.06060606060606,815.0,468.0,0.0,0.7462295257004529,385,385,385
1,386,15.477450534701347,29.790491983294487,0.13242273405194283,0.02128645032644272,0.39627341995670795,0.25604450702667236,0.25604450702667236,0.1579331687214423,0.15435488074245848,0.15564819425344467,0.07888421416282654,0.07888421416282654,0.04488246750477213,0.03590266759129644,0.1764294095337391,112.80398691265482,478.2872377931325,0.0,112.57512953367876,477.9637305699482,112.0,482.0,0.0,0.8049501687522226,386,386,386
1,387,13.899408243596554,26.671430349349976,0.13106244057416916,0.013934604823589325,0.7332709203611157,0.20506934821605682,0.20506934821605682,0.15274074992963246,0.14416989378027015,0.1452801749110222,0.09222889691591263,0.09222889691591263,0.024064911431626843,0.021335287657159308,0.15911582112312317,514.3944720305935,471.6224597014093,0.0,514.7243243243244,470.9675675675676,506.0,471.0,0.0,0.8111869252997911,387,387,387
1,388,13.907050650566816,34.395182494074106,0.10852612182497978,0.010382145643234253,0.5485494445924336,0.1994900107383728,0.1994900107383728,0.11785636144548149,0.11860407756577278,0.1163380891084671,0.04817287623882294,0.04817287623882294,0.03219991168024313,0.021873956025120985,0.13003292679786682,1090.7633560735626,477.2713925208345,0.0,1090.8655172413794,477.8103448275862,1088.0,467.0,0.0,0.7623089477404591,388,388,388
1,389,15.77512676268816,23.767430134117603,0.14481353387236595,0.01594332605600357,0.8065711706619438,0.21703702211380005,0.21703702211380005,0.164324237111335,0.15740019956369275,0.16145436465740204,0.08734416961669922,0.08734416961669922,0.031690198039141644,0.02843997939411516,0.17733512818813324,84.4442335290101,476.3618290114623,0.0,85.10596026490066,475.9006622516556,76.0,473.0,0.0,0.8535482651648356,389,389,389
1,390,11.459799900650978,15.187275007367134,0.11347096413373947,0.02699802815914154,1.0443976234277235,0.18646426498889923,0.18646426498889923,0.14147901111914787,0.13560066970863513,0.1346912682056427,0.07982538640499115,0.07982538640499115,0.032061960633745626,0.02951847989505575,0.1636129766702652,494.4121841428391,483.4588359054355,0.0,493.5357142857143,484.0267857142857,496.0,476.0,0.0,0.7690646568725809,390,390,390
1,391,15.13989170640707,26.468824550509453,0.1290535032749176,0.013132140040397644,0.628147795146692,0.21779973804950714,0.21779973804950714,0.14282916704157614,0.14079161994951836,0.13976150751113892,0.0791439563035965,0.0791439563035965,0.03490322117119678,0.027492618279945365,0.1554940640926361,529.3178375686966,478.2117679243105,0.0,529.8244680851063,477.8404255319149,530.0,488.0,0.0,0.856222562155557,391,391,391
1,392,16.931354075670242,36.02414170652628,0.13869604468345642,0.021149761974811554,0.4732132016532398,0.2694509029388428,0.2694509029388428,0.16125099119685946,0.16010729647345012,0.16132935881614685,0.0796816423535347,0.0796816423535347,0.046734271976406706,0.035383113785740564,0.18055912107229233,108.47782428092073,489.4600760870012,0.0,108.56888888888889,489.9244444444444,111.0,483.0,0.0,0.8582548146745812,392,392,392
1,393,13.079330317676067,24.67457391321659,0.09561801142990589,0.020904846489429474,0.4386889144153802,0.19321589171886444,0.19321589171886444,0.12338990865732138,0.11920084016046663,0.11454447731375694,0.07940378785133362,0.07940378785133362,0.033730239508450104,0.027726367667508613,0.1415966898202896,1341.2686235529527,485.49614452534036,0.0,1340.855072463768,485.64251207729467,1336.0,486.0,0.0,0.7428626829764399,393,393,393
1,394,13.970156267285347,26.00553224235773,0.10837159305810928,0.025504350662231445,1.0000316961821787,0.24076488614082336,0.24076488614082336,0.14402222955964275,0.1368712223281986,0.13710203766822815,0.07912787050008774,0.07912787050008774,0.04501366997663958,0.03578031361280269,0.15831688791513443,66.54698870595003,490.4733599591703,0.0,65.94736842105263,491.2736842105263,75.0,487.0,0.0,0.735092627330263,394,394,394
1,395,14.965860292315483,22.535767041146755,0.12756503745913506,0.024822629988193512,1.2162013669176586,0.22771243751049042,0.22771243751049042,0.15428721950840704,0.15124675866541445,0.15405116975307465,0.07986795902252197,0.07986795902252197,0.040994605916006135,0.03652935018468978,0.17490863427519798,88.58678727019084,492.0359835014233,0.0,88.48993288590604,493.248322147651,87.0,486.0,0.0,0.7599434428360972,395,395,395
1,396,12.819929860532284,32.06623271852732,0.09181264601647854,0.01196344569325447,0.7928513897901749,0.14612562954425812,0.14612562954425812,0.10174547508358955,0.10445026944145706,0.10407701879739761,0.0781516432762146,0.0781516432762146,0.017535070771214824,0.014515133832414616,0.11521965451538563,248.97386083097376,488.39342004089553,0.0,249.23127035830618,489.14332247557,248.0,483.0,0.0,0.8499130338686504,396,396,396
1,397,10.549273371696472,21.208617389202118,0.08681465312838554,0.00961882621049881,0.49996338123581757,0.1473712921142578,0.1473712921142578,0.0967823245109768,0.09728723573028494,0.0952998623251915,0.06595807522535324,0.06595807522535324,0.0184203784018825,0.01490611055744951,0.10654118657112122,230.18361954877915,487.27223176235066,0.0,230.10550458715596,487.76605504587155,220.0,490.0,0.0,0.7966084693865925,397,397,397
1,398,12.743704967200756,22.698840260505676,0.1221650093793869,0.018008850514888763,0.9711767593672472,0.22602252662181854,0.22602252662181854,0.14647936743908915,0.14098658546897935,0.1430433988571167,0.0790475532412529,0.0790475532412529,0.037046941020715575,0.030263929455542363,0.15930812433362007,504.5624916552516,497.5268538394702,0.0,504.51552795031057,498.4968944099379,501.0,488.0,0.0,0.779055062070338,398,398,398
1,399,16.59394732117653,20.65352563560009,0.15154076367616653,0.010339811444282532,0.7348113159006189,0.23818114399909973,0.23818114399909973,0.16593947321176528,0.16262618610708732,0.1581915095448494,0.11649113148450851,0.11649113148450851,0.023714455400702477,0.02243250571385524,0.17300521582365036,520.0654629611591,495.9807314552815,0.0,519.4803149606299,496.4251968503937,525.0,486.0,0.0,0.7599425890486045,399,399,399
1,400,15.374821715056896,40.51256908476353,0.09902118891477585,0.009738840162754059,0.2756249973865727,0.18287433683872223,0.18287433683872223,0.11305015966953601,0.11069007946656702,0.10978991538286209,0.07856784015893936,0.07856784015893936,0.026932848870673248,0.018942713689014068,0.1175900511443615,368.0939641411028,500.8272026324938,0.0,368.1885245901639,500.56830601092895,359.0,498.0,0.0,0.743095049273809,400,400,400
1,401,12.876066125929356,17.7893917709589,0.08223590441048145,0.008360542356967926,1.1987647959794177,0.23083175718784332,0.23083175718784332,0.11922283449934588,0.10913737282796872,0.0882965438067913,0.07562405616044998,0.07562405616044998,0.04713839426756788,0.04121129301653115,0.11706489324569702,824.4072674759328,494.9508301915484,0.0,824.5950920245399,493.76687116564415,820.0,501.0,0.0,0.7507417644994501,401,401,401
1,402,7.7556214183568954,9.166459329426289,0.10656225681304932,0.04031839966773987,0.8678847008777469,0.22743673622608185,0.22743673622608185,0.1491465657376326,0.1454993544353379,0.14644550532102585,0.07814333587884903,0.07814333587884903,0.04877261990015383,0.04566003222082032,0.1859702505171299,534.2438150069648,499.96846606145914,0.0,535.1111111111111,499.93650793650795,531.0,503.0,0.0,0.9087180076709293,402,402,402
1,403,7.971100978553295,11.316137932240963,0.09797598607838154,0.03549749031662941,0.8329180807826655,0.26641130447387695,0.26641130447387695,0.15329040343371722,0.14324225230684764,0.12478535994887352,0.07815656810998917,0.07815656810998917,0.06631106427192945,0.05695445219229603,0.18234819173812866,1216.8884924316656,499.1594361734011,0.0,1216.8227848101267,498.32911392405066,1215.0,502.0,0.0,0.8955569103956412,403,403,403
1,404,10.021104998886585,10.373647034168243,0.07901187613606453,0.02036227285861969,1.1370551110152405,0.21080617606639862,0.21080617606639862,0.12220859754739738,0.12062380272288654,0.09534075856208801,0.0704478845000267,0.0704478845000267,0.04854423827351401,0.04796762685432275,0.1729332134127617,821.9339608994073,504.6166601457863,0.0,821.5813953488372,505.69767441860466,825.0,501.0,0.0,0.8624882358173079,404,404,404
1,405,14.48363709449768,37.505770452320576,0.10684908181428909,0.01812085509300232,0.259381442326267,0.19868044555187225,0.19868044555187225,0.11871833684014492,0.12501923484106858,0.12659214437007904,0.07854808121919632,0.07854808121919632,0.03155902326752808,0.025092475618433155,0.14275197684764862,1146.3249700142342,502.77392409763894,0.0,1146.4666666666667,502.5566666666667,1143.0,496.0,0.0,0.8335074461077776,405,405,405
1,406,8.453474223613739,15.928063116967678,0.10951686650514603,0.011997044086456299,0.5871246476830324,0.20738837122917175,0.20738837122917175,0.1300534495940575,0.12845212191102967,0.13049620389938354,0.04942807927727699,0.04942807927727699,0.04350584675346058,0.032306636117347666,0.1369594782590866,520.9305124272313,509.720392188411,0.0,520.8951612903226,510.30645161290323,527.0,503.0,0.0,0.883794822394451,406,406,406
1,407,14.075999990105629,33.444056302309036,0.13061243668198586,0.008681707084178925,0.49253325711577006,0.17285862565040588,0.19091041386127472,0.13534615375101566,0.1387720178519047,0.13759059458971024,0.07844197750091553,0.07844197750091553,0.016269492595925267,0.01624160633382183,0.14729483053088188,1135.4841106849635,510.45520627615,0.0,1135.850622406639,510.7842323651452,1125.0,502.0,0.0,1.0329999986184593,407,407,407
1,408,10.049430958926678,20.09733171015978,0.08533745259046555,0.008714072406291962,0.3649802813952784,0.16239048540592194,0.16239048540592194,0.09480595244270451,0.09570157957218942,0.09402977675199509,0.03730592504143715,0.03730592504143715,0.027045682046898462,0.020079458849619043,0.10276028886437416,990.5653720192273,506.60428582890694,0.0,990.8285714285714,506.85714285714283,991.0,501.0,0.0,0.7640461003781561,408,408,408
1,409,13.16009109467268,28.975022725760937,0.09688172861933708,0.018306158483028412,0.3454966338174696,0.21167634427547455,0.21167634427547455,0.11963719176975164,0.11778464522667048,0.11325379461050034,0.07898924499750137,0.07898924499750137,0.037345811984369155,0.02789490407094769,0.13250777125358582,1202.3114351409229,513.4474986124181,0.0,1202.2967479674796,513.7926829268292,1196.0,511.0,0.0,0.7348730058656439,409,409,409
1,410,14.938141226768494,25.55566255748272,0.10085929930210114,0.016821332275867462,0.9526928986374169,0.26152303814888,0.26152303814888,0.13457784888980626,0.1252728556739349,0.11731874197721481,0.07815656810998917,0.07815656810998917,0.048670532386897,0.038613742432840874,0.13648122549057007,1219.1464922684136,507.3966017395465,0.0,1219.9068627450981,507.97058823529414,1215.0,503.0,0.0,0.7931735527580812,410,410,410
1,411,13.468609116971493,31.06061616539955,0.09675055183470249,0.011881396174430847,0.6104650685677718,0.22762620449066162,0.22762620449066162,0.12706235016010842,0.11546697459256339,0.10778768360614777,0.07816215604543686,0.07816215604543686,0.0367261430878102,0.02804935735557061,0.12205868773162365,1296.4837358498494,503.88546443666013,0.0,1296.4944237918216,503.275092936803,1294.0,515.0,0.0,0.7216904707297694,411,411,411
1,412,14.389981374144554,26.344248794019222,0.09948600828647614,0.01850094646215439,0.9469273758039968,0.16151010990142822,0.16151010990142822,0.11511985099315643,0.11760825354472867,0.1205536350607872,0.07011672854423523,0.07011672854423523,0.025080564346768076,0.021784759772971438,0.13444587588310242,1263.2033717349111,510.05996915432763,0.0,1262.950892857143,509.14732142857144,1261.0,522.0,0.0,0.7658190541904041,412,412,412
1,413,7.809268541634083,12.996542043983936,0.10356718301773071,0.009045656770467758,0.7932419459024503,0.18616299331188202,0.18616299331188202,0.12595594421990455,0.11923433067875171,0.11252056434750557,0.08125331997871399,0.08125331997871399,0.02790200561549518,0.0240446862069045,0.127116609364748,365.14772388250816,515.8431690442869,0.0,364.43119266055044,516.183486238532,374.0,512.0,0.0,0.9051400701771865,413,413,413
1,414,8.717687368392944,21.997575141489506,0.1012733168900013,0.008330486714839935,0.6639636262364665,0.18818651139736176,0.18818651139736176,0.12278432913229499,0.11397707327196635,0.10902749001979828,0.08680526912212372,0.08680526912212372,0.029557360582491667,0.021095191401523532,0.11899062432348728,385.1617416611718,513.4689852617255,0.0,385.8134715025907,513.5958549222798,375.0,513.0,0.0,0.9157606116001981,414,414,414
1,415,7.855769000947475,14.302978783845901,0.1309203766286373,0.011300086975097656,0.15346635107142578,0.19413797557353973,0.19413797557353973,0.1378205087885522,0.14161365132520695,0.1420339271426201,0.09386269748210907,0.09386269748210907,0.016941502321069606,0.016722851220265154,0.15283753722906113,1122.5848514028853,508.53471678580576,0.0,1122.6237623762377,508.6831683168317,1120.0,512.0,0.0,1.0352244267864033,415,415,415
1,416,12.992762885987759,26.142076656222343,0.09224462509155273,0.012492038309574127,0.6482983365135236,0.22011327743530273,0.22011327743530273,0.11298054683467616,0.10984065821942161,0.10718954354524612,0.07903631776571274,0.07903631776571274,0.032406691489896416,0.0242715839689584,0.11780506744980812,1310.9575776126076,514.0700750321655,0.0,1311.5210084033613,514.390756302521,1306.0,509.0,0.0,0.677028099137701,416,416,416
1,417,9.133481502532959,18.325720988214016,0.12329348921775818,0.013632923364639282,0.4286447579537073,0.18512585759162903,0.18512585759162903,0.13236929713815881,0.1377873758512332,0.13235998898744583,0.10955759137868881,0.10955759137868881,0.01759275354534963,0.019065652848631817,0.15078024566173553,1133.374006839429,526.1182310861946,0.0,1133.0526315789473,525.8345864661654,1134.0,532.0,0.0,1.0279697015506608,417,417,417
1,418,14.844401806592941,35.51936201006174,0.10939313471317291,0.013663753867149353,0.7042226945665698,0.20542049407958984,0.20542049407958984,0.12068619354953611,0.12290436681682264,0.12149756401777267,0.07967279106378555,0.07967279106378555,0.030268785741297283,0.02290245734120372,0.13518397882580757,1113.6118454821617,517.2198805796095,0.0,1113.629757785467,517.923875432526,1119.0,513.0,0.0,0.8540197302852028,418,418,418
1,419,15.1491130143404,32.45757817476988,0.09445472434163094,0.009856924414634705,0.9187013577728649,0.14917907118797302,0.14917907118797302,0.10447664147820966,0.10470186507990284,0.10427635163068771,0.07890184223651886,0.07890184223651886,0.017901156484599116,0.014809281774951215,0.11406783759593964,1281.3890110832301,518.5840397651006,0.0,1281.4935483870968,519.4967741935484,1282.0,510.0,0.0,0.7496455587519932,419,419,419
1,420,12.50091589987278,16.199983313679695,0.10316180810332298,0.018383674323558807,0.9654999371467894,0.20494118332862854,0.20494118332862854,0.12756036632523246,0.12461525625907457,0.12132780998945236,0.0736977607011795,0.0736977607011795,0.03095201615299792,0.02818410487217735,0.14145857095718384,434.9189853247667,523.4868411122508,0.0,435.1,522.5384615384615,433.0,532.0,0.0,0.731238851981844,420,420,420
1,421,10.323290318250656,19.363873355090618,0.09747499227523804,0.008006945252418518,0.33235605953007546,0.17058123648166656,0.17058123648166656,0.10642567338402738,0.10523844214723162,0.10353640466928482,0.07967211306095123,0.07967211306095123,0.017988814104444775,0.014397974953826356,0.11182305961847305,374.00219136113634,528.0122200805844,0.0,374.25,528.2336956521739,366.0,525.0,0.0,0.7928497350184086,421,421,421
1,422,20.32083446532488,59.276136197149754,0.11025618016719818,0.03004642203450203,0.7061010836593984,0.36503517627716064,0.36503517627716064,0.1638776973010071,0.14782078852157046,0.13843312114477158,0.07815299183130264,0.07815299183130264,0.08235687905023051,0.05229435839528773,0.16921115294098854,676.2295261288094,526.0111367575367,0.0,676.8827930174564,525.7431421446385,673.0,532.0,0.0,0.799100527353753,422,422,422
1,423,9.601690791547298,15.170683734118938,0.11292373761534691,0.017634611576795578,1.240544392120261,0.23599287867546082,0.23599287867546082,0.15240779034202062,0.13667282643350395,0.12444930151104927,0.08210784941911697,0.08210784941911697,0.04234975396103859,0.03725306336056144,0.15915628522634506,421.97123134428807,522.5574644048605,0.0,421.31531531531533,521.5045045045046,425.0,530.0,0.0,0.866123286808994,423,423,423
1,424,13.281941890716553,25.12645585089922,0.09925660863518715,0.023185670375823975,0.6049848845766571,0.20004019141197205,0.20004019141197205,0.12185267789648213,0.12197308665485058,0.11668887734413147,0.07837621867656708,0.07837621867656708,0.03370465027201129,0.02798972738030905,0.1466393768787384,1260.5055530238608,529.4096453198434,0.0,1260.514563106796,530.0145631067961,1250.0,526.0,0.0,0.7099726014716813,424,424,424
1,425,14.44330471381545,20.08851855620742,0.08896869048476219,0.01770179718732834,2.739695509920292,0.3347533047199249,0.3347533047199249,0.12559395403317783,0.1210151720253459,0.10316849499940872,0.06183140352368355,0.06183140352368355,0.07078702147210375,0.059803329010497654,0.12435281276702881,659.5499581747467,532.0685232530202,0.0,657.2289156626506,533.5240963855422,672.0,531.0,0.0,0.6788064888913998,425,425,425
1,426,11.366805374622345,21.031281888484955,0.10692498460412025,0.017870180308818817,0.9524562166252227,0.23813514411449432,0.23813514411449432,0.14033093055089316,0.1290262692545089,0.12358883023262024,0.0782611295580864,0.0782611295580864,0.04408281763114813,0.03411424843183361,0.14339183643460274,417.7192606658724,531.6374632786702,0.0,416.77914110429447,531.4846625766871,425.0,531.0,0.0,0.8699622890958212,426,426,426
1,427,8.570393644273281,17.559219896793365,0.08392103016376495,0.013752937316894531,0.7177657422719805,0.20014186203479767,0.20014186203479767,0.11903324505935113,0.10839024627650226,0.09561480581760406,0.07943456619977951,0.07943456619977951,0.04006305181762608,0.03185030013944192,0.1206739954650402,356.2861757780368,531.6912301514461,0.0,355.6604938271605,531.3395061728395,362.0,535.0,0.0,0.8721694134980102,427,427,427
1,428,11.882533416152,22.76204641163349,0.08482322841882706,0.008278824388980865,0.4697526100830078,0.17221948504447937,0.17221948504447937,0.10243563289786208,0.09983353689312935,0.09179210662841797,0.07814333587884903,0.07814333587884903,0.026457183181358652,0.021923897663686173,0.10547986626625061,390.6224942191622,533.0677394994445,0.0,390.43859649122805,533.5,397.0,528.0,0.0,0.7876706767847396,428,428,428
1,429,9.794965043663979,17.035768762230873,0.09256602823734283,0.008258432149887085,0.49675872981959135,0.21239544451236725,0.21239544451236725,0.11130642095072703,0.10647355476394296,0.10076377540826797,0.07995904982089996,0.07995904982089996,0.03181362930667903,0.024839584269528397,0.10902220755815506,368.49559472932197,541.1472443032153,0.0,368.7,541.6,363.0,536.0,0.0,0.8208767001187338,429,429,429
1,430,12.497007422149181,18.25992315262556,0.1274743676185608,0.015020288527011871,1.3070081379691496,0.2549329102039337,0.2549329102039337,0.16443430818617344,0.15216602627187967,0.13865555822849274,0.08157487213611603,0.08157487213611603,0.0453288022881368,0.03982808277321134,0.16980071365833282,425.9620490092612,542.6119727941729,0.0,424.8666666666667,543.325,435.0,537.0,0.0,0.8747686695488295,430,430,430
1,431,10.54264272004366,18.78122056275606,0.10211710631847382,0.015288718044757843,1.202053655792174,0.26224079728126526,0.26224079728126526,0.15060918171490942,0.13042514279691708,0.11250441521406174,0.08334118872880936,0.08334118872880936,0.05844166817904496,0.04600747625880576,0.1366800218820572,1308.270395271128,532.7497734394149,0.0,1308.6944444444443,531.625,1307.0,541.0,0.0,0.8701237557915134,431,431,431
1,432,14.518291488289833,20.898687832057476,0.11282892152667046,0.01724308729171753,1.1935646413707306,0.25332140922546387,0.25332140922546387,0.14518291488289833,0.13659273092848023,0.12770876288414001,0.0792405903339386,0.0792405903339386,0.04452277545192177,0.03851123629875162,0.14693349599838257,437.83601714826204,546.5852103390267,0.0,438.7712418300654,547.3267973856209,434.0,540.0,0.0,0.8175613059491436,432,432,432
1,433,7.661476992070675,17.798897236585617,0.08049212768673897,0.007616203278303146,0.5614249856059047,0.13678838312625885,0.13678838312625885,0.0841920548579195,0.08944169465620913,0.08864064142107964,0.056708697229623795,0.056708697229623795,0.016849301412227926,0.015732749274661433,0.09545140154659748,664.3491252797509,547.1937959208464,0.0,663.7889447236181,547.2311557788945,676.0,546.0,0.0,1.0563541981806406,433,433,433
1,434,19.80870596319437,40.17468222230673,0.10030609369277954,0.008961096405982971,0.39143810566910375,0.2596183717250824,0.2596183717250824,0.12458305637229164,0.11678686692531026,0.11052298545837402,0.07852152734994888,0.07852152734994888,0.04715391400286741,0.033499491425125656,0.11864599585533142,1307.5086184523993,544.0723033790791,0.0,1307.7703488372092,544.3633720930233,1307.0,542.0,0.0,0.7899879336809053,434,434,434
1,435,13.070229217410088,26.60198875516653,0.08601499535143375,0.011951196938753128,0.48050697657209995,0.20958951115608215,0.20958951115608215,0.11076465438483125,0.10683529620548808,0.09673486649990082,0.07814333587884903,0.07814333587884903,0.03941670868472248,0.030857349232057543,0.11086523719131947,344.8939216534922,548.6844393853506,0.0,345.2931726907631,548.9518072289156,338.0,547.0,0.0,0.7382975853265403,435,435,435
1,436,12.7046425268054,33.6218156516552,0.09639360010623932,0.008837658911943436,0.47054779748828707,0.20324060320854187,0.20324060320854187,0.11343430827504822,0.10951731482623843,0.10355272144079208,0.07835561782121658,0.07835561782121658,0.03076975095777394,0.021875374217382774,0.1157592236995697,372.84464627558407,556.5329922288648,0.0,373.27361563517917,556.7263843648209,374.0,551.0,0.0,0.8175821004762537,436,436,436
1,437,18.542833395302296,49.15895254164934,0.12536612153053284,0.05605499446392059,2.1860345808921653,0.3486057221889496,0.3486057221889496,0.1655610124580562,0.18207019459870127,0.1793181300163269,0.03692634031176567,0.03692634031176567,0.09177504648709402,0.07787750632426592,0.23891889303922653,947.6691113219197,548.1122215050319,0.0,946.3851851851852,549.8814814814815,955.0,543.0,0.0,0.9474149372162289,437,437,437
1,438,19.535527028143406,46.94496862590313,0.12242818996310234,0.007419422268867493,0.6193465700832628,0.2841430604457855,0.2841430604457855,0.14156179005901018,0.1345128040856823,0.13228106498718262,0.07863108068704605,0.07863108068704605,0.04238618820343647,0.028302042709271245,0.1390732228755951,1189.9735749145777,554.7172732466734,0.0,1190.2263610315185,554.1518624641834,1185.0,560.0,0.0,0.7601452828300241,438,438,438
1,439,17.61312784999609,45.93934743106365,0.12673255801200867,0.009660542011260986,0.8066900360632997,0.1944182962179184,0.1944182962179184,0.13760256132809445,0.1351157277384225,0.13941577076911926,0.07818453013896942,0.07818453013896942,0.024644627591741217,0.01948950156816004,0.14698897302150726,1207.9029577338624,552.071713547488,0.0,1208.2117647058824,551.3264705882353,1217.0,560.0,0.0,0.7634110730951361,439,439,439
1,440,14.492508560419083,38.22272499650717,0.13359420746564865,0.0444132462143898,1.7859793077997745,0.3472107946872711,0.3472107946872711,0.1906909021107774,0.18465084539375443,0.18445421755313873,0.07874781638383865,0.07874781638383865,0.08007299346102907,0.06465051720703857,0.21337834745645523,962.275975054472,550.8512592398383,0.0,963.1111111111111,552.4299516908212,960.0,543.0,0.0,0.9659756846616672,440,440,440
1,441,14.41602922976017,32.80169115960598,0.09746995568275452,0.016748696565628052,0.7193758700843209,0.27207380533218384,0.27207380533218384,0.12216973923525568,0.11884670710002167,0.11514725536108017,0.07815732806921005,0.07815732806921005,0.0427768471973083,0.03187858528938811,0.13020138442516327,427.48507295580583,560.6671790577143,0.0,427.7282608695652,561.3442028985507,419.0,559.0,0.0,0.6900330154660417,441,441,441
1,442,16.80247075855732,33.05620068311691,0.11167821288108826,0.01200452446937561,0.6890865663203014,0.2705964148044586,0.2705964148044586,0.13335294252823268,0.13014252237447604,0.1269949972629547,0.07558918744325638,0.07558918744325638,0.04828229988941056,0.03522806993344781,0.13827241957187653,1178.609369874686,565.3869460077751,0.0,1178.1299212598426,565.8818897637796,1179.0,556.0,0.0,0.6739957193938245,442,442,442
1,443,10.953153319656849,21.0395894870162,0.09768010675907135,0.007339756935834885,0.15998435842413994,0.1557367742061615,0.1557367742061615,0.10634129436560047,0.1067999466346,0.10711762309074402,0.07820568978786469,0.07820568978786469,0.020810317288664594,0.016242735491977578,0.11333156190812588,349.95652080240086,563.7440469807027,0.0,349.9441624365482,563.9035532994924,345.0,567.0,0.0,0.8236569468222406,443,443,443
1,444,18.469457127153873,43.47942777723074,0.1279764175415039,0.012472853064537048,0.09582782224522994,0.20311571657657623,0.20311571657657623,0.13383664584894112,0.13846951521411063,0.14205123484134674,0.07910816371440887,0.07910816371440887,0.028427238603217456,0.02258519089451926,0.15354274958372116,1297.2614715993639,567.3684351225381,0.0,1297.2770700636943,567.2738853503184,1290.0,561.0,0.0,0.766873413491178,444,444,444
1,445,12.862450234591961,26.619406796991825,0.10674837604165077,0.013893302530050278,0.2841258428655052,0.20967994630336761,0.20967994630336761,0.12249952604373296,0.12267007740549228,0.12210158631205559,0.07936171442270279,0.07936171442270279,0.0317070236300515,0.024510136554810463,0.13410256430506706,556.8388331381112,569.3786575950668,0.0,557.0783410138249,569.2258064516129,555.0,563.0,0.0,0.7978432656997054,445,445,445
1,446,14.475544542074203,23.33801583200693,0.08863918855786324,0.026112407445907593,1.4317945530654703,0.1681043952703476,0.17108552157878876,0.11309019173495471,0.11786876682831783,0.10674019902944565,0.06377582997083664,0.06377582997083664,0.03323187431797041,0.03180428582018274,0.15213024616241455,1215.639334506969,568.4084969186904,0.0,1217.0707070707072,568.3737373737374,1206.0,573.0,0.0,0.8093687765158883,446,446,446
1,447,16.472586952149868,36.568114660680294,0.09083990938961506,0.02631019428372383,0.8415450055560943,0.33810093998908997,0.33810093998908997,0.17524028672499858,0.1456896998433478,0.11056812107563019,0.07822182774543762,0.07822182774543762,0.09089183110958796,0.07010018825136274,0.1997414045035839,293.3876677253597,580.431159331846,0.0,293.39442231075697,579.589641434263,297.0,583.0,0.0,0.8375558663968945,447,447,447
1,448,13.385836213827133,40.43800225108862,0.10321045480668545,0.013989005237817764,0.5632758273680486,0.1902889460325241,0.1902889460325241,0.1216894201257012,0.11858651686536252,0.11821906641125679,0.078375443816185,0.078375443816185,0.033151258094457584,0.022204879050082123,0.13165843859314919,535.3870259923565,574.4217773699071,0.0,534.9354838709677,574.0850439882698,533.0,571.0,0.0,0.8498114363951146,448,448,448
1,449,16.598712168633938,33.61923584342003,0.10572739876806736,0.01779276505112648,0.9472188846636335,0.20647059381008148,0.20647059381008148,0.11941519545779812,0.12405622082442815,0.12854411453008652,0.04468194395303726,0.04468194395303726,0.033604415207056676,0.026644007728964664,0.14228065684437752,1283.1979049394458,581.0383085424529,0.0,1283.0516605166051,581.9741697416974,1290.0,575.0,0.0,0.7294229695613365,449,449,449
1,450,11.393893107771873,20.222059689462185,0.09674973785877228,0.010624051094055176,0.46598639627028504,0.17543438076972961,0.17543438076972961,0.11062032143467838,0.10990249831229448,0.10734400898218155,0.07835114747285843,0.07835114747285843,0.024398064606253336,0.01932923509268813,0.11988620460033417,562.2609088989498,584.202495434067,0.0,562.6195652173913,584.5,565.0,577.0,0.0,0.7934445050832286,450,450,450
1,451,14.67930468171835,21.795316837728024,0.09928693622350693,0.024171605706214905,1.5957249711855894,0.3468802571296692,0.3468802571296692,0.16872764001975113,0.14339024235347383,0.12345854192972183,0.08417805284261703,0.08417805284261703,0.07650072952637293,0.06617467218056473,0.1427709311246872,299.1877813364098,587.8731222869446,0.0,300.7828947368421,587.828947368421,297.0,584.0,0.0,0.7778163522285689,451,451,451
1,452,10.620223019272089,19.43463198468089,0.09924045577645302,0.00956975668668747,0.7352913477492019,0.20212434232234955,0.20212434232234955,0.1141959464437859,0.11169328726828098,0.10843448340892792,0.04345656931400299,0.04345656931400299,0.03729904013219855,0.028097447602280348,0.11802277714014053,545.2701641122122,591.5402857426598,0.0,545.580459770115,592.2068965517242,539.0,587.0,0.0,0.7926592800306115,452,452,452
1,453,13.259728915989399,33.81918181478977,0.0882608350366354,0.009833741933107376,0.1355387002243581,0.20036442577838898,0.20036442577838898,0.10121930470220915,0.10095278153668588,0.09882058203220367,0.07861921936273575,0.07861921936273575,0.027065352179241074,0.018331378681408557,0.10745375975966454,484.9838802683299,590.3348949134489,0.0,485.0805970149254,590.4298507462687,481.0,584.0,0.0,0.7387733724165557,453,453,453
1,454,17.689300268888474,38.35629099607468,0.09417586773633957,0.02652858942747116,1.0985608088331686,0.37845614552497864,0.37845614552497864,0.17867980069584316,0.1452889810457374,0.11429274827241898,0.07860366255044937,0.07860366255044937,0.10070230040679072,0.07272095027719887,0.17102184891700745,1202.5899326444187,592.8760506326722,0.0,1201.5,592.7386363636364,1207.0,592.0,0.0,0.7568068599127092,454,454,454
1,455,12.243742190301418,25.245285592973232,0.10937977582216263,0.02143842726945877,1.4296747319455863,0.357023686170578,0.357023686170578,0.19434511413176855,0.1558350962529212,0.12556782364845276,0.08445709943771362,0.08445709943771362,0.0947322008985157,0.0709608919289487,0.17645440250635147,1216.2978411051436,590.6022803541782,0.0,1217.5185185185185,589.858024691358,1215.0,597.0,0.0,0.8455805052314529,455,455,455
1,456,13.281332358717918,23.079864002764225,0.08621390536427498,0.015254780650138855,0.6151067894739576,0.19084469974040985,0.19084469974040985,0.11351566118562323,0.10784983178861787,0.10150948911905289,0.07938466966152191,0.07938466966152191,0.03262607751368807,0.026699960586147816,0.11582019925117493,401.3447541795557,598.8842587334092,0.0,401.94392523364485,599.0233644859813,396.0,597.0,0.0,0.8567143283471573,456,456,456
1,457,10.25564519315958,15.280921302735806,0.08865693584084511,0.023156531155109406,1.0571419187394797,0.3398931324481964,0.3398931324481964,0.16024445614311844,0.13891746638850733,0.10752423107624054,0.07824897766113281,0.07824897766113281,0.08728856973028322,0.0727782726869697,0.16447144746780396,1213.6192922788737,601.5440309559707,0.0,1214.418181818182,602.2363636363636,1215.0,598.0,0.0,0.792816897178437,457,457,457
1,458,14.475379079580307,26.722467340528965,0.10373485833406448,0.013005733489990234,1.0781070708045422,0.31229132413864136,0.31229132413864136,0.14191548117235595,0.1278586954092295,0.11660949140787125,0.0799117311835289,0.0799117311835289,0.056671657868530435,0.04294802881816085,0.13436278700828552,312.79630850279113,597.515587807602,0.0,313.39234449760767,596.6172248803828,304.0,601.0,0.0,0.8366515820634113,458,458,458
1,459,10.39053762704134,19.161996372044086,0.08509215712547302,0.012203887104988098,0.31085198659848345,0.1900603324174881,0.1900603324174881,0.1039053762704134,0.10414128463067439,0.09551331400871277,0.07643799483776093,0.07643799483776093,0.03245929786464835,0.02573093915591429,0.11501357704401016,601.6123805731768,600.6981730618847,0.0,601.8260869565217,600.9239130434783,607.0,599.0,0.0,0.7235098023692871,459,459,459
1,460,15.536902949213982,18.44371461868286,0.12819699943065643,0.02157604694366455,0.48771696449255436,0.29937422275543213,0.29937422275543213,0.17858509137027564,0.1676701328971169,0.14123384654521942,0.11284351348876953,0.11280767619609833,0.0548349565119442,0.053363340523963285,0.21693819761276245,304.16139774573196,604.8284844859771,0.0,303.6909090909091,604.7,303.0,601.0,0.0,0.8849793313152812,460,460,460
1,461,11.739539586007595,17.117618560791016,0.10431661270558834,0.016914788633584976,0.7973888373556364,0.18368607759475708,0.18368607759475708,0.12488871900008079,0.12314833496971954,0.12515608593821526,0.07253388315439224,0.07253388315439224,0.026748369422984197,0.02423999939827061,0.1413462497293949,285.20886782900936,599.7282664972431,0.0,284.55395683453236,599.273381294964,285.0,607.0,0.0,0.8336616346211742,461,461,461
1,462,6.3320978581905365,7.5444978177547455,0.07998760417103767,0.012690775096416473,0.963449441975649,0.1890360713005066,0.1890360713005066,0.1055349643031756,0.10195267321290197,0.08647307008504868,0.036973364651203156,0.036973364651203156,0.043639902263404265,0.040004119085493894,0.14317537099123,405.3730174635774,606.6898289761762,0.0,405.77027027027026,607.5675675675676,402.0,604.0,0.0,0.8579674263380789,462,462,462
1,463,10.937149208039045,21.841978896409273,0.08373282104730606,0.006565585732460022,0.029273121960562785,0.16408587992191315,0.16408587992191315,0.0919088168742777,0.09255075803563251,0.08845198154449463,0.05701609328389168,0.05701609328389168,0.02032872870560525,0.015836207911041282,0.09713853150606155,717.1783552918348,601.5675212475575,0.0,717.207627118644,601.5677966101695,709.0,602.0,0.0,0.7706305074496551,463,463,463
1,464,9.578976575285196,17.840411331504583,0.08296825177967548,0.010572023689746857,0.43626226624625475,0.160395085811615,0.160395085811615,0.09578976575285196,0.09643465584597072,0.0921194814145565,0.059861309826374054,0.059861309826374054,0.022962910278185113,0.0185844066666077,0.10485748201608658,1258.2566361675113,609.4699689256624,0.0,1258.3675675675677,609.8918918918919,1257.0,602.0,0.0,0.769734733737594,464,464,464
1,465,7.949208430945873,14.909331381320953,0.10204143077135086,0.017232298851013184,0.7293527913101674,0.19018541276454926,0.19018541276454926,0.12617791160231545,0.12220763427312256,0.12472397089004517,0.07910241931676865,0.07910241931676865,0.029012369663825144,0.02427463319988426,0.13785286247730255,285.53996198216487,614.5367897299853,0.0,285.1967213114754,615.1803278688525,286.0,608.0,0.0,0.8867992080912265,465,465,465
1,466,9.56854023784399,11.861773125827312,0.08252950944006443,0.009128827601671219,0.29266993114903517,0.162403866648674,0.162403866648674,0.09763816569228562,0.0964371798847749,0.08971689268946648,0.0742989182472229,0.0742989182472229,0.021002551759565988,0.019330769608361047,0.10355185531079769,737.9767105433,611.5861856166863,0.0,738.2682926829268,611.560975609756,733.0,607.0,0.0,0.7438667221151238,466,466,466
1,467,18.218598037958145,52.31515981256962,0.11352875642478466,0.0107748843729496,0.9899022460098789,0.2431247979402542,0.2431247979402542,0.13495257805894922,0.12667108913455113,0.12406826391816139,0.07832147181034088,0.07832147181034088,0.04041343016268616,0.026064983971438825,0.1353612057864666,304.0841346259105,622.0157228688371,0.0,304.12348668280873,623.0048426150121,304.0,610.0,0.0,0.813690396383439,467,467,467
1,468,9.473646335303783,9.899133190512657,0.09077547118067741,0.03489289805293083,0.6511913628989198,0.25445136427879333,0.25445136427879333,0.13729922225077948,0.13560456425359804,0.12338562682271004,0.07854592800140381,0.07854592800140381,0.05374743799865727,0.05280396727153002,0.1738160438835621,690.6454114660654,612.4791764831957,0.0,690.027397260274,612.2739726027397,692.0,619.0,0.0,0.8077829239839679,468,468,468
1,469,12.538170106709003,16.393016502261162,0.08270981907844543,0.00800565630197525,1.4648593834075632,0.2536506950855255,0.2536506950855255,0.11717915987578507,0.10856302319378253,0.08922787010669708,0.07819695770740509,0.07819695770740509,0.051196181169647526,0.045187822951313066,0.10263195633888245,699.3249074394802,617.6119938028576,0.0,700.4503311258278,618.5496688741722,693.0,618.0,0.0,0.6864011887623592,469,469,469
1,470,17.456324070692062,65.78464210033417,0.11656040884554386,0.02489341050386429,0.3326535428020229,0.3226544260978699,0.3226544260978699,0.14793494975162766,0.14917152403703893,0.14301874488592148,0.07857313752174377,0.07857313752174377,0.07934661579249266,0.04881134503510081,0.16622694209218025,257.777776265883,613.6047586412142,0.0,257.8820861678005,613.9206349206349,251.0,611.0,0.0,0.7741070979667493,470,470,470
1,471,12.418972790241241,30.939234763383865,0.09145674854516983,0.012850403785705566,0.14740602768577005,0.18707045912742615,0.18707045912742615,0.1026361387623243,0.10523549239246213,0.10279461741447449,0.06220436841249466,0.06220436841249466,0.02513811450199019,0.018783559994422445,0.1163167655467987,627.260246893891,621.6818814083688,0.0,627.4013605442177,621.7244897959183,621.0,615.0,0.0,0.767965710802905,471,471,471
1,472,9.978294178843498,14.289418935775757,0.08755432814359665,0.007816661149263382,0.5726636847105656,0.20228616893291473,0.20228616893291473,0.10394056436295311,0.10134339670762949,0.09404908493161201,0.07861921936273575,0.07861921936273575,0.030698290929696566,0.02600777929717145,0.10266311839222908,735.173451695341,625.2297753242528,0.0,735.2695035460993,625.7943262411347,737.0,619.0,0.0,0.7403658565770747,472,472,472
1,473,21.487371660768986,57.495950773358345,0.10722419619560242,0.021507151424884796,1.3638831178339572,0.3028217554092407,0.3028217554092407,0.14421054805885225,0.1334012778964231,0.12628626823425293,0.07860366255044937,0.07860366255044937,0.050678638394731634,0.03562878916720841,0.1548253893852234,1181.9777214606306,620.9385049275446,0.0,1182.9930394431553,620.0278422273782,1176.0,632.0,0.0,0.7156019949213157,473,473,473
1,474,13.919102400541306,27.386208847165108,0.10323192924261093,0.02924949675798416,1.497859415838131,0.23082466423511505,0.23082466423511505,0.1434959010365083,0.13693104423582553,0.12982463836669922,0.07988402247428894,0.07988402247428894,0.05037128580872082,0.04091852556351674,0.16902902722358704,71.573318779012,624.2072080980016,0.0,70.245,623.515,80.0,632.0,0.0,0.8856560189067889,474,474,474
1,475,17.55680199712515,31.089049361646175,0.12598440423607826,0.03940508887171745,1.1452243349614661,0.34248366951942444,0.34248366951942444,0.1828833541367203,0.1680489154683577,0.16052496433258057,0.07870244979858398,0.07870244979858398,0.0651970593953838,0.05640184132162361,0.20295073464512825,88.05281335347142,628.979243807273,0.0,88.53513513513514,627.9405405405405,87.0,624.0,0.0,0.6514770203221523,475,475,475
1,476,12.343001008033752,25.411327712237835,0.11555229686200619,0.00960233062505722,1.1363484635608998,0.1815035492181778,0.1815035492181778,0.12100981380425248,0.12517895424747702,0.13257229328155518,0.07906681299209595,0.07906681299209595,0.022308053655642795,0.02067944697654676,0.13803383708000183,101.2778196653374,640.8495964249984,0.0,101.39408866995073,639.7192118226601,100.0,629.0,0.0,0.8091703080226488,476,476,476
1,477,10.328271348029375,17.201040718704462,0.08078841120004654,0.01214444637298584,0.8379098914707154,0.16185830533504486,0.16185830533504486,0.08827582348743056,0.09348391694948077,0.09273356944322586,0.044772710651159286,0.044772710651159286,0.02184299092651432,0.01966529104334917,0.10491462796926498,1203.4293950412575,634.4442281609195,0.0,1204.108695652174,634.9347826086956,1202.0,629.0,0.0,0.6881785454047546,477,477,477
1,478,17.584204584360123,49.49865736067295,0.13096043467521667,0.02228531241416931,1.0522785475023861,0.2208264321088791,0.2208264321088791,0.15029234687487283,0.1527736338292375,0.1561727076768875,0.08003675937652588,0.08003675937652588,0.0395965860919572,0.030442254389251393,0.1762627512216568,1154.1312499716173,638.826076985313,0.0,1153.3055555555557,639.4783950617284,1150.0,634.0,0.0,0.854002282809898,478,478,478
1,479,12.548524260520935,27.33958900719881,0.09349853545427322,0.013605412095785141,0.5161726617216623,0.18228566646575928,0.18228566646575928,0.10817693328035288,0.10979754621364984,0.10444526001811028,0.07834642380475998,0.07834642380475998,0.022679157394385887,0.01990324255276642,0.12392019666731358,503.4683408065538,633.4406622921089,0.0,503.02008032128515,633.1847389558233,508.0,632.0,0.0,0.8004399607100271,479,479,479
1,480,16.57342828065157,26.862037032842636,0.0945182703435421,0.018336229026317596,1.2860580556660395,0.19302085041999817,0.19302085041999817,0.12097392905585087,0.11679146536018538,0.1185544803738594,0.07837139070034027,0.07837139070034027,0.028934023105974014,0.02516998146920651,0.13502507656812668,119.90249054631575,636.3059442631549,0.0,120.36086956521739,635.104347826087,126.0,643.0,0.0,0.5999441550709474,480,480,480
1,481,13.645283423364162,29.307653978466988,0.12903300672769547,0.017313674092292786,0.28367581390233415,0.19518208503723145,0.2093525379896164,0.1406730249831357,0.1458092237734676,0.15036680549383163,0.0797533467411995,0.0797533467411995,0.029289277715152114,0.026556734038473147,0.16458136960864067,187.69823970532002,633.2229611896154,0.0,187.75621890547265,632.9452736318408,184.0,626.0,0.0,0.9704270848151325,481,481,481
1,482,12.208376690745354,26.46760219335556,0.10841398499906063,0.02755819261074066,0.8354041420197966,0.20176048576831818,0.20176048576831818,0.1470888757921127,0.147863699404221,0.16200438141822815,0.07988494634628296,0.07988494634628296,0.04330180255275993,0.03852211757161493,0.18284503743052483,204.2760137331026,633.6464723403346,0.0,204.5586592178771,632.8603351955308,206.0,645.0,0.0,0.9508160066294936,482,482,482
1,483,16.01068639755249,38.121942192316055,0.10533525794744492,0.025158792734146118,1.2944437470528931,0.19399960339069366,0.19399960339069366,0.13454358317271,0.12966647004189136,0.12831278145313263,0.07931555807590485,0.07931555807590485,0.035612582244650866,0.028423616939231157,0.15481864660978317,64.43254305903285,648.8959791794384,0.0,63.13945578231292,648.8367346938776,78.0,637.0,0.0,0.7351350923239769,483,483,483
1,484,11.479213938117027,17.51478584855795,0.09262878820300102,0.01462196558713913,0.21669938200957978,0.200404554605484,0.200404554605484,0.11834241173316523,0.11373237563998669,0.10503070801496506,0.07862193882465363,0.07862193882465363,0.03463364669673019,0.02871652353761363,0.1284359022974968,696.241969125486,643.3302596084608,0.0,696.0974025974026,643.1688311688312,696.0,649.0,0.0,0.8229671603315623,484,484,484
1,485,10.94130965322256,12.944542095065117,0.10221408121287823,0.04111576825380325,1.6369114706430232,0.22191666066646576,0.22191666066646576,0.15630442361746516,0.14544429320297883,0.13472624868154526,0.07872836291790009,0.07872836291790009,0.04828680898727101,0.047827758022750355,0.1947898119688034,596.898344669351,642.8124979573493,0.0,596.6741573033707,641.1910112359551,602.0,646.0,0.0,0.8491974807323486,485,485,485
1,486,23.6789743155241,35.64906145632267,0.15636227279901505,0.01992887258529663,1.7525839221791075,0.4551071524620056,0.4551071524620056,0.19732478596270084,0.18375804874393128,0.17400217056274414,0.1279105842113495,0.1279105842113495,0.05320247895419639,0.047161315269082314,0.19494448602199554,1167.5129823941297,644.7959989961695,0.0,1166.5618556701031,646.2680412371134,1175.0,633.0,0.0,0.6088666426840088,486,486,486
1,487,11.398722864687443,22.479637198150158,0.09183573164045811,0.008415278047323227,0.41806294945156375,0.20092272758483887,0.20092272758483887,0.10960310446814849,0.10455645208441934,0.09920145943760872,0.07872836291790009,0.07872836291790009,0.029595297769880104,0.022202917150014892,0.1100622434169054,585.3057381965957,641.3249795605948,0.0,585.0744186046512,640.9767441860465,593.0,647.0,0.0,0.734855539098799,487,487,487
1,488,21.900892987847328,57.234728418290615,0.09465572237968445,0.019981078803539276,0.5404754893213647,0.21799813210964203,0.21799813210964203,0.11902659232525722,0.11825357111217069,0.11742501705884933,0.0761091485619545,0.0761091485619545,0.03793026425910307,0.027987149775798668,0.1366730034351349,614.7749591698794,645.4020191350951,0.0,614.448347107438,645.8326446280992,596.0,653.0,0.0,0.7943843379644407,488,488,488
1,489,7.6370465233922005,10.572875797748566,0.10063831880688667,0.007285378873348236,0.7194912066004534,0.19367294013500214,0.19367294013500214,0.12317816973213226,0.11747639775276184,0.10787536948919296,0.07857169955968857,0.07857169955968857,0.030947791255913067,0.02722189839803105,0.11882564425468445,704.7793923720188,646.4417307529828,0.0,705.4888888888889,646.3222222222222,697.0,649.0,0.0,0.9218163830062829,489,489,489
1,490,11.526192411780357,17.13848800212145,0.10286829806864262,0.021312441676855087,1.0966831627310287,0.21364322304725647,0.21364322304725647,0.1340254931602367,0.12695176297867738,0.12423034384846687,0.08003497123718262,0.08003497123718262,0.03554907278153732,0.03072634549289572,0.14536283165216446,131.95954274345695,651.6214996711711,0.0,132.93333333333334,652.1259259259259,127.0,645.0,0.0,0.8192689942616025,490,490,490
1,491,13.378932293504477,20.839751955121756,0.09441228210926056,0.013629510998725891,0.8687309784654688,0.25126394629478455,0.25126394629478455,0.11945475262057569,0.11513675113326936,0.10492946207523346,0.040409740060567856,0.040409740060567856,0.05491778031813381,0.04436490668803288,0.1209761630743742,487.40325137132413,638.5227550169108,0.0,486.6243093922652,638.1381215469613,492.0,645.0,0.0,0.7304568270107719,491,491,491
1,492,14.663228824734688,29.393637880682945,0.09942830353975296,0.012017488479614258,0.9582922919525002,0.25031962990760803,0.25031962990760803,0.12532674209174946,0.11948633284830465,0.11629700660705566,0.07847277075052261,0.07847277075052261,0.04522433073757018,0.03301303347238843,0.12686532735824585,499.821709077106,656.3339909860916,0.0,500.109756097561,657.2479674796748,492.0,654.0,0.0,0.8196091256307909,492,492,492
1,493,15.140924736857414,19.203496605157852,0.12338706851005554,0.01871456950902939,0.6802477271144828,0.2262832522392273,0.2262832522392273,0.1469992692898778,0.14017150806684564,0.1400211900472641,0.07871343940496445,0.07871343940496445,0.028938538725941387,0.029770375835907754,0.1592007465660572,1188.3692156432412,649.1653906672344,0.0,1188.897810218978,648.7372262773723,1194.0,653.0,0.0,0.7525722994673534,493,493,493
1,494,11.677492953836918,16.715523436665535,0.08247826062142849,0.007776182144880295,0.3475331066014936,0.15935251116752625,0.15935251116752625,0.09493896710436518,0.09443798551788438,0.0890900231897831,0.0781516432762146,0.0781516432762146,0.018489661558972522,0.016353203488018317,0.09963505156338215,1264.8457413452534,649.5473352780343,0.0,1265.0,649.8587570621469,1261.0,643.0,0.0,0.7087244100499531,494,494,494
1,495,16.034762121737003,39.185171857476234,0.11169163882732391,0.030402041971683502,1.0182723883260125,0.2232135385274887,0.2232135385274887,0.15720355021310786,0.14406313182895675,0.14205123484134674,0.08033859729766846,0.08033859729766846,0.04086079082936028,0.035847448854593435,0.17297881841659546,85.68896707337309,655.0186065536441,0.0,86.28308823529412,655.8455882352941,88.0,643.0,0.0,0.874910938470438,495,495,495
1,496,10.80176181718707,11.777896959334612,0.04743610229343176,0.06001964770257473,2.5439697725346915,0.22641399502754211,0.22641399502754211,0.11135836924935125,0.1121704472317582,0.105941541492939,0.035766348242759705,0.035766348242759705,0.06048273401795276,0.05828081304535633,0.16975367069244385,194.10973985002133,648.0604606797734,0.0,195.15238095238095,650.3809523809524,193.0,645.0,0.0,0.7287837097450702,496,496,496
1,497,8.498030938208103,9.51102402061224,0.0905119888484478,0.030441388487815857,0.39938558606034186,0.18099139630794525,0.18099139630794525,0.1249710432089427,0.12351979247548363,0.12274489179253578,0.07815732806921005,0.07815732806921005,0.03486743827344304,0.03328419819933542,0.1506459340453148,807.4953423644571,651.6941945439601,0.0,807.6753246753246,651.3376623376623,809.0,655.0,0.0,0.889210844647405,497,497,497
1,498,10.487010076642036,15.233276411890984,0.08252878114581108,0.008620180189609528,1.091965375838636,0.18143856525421143,0.18143856525421143,0.11524186897408831,0.10652640847476212,0.08856851980090141,0.07815732806921005,0.07815732806921005,0.037282894618451086,0.032907082844870685,0.1321694552898407,804.8495346802387,660.6158978281925,0.0,804.986013986014,661.6993006993007,811.0,657.0,0.0,0.8349970040990204,498,498,498
1,499,15.317612394690514,18.953634589910507,0.14009419083595276,0.016546770930290222,0.865297170744657,0.2739218473434448,0.2739218473434448,0.17019569327433903,0.16339340163715954,0.1569337397813797,0.08264710009098053,0.08264710009098053,0.04361489466652005,0.040862468808961654,0.17297613620758057,1196.841845128389,657.080790237964,0.0,1197.6637931034484,656.8103448275862,1195.0,654.0,0.0,0.8329743265723362,499,499,499
1,500,14.093961983919144,23.885737650096416,0.1252027004957199,0.010476328432559967,0.46273127856938223,0.25542712211608887,0.25542712211608887,0.15487870311999058,0.14388998584395432,0.13297709822654724,0.09304934740066528,0.09304934740066528,0.0364994420002767,0.03058970494533919,0.15117116272449493,119.28825229428007,659.2895937697369,0.0,119.74698795180723,659.2289156626506,114.0,663.0,0.0,0.8484719190284956,500,500,500
1,501,13.504147812724113,27.775981970131397,0.08492263965308666,0.00911618396639824,0.677520329210092,0.17314034700393677,0.17314034700393677,0.1030850978070543,0.09814834618420988,0.0918283611536026,0.06977463513612747,0.06977463513612747,0.024801837573043682,0.019233488377237304,0.10778853297233582,707.437635716497,658.7732630257866,0.0,708.0918727915194,658.5971731448764,705.0,652.0,0.0,0.6586828300653128,501,501,501
1,502,14.876667894423008,32.1731039211154,0.11534389853477478,0.01654636859893799,0.9937712668518337,0.23269882798194885,0.23269882798194885,0.14034592353229253,0.1346154975778887,0.13278619945049286,0.07819469273090363,0.07819469273090363,0.041879527097661816,0.0320026047340183,0.14721761643886566,1165.6811262904669,664.685544915351,0.0,1165.5146443514645,665.6652719665271,1171.0,656.0,0.0,0.7607789609187893,502,502,502
1,503,19.06606662273407,30.65511219203472,0.12289296090602875,0.026622697710990906,0.14999551729580038,0.2997359335422516,0.2997359335422516,0.17818753853022495,0.1588347781970711,0.14590269327163696,0.0852307379245758,0.0852307379245758,0.05548665529667815,0.048265790484723944,0.18533728644251823,112.2649641012022,665.3980843026937,0.0,112.39378238341969,665.3212435233161,113.0,664.0,0.0,0.7903202591721523,503,503,503
1,504,11.593150526285172,24.686284013092518,0.10026426613330841,0.013079077005386353,0.1425784633773138,0.20317162573337555,0.20317162573337555,0.11365833849299188,0.11535646735089962,0.1147758886218071,0.07824671268463135,0.07824671268463135,0.03129109331409595,0.02300227429219901,0.12606027722358704,526.5699720474521,667.1754772533694,0.0,526.5607476635514,667.3177570093458,522.0,662.0,0.0,0.7805675959338529,504,504,504
1,505,6.477766968309879,7.096348270773888,0.11282728612422943,0.012957721948623657,0.33846457645134614,0.16988182067871094,0.16988182067871094,0.12701503859431135,0.126720504835248,0.13157661259174347,0.06774215400218964,0.06774215400218964,0.024037714434207814,0.023077689602465142,0.14232027530670166,752.617808353766,667.1388432366656,0.0,752.5714285714286,666.8035714285714,755.0,670.0,0.0,0.9370348386604489,505,505,505
1,506,10.073918469250202,18.730374172329903,0.10033578425645828,0.008621249347925186,0.8872655042877201,0.22429460287094116,0.22429460287094116,0.13431891292333603,0.11930174632057262,0.10674021393060684,0.08112255483865738,0.08112255483865738,0.04088323481231316,0.03217684513971831,0.12596329301595688,861.5032111205744,664.6655431516347,0.0,861.4076433121019,663.7834394904459,860.0,674.0,0.0,0.8500906076199238,506,506,506
1,507,14.020695574581623,16.63203839957714,0.13157324492931366,0.01924598217010498,0.9627951033718126,0.2270030379295349,0.2270030379295349,0.14758626920612236,0.14589507368050122,0.14881619811058044,0.06575401872396469,0.06575401872396469,0.03419921913799652,0.03186558210505227,0.16797492653131485,1204.9848116040873,670.0136684478307,0.0,1205.9473684210527,670.0350877192982,1202.0,663.0,0.0,0.7963962909737395,507,507,507
1,508,8.071604199707508,12.133958376944065,0.09027520567178726,0.016982577741146088,0.6373390808056559,0.1635621041059494,0.1635621041059494,0.1136845661930635,0.11030871251767332,0.11090583354234695,0.07007625699043274,0.07007625699043274,0.02519893905060232,0.022737936419367475,0.12682178616523743,759.7970273984928,676.5367134884416,0.0,760.1272727272727,677.0818181818182,756.0,671.0,0.0,0.8796271342841072,508,508,508
1,509,17.54378842562437,35.725676476955414,0.11563082784414291,0.04885539785027504,1.7627012467578222,0.24954785406589508,0.24954785406589508,0.18274779610025385,0.16313094281714802,0.15757764875888824,0.0799141675233841,0.0799141675233841,0.05689926908631368,0.0526844380705541,0.20961923897266388,72.77325826842875,670.9868610380233,0.0,72.59817351598174,669.2328767123288,76.0,682.0,0.0,0.8482512382771713,509,509,509
1,510,12.453330233693123,28.47528287023306,0.10446665063500404,0.008856534957885742,0.06343208798664104,0.1621437668800354,0.1621437668800354,0.11020646224507188,0.11344734211248231,0.11282728612422943,0.07053670287132263,0.07053670287132263,0.018651485449914622,0.015243047551559814,0.12342330813407898,845.884510325408,680.3852440090398,0.0,845.8247011952192,680.406374501992,841.0,671.0,0.0,0.8969196088137286,510,510,510
1,511,9.155379332602024,9.281332768499851,0.12216923199594021,0.012621015310287476,0.48744482365752273,0.2134803980588913,0.2134803980588913,0.14305280207190663,0.14278973489999772,0.13215136528015137,0.10870515555143356,0.10870515555143356,0.028413053086185375,0.028272082322447527,0.165499035269022,864.4637095628367,674.3894830883812,0.0,864.4615384615385,674.876923076923,866.0,668.0,0.0,0.8429319779233977,511,511,511
1,512,12.974080078303814,27.942812770605087,0.09597620368003845,0.008740566670894623,0.3430162310754176,0.16838641464710236,0.16838641464710236,0.11281808763742447,0.10747235681001957,0.10447479784488678,0.08112255483865738,0.08112255483865738,0.019119473164800563,0.015929384470340806,0.11524340510368347,880.3226251611031,667.1259721928956,0.0,880.6615384615385,667.0730769230769,871.0,670.0,0.0,0.8333245022695215,512,512,512
1,513,12.108460433781147,21.48144379258156,0.10188214294612408,0.02234642207622528,1.1971950848154813,0.2292756587266922,0.2292756587266922,0.1424524756915429,0.13019056843988824,0.12604855746030807,0.08003497123718262,0.08003497123718262,0.044005240600256235,0.03569794565965712,0.1459445357322693,119.80542154795747,679.4920089469077,0.0,120.73333333333333,680.2484848484848,119.0,670.0,0.0,0.8291858819764957,513,513,513
1,514,10.546237863600254,21.800356648862362,0.0889874268323183,0.010190024971961975,0.6475504552497456,0.21858695149421692,0.21858695149421692,0.1171804207066695,0.10634320316518225,0.09775803983211517,0.07474149763584137,0.07474149763584137,0.03858230677130432,0.028097834953223388,0.1097539197653532,783.2854406684482,675.901723737067,0.0,782.6390243902439,675.8634146341464,792.0,674.0,0.0,0.8016921975109834,514,514,514
1,515,10.561553426086903,15.951582461595535,0.10393872857093811,0.026328928768634796,1.347921268961755,0.26425454020500183,0.26425454020500183,0.15306599168241888,0.13751364191030635,0.12012352049350739,0.07834142446517944,0.07834142446517944,0.05402557090847043,0.047281429047062305,0.16712838411331177,100.47094352904519,672.164047643215,0.0,99.29310344827586,671.5086206896551,105.0,677.0,0.0,0.822218224672391,515,515,515
1,516,12.199805602431297,29.859855242073536,0.1006739940494299,0.012427844107151031,0.2525322269941174,0.1830212026834488,0.1830212026834488,0.11401687478907754,0.11353557126263703,0.11362409591674805,0.07921052724123001,0.07921052724123001,0.022856613957508768,0.017390534140370062,0.12571774795651436,744.3922199945125,676.6041627889598,0.0,744.1406844106464,676.5817490494296,749.0,671.0,0.0,0.8577232917864202,516,516,516
1,517,16.195963114500046,34.133500538766384,0.08507177792489529,0.02035566046833992,4.323965372173463,0.5546004772186279,0.5546004772186279,0.12956770491600036,0.1517044468389617,0.10114862769842148,0.07387616485357285,0.07387616485357285,0.10313181954782541,0.11317493348946381,0.157884381711483,339.98049187382276,669.3426999754774,0.0,338.9688888888889,673.5466666666666,340.0,661.0,0.0,0.8719125915595112,517,517,517
1,518,10.329408288002014,10.494350895285606,0.08455978520214558,0.05022270977497101,0.47311534133322025,0.2129480242729187,0.2129480242729187,0.13414815958444173,0.13283988475045072,0.1350112482905388,0.07042652368545532,0.07042652368545532,0.04655237610380116,0.04667071651960412,0.17707153409719467,794.4122741246252,678.4038264298988,0.0,794.8607594936709,678.253164556962,794.0,684.0,0.0,0.9622243871117967,518,518,518
1,519,12.91936333104968,17.16534085944295,0.10915010422468185,0.021333232522010803,1.019798230646637,0.17552831768989563,0.17552831768989563,0.13318931269123382,0.13004046105638598,0.13511042296886444,0.06160793825984001,0.06160793825984001,0.031038175952221348,0.028511149126095515,0.15418028831481934,1185.5512631377244,675.9983443771406,0.0,1184.621212121212,676.4166666666666,1187.0,668.0,0.0,0.7598215059754204,519,519,519
1,520,12.964958474040031,26.092633806169033,0.11452622711658478,0.023292571306228638,0.414721823728307,0.19587376713752747,0.20487509667873383,0.1258733832431071,0.1395328011025082,0.14192930608987808,0.0746598094701767,0.0746598094701767,0.029639934522951973,0.033200666510765524,0.16283511742949486,686.7965040120266,678.7194083852621,0.0,687.1016042780749,678.4385026737968,681.0,679.0,0.0,1.008926742194046,520,520,520
1,521,10.367144346237183,14.947058618068695,0.13968302309513092,0.013022840023040771,0.21420825007034652,0.19642923772335052,0.19642923772335052,0.14398811591996086,0.14947058618068695,0.14936764538288116,0.08498358726501465,0.08498358726501465,0.023223808230372976,0.02401613387867636,0.1643737405538559,702.7466712679076,676.288954051192,0.0,702.71,676.5,705.0,679.0,0.0,1.0177657351828209,521,521,521
1,522,7.3341407254338264,8.098929591476917,0.08122314885258675,0.017980948090553284,1.1816873459573285,0.20643088221549988,0.20643088221549988,0.12223567875723045,0.11737579118082489,0.09750023856759071,0.07825411856174469,0.07825411856174469,0.044932640633315826,0.04381186402562233,0.16274062916636467,799.2897512737321,679.0334237929137,0.0,800.3478260869565,678.5072463768116,795.0,683.0,0.0,0.8215515169179155,522,522,522
1,523,15.717225663363934,31.71183653920889,0.09332460165023804,0.02298711985349655,1.4385225412985805,0.21203990280628204,0.21203990280628204,0.12375768238869239,0.12291409511321275,0.11293429881334305,0.07828334718942642,0.07828334718942642,0.04112377986449516,0.03726734123068598,0.14520130306482315,614.1665718098536,678.3955169609022,0.0,613.5813953488372,677.0813953488372,613.0,688.0,0.0,0.701313581005708,523,523,523
1,524,9.237490803003311,15.952073223888874,0.11283339001238346,0.01844033971428871,0.9672244051660593,0.24855627119541168,0.24855627119541168,0.1466268381429097,0.1363425061870844,0.13064395636320114,0.07822182029485703,0.07822182029485703,0.04586973099517195,0.036514285134814826,0.15069204196333885,106.1937588376718,685.6929264910909,0.0,106.25641025641026,686.6581196581196,106.0,678.0,0.0,0.8518075940626075,524,524,524
1,525,6.169000715017319,6.291497312486172,0.11155939847230911,0.011241890490055084,0.5183173803805867,0.15371137857437134,0.15371137857437134,0.12096079833367292,0.12099033293242638,0.12951509654521942,0.04821629822254181,0.04821629822254181,0.02391788860876415,0.023687731525288705,0.1378086656332016,697.5112304621645,683.1081494861966,0.0,697.7692307692307,683.5576923076923,695.0,676.0,0.0,1.000795603692261,525,525,525
1,526,15.724700950086117,23.261505484580994,0.15478356182575226,0.02375049889087677,1.559231753436092,0.24964284896850586,0.24964284896850586,0.19655876187607646,0.19066807774246716,0.21567285060882568,0.08043013513088226,0.08043013513088226,0.056031397270194495,0.053772556528188166,0.2339511513710022,83.65039807855159,679.0760904720552,0.0,84.57377049180327,677.8196721311475,77.0,683.0,0.0,0.914612064803118,526,526,526
1,527,10.348912693560123,14.261579751968384,0.09234487265348434,0.01312718540430069,0.7812695413580927,0.1770227700471878,0.1770227700471878,0.11009481588893748,0.10804227084824533,0.10298551619052887,0.049316249787807465,0.049316249787807465,0.028916144481702516,0.025155130332976037,0.11981111019849777,873.875027628875,685.3339234420683,0.0,874.2954545454545,685.9924242424242,880.0,682.0,0.0,0.7865516748945068,527,527,527
1,528,14.644395396113396,28.363032773137093,0.12649605423212051,0.014247998595237732,0.8462602383957631,0.24271520972251892,0.24271520972251892,0.14644395396113397,0.1425278028800859,0.14532342553138733,0.07957063615322113,0.07957063615322113,0.04106904870062949,0.030915881378720256,0.1556605063378811,1213.6752659083872,685.8609158935424,0.0,1214.4773869346734,686.1306532663317,1204.0,686.0,0.0,0.7965275645493302,528,528,528
1,529,14.527600467205048,27.69020616263151,0.08828731626272202,0.009337019175291061,0.4591563047199361,0.17809060215950012,0.17809060215950012,0.10761185531262998,0.10217788251893546,0.09793266654014587,0.07951381802558899,0.07951381802558899,0.026883040302732475,0.02047002190865777,0.10724827647209167,1286.8690572480239,684.594433733828,0.0,1286.4354243542437,684.7453874538745,1298.0,690.0,0.0,0.7364072518251927,529,529,529
1,530,12.230797074735165,24.93347553163767,0.0829301793128252,0.008024845272302628,0.671782263070549,0.18728603422641754,0.18728603422641754,0.10635475717161012,0.0985512866863149,0.09075972437858582,0.0781516432762146,0.0781516432762146,0.030806851378000252,0.023211162911431875,0.10294246859848499,1302.5390307533282,687.2607505021799,0.0,1302.9762845849802,687.7707509881423,1299.0,689.0,0.0,0.8364873073829956,530,530,530
1,531,17.409986704587936,38.28380288928747,0.13276177272200584,0.03313305228948593,0.8724120055061463,0.2520514130592346,0.2520514130592346,0.16271015611764428,0.17015023506349988,0.18216996639966965,0.08033859729766846,0.08033859729766846,0.05479454903447809,0.045502252693684755,0.202892754226923,65.77100968554133,685.3813629163365,0.0,64.96888888888888,685.7244444444444,72.0,684.0,0.0,0.9330447991486062,531,531,531
1,532,14.175246454775333,24.2823853418231,0.10184385627508163,0.03387026488780975,1.6277016449450246,0.25581756234169006,0.25581756234169006,0.14765881723724306,0.16407017122853446,0.19279998540878296,0.044359561055898666,0.044359561055898666,0.06928557667330046,0.06213508063312117,0.21649634838104248,81.82429647406721,691.2660283386642,0.0,83.33783783783784,691.8648648648649,92.0,683.0,0.0,0.8649155961455877,532,532,532
1,533,14.139565519988537,19.504011906683445,0.08846872486174107,0.02893797680735588,1.7986633471833484,0.20743034780025482,0.20743034780025482,0.13092190296285683,0.12422937520180538,0.11431674286723137,0.0776032954454422,0.0776032954454422,0.04334840274129884,0.0391424696841818,0.16021432727575302,603.4300350796873,695.2908547053572,0.0,601.8089171974523,696.0700636942676,611.0,688.0,0.0,0.7788599952341148,533,533,533
1,534,14.042013622820377,26.06648690253496,0.12842277064919472,0.016348890960216522,0.6987025983677424,0.20765484869480133,0.20765484869480133,0.14627097523771226,0.14401373979301083,0.14964410662651062,0.07849418371915817,0.07849418371915817,0.038549887732951225,0.029969398326237896,0.1608077697455883,1200.1867088252923,695.7277208409771,0.0,1200.1491712707182,696.4254143646409,1205.0,691.0,0.0,0.8394711041879105,534,534,534
1,535,10.363593876361847,21.03942482173443,0.08990056812763214,0.015062522143125534,0.7594550621213714,0.24658124148845673,0.24658124148845673,0.12638529117514447,0.11372662065802394,0.10694070905447006,0.07883992046117783,0.07883992046117783,0.049083444447649366,0.03600685526885681,0.1172093003988266,768.9907102378597,689.0448894029839,0.0,768.7351351351351,688.3297297297297,772.0,696.0,0.0,0.8742062225402335,535,535,535
1,536,13.557339325547218,30.378025002777576,0.1315470188856125,0.022908926010131836,0.7183254667516634,0.2534366250038147,0.2534366250038147,0.1594981097123202,0.16158523937647648,0.1748684197664261,0.07935547083616257,0.07935547083616257,0.04895896084513271,0.0404362540226535,0.1910390555858612,626.652442823796,691.5709255541516,0.0,627.3457446808511,691.3829787234042,622.0,698.0,0.0,0.8543411549682737,536,536,536
1,537,10.910287097096443,17.00400637090206,0.09986361302435398,0.016100425273180008,1.4584911334601112,0.25086960196495056,0.25086960196495056,0.1346949024332894,0.12233098108562634,0.11100982129573822,0.07891377061605453,0.07891377061605453,0.04287678859040217,0.036400007254998444,0.1388816311955452,783.411446561483,693.6595746136682,0.0,784.841726618705,693.3741007194244,774.0,696.0,0.0,0.8135308559401134,537,537,537
1,538,10.392271667718887,21.237379796802998,0.09402024000883102,0.015782281756401062,0.46303655769317814,0.1688757985830307,0.1688757985830307,0.10392271667718887,0.11061135310834895,0.11040602624416351,0.0761091485619545,0.0761091485619545,0.02360922314925194,0.020748088432632743,0.1221122294664383,1244.0430309562826,691.3511527930689,0.0,1244.3958333333333,691.6510416666666,1240.0,693.0,0.0,0.8695706739858278,538,538,538
1,539,13.254836149513721,18.31746171414852,0.1499902307987213,0.021519601345062256,0.8342130511411866,0.2433217465877533,0.2433217465877533,0.1721407292144639,0.16960612698285668,0.1746400147676468,0.07922400534152985,0.07922400534152985,0.04054811299349132,0.03834475072939337,0.19537679851055145,614.6115681104761,702.2777971114778,0.0,614.2870370370371,703.0462962962963,616.0,693.0,0.0,0.8296922843724498,539,539,539
1,540,11.71585252135992,20.933975540101528,0.0999220497906208,0.013815432786941528,1.3314132090639386,0.24276074767112732,0.24276074767112732,0.13163879237483056,0.11962271737200873,0.11172609776258469,0.07849714159965515,0.07849714159965515,0.03734057284114744,0.03022098096427038,0.13437523692846298,788.7376322853972,706.9987592391343,0.0,790.0685714285714,707.0342857142857,776.0,705.0,0.0,0.7517580503318431,540,540,540
1,541,18.679849453270435,30.17091017216444,0.1132146567106247,0.03534047305583954,1.832271060985587,0.2673243284225464,0.2673243284225464,0.15186869474203607,0.1508545508608222,0.14904813468456268,0.07888421416282654,0.07888421416282654,0.04952332453320052,0.044922479634943294,0.18298320472240448,628.6518985176635,716.7583368676118,0.0,626.91,716.19,642.0,717.0,0.0,0.7722343780637277,541,541,541
1,542,13.04356724023819,23.749586313962936,0.1333281397819519,0.029047220945358276,0.5454625038136667,0.2664799690246582,0.2664799690246582,0.16722522102869475,0.1696399022425924,0.17775970697402954,0.07888421416282654,0.07888421416282654,0.05380765137999206,0.043931261276264684,0.1989281326532364,643.8065046913895,705.8978236580399,0.0,643.8785714285714,705.3571428571429,636.0,708.0,0.0,0.8622739129898604,542,542,542
1,543,14.021103098988533,27.104478165507317,0.10375428386032581,0.007237348705530167,0.7436402151900438,0.18117526173591614,0.18117526173591614,0.12087157843955632,0.1153382049596056,0.10928481817245483,0.07883992046117783,0.07883992046117783,0.026143677186033883,0.019879147451433758,0.1202877052128315,763.37025715736,710.3376724464445,0.0,762.6978723404255,710.6553191489362,774.0,704.0,0.0,0.6850283525287755,543,543,543
1,544,14.626629710197449,35.6044597402215,0.11440624296665192,0.01294909417629242,0.37981479767133397,0.18921032547950745,0.18921032547950745,0.12609163543273663,0.12715878478650536,0.12955673038959503,0.07884880155324936,0.07884880155324936,0.0319920617837148,0.02230327400098742,0.140096515417099,355.32930726258905,709.8256891162932,0.0,355.0607142857143,709.5571428571428,365.0,712.0,0.0,0.8212001822816318,544,544,544
1,545,8.203667387366295,11.25956679135561,0.08243638277053833,0.010366536676883698,1.1455563674340914,0.20919035375118256,0.20919035375118256,0.12064216746126905,0.11038790971917264,0.08888806402683258,0.07814726233482361,0.07814726233482361,0.043299104587168166,0.03851211565535176,0.13352228701114655,862.8799762642632,715.5153338963926,0.0,861.7352941176471,715.4705882352941,870.0,714.0,0.0,0.822731031726991,545,545,545
1,546,13.619885630905628,17.092325247824192,0.08517398312687874,0.015239350497722626,0.4143307747525599,0.1939987689256668,0.1939987689256668,0.11741280716297955,0.11098912498587138,0.09830884635448456,0.07819695770740509,0.07819695770740509,0.03595528930179592,0.03335871994130249,0.1342250406742096,870.2598748896177,720.5911095229977,0.0,870.0194805194806,720.9285714285714,871.0,714.0,0.0,0.7948695688249582,546,546,546
1,547,12.954662498086691,22.469264801591635,0.1124233603477478,0.019810974597930908,0.45044813151753654,0.22653940320014954,0.22653940320014954,0.13085517674835043,0.13374562381899782,0.13570813834667206,0.053110767155885696,0.053110767155885696,0.03876568866918289,0.03165612281259476,0.15299081802368164,366.12652559394826,718.4810767605708,0.0,366.51190476190476,718.7142857142857,366.0,713.0,0.0,0.775584089316756,547,547,547
1,548,13.853834114968777,34.39861249923706,0.1015031635761261,0.004879496991634369,0.6414048905378917,0.20720350742340088,0.20720350742340088,0.11840883858947672,0.11096326612657116,0.10759728401899338,0.07839974761009216,0.07839974761009216,0.02993151030448848,0.019844496121924744,0.11195508390665054,780.1389446844368,726.0754146055364,0.0,780.4,726.6612903225806,773.0,718.0,0.0,0.8149735007748432,548,548,548
1,549,16.139476090669632,28.596464917063713,0.12923014163970947,0.023512467741966248,0.8134015106663104,0.23812083899974823,0.23812083899974823,0.14410246509526456,0.14893992144304016,0.1512645184993744,0.06275539100170135,0.06275539100170135,0.03948089727411203,0.033494732880028105,0.17735078930854797,650.5203329255373,721.9855989025241,0.0,651.09375,722.5625,643.0,717.0,0.0,0.8611314310547739,549,549,549
1,550,11.016520835459232,20.987326875329018,0.08483543246984482,0.012699626386165619,0.2284408387868257,0.21009814739227295,0.21009814739227295,0.10695651296562361,0.10599660038044958,0.0954398587346077,0.06818588078022003,0.06818588078022003,0.03915225589009814,0.03106820821566783,0.11376574635505676,805.3771028139223,718.9176907576392,0.0,805.2171717171717,719.0808080808081,807.0,715.0,0.0,0.7044166162060549,550,550,550
1,551,10.584790892899036,14.871929071843624,0.08306263014674187,0.010759212076663971,0.533961101820041,0.1651483029127121,0.1651483029127121,0.09985651785753807,0.09981160450901762,0.09235155954957008,0.07852152734994888,0.0772659182548523,0.022891208712567633,0.021027251581974604,0.11281770467758179,32.055349084709015,731.3494517370286,0.0,32.214765100671144,731.8590604026846,38.0,728.0,0.0,0.7481737573682253,551,551,551
1,552,12.02967718243599,20.596764393150806,0.09221941605210304,0.00885704904794693,0.7488450883765121,0.17133347690105438,0.17133347690105438,0.10740783198603562,0.10350132860879802,0.1011241041123867,0.07857169955968857,0.07857169955968857,0.02258842126531349,0.018126627512587427,0.10784061253070831,882.0572015834315,731.7066025409101,0.0,882.7688442211055,731.9396984924623,875.0,727.0,0.0,0.7929619822425779,552,552,552
1,553,12.239330764859915,25.599368039518595,0.09284737333655357,0.01818716526031494,0.685884106157381,0.1662387251853943,0.1662387251853943,0.10199442304049929,0.11081977506285105,0.11463785171508789,0.0361858569085598,0.0361858569085598,0.031841586861687934,0.02660805638153628,0.1313849315047264,83.85698240043837,728.5756659651989,0.0,84.14285714285714,729.1991341991342,77.0,729.0,0.0,0.7647844646196859,553,553,553
1,554,12.809966668486595,29.68426525592804,0.09075365215539932,0.007981415838003159,0.2610812651932577,0.15030762553215027,0.15030762553215027,0.09930206719757051,0.09994702106373077,0.09773065522313118,0.07827161252498627,0.07827161252498627,0.0175252872821756,0.013436724225577677,0.10676578059792519,937.7784347145722,733.9738858288894,0.0,937.5824915824916,733.8013468013468,931.0,729.0,0.0,0.7379028753749705,554,554,554
1,555,15.289982598274946,34.42201651260257,0.09653177857398987,0.024333588778972626,0.717851287809643,0.20638589560985565,0.20638589560985565,0.11761525075596113,0.1220638883425623,0.11862444877624512,0.03871111199259758,0.03871111199259758,0.038192490420194,0.03276494621743311,0.1463855728507042,305.36982644339156,734.6479992758781,0.0,305.3404255319149,735.3652482269504,303.0,728.0,0.0,0.7299717241396264,555,555,555
1,556,12.952684961259365,22.80849716067314,0.08666244894266129,0.018000278621912003,0.653502567551371,0.21108755469322205,0.21108755469322205,0.10884609211142324,0.10809714294157886,0.10299080610275269,0.07814333587884903,0.07814333587884903,0.03257652130739107,0.027157870027415633,0.12266219779849052,484.9914575513266,738.2828387641553,0.0,485.6255924170616,738.4407582938388,480.0,736.0,0.0,0.7381809103761762,556,556,556
1,557,13.43171564489603,19.569415897130966,0.11492889747023582,0.017560958862304688,1.0197919554601844,0.22995780408382416,0.22995780408382416,0.1384712953082065,0.13403709518582854,0.13685941696166992,0.07841549068689346,0.07841549068689346,0.033401975577473014,0.0288966360040474,0.1520652323961258,323.20080200603184,750.9723970951021,0.0,324.1849315068493,751.2397260273973,316.0,745.0,0.0,0.7783931668735764,557,557,557
1,558,11.034741185605526,17.674855895340443,0.09470860660076141,0.018335402011871338,0.23839748419477522,0.18764108419418335,0.18764108419418335,0.1186531310280164,0.11330035830346438,0.11094559729099274,0.07833197712898254,0.07833197712898254,0.027942088692255326,0.023973735936106966,0.13125424087047577,454.36451313299807,748.0116822658669,0.0,454.1602564102564,748.1346153846154,447.0,747.0,0.0,0.748434133357145,558,558,558
1,559,9.426662236452103,16.700446590781212,0.10354737751185894,0.004712007939815521,0.4966527563549732,0.18713073432445526,0.18713073432445526,0.12242418488898835,0.1151754937295256,0.10808435827493668,0.07933207601308823,0.07933207601308823,0.02618105030668567,0.020920351639541,0.11447076126933098,871.1281149300539,742.5616119783945,0.0,870.8689655172413,742.1379310344828,877.0,748.0,0.0,0.909080538527215,559,559,559
1,560,13.12375721335411,30.44634135067463,0.09079124219715595,0.010013807564973831,0.229201486374646,0.15593057870864868,0.16118063032627106,0.1001813527736955,0.10182722859757401,0.09984656795859337,0.07818066328763962,0.07818066328763962,0.019220597060330434,0.01588600871488219,0.11061859875917435,37.72150700395103,754.4837198091359,0.0,37.7056856187291,754.7123745819398,43.0,758.0,0.0,0.8003340916062057,560,560,560
1,561,9.047405868768692,17.109240785241127,0.13586586713790894,0.012572407722473145,0.4543964634051136,0.201466903090477,0.201466903090477,0.1559897563580809,0.150081059519659,0.1504344493150711,0.11515860259532928,0.11515860259532928,0.023529285464138468,0.020056232299048387,0.1623825654387474,474.417388466106,745.9393953590167,0.0,474.2280701754386,745.5263157894736,478.0,753.0,0.0,0.9572071360896164,561,561,561
1,562,13.038171589374542,21.307845778763294,0.08826063573360443,0.008428245782852173,0.30887955465146144,0.19813843071460724,0.19813843071460724,0.10600139503556538,0.1024415662440543,0.09491083025932312,0.07514289021492004,0.07514289021492004,0.030916449549208126,0.024511546822784634,0.10557176172733307,874.8815543908581,750.5712862138877,0.0,874.9759615384615,750.8653846153846,878.0,749.0,0.0,0.8466625893709433,562,562,562
1,563,16.456884518265724,39.41280733793974,0.10422021523118019,0.013271532952785492,0.6470670529174233,0.19511061906814575,0.19511061906814575,0.12467336756261913,0.1194327495089083,0.11654247343540192,0.07886145263910294,0.07886145263910294,0.03192207919893325,0.023033901983798014,0.13073784857988358,1324.0227925752863,751.5863636222415,0.0,1324.4818181818182,751.130303030303,1313.0,744.0,0.0,0.7587453443062604,563,563,563
1,564,17.12548143416643,31.737865805625916,0.11934701167047024,0.0185391865670681,1.5944021725645547,0.22326424717903137,0.22326424717903137,0.14891722986231679,0.13981438680892475,0.13750919699668884,0.07894688844680786,0.07894688844680786,0.03581489698901787,0.030608834992988446,0.15692156925797462,1300.0112334222356,752.3323947519933,0.0,1299.9295154185022,750.7400881057268,1304.0,764.0,0.0,0.7757786375139194,564,564,564
1,565,12.590368818491697,20.739164534956217,0.09392762556672096,0.03154229000210762,1.0566441326143479,0.23065698146820068,0.23065698146820068,0.13538030987625482,0.13380106151584656,0.11510154604911804,0.056681662797927856,0.056681662797927856,0.05834619602684671,0.05078332526541245,0.19175714999437332,128.07893489100837,759.8072689721562,0.0,127.25806451612904,759.141935483871,122.0,764.0,0.0,0.7420968273841626,565,565,565
1,566,11.892020985484123,21.970797456800938,0.1099749207496643,0.01417037844657898,0.6187720705025042,0.20616528391838074,0.20616528391838074,0.12517916826825393,0.1262689509011548,0.12853005528450012,0.07978560030460358,0.07978560030460358,0.03454291308197712,0.026849180194739437,0.13813835382461548,990.1400985925351,758.8247145501913,0.0,990.3620689655172,758.2471264367816,992.0,763.0,0.0,0.7921603795160311,566,566,566
1,567,14.937856569886208,22.87773396074772,0.12487881816923618,0.022543810307979584,0.8618919664630222,0.1950061321258545,0.1950061321258545,0.14789956999887335,0.14388511924998565,0.14772770553827286,0.08024805784225464,0.08024805784225464,0.03352745806431663,0.02960849161516242,0.17022038251161575,461.4299401449322,758.5686436036585,0.0,460.8805031446541,759.2327044025158,468.0,754.0,0.0,0.8007051138720925,567,567,567
1,568,16.901968978345394,28.570888966321945,0.1296803094446659,0.021375924348831177,0.6846183430715495,0.19941112399101257,0.19941112399101257,0.1509104373066553,0.14958580610639763,0.15102694183588028,0.094537653028965,0.094537653028965,0.026970504857292372,0.025789607506058916,0.1718410663306713,474.83977210424626,762.0927489446892,0.0,475.5026178010471,761.9214659685864,478.0,754.0,0.0,0.9199694106165829,568,568,568
1,569,12.257261123508215,24.73770782724023,0.09468850865960121,0.014170721173286438,0.7493899255498138,0.16173486411571503,0.16173486411571503,0.10658487933485404,0.11143111633891994,0.11612097918987274,0.058913227170705795,0.058913227170705795,0.02610776697164791,0.021452302674188045,0.12694500386714935,1285.976470927123,756.7073191413587,0.0,1285.2297297297298,756.7702702702703,1293.0,769.0,0.0,0.7330376951687891,569,569,569
1,570,13.440688073635101,31.728385418653488,0.12840032577514648,0.009757772088050842,0.3612583311484577,0.17852018773555756,0.17852018773555756,0.13177145170230492,0.1367602819769547,0.1418694108724594,0.07833053916692734,0.07833053916692734,0.0257727321801216,0.02048461084785667,0.15048128366470337,288.67368925813594,757.7630058606267,0.0,288.5215517241379,757.4353448275862,294.0,757.0,0.0,0.8773512738197782,570,570,570
1,571,14.55646038800478,23.02873396128416,0.11350873857736588,0.01431141048669815,0.9803195334953312,0.2073643058538437,0.2073643058538437,0.13604168586920354,0.13084507932547818,0.13269402086734772,0.07889492809772491,0.07889492809772491,0.02893050858726396,0.026185491115402724,0.143595352768898,315.053111684098,761.0788993039831,0.0,315.8125,761.6988636363636,321.0,759.0,0.0,0.7791086640073218,571,571,571
1,572,11.648559480905533,24.1047425493598,0.09996873140335083,0.010563325136899948,0.7179788405093577,0.23186305165290833,0.23186305165290833,0.11766221697884377,0.11424048601592321,0.1110445111989975,0.059905555099248886,0.059905555099248886,0.04007242378698381,0.02846199631228262,0.1198580302298069,992.5594878565984,772.3896978177568,0.0,992.9052132701422,773.0189573459716,998.0,763.0,0.0,0.8313793080771794,572,572,572
1,573,11.106178887188435,19.629212126135826,0.10266565531492233,0.02670721709728241,1.35638564238749,0.21670517325401306,0.21670517325401306,0.14808238516251246,0.1326298116630799,0.12715253233909607,0.08010329306125641,0.08007921278476715,0.038787943383730455,0.03441749968813253,0.16011030972003937,490.8821011486222,760.471749139211,0.0,491.5945945945946,759.3175675675676,488.0,769.0,0.0,0.8422191925387668,573,573,573
1,574,23.09141483157873,41.67790612578392,0.1932864598929882,0.01672927290201187,0.46818300702418303,0.2658527195453644,0.2658527195453644,0.2099219530143521,0.20735276679494488,0.21635523438453674,0.09548953175544739,0.09548953175544739,0.04136273812869355,0.03662926172387145,0.23021956160664558,1305.454610136482,772.4045576024947,0.0,1304.9900497512438,772.4626865671642,1314.0,774.0,0.0,0.8803537601868778,574,574,574
1,575,15.350426509976387,17.187561593949795,0.11004073731601238,0.04103495925664902,1.574450374934923,0.23124533891677856,0.23124533891677856,0.15990027614558736,0.1576840513206403,0.17214306443929672,0.04257780686020851,0.04257780686020851,0.05644675691161597,0.05436562935306408,0.2080456055700779,134.63567825484182,768.3349267838913,0.0,136.19266055045873,768.5688073394496,134.0,762.0,0.0,0.7425062984993736,575,575,575
1,576,10.001459330320358,17.370447166264057,0.10021574050188065,0.018844127655029297,1.376660815588103,0.22210782766342163,0.22210782766342163,0.14927551239284118,0.12772387622252984,0.11803220212459564,0.07938598096370697,0.07938598096370697,0.042563345084944304,0.037718049588557276,0.13945825397968292,480.0438958417065,775.1003957441933,0.0,479.0147058823529,776.0147058823529,484.0,775.0,0.0,0.8683882470468167,576,576,576
1,577,14.853224143385887,24.695371739566326,0.10930466093122959,0.014025591313838959,1.2107911781709222,0.19579607248306274,0.19579607248306274,0.13029143985426217,0.12409734542495642,0.12582554668188095,0.078961580991745,0.078961580991745,0.02421810993514799,0.021961306457763008,0.13788757473230362,298.4951196343802,775.6106404352469,0.0,298.36180904522615,776.8140703517588,297.0,765.0,0.0,0.6967314834979628,577,577,577
1,578,12.403756022453308,19.868220627307892,0.09822419658303261,0.021476440131664276,0.6617153111028202,0.17282462120056152,0.17282462120056152,0.11926688483128181,0.11968807606811983,0.12014373391866684,0.06251872330904007,0.06251872330904007,0.03089045223970441,0.025726641614045975,0.1395876780152321,276.175512130003,772.2213256384796,0.0,275.8072289156627,772.7710843373494,279.0,764.0,0.0,0.8172778161870144,578,578,578
1,579,18.837372988462448,40.18184620141983,0.12375675141811371,0.016873441636562347,1.070815522958012,0.19281263649463654,0.19281263649463654,0.151914298294052,0.14148537394866137,0.14025765657424927,0.09251031279563904,0.09251031279563904,0.025811469131809418,0.02183663463727659,0.15834307670593262,507.16179484182675,768.2714018765356,0.0,507.25,767.2042253521126,512.0,781.0,0.0,0.8167158147288813,579,579,579
1,580,10.482979752123356,14.807801015675068,0.102238230407238,0.028536520898342133,1.5443358860249694,0.2916977107524872,0.2916977107524872,0.16127661157112855,0.14238270207379872,0.12616077065467834,0.07878788560628891,0.07878788560628891,0.05968640795612845,0.054024687641871495,0.16326259076595306,322.30967634833166,775.6330240416797,0.0,323.7980769230769,775.2211538461538,315.0,777.0,0.0,0.8132501107046488,580,580,580
1,581,9.016578759998083,10.775060292333364,0.05999013315886259,0.05291416682302952,1.1917736641062857,0.24320361018180847,0.24320361018180847,0.12022105013330778,0.1184072559597073,0.10285633057355881,0.035841409116983414,0.035841409116983414,0.06963156620453713,0.06378552864613031,0.17581509053707123,128.1034921272937,776.4370208406091,0.0,127.64835164835165,777.5384615384615,129.0,777.0,0.0,0.8196135224826254,581,581,581
1,582,13.143994189798832,21.511463157832623,0.09604443609714508,0.023788001388311386,1.4313529746002236,0.20568914711475372,0.20568914711475372,0.13835783357682982,0.12579803016276386,0.11089210957288742,0.0797763243317604,0.0797763243317604,0.043811426376027265,0.03781372790595543,0.15219056606292725,491.3512292133974,783.0173641818144,0.0,490.67836257309943,784.280701754386,496.0,780.0,0.0,0.8335519435594808,582,582,582
1,583,18.4664179161191,28.04061059653759,0.11228937655687332,0.046491965651512146,2.225259794701847,0.2898632884025574,0.2898632884025574,0.16787652651017362,0.15932165111669086,0.15278656780719757,0.03930594027042389,0.03930594027042389,0.0700547747768012,0.06052458685892626,0.2100345343351364,1320.6898789542859,777.3983135945101,0.0,1322.9147727272727,777.3579545454545,1315.0,776.0,0.0,0.7782166991503242,583,583,583
1,584,15.43070238083601,47.72339687496424,0.0940680280327797,0.0109022855758667,0.49659623011678794,0.17843137681484222,0.17843137681484222,0.11869771062181546,0.10945733228202807,0.10427635163068771,0.07831825315952301,0.07831825315952301,0.030395797468930008,0.02133861343058978,0.11966996639966965,1223.3654993480714,776.9252658510435,0.0,1223.2155963302753,776.4518348623853,1230.0,778.0,0.0,0.7874052732369086,584,584,584
1,585,13.938212372362614,24.152506537735462,0.09629929810762405,0.012209370732307434,1.4727492698615183,0.28267747163772583,0.28267747163772583,0.13664914090551583,0.11897786471790868,0.10694200918078423,0.08014722913503647,0.08014722913503647,0.055798721099070435,0.043940294381830745,0.12096174620091915,314.59134859828976,786.6098366177562,0.0,314.18226600985224,788.0246305418719,314.0,777.0,0.0,0.7657089617190724,585,585,585
1,586,23.43826662003994,61.41799607127905,0.11336644738912582,0.023712098598480225,1.1642839388526809,0.31653544306755066,0.31653544306755066,0.15625511080026627,0.14283254900297454,0.13297076523303986,0.07945887744426727,0.07945887744426727,0.06260420607975549,0.045757856675689844,0.1607382744550705,528.5415790158547,775.7136131838313,0.0,529.693023255814,775.8860465116279,522.0,771.0,0.0,0.6135276997563918,586,586,586
1,587,14.858630113303661,42.283560797572136,0.10617543756961823,0.02473340928554535,0.8551221996871379,0.23415352404117584,0.23415352404117584,0.13757990845651538,0.13552423332555172,0.1372220814228058,0.07834143191576004,0.07834143191576004,0.05012886055449553,0.03577234234854612,0.15714627504348755,382.37255392976783,779.9898118006893,0.0,381.5224358974359,779.8974358974359,378.0,777.0,0.0,0.8237243660180348,587,587,587
1,588,10.759853206574917,22.370106868445873,0.10000383853912354,0.006731942296028137,0.0915436808286403,0.1603713184595108,0.1603713184595108,0.10446459423859143,0.10652431842117083,0.10667075216770172,0.08000306785106659,0.08000306785106659,0.017520280275220665,0.013536630651508518,0.11348539590835571,675.1769965482817,780.3237858853398,0.0,675.1142857142858,780.3904761904762,670.0,779.0,0.0,0.8042049125924305,588,588,588
1,589,15.87165454030037,50.88423366844654,0.11284143105149269,0.02101948857307434,0.7335300929169059,0.24033372104167938,0.24033372104167938,0.13682460810603767,0.13752495586066632,0.14141738414764404,0.07821329683065414,0.07821329683065414,0.044430431270914325,0.0307120418943064,0.1595533788204193,396.06324957840656,794.2172568918965,0.0,396.7243243243243,794.5351351351351,389.0,788.0,0.0,0.8656056776642868,589,589,589
1,590,11.92395056784153,21.481709398329258,0.12867705523967743,0.01703435182571411,0.5655145507080988,0.2738071382045746,0.2738071382045746,0.1472092662696485,0.14613407753965482,0.1435149535536766,0.08012669533491135,0.08012669533491135,0.04417775068692702,0.0346869287366861,0.16499793529510498,356.4004305140497,789.6969896963989,0.0,356.9387755102041,789.5238095238095,351.0,795.0,0.0,0.8646015437208993,590,590,590
1,591,9.746183641254902,14.607738770544529,0.14725776761770248,0.014086812734603882,0.2973239267224123,0.2692960202693939,0.2692960202693939,0.1651895532416085,0.16230820856160588,0.15865525603294373,0.08493306487798691,0.08493306487798691,0.03869365411882156,0.03234489812160763,0.1747802421450615,346.6621158497468,787.8227898524801,0.0,346.5111111111111,787.5666666666667,349.0,795.0,0.0,0.8850659714403526,591,591,591
1,592,18.42703627049923,34.63633070886135,0.12806199491024017,0.027185752987861633,1.2760761649929224,0.2438274472951889,0.2438274472951889,0.16452710955802882,0.15462647637884533,0.15872149169445038,0.07820568978786469,0.07820568978786469,0.03813706794364411,0.035757007197518946,0.18070216476917267,509.97641361485967,794.2514717218102,0.0,511.0580357142857,794.9285714285714,509.0,795.0,0.0,0.9044055902053616,592,592,592
1,593,9.745318304747343,13.690037433058023,0.09197682328522205,0.01083499938249588,0.7301824273667454,0.16121233999729156,0.16121233999729156,0.10046719901801385,0.1014076846893187,0.1027613990008831,0.038454748690128326,0.038454748690128326,0.024783510781183963,0.021430399781291208,0.11355935968458652,685.0596092558153,793.584260320467,0.0,685.4148148148148,794.2222222222222,681.0,789.0,0.0,0.7658557377841025,593,593,593
1,594,10.73776850104332,17.38405279815197,0.09266368299722672,0.01829492300748825,1.2987537750207552,0.2117854654788971,0.2117854654788971,0.13592112026637113,0.12072258887605535,0.10561322420835495,0.07949420064687729,0.07949420064687729,0.04297807929917427,0.0369603058677228,0.14463397860527039,1209.7566752458515,793.4952153934494,0.0,1208.4791666666667,793.7291666666666,1218.0,794.0,0.0,0.8600424344071328,594,594,594
1,595,18.60837295651436,38.764247961342335,0.0987318828701973,0.0176977701485157,0.7788364197861594,0.18198329210281372,0.18198329210281372,0.1185246685128303,0.11640915303706406,0.11647751554846764,0.07852152734994888,0.07852152734994888,0.0252116921672343,0.021456239918132343,0.13416393101215363,334.37836516198195,794.9196093688732,0.0,333.82282282282284,795.4654654654655,324.0,797.0,0.0,0.6521948689194392,595,595,595
1,596,13.282258488237858,43.37077761441469,0.14606988057494164,0.056117720901966095,0.8980026779742902,0.28388091921806335,0.3187102973461151,0.1581221248599745,0.19624786250866377,0.19721240550279617,0.036912087351083755,0.036912087351083755,0.07033693751089205,0.07126513709566334,0.26171351969242096,1297.22389827156,789.5161875980765,0.0,1297.7556561085973,790.2398190045249,1295.0,788.0,0.0,1.040326372627292,596,596,596
1,597,14.380799070000648,37.42725533246994,0.15067747235298157,0.04467391222715378,0.5027091780248926,0.2827686071395874,0.2880540192127228,0.16721859383721685,0.19193464273061508,0.19522035866975784,0.07931160181760788,0.07931160181760788,0.059418286752313386,0.0567749064960624,0.2401372753083706,1319.065983517021,798.3384923501877,0.0,1318.8666666666666,798.8,1320.0,798.0,0.0,0.9835837908728235,597,597,597
1,598,11.202363841235638,16.80728232115507,0.13287325203418732,0.03362695872783661,1.001528309243152,0.2341100126504898,0.2341100126504898,0.16973278547326723,0.1616084838572603,0.15931373834609985,0.07854592800140381,0.07854592800140381,0.04404360605682968,0.04250792275301873,0.19930137693881989,511.2991493487379,801.434278763621,0.0,512.0673076923077,802.0769230769231,507.0,797.0,0.0,0.9063662334603315,598,598,598
1,599,11.794060476124287,25.286519303917885,0.09266368299722672,0.009182889014482498,0.9786084624103466,0.2091236561536789,0.2091236561536789,0.12034755587881925,0.10852583392239436,0.10038565844297409,0.0793750137090683,0.0793750137090683,0.035473056846205796,0.02599315441355279,0.11341586895287037,1219.9851186471753,801.9412307620205,0.0,1219.7081545064377,802.8798283261802,1219.0,794.0,0.0,0.8789054338741576,599,599,599
1,600,11.807861886918545,28.619124121963978,0.09704381227493286,0.015334159135818481,0.7139407565148983,0.20522336661815643,0.20522336661815643,0.12299856132206817,0.11633790293481291,0.11245058476924896,0.07913772016763687,0.07913772016763687,0.03929585163934842,0.02765232092260744,0.12778474390506744,1242.0814546153895,792.6483429872708,0.0,1242.7845528455284,792.5243902439024,1236.0,798.0,0.0,0.8635979336578379,600,600,600
1,601,8.501100286841393,12.648427851498127,0.09773806855082512,0.012900955975055695,0.7563709306781735,0.20001766085624695,0.20001766085624695,0.1268820938334536,0.11932479105186912,0.10806691646575928,0.07952405512332916,0.07952405512332916,0.03726046618734763,0.03178789717517279,0.13233592361211777,1233.7102771207733,803.3885120141634,0.0,1233.4150943396226,804.0849056603773,1237.0,799.0,0.0,0.898610317218386,601,601,601
1,602,13.125678814947605,26.38281301409006,0.10988805070519447,0.014656007289886475,0.6521060014526294,0.248413547873497,0.248413547873497,0.1396348810100809,0.13060798521826764,0.12828868627548218,0.08263757824897766,0.08263757824897766,0.036752283644858524,0.029719325471693783,0.14129182696342468,374.29897603894625,800.6983222943961,0.0,374.84158415841586,800.3366336633663,368.0,797.0,0.0,0.710098886086983,602,602,602
1,603,14.206938788294792,26.96288140118122,0.09084427729249,0.0160810723900795,1.4500941342993336,0.18892836570739746,0.18892836570739746,0.12799043953418732,0.11376743207249461,0.10322146862745285,0.07865448296070099,0.07865448296070099,0.032000653241931964,0.028042440553543074,0.134323138743639,353.4103963184103,810.425816216767,0.0,352.7763713080169,811.7299578059071,357.0,800.0,0.0,0.7275040946917993,603,603,603
1,604,12.642042115330696,28.88665748387575,0.09615371003746986,0.01957302913069725,0.18791067104086176,0.203598290681839,0.20398634672164917,0.10993080100287562,0.11790472442398266,0.11616392806172371,0.05803872272372246,0.05803872272372246,0.032536026945898924,0.030031578966314202,0.13480861112475395,507.65753606222876,814.1492879950335,0.0,507.51020408163265,814.0326530612244,515.0,820.0,0.0,0.8502886734800261,604,604,604
1,605,13.26565557718277,30.854764699935913,0.08509668707847595,0.0056986138224601746,0.7414417618507234,0.18833941221237183,0.18833941221237183,0.10785085835107942,0.09764166044283516,0.08957631140947342,0.07820426672697067,0.07820426672697067,0.028363686508941065,0.02077420732832775,0.10028987377882004,1112.4231423058543,807.9401714542372,0.0,1112.392405063291,807.1993670886076,1114.0,820.0,0.0,0.8110854173195848,605,605,605
1,606,14.546878710389137,32.50719429552555,0.11062951385974884,0.01258726418018341,0.9273493813800081,0.24266940355300903,0.24266940355300903,0.13595213748027232,0.12599687711444013,0.12113172560930252,0.07862785458564758,0.07862785458564758,0.03526326849723646,0.026447298838284988,0.13455215096473694,375.071369411522,819.44256247919,0.0,374.3643410852713,820.0426356589147,385.0,816.0,0.0,0.768021379936874,606,606,606
1,607,12.866025499999523,20.509441025555134,0.08359341509640217,0.009557709097862244,0.9216941096931764,0.2025662660598755,0.2025662660598755,0.10545922540983216,0.10103172918992677,0.09362934157252312,0.046440329402685165,0.046440329402685165,0.0344250062620062,0.027759218054952527,0.10252127610147,1126.3174912800412,818.3463506301583,0.0,1127.1625615763546,818.7142857142857,1115.0,820.0,0.0,0.8413781585493956,607,607,607
1,608,18.00272274762392,58.23262716829777,0.1086122915148735,0.01922522485256195,0.8965703628191467,0.19443684816360474,0.19443684816360474,0.12330632018920494,0.1302743337098384,0.13482971489429474,0.07822182774543762,0.07822182774543762,0.036020663420816765,0.0268518821457088,0.15175475180149078,185.36109046283684,825.1115288668619,0.0,185.51454138702462,824.228187919463,190.0,812.0,0.0,0.753881188695976,608,608,608
1,609,15.998787730932236,35.29257179051638,0.09285141713917255,0.013660121709108353,0.7261636573527491,0.22221434116363525,0.22221434116363525,0.115099192308865,0.10994570651251208,0.10615802556276321,0.07865067571401596,0.07865067571401596,0.032800844289277285,0.02443953037169459,0.12127545848488808,391.46283050354424,821.8821213481131,0.0,392.18068535825546,821.772585669782,385.0,821.0,0.0,0.7547504758912065,609,609,609
1,610,14.530824139714241,22.360399052500725,0.12134255468845367,0.01473991572856903,0.7757521339018936,0.20012564957141876,0.20012564957141876,0.14107596252149748,0.1355175700151559,0.13390685617923737,0.07881534099578857,0.07881534099578857,0.02799322951248406,0.02372914689853071,0.15240850299596786,951.3456949883142,822.4873169927073,0.0,950.8424242424243,821.8969696969697,961.0,820.0,0.0,0.8491225141069935,610,610,610
1,611,8.632288210093975,12.987954147160053,0.10756468400359154,0.014737024903297424,0.7685806605839193,0.21067744493484497,0.21067744493484497,0.13487950328271836,0.1273328837956868,0.11999382823705673,0.07856906205415726,0.07856906205415726,0.035158300392991254,0.030197820779747128,0.13918375968933105,966.1579210027284,822.5334560006041,0.0,966.8333333333334,822.1666666666666,961.0,827.0,0.0,0.8714433457073507,611,611,611
1,612,13.77248840034008,29.11337410658598,0.10537931323051453,0.04158387705683708,0.02638593590949289,0.24263834953308105,0.25919678807258606,0.12752304074388962,0.15242604244285854,0.15777899324893951,0.04380489140748978,0.04380489140748978,0.04756493793588373,0.05117900642930245,0.1863514930009842,542.2733923978998,832.4915109863185,0.0,542.2565445026178,832.4712041884817,548.0,820.0,0.0,0.8645107306792912,612,612,612
1,613,14.745725564658642,31.558582864701748,0.08612266555428505,0.015500016510486603,0.7434977445354336,0.1603512167930603,0.1603512167930603,0.10311696199061987,0.10313262374085538,0.09983216971158981,0.07814333587884903,0.07814333587884903,0.021380445755066653,0.01822184586948148,0.11916378885507584,983.7677802956276,831.2881214636556,0.0,984.4183006535948,830.9281045751634,979.0,821.0,0.0,0.7313753657962414,613,613,613
1,614,13.816121779382229,36.893265806138515,0.10057641193270683,0.03435412049293518,0.5946234812723438,0.20527225732803345,0.20533861219882965,0.11324689983100188,0.13415733020414006,0.1360921412706375,0.07822182774543762,0.07822182774543762,0.03463972489916781,0.03677830471727967,0.16857291385531425,498.2644397220166,833.1944075023803,0.0,497.8545454545455,832.7636363636364,505.0,833.0,0.0,0.8949364912298223,614,614,614
1,615,14.177767761051655,29.003313340246677,0.09855648875236511,0.023558661341667175,0.8842088001174585,0.23077084124088287,0.23077084124088287,0.13502635962906337,0.1250142816389943,0.11797600984573364,0.07865066826343536,0.07865066826343536,0.04436640727958126,0.03426016734769473,0.1483255922794342,30.57358553603545,834.3306285100574,0.0,31.0,833.5560344827586,31.0,840.0,0.0,0.7849856742896918,615,615,615
1,616,10.13970685750246,14.394119672477245,0.0843392089009285,0.011205404996871948,0.2639663401552592,0.14918813109397888,0.14918813109397888,0.10039313720299466,0.09858986077039208,0.09374509006738663,0.07918345928192139,0.07918345928192139,0.020829420669207975,0.01827964371702185,0.11004358902573586,217.52015369772965,836.7067768904699,0.0,217.74657534246575,836.8424657534247,225.0,834.0,0.0,0.7292270510305656,616,616,616
1,617,14.513332523405552,29.08704198896885,0.10542080737650394,0.016478892415761948,0.699838323783856,0.1689365804195404,0.1689365804195404,0.12196077750760968,0.12170310455635502,0.1198866255581379,0.07986123114824295,0.07986123114824295,0.02574145792856146,0.020960293515250743,0.13775750249624252,937.4893863649767,832.567087499503,0.0,936.81589958159,832.7573221757323,953.0,835.0,0.0,0.8015207721407377,617,617,617
1,618,12.805020496249199,17.831730745732784,0.12366342917084694,0.010198310017585754,0.7489491446739797,0.18894392251968384,0.18894392251968384,0.14227800551387998,0.13716715958255987,0.13010171055793762,0.10245010256767273,0.10245010256767273,0.019281463090580143,0.017977420207508452,0.14964673668146133,968.6915676121107,838.9554462269964,0.0,969.4384615384615,838.9,961.0,845.0,0.0,0.7822566159639633,618,618,618
1,619,9.320115521550179,14.78637908399105,0.08308592066168785,0.012219719588756561,0.4470225806294369,0.17535074055194855,0.17535074055194855,0.10241885188516679,0.10127656906843185,0.0950155258178711,0.07815656810998917,0.07815656810998917,0.026218282779978216,0.021803119163575167,0.11088889092206955,209.5870699155916,846.7702431859261,0.0,209.32191780821918,847.1301369863014,212.0,842.0,0.0,0.6965522726835924,619,619,619
1,620,14.376357525587082,20.98021426051855,0.12079738266766071,0.0181049183011055,0.29793192235022803,0.22190725803375244,0.22190725803375244,0.14669752577129674,0.14080680711757418,0.13628830015659332,0.08714919537305832,0.08714919537305832,0.030175181608184987,0.027613425502440603,0.15704303979873657,17.38297623628099,849.7800102737485,0.0,17.093959731543624,849.8523489932886,12.0,848.0,0.0,0.8115227928126217,620,620,620
1,621,16.26936996728182,18.262851923704147,0.14249488711357117,0.028287753462791443,0.9300421307802426,0.2656489610671997,0.2656489610671997,0.18077077741424244,0.17560434542023218,0.17509324848651886,0.11999217420816422,0.11745262891054153,0.03694884350294673,0.03723518339570069,0.20288453996181488,36.445947591175326,848.8612035642522,0.0,37.36538461538461,848.7211538461538,26.0,851.0,0.0,0.9122540098048042,621,621,621
1,622,14.847512871026993,37.53382846713066,0.09534213691949844,0.008650623261928558,0.6969369147488782,0.17813228070735931,0.17813228070735931,0.10917288875755142,0.10513677441773295,0.10333909094333649,0.0799250602722168,0.0799250602722168,0.022941870923385423,0.0160766094561333,0.11295193992555141,864.5427058996731,845.7994886385948,0.0,864.6162464985995,845.1064425770309,854.0,849.0,0.0,0.7226956384323092,622,622,622
1,623,10.657112374901772,17.14810673892498,0.09430296160280704,0.02136201038956642,0.9121488727193964,0.2563767731189728,0.2563767731189728,0.13321390468627214,0.12336767438075526,0.11367787048220634,0.07852151989936829,0.07852151989936829,0.04963084168466085,0.040301972230787915,0.13975976407527924,52.45242031885883,845.0659343120287,0.0,52.87769784172662,844.2589928057554,55.0,852.0,0.0,0.7749097862373103,623,623,623
1,624,15.378913678228855,23.29286117106676,0.11127067171037197,0.015726126730442047,0.22226665840535823,0.19279509782791138,0.19279509782791138,0.12815761398524045,0.12728339437741398,0.12777017056941986,0.07981079816818237,0.07981079816818237,0.02532058577722526,0.02289184090691685,0.14327001571655273,930.8718894666179,852.5054082502927,0.0,931.0054644808744,852.6830601092896,939.0,861.0,0.0,0.7743529409241233,624,624,624
1,625,12.99564877152443,21.900207795202732,0.10771115124225616,0.011004030704498291,0.9005983437126799,0.19937953352928162,0.19937953352928162,0.1274083212894552,0.12166782108445963,0.1210031807422638,0.07840295135974884,0.07840295135974884,0.029488936205942864,0.024833363212157112,0.13025923073291779,966.2399208303647,852.9154967708464,0.0,966.6722222222222,853.7055555555555,961.0,846.0,0.0,0.7808121559817566,625,625,625
1,626,23.097802624106407,56.60653603076935,0.12337110936641693,0.043446555733680725,1.5569236954624797,0.43199461698532104,0.43199461698532104,0.20623038057237864,0.17471153095916467,0.15459968149662018,0.07999833673238754,0.07999833673238754,0.09324132357504022,0.06903202502090351,0.21470029652118683,182.54873432808128,850.8351577919523,0.0,182.85493827160494,849.3086419753087,181.0,858.0,0.0,0.8351995677216945,626,626,626
1,627,12.236050933599472,16.51303280889988,0.08417033404111862,0.01630529761314392,1.750224864673786,0.25894612073898315,0.25894612073898315,0.12880053614315234,0.12141935888896971,0.09595373272895813,0.07759882509708405,0.07759882509708405,0.053156919772942166,0.047709367030403314,0.15314526855945587,47.884226627746784,860.529265429448,0.0,47.86764705882353,862.2794117647059,55.0,855.0,0.0,0.7577783166484472,627,627,627
1,628,13.871830709278584,24.153026044368744,0.08767539076507092,0.008819952607154846,0.44838386607914743,0.2225927859544754,0.2225927859544754,0.10922701345888648,0.10277883423135635,0.09635854884982109,0.07821329683065414,0.0781877189874649,0.03368882425882025,0.026274816785420346,0.10557322949171066,849.8444239860031,854.4820916704654,0.0,849.4638297872341,854.7191489361702,854.0,853.0,0.0,0.7161114496361114,628,628,628
1,629,16.360865607857704,31.900873839855194,0.1133475974202156,0.01467067003250122,0.22779173749656617,0.17718258500099182,0.17718258500099182,0.12984813974490242,0.12760349535942078,0.13250039517879486,0.07842136919498444,0.07842136919498444,0.026479729257107024,0.02220920263018693,0.14379649609327316,916.8015565834814,852.9511683868218,0.0,917.016,853.028,913.0,861.0,0.0,0.7729723412614442,629,629,629
1,630,26.62375497072935,58.87523300945759,0.11698390543460846,0.046413540840148926,1.7243989220508722,0.6212553381919861,0.6212553381919861,0.22755346128828505,0.18690550161732566,0.15694280713796616,0.0801120474934578,0.0801120474934578,0.1456934723386372,0.10325655262901724,0.2242489568889141,161.20894964767726,859.8066003549606,0.0,159.5047619047619,860.0698412698413,166.0,854.0,0.0,0.7076975891766666,630,630,630
1,631,19.166994214057922,19.166994214057922,0.3360590711236,0.08842270076274872,0.07739711441322998,0.5997564792633057,0.5997564792633057,0.4259332047568427,0.4259332047568427,0.4024856984615326,0.23111838102340698,0.23111838102340698,0.10291711635158919,0.10291711635158919,0.532165139913559,169.28660938165265,858.4796117364023,0.0,169.35555555555555,858.4444444444445,167.0,855.0,0.0,0.9464554857076266,631,631,631
1,632,20.976071141660213,33.9856188967824,0.1375444084405899,0.03052564710378647,1.7592547256285131,0.24491475522518158,0.24491475522518158,0.1808281994970708,0.1665961710626588,0.1550103724002838,0.0808834582567215,0.0808834582567215,0.04533400565258275,0.04145083429058393,0.20542195439338684,897.8383496113519,855.0198591005311,0.0,898.4558823529412,853.3725490196078,907.0,859.0,0.0,0.871958077210005,632,632,632
1,633,6.0618153885006905,6.182761549949646,0.11182848922908306,0.03471904247999191,0.5011981429979216,0.20650561153888702,0.20650561153888702,0.144328937821445,0.14378515232441036,0.14037135988473892,0.07880757749080658,0.07880757749080658,0.04050067415423641,0.04018180558643909,0.1802610382437706,1023.7763717837195,855.7539362406322,0.0,1023.7209302325581,855.2558139534884,1026.0,856.0,0.0,0.9255319156617449,633,633,633
1,634,13.73282314836979,27.519596979022026,0.11469551175832748,0.013956524431705475,1.4053826085849406,0.26285266876220703,0.26285266876220703,0.1492698168301064,0.13691341780607974,0.13185812532901764,0.07969018816947937,0.07969018816947937,0.0527991628677917,0.03891978062507436,0.14368749037384987,30.389132644423682,864.0312116647699,0.0,30.736318407960198,865.3930348258707,26.0,852.0,0.0,0.8268255277413743,634,634,634
1,635,7.39588138461113,8.309137187898159,0.08205220848321915,0.02103327214717865,0.967323046395057,0.20110756158828735,0.20110756158828735,0.12535392177307,0.12219319393967881,0.10049214959144592,0.07164302468299866,0.07164302468299866,0.04740626590902621,0.04509366022681407,0.16519083082675934,1029.7118994625982,858.3447125008613,0.0,1030.6617647058824,858.1617647058823,1026.0,863.0,0.0,0.8634601809348094,635,635,635
1,636,25.56232875585556,51.01087095588446,0.12014976888895035,0.06408859044313431,2.2680786353577713,0.5727485418319702,0.5727485418319702,0.2840258750650618,0.21166336496217616,0.17409459501504898,0.08094625174999237,0.08094625174999237,0.1437553849241542,0.11698360677070023,0.2670084461569786,177.24751029206266,866.3182209347086,0.0,177.09128630705393,868.5809128630706,173.0,862.0,0.0,0.7722154738823729,636,636,636
1,637,19.4414721429348,37.06067235767841,0.1270345076918602,0.03708566725254059,1.7158900249907272,0.29205161333084106,0.29205161333084106,0.194414721429348,0.170003084209534,0.15739482641220093,0.09852941334247589,0.09852941334247589,0.06002281598786461,0.05051200718691785,0.2100614532828331,883.5156399937387,854.8095490829959,0.0,882.8577981651376,853.2247706422019,881.0,863.0,0.0,0.834628057864266,637,637,637
1,638,18.855310931801796,47.00383252650499,0.14915182814002037,0.026691682636737823,0.6777925723505973,0.25155550241470337,0.25155550241470337,0.18855310931801797,0.18148197886681464,0.19049068540334702,0.13892075419425964,0.11649380624294281,0.030398451391656145,0.03162656329478822,0.2071782872080803,902.6967259233401,874.442782624243,0.0,903.3745173745174,874.4440154440155,908.0,860.0,0.0,0.9463850790679609,638,638,638
1,639,7.469110853970051,7.693362608551979,0.0883641317486763,0.028387926518917084,0.6956060985152248,0.20739217102527618,0.20739217102527618,0.12448518089950085,0.12408649368632224,0.11267383396625519,0.07379569113254547,0.07379569113254547,0.04306266303343223,0.04244487759115311,0.16255855560302734,1021.5854051777691,863.5106798094666,0.0,1021.3870967741935,864.1774193548387,1025.0,864.0,0.0,0.8510941493686479,639,639,639
1,640,17.193551525473595,57.067476734519005,0.09874852746725082,0.0077781155705451965,0.30014112147154326,0.15399619936943054,0.15399619936943054,0.1011385383851388,0.10548516956473014,0.10585414990782738,0.07820256799459457,0.07820256799459457,0.01617001856311298,0.011865758971062599,0.11427946388721466,1198.200236857471,858.8705403689398,0.0,1197.9445471349352,859.0277264325324,1191.0,853.0,0.0,0.7856704618984087,640,640,640
1,641,13.511784613132477,19.328313909471035,0.1033379752188921,0.011658933013677597,0.7755662248580808,0.24183744192123413,0.24183744192123413,0.132468476599338,0.12311027967815946,0.11251174286007881,0.0840718001127243,0.0840718001127243,0.03546842159685937,0.03158219481628411,0.13179165124893188,949.6180638025696,863.8220340345313,0.0,950.2484076433121,864.2738853503184,940.0,862.0,0.0,0.7665288508979511,641,641,641
1,642,19.226730026304722,39.94485592097044,0.10592131316661835,0.027351800352334976,2.492903126131197,0.272026389837265,0.272026389837265,0.15505427440568323,0.1401573891963875,0.13107479363679886,0.07971780002117157,0.07971780002117157,0.04977524764280033,0.042932710105239906,0.165009006857872,878.4159782372667,873.9442359335143,0.0,875.9614035087719,873.5087719298245,885.0,869.0,0.0,0.8231028813100676,642,642,642
1,643,12.875266134738922,28.34102577716112,0.09821633249521255,0.008241601288318634,0.41485669671521497,0.20261642336845398,0.20261642336845398,0.11704787395217202,0.10984893712077955,0.10546227544546127,0.08021605759859085,0.08021605759859085,0.027746072384935396,0.0205821613755028,0.11620542779564857,944.0488555798077,877.6527084877574,0.0,944.0116279069767,878.0658914728682,947.0,870.0,0.0,0.7640989802825613,643,643,643
1,644,15.765563771128654,42.61494877189398,0.13777559623122215,0.006806731224060059,0.3144654890859423,0.23031847178936005,0.23031847178936005,0.15456435069733976,0.14848414206234836,0.14332322031259537,0.10866668075323105,0.10866668075323105,0.02853660748202768,0.019174325290996514,0.1533975526690483,987.7289320613254,872.1573919362098,0.0,987.8919860627178,871.8885017421603,985.0,883.0,0.0,0.8768743739531047,644,644,644
1,645,20.41024439036846,78.41427268087864,0.1348619908094406,0.04281508922576904,1.6449209332200905,0.3029051423072815,0.3029051423072815,0.1632819551229477,0.178214256092906,0.18022775650024414,0.08062779158353806,0.08062779158353806,0.06792520061253937,0.0546199601031763,0.21791835129261017,196.72057825775155,880.3921388349568,0.0,198.27045454545456,880.9431818181819,186.0,883.0,0.0,0.8642452689621652,645,645,645
1,646,13.839951254427433,29.250990718603134,0.08899430930614471,0.009805962443351746,0.5280604958022629,0.19835081696510315,0.19835081696510315,0.112519928897784,0.10299644619226456,0.0970059260725975,0.0793374627828598,0.0793374627828598,0.025930751452184684,0.020507318018932665,0.10945649445056915,966.3870020387939,879.0751316528529,0.0,965.8908450704225,878.8943661971831,974.0,885.0,0.0,0.755262236844613,646,646,646
1,647,10.372206151485443,17.851600021123886,0.12482980638742447,0.03692048788070679,1.2016660039365674,0.29990193247795105,0.29990193247795105,0.19207789169417488,0.1716500002031143,0.17648325860500336,0.07829654216766357,0.07829654216766357,0.06510212992339674,0.05729655602485884,0.20351900160312653,229.09459842147757,881.9314862115787,0.0,228.2596153846154,881.0673076923077,236.0,883.0,0.0,0.8769857703732645,647,647,647
1,648,18.058324173092842,31.788307338953018,0.11831360310316086,0.02362249791622162,1.1107841011619404,0.30470871925354004,0.30470871925354004,0.1672067053064152,0.16054700676238898,0.1731967031955719,0.0783807560801506,0.0783807560801506,0.05770754668524751,0.04817762079876618,0.1876004859805107,243.27891928797322,884.5841773802322,0.0,243.46969696969697,883.489898989899,236.0,882.0,0.0,0.850782271072346,648,648,648
1,649,10.201631244271994,17.329489942640066,0.08501378446817398,0.00929819792509079,0.8007403401260673,0.18876832723617554,0.18876832723617554,0.09445954855807402,0.09574303835712744,0.09438418224453926,0.046349309384822845,0.046349309384822845,0.02406195833595877,0.020261032717731164,0.10194177739322186,1201.358791799572,884.3359556033017,0.0,1201.513812154696,885.121546961326,1197.0,881.0,0.0,0.7027415324205674,649,649,649
1,650,13.118882767856121,21.645068489015102,0.10908824950456619,0.013121183961629868,0.8585578830378315,0.2135491967201233,0.2135491967201233,0.13665502883183459,0.1265793478889772,0.12189040333032608,0.08906614035367966,0.08906614035367966,0.02886864852646102,0.025527665484728918,0.13694773614406586,867.8431273756643,884.689319612052,0.0,866.9941520467836,884.561403508772,876.0,883.0,0.0,0.7984158043190992,650,650,650
1,651,11.393022909760475,22.394042648375034,0.08778029680252075,0.007137969136238098,0.5179569382847641,0.16362570226192474,0.16362570226192474,0.09993879745403926,0.0982194852998905,0.09495145827531815,0.07961373776197433,0.07961373776197433,0.019980569868331258,0.015499635504804399,0.10199885070323944,1217.468134048745,880.9636810861804,0.0,1217.719298245614,881.4166666666666,1214.0,877.0,0.0,0.7247937107797274,651,651,651
1,652,15.076264053583145,29.405017718672752,0.1219889372587204,0.016663827002048492,0.5762038420615306,0.19343991577625275,0.19343991577625275,0.1334182659609128,0.1367675242728965,0.14026136696338654,0.08002224564552307,0.08002224564552307,0.0297934335996167,0.025117873736080945,0.15411896258592606,1001.7962779001999,884.9168562928446,0.0,1002.3488372093024,884.753488372093,1002.0,880.0,0.0,0.8642776941084572,652,652,652
1,653,13.135295629501343,17.753509007394314,0.1344379186630249,0.03178506717085838,1.4918459703615095,0.26258087158203125,0.26258087158203125,0.18243466152085197,0.16908103816566014,0.15332884341478348,0.08982882648706436,0.08982882648706436,0.04867840047974129,0.045442040177519176,0.21596717089414597,974.2896445506125,891.4424169988798,0.0,973.1619047619048,892.4190476190477,975.0,886.0,0.0,0.8655155671572742,653,653,653
1,654,17.347405031323433,47.410095646977425,0.15989889204502106,0.009962297976016998,0.38079435357683944,0.2360733598470688,0.2360733598470688,0.17522631344771145,0.169928658232894,0.16986119002103806,0.11014395207166672,0.11014395207166672,0.024782302471217044,0.018259291896397578,0.17954645678400993,218.82762286016327,893.4690328827485,0.0,218.52329749103941,893.2401433691756,228.0,889.0,0.0,0.8209577287965845,654,654,654
1,655,14.724828399717808,26.746076181530952,0.13174351304769516,0.03113406151533127,1.282235895205829,0.32518526911735535,0.32518526911735535,0.19123153765867282,0.17481095543484282,0.1807176023721695,0.08141397684812546,0.08141397684812546,0.06926283897290318,0.05674512484543646,0.2005404382944107,256.5395579834,891.1601061649053,0.0,257.1503267973856,890.0326797385621,261.0,898.0,0.0,0.8181936292924833,655,655,655
1,656,14.805746234953403,36.154976546764374,0.08787902444601059,0.012866169214248657,0.5245133512107553,0.14246866106987,0.14246866106987,0.09740622522995661,0.10127444410858367,0.0992996022105217,0.07787813991308212,0.07787813991308212,0.016659554023111298,0.0158802617892168,0.11318455450236797,700.3863224874494,896.6218109023539,0.0,699.9859943977591,896.2829131652661,705.0,903.0,0.0,0.7368419059740455,656,656,656
1,657,16.87498790770769,33.581866301596165,0.12372473627328873,0.013072848320007324,0.9569523622456954,0.25782784819602966,0.25782784819602966,0.15202691808745666,0.1422960436508312,0.14218562841415405,0.07895005494356155,0.07895005494356155,0.04487634127350016,0.03457295233481077,0.15279865264892578,981.5537040800647,899.6063195506922,0.0,981.8728813559322,900.5084745762712,983.0,888.0,0.0,0.8037163092440343,657,657,657
1,658,14.234726794064045,25.392781101167202,0.11423097737133503,0.020651422441005707,1.013397196664683,0.19850197434425354,0.19850197434425354,0.14093788905013907,0.13435333915961484,0.1297018975019455,0.0783245861530304,0.0783245861530304,0.03453376451509804,0.029171021491767944,0.16236324608325958,659.4902487978924,897.7490360734492,0.0,659.2010582010582,896.7777777777778,655.0,905.0,0.0,0.7941922212843886,658,658,658
1,659,13.766220971941948,22.107613869011402,0.0913002472370863,0.014988910406827927,0.6292117441007326,0.1623869091272354,0.1623869091272354,0.1128378768191963,0.10890450181779016,0.10838182643055916,0.07867655158042908,0.07867655158042908,0.022189137649282074,0.019520321424285787,0.12222705967724323,889.3961981110618,897.1042460492677,0.0,890.0197044334975,897.0197044334975,880.0,894.0,0.0,0.7647740689381582,659,659,659
1,660,14.245182186365128,33.577282071113586,0.10539047233760357,0.01546696200966835,1.0473064916274122,0.18127943575382233,0.18650580942630768,0.12495773847688708,0.1239014098565077,0.12216338142752647,0.07863450795412064,0.07863450795412064,0.030121438172108994,0.02678099874334109,0.13528674840927124,677.8737907995887,897.0823147539345,0.0,678.4538745387454,896.210332103321,672.0,906.0,0.0,0.8082983939036982,660,660,660
1,661,14.851248852908611,45.91464880108833,0.09606276452541351,0.009792964905500412,0.18310802808944826,0.201051265001297,0.201051265001297,0.11000925076228601,0.10752845152479704,0.10455689579248428,0.0751672089099884,0.0751672089099884,0.026706233317936597,0.017910572687094034,0.11596883647143841,947.2070534520233,898.4277438898328,0.0,947.0304449648712,898.3793911007026,936.0,895.0,0.0,0.674717303113146,661,661,661
1,662,19.93207424879074,23.022311352193356,0.1473316065967083,0.07642308622598648,1.8633598065804584,0.37398025393486023,0.37398025393486023,0.2401454728769969,0.2192601081161272,0.20449458062648773,0.07957915216684341,0.07957915216684341,0.0831247224099525,0.08489163782611836,0.29733961820602417,259.3321189545268,901.638255519525,0.0,260.9714285714286,900.7523809523809,262.0,907.0,0.0,0.8843002035191088,662,662,662
1,663,14.972007155418396,29.04687862843275,0.12313046306371689,0.014189183712005615,0.9701960491472293,0.1961830109357834,0.1961830109357834,0.14124535052281506,0.13701357843600354,0.13757625222206116,0.07860366255044937,0.07860366255044937,0.0303188722669192,0.024236635001592118,0.1515451967716217,724.7308174544453,899.9564517877403,0.0,724.5424528301887,899.0047169811321,721.0,908.0,0.0,0.8887822246786041,663,663,663
1,664,17.460670724511147,19.35715003311634,0.1730869933962822,0.012690141797065735,0.7995116335850544,0.34020286798477173,0.34020286798477173,0.20303105493617613,0.19955824776408598,0.18639832735061646,0.16047677397727966,0.16047677397727966,0.044174147788895356,0.04278102891959407,0.19835256785154343,239.78223508740325,902.6260970969951,0.0,239.23711340206185,902.0412371134021,246.0,908.0,0.0,0.8593411537399595,664,664,664
1,665,14.708162389695644,23.826464533805847,0.10213543847203255,0.017980381846427917,1.3448625939254912,0.19807755947113037,0.19807755947113037,0.1337105671790513,0.12540244491476762,0.11915184557437897,0.0781516432762146,0.0781516432762146,0.03667301904423073,0.030875410894342505,0.13989165425300598,746.9678894608035,903.1408295477684,0.0,748.1105263157895,902.4315789473684,749.0,912.0,0.0,0.7228077489200601,665,665,665
1,666,11.468425542116165,22.36442046612501,0.08377885073423386,0.007097229361534119,0.47587138407234625,0.14708155393600464,0.14708155393600464,0.098020731129198,0.0947644935005297,0.09057173132896423,0.07865067571401596,0.07865067571401596,0.016970401685063786,0.013882542113918504,0.10159014165401459,844.3131059642138,901.954314835194,0.0,843.9915254237288,902.3050847457627,841.0,895.0,0.0,0.7897454140579221,666,666,666
1,667,17.045006163418293,30.190094850957394,0.10401958972215652,0.00835513323545456,1.0677947064660667,0.20916907489299774,0.20916907489299774,0.12351453741607459,0.11701587151533874,0.11209997534751892,0.0792502611875534,0.0792502611875534,0.026699701500391873,0.02157967219579049,0.12242608517408371,862.304072803603,904.7297971194103,0.0,861.8062015503876,905.6744186046511,867.0,893.0,0.0,0.744381846809647,667,667,667
1,668,14.098118722438812,27.754297822713852,0.09824494644999504,0.011987924575805664,0.5339850804500456,0.16383223235607147,0.16383223235607147,0.1127849497795105,0.11101719129085541,0.11213678121566772,0.07204707711935043,0.07204707711935043,0.019979059236357573,0.01655040620394196,0.12249033898115158,1011.0658915378118,912.4338074105812,0.0,1011.544,912.196,1008.0,899.0,0.0,0.7199812698466904,668,668,668
1,669,16.7418470159173,28.669082775712013,0.0921601727604866,0.024322107434272766,2.2658009028775723,0.3530665338039398,0.3530665338039398,0.13722825422883034,0.13090905377037448,0.11450937390327454,0.03944746404886246,0.03944746404886246,0.08120536345058935,0.06503889017172738,0.1392381750047207,440.10333103352946,908.5940847910797,0.0,439.351598173516,906.4566210045662,441.0,914.0,0.0,0.7385504221365784,669,669,669
1,670,7.149813614785671,8.759731240570545,0.11251540295779705,0.014412552118301392,0.6988167518623238,0.19107162952423096,0.19107162952423096,0.1299966111779213,0.12695262667493543,0.11714145541191101,0.07875429838895798,0.07875429838895798,0.030201156329516053,0.027697046905426532,0.1395999789237976,880.0983679346941,910.5133426875294,0.0,880.536231884058,911.0579710144928,875.0,907.0,0.0,0.8977423386964283,670,670,670
1,671,19.629014506936073,22.07405859977007,0.10807543247938156,0.04573451727628708,2.221483335011912,0.3965637981891632,0.3965637981891632,0.19434667828649577,0.18395048833141725,0.1383887678384781,0.07817370444536209,0.07817370444536209,0.09930190854307665,0.09485196257156077,0.27923858165740967,259.7563283040622,915.3317997651905,0.0,260.9583333333333,917.2,261.0,908.0,0.0,0.7276419491542804,671,671,671
1,672,20.932539626955986,37.8060422167182,0.1492290049791336,0.02765655517578125,1.5337426981505913,0.4509473741054535,0.4509473741054535,0.20322854006753385,0.18532373635646174,0.18027232587337494,0.08011958748102188,0.08011958748102188,0.09359462951834215,0.07378873315374407,0.2075231522321701,657.9226894680476,912.594191176755,0.0,659.4166666666666,912.9411764705883,652.0,916.0,0.0,0.7699666563715623,672,672,672
1,673,17.792425088584423,41.60630311816931,0.12882374227046967,0.02473333477973938,1.2765720493308348,0.3191298246383667,0.3191298246383667,0.16628434662228433,0.15409741895618262,0.15672850608825684,0.07940571010112762,0.07940571010112762,0.05147866255790418,0.039970605704326145,0.17934904247522354,222.51162618718533,915.8537464939618,0.0,221.74444444444444,916.8740740740741,233.0,919.0,0.0,0.763529201186308,673,673,673
1,674,22.427283093333244,22.69098500907421,0.30085012316703796,0.026692062616348267,0.21988941578413693,0.3899356722831726,0.3899356722831726,0.32503308830917743,0.32415692870106017,0.33654558658599854,0.19134801626205444,0.19134801626205444,0.04681006674664957,0.04704091819157447,0.3618405610322952,249.53171711037692,912.1269057295686,0.0,249.34285714285716,912.0142857142857,249.0,916.0,0.0,0.9295266597286224,674,674,674
1,675,14.049532033503056,18.620279364287853,0.1214568167924881,0.024407923221588135,0.8597475528781694,0.24497750401496887,0.24497750401496887,0.14788981087897954,0.14547093253349885,0.1460884064435959,0.08253298699855804,0.08253298699855804,0.03993610811721832,0.036105981255843966,0.17003753781318665,719.8136373974171,912.2529541602012,0.0,719.03125,912.609375,720.0,909.0,0.0,0.7584435770698891,675,675,675
1,676,18.996916957199574,30.355810545384884,0.1364886462688446,0.04633939266204834,1.9919066967536863,0.3762946128845215,0.3762946128845215,0.21587405633181334,0.19970927990384793,0.21275770664215088,0.0834224596619606,0.0834224596619606,0.0700446562048358,0.06592851091607849,0.23811553418636322,440.22061359677747,921.1166649166636,0.0,438.24342105263156,920.875,440.0,915.0,0.0,0.7921290971633331,676,676,676
1,677,17.96168389171362,31.830119408667088,0.10445714369416237,0.043475598096847534,1.4131652778263182,0.24661995470523834,0.24661995470523834,0.16181697199741998,0.14943718032238068,0.14505207538604736,0.0783807560801506,0.0783807560801506,0.05362908003724035,0.048669658718781476,0.19293106347322464,621.6618218724406,917.8540919959771,0.0,621.4600938967136,916.4553990610328,622.0,926.0,0.0,0.796023821723893,677,677,677
1,678,15.978650353848934,16.150128163397312,0.18587511405348778,0.0703582838177681,0.6260670452399499,0.3903641700744629,0.3903641700744629,0.25772016699756345,0.25635124068884624,0.26188188791275024,0.08096441626548767,0.08096441626548767,0.0782535262347377,0.07837473835939657,0.3172631040215492,246.36030520923268,919.8875491013642,0.0,246.44444444444446,920.5079365079365,248.0,918.0,0.0,0.9423717578480164,678,678,678
1,679,12.493081755936146,27.15276726335287,0.09635937958955765,0.018596939742565155,0.2042545468474272,0.21427756547927856,0.21427756547927856,0.12012578611477064,0.11805550984066465,0.11513549089431763,0.07846333831548691,0.07846333831548691,0.03767214832823323,0.028182244160517376,0.1327473223209381,301.04237987374,917.9583275346719,0.0,301.0739130434783,917.7565217391304,296.0,918.0,0.0,0.7401161662575472,679,679,679
1,680,17.96963281184435,26.46048180013895,0.09879234246909618,0.04386661574244499,2.6737312833476605,0.4333958923816681,0.4333958923816681,0.2274637064790424,0.1752349788088672,0.13778216391801834,0.08676993101835251,0.08676993101835251,0.09508969617581187,0.09167347508249912,0.23271469399333,657.0771910876733,924.2157646718726,0.0,659.225165562914,925.8079470198676,652.0,918.0,0.0,0.7197676112730969,680,680,680
1,681,14.930367544293404,21.625935800373554,0.11236564815044403,0.02948170155286789,1.5910035015218984,0.24292351305484772,0.24292351305484772,0.1622866037423196,0.14612118784036185,0.143986776471138,0.08708224445581436,0.08708224445581436,0.03749973269415214,0.03726149016078803,0.17152759432792664,751.9142249383104,918.1251769395409,0.0,753.4256756756756,917.6283783783783,748.0,926.0,0.0,0.7474001536566919,681,681,681
1,682,19.610325753688812,35.180524453520775,0.1828525960445404,0.02199476957321167,0.1898308343109116,0.30318188667297363,0.30318188667297363,0.20216830673905992,0.20453793286930683,0.21415716409683228,0.08077223598957062,0.08077223598957062,0.04949860377266517,0.040731208292462545,0.23007847368717194,639.2768646500491,916.8232347891101,0.0,639.0872093023256,916.8313953488372,634.0,917.0,0.0,0.7461069472793754,682,682,682
1,683,15.75258406251669,23.70198644697666,0.11374037154018879,0.03632650151848793,1.4830363334658618,0.30333802103996277,0.30333802103996277,0.175028711805741,0.15907373454346752,0.1487276256084442,0.07843427360057831,0.07843427360057831,0.07038092020551129,0.060134669408605734,0.18692198395729065,239.53564014803007,926.4446004470155,0.0,239.46979865771812,927.9261744966443,244.0,923.0,0.0,0.7750175456602671,683,683,683
1,684,15.976104989647865,25.7356281504035,0.13442092761397362,0.010714970529079437,0.6099041207299605,0.18042582273483276,0.18042582273483276,0.14930939242661556,0.14706073228802,0.15566927939653397,0.07816216349601746,0.07816216349601746,0.026002422023027088,0.023045087501714558,0.16420715302228928,990.929818659214,922.3612414975523,0.0,990.7542857142857,921.7771428571428,989.0,917.0,0.0,0.8640012142479737,684,684,684
1,685,16.416036054491997,34.11427019536495,0.09404052793979645,0.018632031977176666,1.3371929967710072,0.3811791241168976,0.3811791241168976,0.13566971945861153,0.12360242824407591,0.11187509447336197,0.0709693506360054,0.0709693506360054,0.07180098950508708,0.05074100622430075,0.13284476101398468,688.1564398796052,929.7872552323424,0.0,689.0471014492754,928.7898550724638,682.0,934.0,0.0,0.7783615923003862,685,685,685
1,686,11.001176714897156,11.825609050691128,0.09552814066410065,0.020802564918994904,1.4037467808693032,0.20742572844028473,0.20742572844028473,0.12792065947554832,0.12853922881186008,0.1428317129611969,0.04901833087205887,0.04901833087205887,0.03809637707648205,0.03704878810331071,0.1522561013698578,731.9879585737855,927.5448766647125,0.0,731.6739130434783,928.9130434782609,726.0,923.0,0.0,0.702342382609836,686,686,686
1,687,15.822459287941456,37.5279096364975,0.10494013130664825,0.011505283415317535,0.9920907919644244,0.18791432678699493,0.18791432678699493,0.12361296318704262,0.11801229445439465,0.11563225835561752,0.0782306119799614,0.0782306119799614,0.026488741460128834,0.021155466245166288,0.1288551390171051,1010.864431856856,931.8877193214156,0.0,1011.5377358490566,932.6163522012579,1001.0,929.0,0.0,0.7542363512399699,687,687,687
1,688,26.60656277835369,72.68273037672043,0.14592722058296204,0.0199754536151886,1.4167713544603073,0.3325767517089844,0.3325767517089844,0.1886990267968347,0.1714215339073595,0.1614101082086563,0.09189102798700333,0.09189102798700333,0.053263846629352046,0.04017344968473433,0.18858855962753296,611.787308862156,937.4441337257648,0.0,611.0849056603773,938.6745283018868,622.0,928.0,0.0,0.6231665350643402,688,688,688
1,689,12.39999495819211,18.312450174242258,0.09255979582667351,0.021261043846607208,1.3212927992772117,0.23993556201457977,0.23993556201457977,0.12038830056497195,0.11814483983382101,0.111653633415699,0.04227885603904724,0.04227885603904724,0.05176389894670936,0.042862061067993104,0.13443999364972115,755.1522083164048,929.0956353287083,0.0,756.1032258064516,930.0129032258064,748.0,928.0,0.0,0.6369172549843604,689,689,689
1,690,21.411952443420887,62.12352994084358,0.12234741263091564,0.014431007206439972,0.9598444745355943,0.20144939422607422,0.20144939422607422,0.12898766532181258,0.13593770227755708,0.14085304737091064,0.06325344741344452,0.06325344741344452,0.03179406993077893,0.02465280295277006,0.1532718613743782,968.1517872725026,922.7876367534229,0.0,967.7833698030635,923.6739606126914,968.0,915.0,0.0,0.8027529548884949,690,690,690
1,691,14.602726459503174,30.48821258544922,0.09634579159319401,0.02803894504904747,1.6816795303007954,0.2578745484352112,0.2578745484352112,0.13396996751837775,0.13550316704644097,0.11956632137298584,0.06577350944280624,0.06577350944280624,0.060761888312224066,0.05195433279226699,0.16741793975234032,437.04996184287313,929.5945755201868,0.0,435.56888888888886,930.3911111111111,448.0,928.0,0.0,0.859916119448433,691,691,691
1,692,9.69438137859106,12.727101638913155,0.08721997030079365,0.023095201700925827,0.7703226235839848,0.1819990575313568,0.1819990575313568,0.11142967101828806,0.11262921804347925,0.10641796886920929,0.0666225403547287,0.0666225403547287,0.031128864866034306,0.02895774583795879,0.1385778672993183,303.4263026293626,933.0035604920429,0.0,303.50442477876106,933.7699115044247,297.0,931.0,0.0,0.7007420469063885,692,692,692
1,693,22.69422148913145,40.82403687387705,0.12939895689487457,0.020433172583580017,0.4176291527075421,0.40602853894233704,0.40602853894233704,0.22923456049627727,0.18225016461552254,0.14415030181407928,0.09689890593290329,0.0949123352766037,0.098779771060491,0.08131983846509934,0.21186044812202454,681.3146101824027,939.2246335167172,0.0,681.6205357142857,939.5089285714286,681.0,935.0,0.0,0.790151550464477,693,693,693
1,694,12.693617396056652,16.969903625547886,0.09611745923757553,0.023780278861522675,1.465126591758258,0.21921391785144806,0.21921391785144806,0.13361702522164898,0.1266410718324469,0.1131099984049797,0.07954338192939758,0.07954338192939758,0.04002156373214904,0.038136073306975715,0.1535680964589119,648.8012305490946,939.059473408878,0.0,649.2910447761194,940.4402985074627,649.0,930.0,0.0,0.7238804916309268,694,694,694
1,695,15.758615002036095,32.95291584730148,0.11687552556395531,0.017969250679016113,1.0500702827931392,0.20540276169776917,0.2121114730834961,0.13585012932789736,0.1361690737491797,0.1390846222639084,0.07938027381896973,0.07938027381896973,0.033642796630663684,0.028273956495567874,0.1540985032916069,983.940643100443,943.7903626131433,0.0,984.2644628099174,944.7892561983471,977.0,939.0,0.0,0.7988162842709354,695,695,695
1,696,14.612529456615448,28.194163963198662,0.14023838937282562,0.012452095746994019,1.2607028717265427,0.37939372658729553,0.37939372658729553,0.2058102740368373,0.1740380491555473,0.14939384162425995,0.12637925148010254,0.12637925148010254,0.08437444378936779,0.06324167744547793,0.172193706035614,678.9582396260379,950.1452271916133,0.0,679.3024691358024,951.358024691358,675.0,941.0,0.0,0.8608532710541307,696,696,696
1,697,14.336891546845436,32.75586289167404,0.09736460447311401,0.01635323464870453,0.810435756742444,0.1953149437904358,0.1953149437904358,0.11113869416159253,0.11373563504053487,0.11354723572731018,0.07868112623691559,0.07868112623691559,0.02520456597086315,0.020942621841293266,0.1299004703760147,664.3312800543454,947.3623025252832,0.0,663.6597222222222,947.8159722222222,661.0,939.0,0.0,0.7357261120863606,697,697,697
1,698,14.615182787179947,17.642050579190254,0.12547451257705688,0.021577179431915283,1.0169066679526162,0.2323102205991745,0.2323102205991745,0.1522414873664578,0.14825252587554835,0.15154102444648743,0.08902337402105331,0.08902337402105331,0.028989566239641783,0.02861401483102978,0.1665452942252159,634.5940252652915,948.1310834837122,0.0,635.5714285714286,948.4117647058823,628.0,945.0,0.0,0.7736244778392594,698,698,698
1,699,17.342921055853367,36.96006800234318,0.10725674033164978,0.030758671462535858,1.2561535216834117,0.2139579802751541,0.2139579802751541,0.13986226657946263,0.13842722098255872,0.13449028134346008,0.0786966010928154,0.0786966010928154,0.04122511117770531,0.03500906244735176,0.17026164382696152,339.9297116281429,946.7997782564944,0.0,341.14232209737827,946.4719101123595,330.0,946.0,0.0,0.6939588009467379,699,699,699
1,700,16.75092191249132,36.48053798824549,0.09416710957884789,0.03619702160358429,1.3112951867923412,0.2386617809534073,0.2386617809534073,0.13618635701212456,0.13265650177543814,0.13349545001983643,0.07931555807590485,0.07931555807590485,0.04779533906911579,0.039204101265690135,0.16619864478707314,319.4965504027484,957.5620416289231,0.0,318.1890909090909,957.4618181818182,314.0,953.0,0.0,0.6939762205888315,700,700,700
1,701,8.549476005136967,10.635721169412136,0.10686465352773666,0.03213327378034592,0.8209913732487928,0.2889567017555237,0.2889567017555237,0.14999080710766607,0.14569481053989228,0.12907037138938904,0.07827333360910416,0.07827333360910416,0.05854154346700279,0.053858775620961676,0.1778506524860859,111.7690315645446,958.1772699213897,0.0,112.54794520547945,957.917808219178,109.0,960.0,0.0,0.8606369899388205,701,701,701
1,702,13.926968663930893,26.364311642944813,0.10230782628059387,0.017904430627822876,1.4869119283371888,0.24321117997169495,0.24321117997169495,0.14211192514215196,0.12798209535410104,0.1259884238243103,0.07908297330141068,0.07908297330141068,0.0436441122569346,0.03510967972195332,0.13999063521623611,640.067985514548,964.0083191101927,0.0,641.5485436893204,964.1456310679612,630.0,965.0,0.0,0.7569485722669882,702,702,702
1,703,8.943246357142925,10.193937227129936,0.09421044960618019,0.02553732693195343,1.0522406340303405,0.262324720621109,0.262324720621109,0.13550373268398372,0.13069150291192225,0.12486261874437332,0.07883398234844208,0.07883398234844208,0.048423047802120985,0.04609099117732823,0.1438589245080948,103.47240189722332,961.8828048709123,0.0,102.43589743589743,962.0641025641025,108.0,961.0,0.0,0.8395404867298284,703,703,703
1,704,9.747565317898989,11.484089251607656,0.08092104084789753,0.016501743346452713,0.7005457026131178,0.16864480078220367,0.16864480078220367,0.09747565317898989,0.09815460898809963,0.09749917685985565,0.046891648322343826,0.046891648322343826,0.02630256035952031,0.024699102319544287,0.11330387182533741,348.18096884715004,965.8158937646033,0.0,348.85470085470087,965.6239316239316,342.0,959.0,0.0,0.7637590910483084,704,704,704
1,705,14.133045807480812,20.85691935569048,0.12386584840714931,0.03389764577150345,0.8656684002949884,0.2661256790161133,0.2661256790161133,0.1662711271468331,0.16168154539294946,0.16492094099521637,0.08221828937530518,0.08221828937530518,0.05436642031497288,0.046982948476580536,0.1907864809036255,1088.9859556187755,961.7336110106431,0.0,1089.0077519379845,960.8682170542636,1091.0,967.0,0.0,0.8460771801199571,705,705,705
1,706,11.62586909532547,25.39577227830887,0.09032434225082397,0.005814172327518463,0.2004866586101976,0.15649795532226562,0.15649795532226562,0.09451926093760545,0.09767604722426487,0.09848322719335556,0.05671149864792824,0.05671149864792824,0.017586379568984692,0.013323792406205069,0.1029253825545311,564.5890683459058,970.7297315549342,0.0,564.6884615384615,970.9038461538462,553.0,961.0,0.0,0.7537322761464729,706,706,706
1,707,10.643979601562023,17.493492737412453,0.08373194932937622,0.008221462368965149,0.4567346235665932,0.15267188847064972,0.15267188847064972,0.09589170812218038,0.0950733300946329,0.0900716707110405,0.07818866521120071,0.07818866521120071,0.018923392573565775,0.015698394654540242,0.10152783244848251,77.01516423578428,966.2786551418536,0.0,76.93478260869566,966.7282608695652,80.0,956.0,0.0,0.7046295458081238,707,707,707
1,708,11.232086770236492,20.12450908869505,0.10478821769356728,0.012178182601928711,0.49244979905380726,0.17050929367542267,0.17050929367542267,0.12077512656168271,0.11837946522761794,0.12018407881259918,0.07818066328763962,0.07818066328763962,0.024439795993963835,0.019994148142310906,0.12915314733982086,125.06328161553654,967.1398594454205,0.0,125.52352941176471,966.964705882353,116.0,971.0,0.0,0.8110441554949321,708,708,708
1,709,17.173006370663643,25.109424956142902,0.12306605279445648,0.020844608545303345,0.40404687329265554,0.29608187079429626,0.29608187079429626,0.1683628075555259,0.1540455518781773,0.13904885947704315,0.08623705059289932,0.08623705059289932,0.053783516459546765,0.04768240249807478,0.17250750586390495,625.6240558136766,965.6956399119811,0.0,625.3312883435583,965.4171779141104,628.0,965.0,0.0,0.7643947707707729,709,709,709
1,710,19.041364759206772,32.89964769035578,0.14659937471151352,0.02269328385591507,1.662793900170097,0.32343658804893494,0.32343658804893494,0.18668004665888993,0.17224946434741245,0.16511616110801697,0.07886145263910294,0.07886145263910294,0.06744501264153141,0.05374465627078029,0.18999865651130676,1107.9289191955534,967.172198160848,0.0,1109.1675392670156,966.062827225131,1097.0,973.0,0.0,0.694703606918245,710,710,710
1,711,15.158247910439968,36.7393739297986,0.11657199077308178,0.013103384524583817,0.5958594826843944,0.1973828673362732,0.1973828673362732,0.12631873258699974,0.13074510295301994,0.13537045568227768,0.07907236367464066,0.07907236367464066,0.027645461742577083,0.02199546077630615,0.14626666903495789,598.1049470384918,966.24072655344,0.0,597.6476868327402,966.6227758007118,593.0,963.0,0.0,0.8205510124960378,711,711,711
1,712,15.037420719861984,27.897989086806774,0.11072701215744019,0.016516748815774918,0.12261559109983808,0.1887647658586502,0.1887647658586502,0.13795798825561453,0.12975808877584546,0.13411284238100052,0.07968727499246597,0.07968727499246597,0.027167774072248473,0.02461716468547365,0.14607440307736397,609.7534522936883,976.0254108253097,0.0,609.6511627906976,976.0930232558139,616.0,980.0,0.0,0.7645699098500214,712,712,712
1,713,10.525463908910751,19.01424388587475,0.09777072817087173,0.011318888515233994,0.878122565848993,0.20124706625938416,0.20124706625938416,0.11960754441944035,0.11119440868932601,0.10623784735798836,0.07848930358886719,0.07848930358886719,0.027314030676277155,0.02277642319324453,0.1202725637704134,109.40092939546174,977.1858248951053,0.0,108.65497076023392,977.6491228070175,115.0,972.0,0.0,0.8059154396078796,713,713,713
1,714,17.070366106927395,17.73958656936884,0.1872447170317173,0.0362427681684494,0.7313552018381969,0.3085136115550995,0.3085136115550995,0.2216930663237324,0.21900724159714616,0.2257985919713974,0.08708549290895462,0.08708549290895462,0.04852180050977648,0.04920125689644385,0.25857413560152054,1090.1174963497656,972.4965960261176,0.0,1089.3950617283951,972.3827160493827,1095.0,972.0,0.0,0.8595159310765914,714,714,714
1,715,9.59916365146637,14.881432011723518,0.0820017009973526,0.004763767123222351,0.15969447998334013,0.14051400125026703,0.14051400125026703,0.09142060620444162,0.0907404390958751,0.08542897552251816,0.06935404241085052,0.06935404241085052,0.016121340271836426,0.013806567806305178,0.09448648244142532,61.823572550527615,967.4500621231011,0.0,61.823170731707314,967.609756097561,56.0,963.0,0.0,0.6888096343362149,715,715,715
1,716,16.490683652460575,28.159366071224213,0.1403706669807434,0.010477602481842041,0.35287735438207796,0.25608232617378235,0.25608232617378235,0.15557248728736392,0.15304003299578375,0.15508513152599335,0.07337400317192078,0.07337400317192078,0.031176537492743555,0.025560781674639422,0.1653161644935608,333.9206955233557,974.3891887579608,0.0,334.2717391304348,974.3532608695652,341.0,971.0,0.0,0.7759613541540052,716,716,716
1,717,14.98030549287796,26.783211268484592,0.09243954718112946,0.03194702789187431,1.543671484983008,0.3128873109817505,0.3128873109817505,0.1498030549287796,0.13734980137684408,0.13902635872364044,0.07860366255044937,0.07860366255044937,0.06166324050777254,0.0492194283848328,0.16010111570358276,624.2271346672418,983.2749480782459,0.0,624.0666666666667,984.8102564102564,629.0,975.0,0.0,0.7130083495959453,717,717,717
1,718,12.857891909778118,15.83211151510477,0.1158570721745491,0.04197967052459717,1.2778578999255834,0.3014555871486664,0.3014555871486664,0.17613550561339889,0.1666538054221555,0.14784947782754898,0.07999833673238754,0.07999833673238754,0.0700717950332371,0.06413318403766899,0.21221673488616943,1081.375450541005,980.5513342330881,0.0,1080.178947368421,981.0,1082.0,974.0,0.0,0.779782299573828,718,718,718
1,719,10.908560499548912,10.908560499548912,0.20587866380810738,0.02005743235349655,0.5158331244153672,0.2822881042957306,0.2822881042957306,0.23209703190529601,0.23209703190529601,0.24805588275194168,0.08333931863307953,0.08333931863307953,0.04248991509570941,0.04248991509570941,0.2590605244040489,1098.882308530467,983.5044272486091,0.0,1099.0851063829787,983.9787234042553,1099.0,979.0,0.0,0.9455668980692227,719,719,719
1,720,8.990937799215317,9.151067346334457,0.16958195716142654,0.02395370602607727,0.30270981794847274,0.28740403056144714,0.28740403056144714,0.19979861776034039,0.19893624665944473,0.18901030719280243,0.15208081901073456,0.15208081901073456,0.03651739420450097,0.03657863158657322,0.22000961005687714,1107.494311844771,982.2444677896242,0.0,1107.7826086956522,982.1521739130435,1105.0,982.0,0.0,0.9457890188173226,720,720,720
1,721,10.911434426903725,19.374963611364365,0.09704420156776905,0.006891671568155289,0.27759455207545514,0.15733632445335388,0.15733632445335388,0.10491763872022812,0.10472953303440197,0.10509805008769035,0.07842408120632172,0.07842408120632172,0.017054213760220923,0.013280112043375345,0.11088134348392487,751.6388175506687,987.1376596686647,0.0,751.9081081081081,987.0702702702703,746.0,985.0,0.0,0.7869719467693208,721,721,721
1,722,11.177336905151606,19.646761406213045,0.10593418031930923,0.019842281937599182,1.0636086465248136,0.2629341185092926,0.2629341185092926,0.12847513684082304,0.13835747469164117,0.15340279042720795,0.036939650774002075,0.036939650774002075,0.05770928101343121,0.047785409275468926,0.1652950495481491,1116.5386671606152,978.9110587393609,0.0,1116.8450704225352,979.9295774647887,1110.0,986.0,0.0,0.8145744278113688,722,722,722
1,723,10.909361630678177,12.23239517211914,0.18421942740678787,0.01161336898803711,0.1492902212125653,0.250968873500824,0.250968873500824,0.1983520296486941,0.19729669632450228,0.19446052610874176,0.14018207788467407,0.14018207788467407,0.024404922784351284,0.023210960397162625,0.21002575755119324,331.2782120154872,985.158093272077,0.0,331.14516129032256,985.2258064516129,338.0,985.0,0.0,0.8900285073718441,723,723,723
1,724,12.840466104447842,19.796859338879585,0.09579923376441002,0.017328064888715744,0.4297297447351979,0.1709267497062683,0.1709267497062683,0.11780244132520956,0.1144327129415005,0.1102062277495861,0.07889096438884735,0.07889096438884735,0.027922361414680172,0.02404332700256476,0.1300407610833645,92.63791658108713,990.1835287228013,0.0,92.34104046242774,989.8728323699422,97.0,990.0,0.0,0.7391070490069374,724,724,724
1,725,10.6983977034688,16.95872712880373,0.13500742614269257,0.01604306697845459,0.8422638722320178,0.2552380859851837,0.2552380859851837,0.16459073389952,0.15417024662548845,0.1511475145816803,0.08979068696498871,0.08979068696498871,0.03959478026532011,0.03508225006901552,0.16706828773021698,343.1019349729231,992.0119069056085,0.0,343.4818181818182,992.7636363636364,339.0,986.0,0.0,0.863710817261713,725,725,725
1,726,11.55757225304842,21.71989120543003,0.09921957552433014,0.010539107024669647,0.5857259246284563,0.17872165143489838,0.17872165143489838,0.1155757225304842,0.11195820208984553,0.11163776367902756,0.07844841480255127,0.07844841480255127,0.024001078648619598,0.018670419065444848,0.12098473682999611,736.523108626253,980.6836580081305,0.0,736.5257731958762,980.0979381443299,733.0,992.0,0.0,0.8224601158798206,726,726,726
1,727,10.753034979104996,22.79125715047121,0.10161061771214008,0.010626696050167084,0.5635017482571322,0.18686170876026154,0.18686170876026154,0.1064656928624257,0.11117686414864004,0.11262251436710358,0.04310014471411705,0.04310014471411705,0.026198513048658688,0.021013272413691376,0.12203238159418106,354.90707562593275,988.7530444527304,0.0,355.1560975609756,989.2585365853658,358.0,978.0,0.0,0.8462357760774171,727,727,727
1,728,16.28175886720419,40.52026677131653,0.10664154216647148,0.029897920787334442,1.031224073076191,0.248212993144989,0.248212993144989,0.1391603321983264,0.13924490299421488,0.13432493805885315,0.07891024649143219,0.07891024649143219,0.04687317361001038,0.03845950366590307,0.1656772755086422,125.9417162385172,986.8042565849843,0.0,125.18213058419244,987.5017182130584,130.0,981.0,0.0,0.7415980824196928,728,728,728
1,729,11.503271725028753,13.342703025788069,0.08912833966314793,0.0625728964805603,1.6812294594724149,0.3061748147010803,0.3061748147010803,0.16433245321469647,0.16075545814202494,0.14433376491069794,0.04156526178121567,0.04156526178121567,0.08370396578796159,0.07759804998683213,0.24067454412579536,1089.0454636388774,989.0903371781354,0.0,1088.7590361445782,990.7469879518072,1096.0,989.0,0.0,0.7497464964670141,729,729,729
1,730,11.798996888101101,21.2713053971529,0.10298854671418667,0.00963929295539856,0.44407150383763405,0.2198273092508316,0.2198273092508316,0.13109996542334557,0.12017686665058136,0.1127566397190094,0.07887869328260422,0.07887869328260422,0.040870486067800874,0.03193797521801946,0.12145267426967621,589.9739034977262,988.6970888408633,0.0,590.3785310734463,988.5141242937854,584.0,987.0,0.0,0.8841933193770685,730,730,730
1,731,12.362481202930212,18.45422286912799,0.08414502441883087,0.01046077162027359,0.9451157460096029,0.21504846215248108,0.21504846215248108,0.11446741854565011,0.1066718084920693,0.09407611191272736,0.06247473880648613,0.06247473880648613,0.04510383426001371,0.03729308851898619,0.10700946114957333,580.2743884386209,994.4940975675308,0.0,579.8323699421966,995.3294797687861,583.0,987.0,0.0,0.7907540297665188,731,731,731
1,732,17.236817255616188,30.32997953146696,0.13494698703289032,0.020281314849853516,0.7496823895765317,0.23135650157928467,0.23135650157928467,0.1641601643392018,0.15474479352789267,0.1551428586244583,0.08430639654397964,0.08430639654397964,0.03402998944527695,0.031283257804459834,0.17542417347431183,324.063448229882,988.4271871733858,0.0,323.4438775510204,988.0051020408164,320.0,985.0,0.0,0.8218026650494877,732,732,732
1,733,9.232637766748667,17.386527363210917,0.08505775965750217,0.015094786882400513,0.39624468122074663,0.17318972945213318,0.17318972945213318,0.10145755787635898,0.1028788601373427,0.09872718155384064,0.05544945225119591,0.05544945225119591,0.03000555087117888,0.024058476338604553,0.11839950643479824,142.7174955890272,993.327233065243,0.0,143.01775147928993,993.5857988165681,147.0,992.0,0.0,0.7178862888239306,733,733,733
1,734,13.01478374749422,23.857348911464214,0.09992444328963757,0.018103666603565216,0.9860321717069551,0.24080906808376312,0.24080906808376312,0.13557066403639814,0.1249075859238964,0.11798128485679626,0.0792265459895134,0.0792265459895134,0.04451461464399986,0.034549895789793714,0.1385410614311695,314.2007865513214,1000.7671868779252,0.0,313.26178010471205,1001.0680628272252,321.0,997.0,0.0,0.76672166504386,734,734,734
1,735,13.440334871411324,21.66951997578144,0.09903594106435776,0.009966462850570679,1.4709980668710607,0.23008297383785248,0.23008297383785248,0.13440334871411325,0.12038622208767467,0.10680564492940903,0.07943456619977951,0.07943456619977951,0.042435127740557556,0.035630081941182314,0.12333261221647263,737.1964281002987,1002.2785055363019,0.0,738.4166666666666,1003.1,731.0,1004.0,0.0,0.7815773349944676,735,735,735
1,736,16.791357696056366,41.03537940979004,0.13307413086295128,0.014684386551380157,0.32604126559625174,0.1864144504070282,0.18664953112602234,0.14601180605266406,0.14708021293831555,0.148291178047657,0.0962962955236435,0.0962962955236435,0.021151466973991822,0.020556893020602242,0.16164226084947586,103.3194423417828,1000.9208603959062,0.0,103.32974910394265,1000.594982078853,107.0,1009.0,0.0,1.014947045863678,736,736,736
1,737,9.25473491102457,9.74484634399414,0.08117328584194183,0.00864950567483902,0.6532905656413251,0.13555164635181427,0.13555164635181427,0.0925473491102457,0.09280806041899181,0.0882161557674408,0.070647232234478,0.070647232234478,0.015364888109209862,0.015143197662700805,0.1010543741285801,449.8491612183778,1004.5755154413573,0.0,449.8666666666667,1005.2285714285714,455.0,997.0,0.0,0.718673435700523,737,737,737
1,738,14.690869636833668,31.823252253234386,0.10113417357206345,0.010088510811328888,0.8343870173926603,0.18895286321640015,0.18895286321640015,0.1277466924942058,0.11572091728448868,0.10877994447946548,0.08158295601606369,0.08158295601606369,0.02581412531147354,0.021238434682139862,0.1279939040541649,605.5630202397106,1000.519653181465,0.0,605.7454545454545,999.7054545454546,601.0,1007.0,0.0,0.809158886953335,738,738,738
1,739,17.205132499337196,41.97409646213055,0.15371093899011612,0.021939657628536224,0.6350172683643386,0.26150086522102356,0.26150086522102356,0.17556257652384893,0.17273290725156604,0.17571797221899033,0.08071728050708771,0.08071728050708771,0.04980128251554012,0.03685953024882465,0.19765762984752655,1336.7481551020126,1002.4748885664783,0.0,1336.2921810699588,1002.0329218106996,1334.0,1001.0,0.0,0.858805664930237,739,739,739
1,740,12.350200019776821,19.34276132285595,0.08766210824251175,0.018754728138446808,1.1629411978728892,0.2028292417526245,0.2028292417526245,0.11435370388682242,0.11116529495894224,0.10820327699184418,0.05015385150909424,0.05015385150909424,0.03979949893094806,0.03253688216384849,0.12559915333986282,725.5825591840107,1006.8572719169429,0.0,725.0172413793103,1007.8735632183908,730.0,1005.0,0.0,0.7425923181594385,740,740,740
1,741,14.220299303531647,31.162787951529026,0.10953560844063759,0.013323366641998291,0.9701738133727889,0.2004004716873169,0.2004004716873169,0.1341537670144495,0.1246511518061161,0.1243424192070961,0.07884309440851212,0.07884309440851212,0.029018214431974096,0.023354021531200003,0.13556718081235886,327.53794468506106,1012.9621178245234,0.0,327.384,1013.92,322.0,1007.0,0.0,0.8425145645251678,741,741,741
1,742,12.493083253502846,23.179007470607758,0.08936816081404686,0.014355242252349854,0.5621467034201714,0.18637533485889435,0.18637533485889435,0.11567669679169301,0.10882163131740731,0.10178026184439659,0.06517564505338669,0.06517564505338669,0.031032246942565272,0.02527461340395785,0.12275944277644157,625.4809620073806,1004.7749719961248,0.0,625.7417840375587,1004.2769953051643,624.0,1002.0,0.0,0.6667891556829278,742,742,742
1,743,11.118364907801151,21.995025724172592,0.11281992308795452,0.02635839581489563,1.0328472198620808,0.22270585596561432,0.22270585596561432,0.12928331288140874,0.14009570524950696,0.12957845628261566,0.0799141675233841,0.0799141675233841,0.03684213436150223,0.036212710241301974,0.1705249659717083,1180.59610089098,1005.5195827989353,0.0,1179.5668789808917,1005.4331210191083,1188.0,1007.0,0.0,1.091251335068278,743,743,743
1,744,10.89018338918686,21.901266016066074,0.097810048609972,0.010579690337181091,0.47445936728514504,0.16082291305065155,0.16082291305065155,0.10782359791274118,0.10896152246799042,0.10912757739424706,0.07148279994726181,0.07148279994726181,0.022796196679279065,0.017542622649602622,0.11913883686065674,345.69190139295233,1009.2392701507925,0.0,346.0348258706468,1009.5671641791045,350.0,1007.0,0.0,0.8364369779531861,744,744,744
