ImageNumber,ObjectNumber,Children_Cells_Count,Children_Cytoplasm_Count,Intensity_IntegratedIntensityEdge_CorrProtein,Intensity_IntegratedIntensity_CorrProtein,Intensity_LowerQuartileIntensity_CorrProtein,Intensity_MADIntensity_CorrProtein,Intensity_MassDisplacement_CorrProtein,Intensity_MaxIntensityEdge_CorrProtein,Intensity_MaxIntensity_CorrProtein,Intensity_MeanIntensityEdge_CorrProtein,Intensity_MeanIntensity_CorrProtein,Intensity_MedianIntensity_CorrProtein,Intensity_MinIntensityEdge_CorrProtein,Intensity_MinIntensity_CorrProtein,Intensity_StdIntensityEdge_CorrProtein,Intensity_StdIntensity_CorrProtein,Intensity_UpperQuartileIntensity_CorrProtein,Location_CenterMassIntensity_X_CorrProtein,Location_CenterMassIntensity_Y_CorrProtein,Location_CenterMassIntensity_Z_CorrProtein,Location_Center_X,Location_Center_Y,Location_Center_Z,Location_MaxIntensity_X_CorrProtein,Location_MaxIntensity_Y_CorrProtein,Location_MaxIntensity_Z_CorrProtein,Math_Ratio1,Number_Object_Number
1,1,1,1,11.561590604484081,114.37904265522957,0.1597805619239807,0.03935033082962036,0.3783308403878125,0.18341273069381714,0.3114791214466095,0.14634924815802636,0.2013715539704746,0.20320793986320496,0.10591275990009308,0.08899811655282974,0.020836428574688624,0.050542837728745786,0.2396426945924759,119.60699493376785,16.63920181309936,0.0,119.25176056338029,16.7693661971831,0,122.0,11.0,0.0,1.1064153310780218,1
1,2,1,1,6.88976015150547,39.38061584532261,0.14407113194465637,0.023561224341392517,0.2438676918537376,0.18046951293945312,0.21137863397598267,0.1377952030301094,0.16757708870350047,0.170934796333313,0.11533798277378082,0.11533798277378082,0.015457853432469701,0.026538187595288112,0.19217928871512413,881.787909258651,14.465322789844718,0.0,881.9234042553192,14.668085106382978,0,876.0,14.0,0.0,1.1332714651183025,2
1,3,1,1,10.213798835873604,54.12884136289358,0.1458880454301834,0.044066667556762695,0.09403694119743287,0.2712339460849762,0.2749634087085724,0.15713536670574776,0.19194624596770773,0.19801080226898193,0.11641379445791245,0.11412161588668823,0.04518847624560682,0.04526093924860046,0.23459934443235397,1033.7642045943567,12.728834404169925,0.0,1033.840425531915,12.673758865248226,0,1032.0,10.0,0.0,1.1558224118037224,3
1,4,1,1,6.068030454218388,45.55026883631945,0.1382402628660202,0.06019732356071472,0.34823030496206003,0.17545939981937408,0.32112306356430054,0.12910703094081677,0.1997818808610502,0.1939288079738617,0.10364523530006409,0.10154743492603302,0.017421535497406986,0.0649748561335006,0.26310014724731445,592.7339325581249,14.773035888459766,0.0,592.6447368421053,15.109649122807017,0,591.0,12.0,0.0,1.3284799340679903,4
1,5,1,1,7.581312216818333,51.62040255218744,0.1725032590329647,0.045296527445316315,0.4822170607961013,0.19938336312770844,0.3204161822795868,0.1579440045170486,0.21069552062117325,0.20356550812721252,0.09698709100484848,0.09698709100484848,0.03259267632610048,0.0550915159024572,0.25790592283010483,761.5103334482656,14.044669534585427,0.0,761.7142857142857,14.481632653061224,0,758.0,15.0,0.0,1.1074663624773904,5
1,6,1,1,5.4495780393481255,27.68263839930296,0.16105890646576881,0.059342242777347565,0.49434188188869105,0.2693018317222595,0.3808947801589966,0.14340994840389804,0.2145940961186276,0.22016794234514236,0.03948770463466644,0.03948770463466644,0.07395119434664958,0.08849478305793856,0.2824198827147484,707.9936902095932,14.71922277696834,0.0,707.5503875968992,14.937984496124031,0,708.0,15.0,0.0,1.130344436658922,6
1,7,1,1,8.854995518922806,55.50195937603712,0.1690596491098404,0.04632096737623215,0.38153876000827613,0.2221381813287735,0.31085604429244995,0.17028837536390012,0.21596093142426895,0.21059788018465042,0.09432855248451233,0.09432855248451233,0.03357672101460526,0.05216485364258587,0.26599594950675964,737.7943899820704,16.323862619313676,0.0,737.8560311284047,16.700389105058367,0,736.0,17.0,0.0,1.0890519579514406,7
1,8,1,1,11.142632141709328,71.16475135087967,0.23205435276031494,0.03967677056789398,0.28535379549104045,0.27872994542121887,0.3723495304584503,0.2102383422964024,0.26753665921383335,0.2739522159099579,0.14883165061473846,0.14883165061473846,0.03311850301036559,0.05264851101373388,0.311980202794075,719.5413208637702,14.76965936339496,0.0,719.6804511278195,15.018796992481203,0,723.0,19.0,0.0,1.0931324738312653,8
1,9,1,1,5.76776696741581,20.136398687958717,0.1349211074411869,0.04415324330329895,0.5218606335010462,0.2658121585845947,0.2658121585845947,0.1696402049239944,0.18140899718881728,0.18964838236570358,0.11346042156219482,0.11346042156219482,0.05487477958388739,0.045346832893963344,0.22038843855261803,1035.2892666530208,21.352311606865783,0.0,1035.3873873873874,21.864864864864863,0,1038.0,17.0,0.0,1.123275094165314,9
1,10,1,1,8.886271633207798,49.6882578805089,0.16910485923290253,0.035266175866127014,0.6025162503380393,0.24811841547489166,0.32011187076568604,0.1676655025133547,0.21143939523620808,0.22036688774824142,0.11104162037372589,0.11104162037372589,0.0445700761925852,0.0537344363139309,0.24873966351151466,572.9034081174776,18.49160787146882,0.0,573.4936170212766,18.612765957446808,0,568.0,18.0,0.0,1.2060471839128193,10
1,11,1,1,7.28768865019083,50.30744305253029,0.15387071296572685,0.027227096259593964,0.18550503232960885,0.18195587396621704,0.23823927342891693,0.1349571972257561,0.1816153178791707,0.18882107734680176,0.1044798195362091,0.1044798195362091,0.01890003601617958,0.034713566426363855,0.21288510784506798,1168.5401688717757,21.11568304689564,0.0,1168.5162454873646,21.299638989169676,0,1170.0,24.0,0.0,1.3290607304771445,11
1,12,1,1,5.9877516105771065,43.39209619164467,0.14750244840979576,0.03355477750301361,0.12553321589685995,0.17382627725601196,0.24460913240909576,0.1273989704378108,0.18308901346685513,0.18878605961799622,0.09092853218317032,0.09092853218317032,0.018396064014813984,0.04092093195733169,0.21768631041049957,1194.9685513796967,24.236105273197097,0.0,1194.9957805907172,24.358649789029535,0,1199.0,21.0,0.0,1.344056713661257,12
1,13,1,1,5.5278410613536835,57.03790879994631,0.11090176738798618,0.022997595369815826,0.2728302331456367,0.11504045128822327,0.18271130323410034,0.08774350891037593,0.136781555875171,0.1456366404891014,0.06794005632400513,0.06794005632400513,0.010591170052483041,0.03143532528975643,0.1652003861963749,1347.8666775469771,20.60101728000737,0.0,1348.0791366906474,20.772182254196643,0,1345.0,18.0,0.0,1.0613395067699352,13
1,14,1,1,9.941493347287178,36.29816420376301,0.25017832964658737,0.048786625266075134,0.23075322456258096,0.3461098074913025,0.40689194202423096,0.24853733368217945,0.3050265899475883,0.32454492151737213,0.16091029345989227,0.16091029345989227,0.06901206959567782,0.06954483908522968,0.35722795128822327,435.2449456603831,22.580731109822178,0.0,435.1344537815126,22.3781512605042,0,434.0,26.0,0.0,1.2247751925258168,14
1,15,1,1,4.333934780210257,19.877683218568563,0.09843476861715317,0.08610880374908447,0.9235895510257969,0.28649285435676575,0.3304707407951355,0.13980434774871794,0.18405262239415338,0.2022283673286438,0.046655673533678055,0.046655673533678055,0.08056648758834646,0.09161271858736314,0.2687187194824219,713.6598421715377,24.622945990777666,0.0,713.3703703703703,25.5,0,714.0,24.0,0.0,1.0554674557144361,15
1,16,1,1,5.525249917060137,33.32958012446761,0.13461976870894432,0.052797943353652954,0.655929898457284,0.2109450101852417,0.30609002709388733,0.1284941841176776,0.18619877164507045,0.19557832181453705,0.06033141538500786,0.06033141538500786,0.042234592479480165,0.06394171913523944,0.23546277359127998,566.3962570035106,27.346298302551077,0.0,566.4972067039106,27.99441340782123,0,566.0,27.0,0.0,1.251374893053981,16
1,17,1,1,8.727191798388958,56.638784907758236,0.18726538121700287,0.0587802529335022,0.18242748943600393,0.23416031897068024,0.36885371804237366,0.17454383596777917,0.24518954505523047,0.2411678358912468,0.12365617603063583,0.12365617603063583,0.025742472447731965,0.06164977655757092,0.3057490587234497,269.54793637209787,25.59352197461656,0.0,269.72294372294374,25.645021645021647,0,275.0,24.0,0.0,1.135238393000093,17
1,18,1,1,8.970409259200096,71.7292699366808,0.15891113504767418,0.03733525425195694,0.23561465969128442,0.17343401908874512,0.29869189858436584,0.14468402030967897,0.19980298032501614,0.20715750753879547,0.11774085462093353,0.11774085462093353,0.013506625727421558,0.04420866535305623,0.2340874932706356,864.3769913973084,25.756209429263222,0.0,864.5933147632312,25.84958217270195,0,862.0,25.0,0.0,1.166436744149473,18
1,19,1,1,6.5870979726314545,20.451200664043427,0.12452000938355923,0.045182667672634125,0.3900137662524916,0.2489914745092392,0.2489914745092392,0.15318832494491755,0.169018187306144,0.17039289325475693,0.10278686136007309,0.10278686136007309,0.050104953143882046,0.044845736848979835,0.21313108876347542,1031.400217767066,29.438846785699006,0.0,1031.7355371900826,29.239669421487605,0,1026.0,27.0,0.0,1.1648974940582404,19
1,20,1,1,6.089171387255192,31.547413915395737,0.1534578949213028,0.029264532029628754,0.470220224638803,0.24378833174705505,0.24378833174705505,0.16024135229618927,0.18448780067482887,0.19563531875610352,0.10718954354524612,0.10718954354524612,0.04881902332230165,0.039143109107193055,0.21991844475269318,1022.1874164188293,32.20109387622079,0.0,1021.812865497076,32.485380116959064,0,1025.0,27.0,0.0,1.2589698558158346,20
1,21,1,1,7.288430251181126,43.4134334474802,0.16701489686965942,0.020622000098228455,0.13685535832800214,0.18312808871269226,0.2505449652671814,0.15507298406768352,0.18712686830810432,0.18763689696788788,0.10803315043449402,0.10577016323804855,0.01779656713608252,0.030400680308351438,0.20799171924591064,627.3493510901874,29.500258676880073,0.0,627.448275862069,29.594827586206897,0,625.0,34.0,0.0,1.1434368511049295,21
1,22,1,1,17.689764246344566,158.6935481876135,0.2592785730957985,0.0500505268573761,0.1618932198733375,0.33862408995628357,0.44654330611228943,0.2390508681938455,0.3081428120147835,0.3104049861431122,0.15065571665763855,0.15065571665763855,0.048027337770167565,0.062096575946145885,0.3581484630703926,448.46207041603554,29.758384320121195,0.0,448.55728155339807,29.889320388349514,0,446.0,29.0,0.0,1.17325154767914,22
1,23,1,1,13.964015111327171,144.66323228180408,0.27438056468963623,0.10726255178451538,0.32394451648035144,0.41996142268180847,0.5975986123085022,0.2289182805135602,0.40184231189390024,0.4218343496322632,0.1734803020954132,0.1734803020954132,0.04465791349646655,0.126823792782995,0.513760507106781,541.101866643823,35.09373046795408,0.0,540.9111111111112,35.355555555555554,0,542.0,36.0,0.0,1.5097626000807607,23
1,24,1,1,3.831796742975712,11.305474065244198,0.10977241769433022,0.035603076219558716,0.47315052025003684,0.2311268001794815,0.2311268001794815,0.13684988367770398,0.14682433850966492,0.1399228349328041,0.08878695219755173,0.08878695219755173,0.04635920317237263,0.040830325656980464,0.1831238530576229,1030.666059494304,38.319071910267205,0.0,1030.6623376623377,38.79220779220779,0,1033.0,34.0,0.0,1.1125887931709302,24
1,25,1,1,8.598173588514328,49.79539196193218,0.17344941198825836,0.04156181961297989,0.1482839719456908,0.25919294357299805,0.29727470874786377,0.165349492086814,0.2155644673676718,0.2217589095234871,0.12705408036708832,0.12705408036708832,0.034106148741769794,0.04724400930274014,0.2594482824206352,1216.4686730964122,33.50207147238081,0.0,1216.3896103896104,33.37662337662338,0,1215.0,36.0,0.0,1.2395786982339152,25
1,26,1,1,9.93192195892334,72.26878103613853,0.19598200917243958,0.058551669120788574,0.6254602825060244,0.24999047815799713,0.41146689653396606,0.18739475394194982,0.2581027894147805,0.24790242314338684,0.13344529271125793,0.13344529271125793,0.028296849531476834,0.07283929209845888,0.3165508806705475,257.1858425746432,36.90171037056319,0.0,257.61071428571427,37.36071428571429,0,256.0,32.0,0.0,1.092409022608109,26
1,27,1,1,9.475449673831463,47.83204589784145,0.18284723162651062,0.032450392842292786,0.29300141001575286,0.28243401646614075,0.29273706674575806,0.18579313085944044,0.21449347936251772,0.21269100904464722,0.08324790000915527,0.08324790000915527,0.0436928039886218,0.043030935294688426,0.2512783408164978,274.05068656207203,38.2772420704737,0.0,273.7578475336323,38.28699551569507,0,280.0,38.0,0.0,1.0066086037818476,27
1,28,1,1,10.42738289386034,91.83839976042509,0.1616077944636345,0.03423480689525604,0.5907835941704171,0.19174973666667938,0.28887739777565,0.14686454780084987,0.19878441506585517,0.19757288694381714,0.11508376896381378,0.11508376896381378,0.016310811681087806,0.04209517955803785,0.23092320561408997,637.8929232893557,45.06991698078934,0.0,637.8679653679653,45.66017316017316,0,635.0,37.0,0.0,1.1580856268452504,28
1,29,1,1,11.019966438412666,64.55914343893528,0.22796306014060974,0.049556225538253784,0.05986168761658856,0.2971256971359253,0.3912239968776703,0.22039932876825333,0.2806919279953708,0.28925177454948425,0.09579046815633774,0.09579046815633774,0.04640075062589268,0.059659569581018146,0.3290111571550369,289.6193873326277,39.189168181465234,0.0,289.67826086956524,39.2,0,292.0,38.0,0.0,1.1315664029559347,29
1,30,1,1,6.946400940418243,48.269774213433266,0.16658857464790344,0.05375237762928009,0.2865330824393863,0.24989809095859528,0.3405742645263672,0.15100871609604877,0.22985606768301556,0.23873744904994965,0.12623189389705658,0.12623189389705658,0.02559050724167205,0.06362630181065565,0.2854161262512207,336.6328541444154,39.59032352968757,0.0,336.65238095238095,39.87619047619047,0,340.0,41.0,0.0,1.3628107601574597,30
1,31,1,1,5.959033630788326,30.61737399548292,0.13262459635734558,0.010903224349021912,0.30027200749524074,0.16873539984226227,0.1783774197101593,0.1295442093649636,0.14791001930184985,0.1554216742515564,0.08187052607536316,0.08187052607536316,0.021103078012423025,0.02051299913729623,0.16385656595230103,868.9167025369767,39.40987520673286,0.0,868.9178743961353,39.710144927536234,0,867.0,40.0,0.0,1.1542951368721963,31
1,32,1,1,7.384276017546654,53.498223677277565,0.14646850153803825,0.053492628037929535,0.3973608384643462,0.19478923082351685,0.32519441843032837,0.14200530802974334,0.20655684817481684,0.21601483970880508,0.10803315043449402,0.10803315043449402,0.021740319013990088,0.059256934298095094,0.25884659588336945,620.9842689887535,44.198173631347245,0.0,621.011583011583,44.5945945945946,0,624.0,48.0,0.0,1.131679068706037,32
1,33,1,1,6.7262562438845634,56.46991551667452,0.13913646340370178,0.05355316400527954,0.18136784151586385,0.16975204646587372,0.29970189929008484,0.1245603008126771,0.19077674161038688,0.19301559031009674,0.09863969683647156,0.09863969683647156,0.018188882279552572,0.05551834395381076,0.2450408637523651,595.6798575444114,43.69116507673944,0.0,595.5304054054054,43.79391891891892,0,599.0,43.0,0.0,1.1661467344934402,33
1,34,1,1,13.744685150682926,155.49409420788288,0.17455197125673294,0.06468114256858826,0.7032125003966047,0.2263227254152298,0.4245316982269287,0.1477923134482035,0.24372115079605466,0.24173927307128906,0.087892547249794,0.087892547249794,0.03333030476896445,0.08136267901631293,0.3038499355316162,1223.627026620027,48.123461789231435,0.0,1224.17868338558,48.559561128526646,0,1225.0,44.0,0.0,1.150737097910202,34
1,35,1,1,8.097131729125977,41.96766643226147,0.17782696709036827,0.058552928268909454,0.4164615531897435,0.2861062288284302,0.3448529541492462,0.1883053890494413,0.23981523675577981,0.2439775913953781,0.15706999599933624,0.15706999599933624,0.03890950980173826,0.05806685160081858,0.2898469641804695,542.8080241344943,49.020547011183346,0.0,542.8914285714286,49.42857142857143,0,542.0,47.0,0.0,1.348729394860901,35
1,36,1,1,7.016998916864395,47.74027092009783,0.15268918871879578,0.03354315459728241,0.45939023878061536,0.19169670343399048,0.26904380321502686,0.13758821405616461,0.18503980976782103,0.188046395778656,0.09691973775625229,0.09691973775625229,0.020096501551806426,0.04187536742396314,0.2187206745147705,1204.2491841989452,50.10023310747684,0.0,1204.4612403100775,50.507751937984494,0,1204.0,49.0,0.0,1.2712232335060638,36
1,37,1,1,6.978062637150288,54.750193387269974,0.1473817341029644,0.03507566452026367,0.07318419269152754,0.15865525603294373,0.2655875086784363,0.12687386613000523,0.18189433019026569,0.17852871119976044,0.09673555195331573,0.09673555195331573,0.016705105330287174,0.04503892497360534,0.21947265416383743,579.8637614240942,50.02413052315964,0.0,579.7906976744187,50.01993355481728,0,577.0,53.0,0.0,1.20319784475204,37
1,38,1,1,4.92161426320672,35.30175223946571,0.034353166818618774,0.029613008722662926,2.142451662189784,0.1873275339603424,0.219344824552536,0.08202690438677868,0.09028581135413226,0.06126791797578335,0.02916274406015873,0.02916274406015873,0.05985730872757206,0.05948656352046958,0.14872010052204132,770.8612744402212,49.10919621537397,0.0,769.9053708439898,47.191815856777495,0,777.0,44.0,0.0,1.0,38
1,39,1,1,5.611889883875847,25.55935972929001,0.09016329795122147,0.011607766151428223,0.7576841785702875,0.1853588968515396,0.1853588968515396,0.11940191242289036,0.10649733220537504,0.09926697611808777,0.08493714034557343,0.07876526564359665,0.02301549176179062,0.021618248572442704,0.11664778739213943,1238.00676538585,50.86693695518028,0.0,1238.1125,50.11666666666667,0,1232.0,56.0,0.0,1.0466445196735286,39
1,40,1,1,11.504642352461815,66.28628222644329,0.21316318213939667,0.04166838526725769,0.27700912342991224,0.2896783947944641,0.3652467131614685,0.21304893245299658,0.2589307899470441,0.25348323583602905,0.17065884172916412,0.17053353786468506,0.02664765948440837,0.050673461456323676,0.29877761006355286,277.9051822772084,51.25881989093528,0.0,277.75,51.48828125,0,282.0,49.0,0.0,1.0026606593191703,40
1,41,1,1,8.10754381120205,42.98041674494743,0.18044176697731018,0.013975948095321655,0.06157614630020738,0.18983161449432373,0.22992652654647827,0.1725009321532351,0.19536553065885198,0.19830557703971863,0.15380200743675232,0.15380200743675232,0.00852824697755339,0.017793312871319585,0.2094886153936386,980.7187297246454,49.636592606600466,0.0,980.6636363636363,49.60909090909091,0,982.0,48.0,0.0,1.2194164965322327,41
1,42,1,1,6.600264705717564,47.39483558386564,0.16447628289461136,0.05869249999523163,0.23101989619302593,0.23376373946666718,0.3459237813949585,0.14348401534168617,0.22896055837616253,0.24553534388542175,0.07219745218753815,0.07219745218753815,0.042529698007943456,0.0723976941913453,0.29125289618968964,334.2868982650169,52.87560517880963,0.0,334.2995169082126,53.106280193236714,0,329.0,50.0,0.0,1.2747158644342467,42
1,43,1,1,4.632420185953379,21.39241861179471,0.029170528054237366,0.010004114359617233,1.9613772594491505,0.17585228383541107,0.1900310516357422,0.07594131452382588,0.0735134660199131,0.036708131432533264,0.024293644353747368,0.024293644353747368,0.060854048637565966,0.055546784170285024,0.1369086280465126,775.8769170423122,56.771049263911316,0.0,777.6323024054983,57.64604810996563,0,778.0,53.0,0.0,1.0,43
1,44,1,1,7.638530999422073,51.41327032446861,0.1778339296579361,0.04686740040779114,0.13857165460263063,0.21918842196464539,0.32507243752479553,0.1660550217265668,0.2245120974867625,0.2250346839427948,0.11183030158281326,0.11183030158281326,0.02403058869292713,0.05298307921496769,0.2704288065433502,736.7276356653368,52.77287185227638,0.0,736.8558951965066,52.82532751091703,0,734.0,54.0,0.0,1.16287728982353,44
1,45,1,1,7.984590724110603,39.88656910508871,0.16520095616579056,0.049699991941452026,0.17179000516774848,0.28900209069252014,0.3094825744628906,0.17743534942468006,0.21444391991983178,0.22300949692726135,0.12296470999717712,0.11841046065092087,0.0564839778465134,0.053990221144241075,0.2637069374322891,607.4836537482254,53.02958625220372,0.0,607.3279569892474,52.956989247311824,0,607.0,50.0,0.0,1.1041525464515627,45
1,46,1,1,11.762329250574112,74.69702836871147,0.21026387810707092,0.05800122022628784,0.45389916642442774,0.273357093334198,0.3964293599128723,0.21386053182862022,0.26966436234191865,0.25334228575229645,0.15613102912902832,0.15613102912902832,0.026880407524271795,0.06902724499215736,0.3430316746234894,260.48742259984584,55.27881488204889,0.0,260.7184115523466,54.888086642599276,0,255.0,53.0,0.0,1.058134938418452,46
1,47,1,1,8.695198088884354,48.15902718901634,0.2199818715453148,0.03463633358478546,0.15599827381113163,0.3072688579559326,0.3406158685684204,0.20221390904382217,0.2589195010162169,0.2719191610813141,0.1612962931394577,0.1612962931394577,0.040882051428903644,0.05042905703924457,0.3019262105226517,514.9325378688993,57.7516730330472,0.0,515.0860215053764,57.77956989247312,0,512.0,55.0,0.0,1.3533064691535757,47
1,48,1,1,10.301750227808952,70.983073964715,0.21888572722673416,0.05008777976036072,0.34843664884697473,0.24415555596351624,0.3967086374759674,0.20603500455617904,0.2740659226436873,0.26221755146980286,0.13946658372879028,0.13946658372879028,0.02196802044824194,0.06392168859818927,0.33300839364528656,291.31643009665004,57.88378038449388,0.0,290.992277992278,58.011583011583014,0,292.0,62.0,0.0,1.109188379299756,48
1,49,1,1,7.389244347810745,34.75356535613537,0.14597927033901215,0.04967421293258667,0.354958211237084,0.2866310179233551,0.2866310179233551,0.1679373715411533,0.19524474919177173,0.1957022249698639,0.11412249505519867,0.11412249505519867,0.05805896649639111,0.0500901190943169,0.24385566264390945,611.7214235312458,61.69820000554129,0.0,611.8988764044943,62.00561797752809,0,612.0,57.0,0.0,1.245807803240701,49
1,50,1,1,6.9218117371201515,39.229807026684284,0.1360921934247017,0.03300181031227112,0.6232065165838929,0.1982318013906479,0.24642735719680786,0.12818169883555836,0.1705643783768882,0.18531781435012817,0.058344438672065735,0.058344438672065735,0.04424617536232027,0.049068352642419405,0.210938960313797,966.7068957938624,61.25649108652281,0.0,966.3869565217391,61.791304347826085,0,966.0,60.0,0.0,1.2240863477230632,50
1,51,1,1,6.7608680203557014,43.58997527509928,0.178067859262228,0.0835619568824768,0.4127182260172267,0.24233318865299225,0.4337764084339142,0.14384825575224897,0.2462710467519733,0.2423761934041977,0.04118203744292259,0.04118203744292259,0.0610858615697142,0.09910988684013489,0.3338434398174286,724.1191405555724,61.76214494966804,0.0,723.8418079096045,62.067796610169495,0,724.0,57.0,0.0,1.0199569550618068,51
1,52,1,1,7.744733065366745,32.05288217961788,0.1779831126332283,0.012365475296974182,0.21177450598500056,0.2112533301115036,0.22372937202453613,0.17601666057651694,0.18966202473146676,0.19117647409439087,0.14258548617362976,0.14258548617362976,0.01563621723181299,0.018540163199814687,0.2033146619796753,977.2886470561579,62.420200305377904,0.0,977.3550295857988,62.62130177514793,0,976.0,60.0,0.0,1.0385039775712237,52
1,53,1,1,8.5910107716918,49.8436418697238,0.15827544033527374,0.02049003541469574,0.3472912964427141,0.18401004374027252,0.22771242260932922,0.15341090663735354,0.17737950843318076,0.17640898376703262,0.12294933944940567,0.12294933944940567,0.01634511741270397,0.025152156660093728,0.19743481650948524,989.8954772322994,66.03578626404975,0.0,990.0996441281138,66.31672597864768,0,987.0,65.0,0.0,1.089352221093306,53
1,54,1,1,13.548830658197403,89.4817444384098,0.2941525876522064,0.05764012038707733,0.3125434603781928,0.3631804585456848,0.4687443673610687,0.26566334623916477,0.35090880171925415,0.3610283136367798,0.16222256422042847,0.16222256422042847,0.04213811353588184,0.07058721009298742,0.40844564884901047,250.09981335347217,66.14524967357893,0.0,249.7921568627451,66.09019607843138,0,251.0,69.0,0.0,1.0778841753489674,54
1,55,1,1,7.639241203665733,31.612462118268013,0.1775962971150875,0.021608680486679077,0.09802367578847385,0.22730505466461182,0.2628386914730072,0.17765677217827286,0.20395136850495493,0.2121090143918991,0.13687185943126678,0.13687185943126678,0.025383941335640932,0.031544677341002726,0.22677787020802498,743.4254117764715,62.72468338360099,0.0,743.4580645161291,62.63225806451613,0,743.0,66.0,0.0,1.0698226206300283,55
1,56,1,1,4.502273876219988,12.75800782814622,0.13509231060743332,0.010076619684696198,0.6218999812284085,0.21870222687721252,0.21870222687721252,0.136432541703636,0.140197888221387,0.1497625857591629,0.044089175760746,0.044089175760746,0.03898007793132238,0.03397486783856047,0.15728316456079483,760.4678529466845,60.44640644724378,0.0,760.1318681318681,59.92307692307692,0,759.0,62.0,0.0,1.0076395026851974,56
1,57,1,1,5.420990191400051,21.447973765432835,0.14800536632537842,0.04897114634513855,0.36499814689065546,0.25756874680519104,0.2895630896091461,0.16427243004242578,0.19859234967993367,0.2084854394197464,0.12315059453248978,0.12248401343822479,0.039801153713645926,0.05151691912644888,0.24124372005462646,572.1831465782127,62.26836871011619,0.0,572.5277777777778,62.148148148148145,0,573.0,62.0,0.0,1.1419291297972312,57
1,58,1,1,8.397798158228397,70.70647685229778,0.16177377477288246,0.054671674966812134,0.4493079416468853,0.28811296820640564,0.3565234839916229,0.13996330263713996,0.21361473369274256,0.2179073914885521,0.07165775448083878,0.07165775448083878,0.055369088806781715,0.07326713057482721,0.26742878556251526,505.44842750215605,64.88043931852734,0.0,505.35649546827796,65.3202416918429,0,503.0,63.0,0.0,1.1313418651790175,58
1,59,1,1,11.214607059955597,91.22792392969131,0.23741624504327774,0.0679183378815651,0.1248287382406043,0.2851628065109253,0.47123971581459045,0.2115963596218037,0.3071647270359977,0.31081216037273407,0.13974739611148834,0.13974739611148834,0.04052356980178988,0.08010188492888234,0.3748183399438858,83.53843405672214,66.72383949466133,0.0,83.65656565656566,66.68350168350169,0,80.0,67.0,0.0,1.1286085415374554,59
1,60,1,1,13.540107414126396,71.74561324715614,0.24878281354904175,0.04886123538017273,0.28595871418150803,0.39411765336990356,0.40602511167526245,0.2654923022377725,0.2989400551964839,0.3002242147922516,0.20863038301467896,0.20863038301467896,0.05294507909792486,0.05609541498895571,0.34791749715805054,268.86636244117574,68.03156035038893,0.0,269.0083333333333,67.78333333333333,0,269.0,66.0,0.0,1.007658543806886,60
1,61,1,1,6.650031015276909,38.267831556499004,0.13864942267537117,0.05589376389980316,0.7430959197992134,0.2808685302734375,0.32043829560279846,0.14456589163645453,0.20464081046256152,0.21073050796985626,0.0900079533457756,0.0900079533457756,0.049459593632089335,0.066076048017819,0.25498853623867035,568.9861045557922,70.66365764594073,0.0,569.2032085561498,71.37433155080214,0,566.0,65.0,0.0,1.3079950515072505,61
1,62,1,1,8.4294902831316,50.44320809841156,0.20351268723607063,0.04136228561401367,0.30579897076592927,0.2527272701263428,0.3859971761703491,0.19157932461662727,0.24848870984439192,0.24188777059316635,0.1330786794424057,0.1330786794424057,0.036285722854428645,0.05983664699858817,0.2912062034010887,236.0721297552705,70.76189745654632,0.0,235.76847290640393,70.79802955665025,0,237.0,71.0,0.0,1.1577910670872869,62
1,63,1,1,6.256012566387653,35.04160764068365,0.1366274505853653,0.027121171355247498,0.24589845529841467,0.16705764830112457,0.22186481952667236,0.1303335951330761,0.16374583009665258,0.16724641621112823,0.08539216220378876,0.08539216220378876,0.01690633351633266,0.03126136670538768,0.18889780342578888,1004.7496766753178,69.95402289806607,0.0,1004.9205607476636,70.13084112149532,0,1004.0,72.0,0.0,1.0863600735877177,63
1,64,1,1,7.5484528206288815,42.508311208337545,0.16039516031742096,0.0606624111533165,0.9058719566642901,0.2860546410083771,0.3348950147628784,0.16409680044845396,0.21577822948394693,0.22302567958831787,0.05085388943552971,0.05085388943552971,0.05735960149922716,0.0721642624668318,0.27839764952659607,732.1442722231458,69.73414010033459,0.0,732.1167512690355,70.63959390862944,0,733.0,70.0,0.0,1.11169034912316,64
1,65,1,1,7.168305903673172,47.00122268497944,0.1511344276368618,0.03085191547870636,0.3638383969893712,0.1870027780532837,0.24143189191818237,0.13525105478628627,0.18008131296926988,0.1835465505719185,0.09683350473642349,0.09683350473642349,0.02062344630738694,0.03687074456734161,0.21358806639909744,584.7008727747032,70.6573695955291,0.0,584.8429118773946,70.99233716475096,0,584.0,67.0,0.0,1.1907226083813474,65
1,66,1,1,7.236759811639786,33.75552021712065,0.03927487134933472,0.0494588166475296,3.7978843919110603,0.24511562287807465,0.26746395230293274,0.12477172089034114,0.12230260948232119,0.14467012882232666,0.024511562660336494,0.024493984878063202,0.0700588611210593,0.06831376239216791,0.17207488417625427,757.9693121171638,66.82262399165404,0.0,761.1159420289855,68.94927536231884,0,755.0,67.0,0.0,0.9001854685736354,66
1,67,1,1,9.206403277814388,76.73023498058319,0.18950147926807404,0.07191655039787292,0.4066350986145962,0.3333122730255127,0.422180712223053,0.17704621688104594,0.25922376682629455,0.24945178627967834,0.06600359827280045,0.06600359827280045,0.058472236676241296,0.086146953677908,0.33764949440956116,99.85710410899895,74.73798980174642,0.0,100.24662162162163,74.85472972972973,0,98.0,73.0,0.0,1.1141802859503778,67
1,68,1,1,11.659908972680569,61.44399815797806,0.2544149160385132,0.05380263924598694,0.6078595518255266,0.39411765336990356,0.4067496359348297,0.24808316963150145,0.2982718357183401,0.3121187090873718,0.06539605557918549,0.06539605557918549,0.08765213479129073,0.07681527904186403,0.3627949655056,276.43606339932666,77.05645825515037,0.0,276.69417475728153,77.60679611650485,0,273.0,75.0,0.0,1.07646525458055,68
1,69,1,1,4.202693242579699,27.65384304150939,0.11329830437898636,0.014799758791923523,0.38622447485913913,0.1464966982603073,0.1780078262090683,0.09339318316843774,0.13295116846879515,0.1440349668264389,0.04645437002182007,0.04645437002182007,0.023331747931988896,0.030015147899842835,0.1569543182849884,1034.9290550176067,76.69987105512175,0.0,1035.0961538461538,77.04807692307692,0,1032.0,78.0,0.0,1.0906146292419319,69
1,70,1,1,11.402081057429314,53.39302706718445,0.2770562618970871,0.04428952932357788,0.21637201480778914,0.3700855076313019,0.4148710072040558,0.2651646757541701,0.3159350714034583,0.3220175802707672,0.16421569883823395,0.16421569883823395,0.054788413686406884,0.05977107891673855,0.3659669980406761,261.3682313731801,80.71458252342109,0.0,261.5443786982249,80.84023668639053,0,262.0,80.0,0.0,1.0,70
1,71,1,1,11.708523139357567,85.36067678034306,0.21910473704338074,0.039140790700912476,0.03194542565026915,0.23664061725139618,0.35207846760749817,0.1951420523226261,0.257110472229949,0.26876676082611084,0.1298437863588333,0.1298437863588333,0.026631674431232318,0.049331846531420524,0.3003380000591278,226.55396022731702,83.00482416345963,0.0,226.539156626506,83.03313253012048,0,226.0,79.0,0.0,1.0792691070236777,71
1,72,1,1,8.238172873854637,30.551614180207253,0.1768955960869789,0.04462866485118866,0.5250102789555188,0.3069576025009155,0.3085135817527771,0.20595432184636592,0.2279971207478153,0.23908211290836334,0.1354023814201355,0.1354023814201355,0.05994338340163411,0.052044959118468216,0.27351027727127075,76.89432418327742,80.32417297885321,0.0,76.41791044776119,80.54477611940298,0,81.0,78.0,0.0,1.1675420045030547,72
1,73,1,1,14.440877169370651,71.87879672646523,0.26358427107334137,0.028965622186660767,0.25715375577835325,0.36331644654273987,0.36495670676231384,0.2625614030794664,0.29219023059538707,0.29499107599258423,0.19740848243236542,0.19740848243236542,0.03876192441942544,0.03884480159658809,0.322306290268898,247.3829603829575,82.13216892058995,0.0,247.130081300813,82.17886178861788,0,250.0,84.0,0.0,1.0,73
1,74,1,1,13.504490226507187,75.52805173397064,0.26245515048503876,0.07032075524330139,0.8796068407546902,0.3767976760864258,0.4896932542324066,0.25480170238692806,0.3227694518545754,0.3208353817462921,0.1428903043270111,0.1428903043270111,0.05609367205097409,0.09444876042856333,0.4073830544948578,87.79060617643097,84.35094194395883,0.0,87.1923076923077,84.9957264957265,0,89.0,87.0,0.0,1.0371326049433003,74
1,75,1,1,5.866931967437267,47.87596343457699,0.14186742156744003,0.02483615279197693,0.4583495582197936,0.16935397684574127,0.24021907150745392,0.11282561475840899,0.16977291998076946,0.18061527609825134,0.07094558328390121,0.07094558328390121,0.02636382489661719,0.04058989017471162,0.20166423916816711,613.4913978406009,83.71168405053128,0.0,613.6170212765958,84.15248226950355,0,611.0,80.0,0.0,1.1803334438478097,75
1,76,1,1,6.357036001980305,39.98855625838041,0.14146290719509125,0.02338794618844986,0.33916218537079384,0.1639939397573471,0.22343210875988007,0.12973542861184295,0.16321859697298127,0.16479763388633728,0.062009431421756744,0.062009431421756744,0.025756777097838225,0.0319383231924412,0.18825610354542732,1006.6060738583955,84.96953654336974,0.0,1006.804081632653,85.24489795918367,0,1002.0,84.0,0.0,1.0976941297471257,76
1,77,1,1,8.055445276200771,49.71220778673887,0.17325012013316154,0.03402072936296463,0.34754761626344605,0.24774269759655,0.2868539094924927,0.16782177658751607,0.2097561509988982,0.21546119451522827,0.12391915172338486,0.12391915172338486,0.029387387472096755,0.041484481879519614,0.24665353074669838,214.11435866028717,91.23789200079148,0.0,214.0253164556962,91.57383966244726,0,212.0,92.0,0.0,1.1625172341081125,77
1,78,1,1,8.328241363167763,38.836824893951416,0.21340005099773407,0.054821938276290894,0.3761502658861823,0.2876640260219574,0.3920704424381256,0.20820603407919408,0.26970017287466264,0.27614539861679077,0.13512034714221954,0.13512034714221954,0.042499753539551155,0.06791199744846751,0.3260427713394165,240.7619172306345,93.158547658761,0.0,240.53472222222223,93.45833333333333,0,240.0,91.0,0.0,1.0,78
1,79,1,1,9.978011682629585,52.09199784696102,0.23622149601578712,0.050249114632606506,0.4902260723668034,0.3236047625541687,0.39058297872543335,0.2320467833169671,0.2878010930771327,0.29662883281707764,0.16680662333965302,0.16680662333965302,0.03878870641637943,0.05968607180266569,0.3405812382698059,254.71636257002658,94.57122441214077,0.0,254.69060773480663,95.06077348066299,0,254.0,96.0,0.0,1.0645678486559806,79
1,80,1,1,8.318950973451138,42.44132347404957,0.13930876180529594,0.04892131686210632,0.8729768071397962,0.2857685387134552,0.30928850173950195,0.16637901946902275,0.1974015045304631,0.2142283320426941,0.05950673297047615,0.05950673297047615,0.07713641648961028,0.06374126222227651,0.2523469179868698,91.87617612037653,94.35560488365483,0.0,91.84186046511628,95.22790697674418,0,95.0,90.0,0.0,1.0537914221073184,80
1,81,1,1,7.720524031668901,51.22197524085641,0.19411977753043175,0.0738595500588417,0.5892596005005102,0.261378675699234,0.41670113801956177,0.16783747894932394,0.260010026603332,0.25521381199359894,0.04789523407816887,0.04789523407816887,0.06036454466501177,0.09296204999340786,0.3406539410352707,267.9358045698022,92.34762749095125,0.0,268.3553299492386,92.76142131979695,0,270.0,90.0,0.0,1.0420707744617046,81
1,82,1,1,13.59996122121811,88.68588066101074,0.26337823271751404,0.06031039357185364,0.22483410488025157,0.40139713883399963,0.4363149404525757,0.23859581089856333,0.3236710973029589,0.3390384912490845,0.1430119127035141,0.1430119127035141,0.06993534786941957,0.07813223436450592,0.3914465010166168,982.3291834161885,93.71639466908071,0.0,982.3065693430657,93.49270072992701,0,981.0,94.0,0.0,1.3503411562351328,82
1,83,1,1,12.557852998375893,85.15336951613426,0.16647830605506897,0.03214135766029358,1.3666626338638006,0.43357789516448975,0.43357789516448975,0.2058664425963261,0.21557815067375763,0.20152297616004944,0.12239861488342285,0.12239861488342285,0.09481638183972309,0.06973586488113333,0.2284315787255764,996.0780752833691,102.53185598985058,0.0,997.4430379746835,102.6,0,986.0,106.0,0.0,1.0903397004165347,83
1,84,1,1,8.277928777039051,58.53684674203396,0.17719299718737602,0.0423494428396225,0.45688112916835494,0.23094920814037323,0.301114559173584,0.15919093801998174,0.22089376129069418,0.23055072128772736,0.05729706585407257,0.05729706585407257,0.04233446265858855,0.05402240118999166,0.26610656827688217,226.05502805712564,102.07379131109593,0.0,226.16603773584905,102.51698113207547,0,224.0,99.0,0.0,1.066262867652761,84
1,85,1,1,5.640895165503025,24.810947000980377,0.12763411924242973,0.028349176049232483,0.13044394138393794,0.22897136211395264,0.23597142100334167,0.13430702775007203,0.16651642282537166,0.179710753262043,0.07081588357686996,0.07081588357686996,0.03987367027339882,0.04103919575080553,0.20081865787506104,517.8149197119203,104.78715598276732,0.0,517.6845637583892,104.79194630872483,0,518.0,108.0,0.0,1.2311916850766667,85
1,86,1,1,7.818466119468212,61.3037429228425,0.12936007231473923,0.030842095613479614,0.31443748656352083,0.22598613798618317,0.24246428906917572,0.12817157572898707,0.17076251510541088,0.18144764006137848,0.09648166596889496,0.09187018126249313,0.033919185735512725,0.04129847817595328,0.2051888406276703,529.083056393718,111.09276168680731,0.0,528.9888579387186,111.39275766016713,0,523.0,109.0,0.0,1.2070344129323847,86
1,87,1,1,5.92484875023365,40.534726582467556,0.1205955371260643,0.02244054526090622,0.20922775434112997,0.13455018401145935,0.19828447699546814,0.10772452273152092,0.1442516960230162,0.14770952612161636,0.09127219766378403,0.09127219766378403,0.010576186463254636,0.027466428995193685,0.16787314787507057,681.3303438784934,102.9489905336012,0.0,681.270462633452,103.14946619217082,0,684.0,106.0,0.0,1.2083915801054552,87
1,88,1,1,9.139792054891586,33.493314281105995,0.20830416679382324,0.06420302391052246,0.6394107494235503,0.43609869480133057,0.43609869480133057,0.2688174133791643,0.31012328038061104,0.3419457972049713,0.1581103801727295,0.1581103801727295,0.10118511225358837,0.09106737977483455,0.3948915898799896,983.0399367775819,107.50164994498797,0.0,983.0925925925926,108.13888888888889,0,985.0,106.0,0.0,1.490993558541933,88
1,89,1,1,3.9067744947969913,26.581711389124393,0.10311955958604813,0.02578887715935707,0.4686783213301523,0.1480088233947754,0.1870555877685547,0.08492988032167373,0.12966688482499705,0.13560495525598526,0.04583105444908142,0.04583105444908142,0.024345123448575895,0.03638388541817228,0.15790139138698578,1038.2315030316322,106.06635481582255,0.0,1038.341463414634,106.52195121951219,0,1036.0,104.0,0.0,1.103949752677872,89
1,90,1,1,7.040797423571348,51.388178031891584,0.16658765077590942,0.05219404399394989,0.22829705520727006,0.19399960339069366,0.33067435026168823,0.14081594847142698,0.21234784310699,0.21114684641361237,0.061474669724702835,0.061474669724702835,0.03802430342985191,0.06358169956896172,0.27114641666412354,242.2351923876039,106.26437330089364,0.0,242.400826446281,106.42148760330579,0,247.0,106.0,0.0,1.0461307582108559,90
1,91,1,1,6.197398103773594,25.449679270386696,0.1385054886341095,0.024959802627563477,0.34039212089728016,0.22990195453166962,0.22990195453166962,0.13771995786163543,0.163138969681966,0.16921962797641754,0.09354841709136963,0.09354841709136963,0.039818357766363416,0.034336161020578855,0.19085948169231415,677.584935453431,118.42842172291955,0.0,677.2628205128206,118.53846153846153,0,684.0,115.0,0.0,1.1384291366193764,91
1,92,1,1,7.273725792765617,27.680604241788387,0.15414590016007423,0.03143174946308136,0.20949473823185888,0.24436548352241516,0.25189828872680664,0.1653119498355822,0.18830343021624754,0.1957656517624855,0.10475874692201614,0.10475874692201614,0.03762788455087028,0.03685008852817482,0.21742984279990196,1187.6049062335683,117.47089195871655,0.0,1187.5646258503402,117.26530612244898,0,1189.0,114.0,0.0,1.18010084249083,92
1,93,1,1,7.050914376974106,24.407844558358192,0.18090654909610748,0.0168333500623703,0.18414297153673145,0.2427254319190979,0.24301326274871826,0.18079267633266938,0.2000642996586737,0.20578055083751678,0.13244228065013885,0.13244228065013885,0.028694815294246275,0.025007355936699085,0.21923185884952545,1172.8383415034816,118.94345418555854,0.0,1172.655737704918,118.9672131147541,0,1178.0,118.0,0.0,1.2956155968401926,93
1,94,1,1,7.754184015095234,52.98577670753002,0.1350073665380478,0.04472672939300537,0.5758201801973621,0.241624116897583,0.2797270119190216,0.13142684771347854,0.1892349168126072,0.20228955149650574,0.05848301202058792,0.05848301202058792,0.04728394848790593,0.05688334822945478,0.23969729244709015,1199.4013519915736,123.63744730226472,0.0,1199.8678571428572,123.975,0,1196.0,119.0,0.0,1.1675234075507925,94
1,95,1,1,5.122425004839897,11.324363321065903,0.17362576723098755,0.01875416189432144,0.23866826871844743,0.24129652976989746,0.24129652976989746,0.18971944462369988,0.19867304072045444,0.20749499648809433,0.1474011391401291,0.1474011391401291,0.029977486212942297,0.026441806111142097,0.21937443688511848,1178.6775372930979,123.71133772819621,0.0,1178.877192982456,123.84210526315789,0,1177.0,121.0,0.0,1.0,95
1,96,1,1,5.517085537314415,40.187453396618366,0.13590232282876968,0.028723567724227905,0.3461108299139798,0.1858396828174591,0.2436429113149643,0.11738479866626415,0.1717412538317024,0.18173502385616302,0.09096058458089828,0.09096058458089828,0.026902112570505378,0.04186451168862433,0.20448291301727295,518.4999262774971,125.5576500293999,0.0,518.7478632478633,125.7991452991453,0,517.0,125.0,0.0,1.2671942436824886,96
1,97,1,1,6.438107565045357,21.226757258176804,0.15685974806547165,0.030495434999465942,0.4323029649486001,0.24969656765460968,0.24969656765460968,0.174002907163388,0.18619962507172635,0.19066829979419708,0.1203177198767662,0.1203177198767662,0.035052502436924544,0.03346829073097404,0.21646184474229813,1188.6467402061949,127.48848416852611,0.0,1188.561403508772,127.91228070175438,0,1190.0,122.0,0.0,1.0,97
1,98,1,1,8.238502018153667,44.21720836311579,0.14699161052703857,0.012256219983100891,0.3428439775798393,0.18329282104969025,0.1844969242811203,0.14979094578461213,0.1579186012968421,0.15892688930034637,0.11360923945903778,0.11360923945903778,0.019491370436325716,0.015505163486014174,0.1714053601026535,1007.6422250587608,127.26381325383396,0.0,1007.9035714285715,127.48571428571428,0,1001.0,123.0,0.0,1.1214053673429485,98
1,99,1,1,5.387053966522217,17.97950679063797,0.15975763648748398,0.03233318030834198,0.24696319522280716,0.22806602716445923,0.23811912536621094,0.17377593440394248,0.19127134883657415,0.18998023867607117,0.1417732983827591,0.1417732983827591,0.030462129882052807,0.030728616537367304,0.22347896546125412,1173.2640211333237,128.7677154629189,0.0,1173.3085106382978,129.01063829787233,0,1176.0,128.0,0.0,1.2413843042761117,99
1,100,1,1,3.952755868434906,17.70390174910426,0.07856021448969841,0.04692351818084717,1.408811556874317,0.21151919662952423,0.21151919662952423,0.10683123968742989,0.1246753644303117,0.12496413290500641,0.036764875054359436,0.036764875054359436,0.06040966756057879,0.053133087463426376,0.17185843735933304,681.6590385607138,128.8914885145114,0.0,681.4788732394367,130.2887323943662,0,685.0,126.0,0.0,0.9529908732204895,100
1,101,1,1,8.304376661777496,44.32660453021526,0.1622859314084053,0.01408965140581131,0.18134353427651512,0.19010324776172638,0.21171100437641144,0.15969955118802878,0.1766000180486664,0.1788310930132866,0.1258670538663864,0.1258670538663864,0.015350353723462712,0.01823893386789427,0.19134467840194702,995.8697112273782,132.51201045030277,0.0,995.8764940239043,132.69322709163347,0,995.0,132.0,0.0,1.0800890924351427,101
1,102,1,1,7.769069522619247,51.05376610159874,0.17419038712978363,0.029930606484413147,0.2763784062914902,0.19208618998527527,0.2741360366344452,0.1585524392371275,0.2066954093182135,0.21413419395685196,0.12884795665740967,0.12884795665740967,0.01929791145601198,0.038789928237624755,0.23871692642569542,947.5864605756096,130.73928186778687,0.0,947.7813765182186,130.93522267206478,0,945.0,131.0,0.0,1.3681718351989294,102
1,103,1,1,7.680900141596794,47.93522723019123,0.15933246165513992,0.020157471299171448,0.2934313970411789,0.18096351623535156,0.22316168248653412,0.1449226441810716,0.1775378786303379,0.1811547875404358,0.1174672394990921,0.1174672394990921,0.016751051720251393,0.02581011446931091,0.19858690351247787,1184.781975941775,140.48201907908776,0.0,1184.8666666666666,140.76296296296297,0,1182.0,140.0,0.0,1.224474197896032,103
1,104,1,1,8.31946875154972,62.125626400113106,0.15459968149662018,0.03668035566806793,0.40119316623888435,0.17415708303451538,0.26142948865890503,0.14595559213245124,0.18998662507679848,0.18699459731578827,0.11925089359283447,0.11925089359283447,0.013283784322082598,0.04016515267492665,0.22803588211536407,984.2715527763635,142.7744799716097,0.0,984.2385321100918,143.1743119266055,0,985.0,137.0,0.0,1.0863206009094555,104
1,105,1,1,9.628311827778816,74.42441026866436,0.1616603136062622,0.03787131607532501,0.32407601516850487,0.17759624123573303,0.31262627243995667,0.15784117750457075,0.2000656190017859,0.19212475419044495,0.1294931173324585,0.1270952969789505,0.012227708825790624,0.04634913356654754,0.23944009840488434,958.2454768822588,141.68322559781168,0.0,958.4489247311828,141.93548387096774,0,962.0,142.0,0.0,1.1066937072596414,105
1,106,1,1,4.741276189684868,35.96337320655584,0.12258687615394592,0.034718528389930725,0.24989138678671555,0.14529214799404144,0.22441740334033966,0.10307122151488843,0.15636249220241671,0.16130749881267548,0.07625474035739899,0.07625474035739899,0.015769896734941585,0.039595494612784686,0.19165681302547455,1229.0857279985398,145.96707062554603,0.0,1229.3,146.09565217391304,0,1229.0,145.0,0.0,1.1721163630508775,106
1,107,1,1,7.2577186189591885,42.24304985627532,0.16742317378520966,0.04210039973258972,0.29513673210851815,0.21340101957321167,0.33193984627723694,0.1481167065093712,0.21016442714564837,0.20689508318901062,0.060588669031858444,0.060588669031858444,0.04140144423202626,0.059114893253238834,0.2551232948899269,314.2352292713169,146.25456783601356,0.0,314.50248756218906,146.12935323383084,0,309.0,148.0,0.0,1.192743007436903,107
1,108,1,1,7.129062086343765,45.24767113476992,0.15183641761541367,0.0404416024684906,0.27836101669041224,0.18983067572116852,0.29480624198913574,0.14549106298660747,0.1958773642197832,0.19021908938884735,0.10192275792360306,0.10192275792360306,0.021948372026571475,0.04975071787094186,0.2389836460351944,371.28713990603956,154.20850673021388,0.0,371.5021645021645,154.3852813852814,0,372.0,153.0,0.0,1.1499584878238962,108
1,109,1,1,7.831644281744957,31.247107423841953,0.1927187591791153,0.07891711592674255,0.6195083214491006,0.4093230664730072,0.4093230664730072,0.23034247887485168,0.26937161572277546,0.27670741081237793,0.11194801330566406,0.11194801330566406,0.08457334805229628,0.08596494362353085,0.3434768617153168,323.941402220557,154.21603744776215,0.0,324.48275862068965,154.51724137931035,0,320.0,154.0,0.0,1.2308164043634957,109
1,110,1,1,6.628442794084549,43.53627787530422,0.14188583940267563,0.03233254700899124,0.08675790984916706,0.1779264360666275,0.2792936861515045,0.12506495837895376,0.17345130627611244,0.16573084145784378,0.07294175028800964,0.07294175028800964,0.026874901513488647,0.04547151730494686,0.21067855134606361,389.09174087752797,153.9310027653426,0.0,389.0836653386454,153.84462151394422,0,390.0,155.0,0.0,1.0554668532828584,110
1,111,1,1,10.2768964022398,61.70925937592983,0.19244198128581047,0.08817368745803833,0.552374176136163,0.4144078195095062,0.4245773255825043,0.21865737026042126,0.28177744007273897,0.28384438157081604,0.1481194794178009,0.1481194794178009,0.07607203227610726,0.08702862076832747,0.36788567155599594,314.84851012926316,159.76034361432465,0.0,314.7990867579909,160.31050228310502,0,318.0,153.0,0.0,1.0821731440704485,111
1,112,1,1,8.652008891105652,65.95490615814924,0.14468137919902802,0.05527147650718689,0.42788887719946933,0.16903361678123474,0.3061341941356659,0.13954853050170407,0.2010820309699672,0.19759173691272736,0.11811477690935135,0.11811477690935135,0.013753604231124568,0.05755280943905499,0.2559651732444763,985.6004993308162,162.24602804800728,0.0,985.8048780487804,162.6219512195122,0,987.0,158.0,0.0,1.218195538671236,112
1,113,1,1,10.07226875424385,78.44187285006046,0.1654910445213318,0.049585238099098206,0.12630986631775698,0.18028587102890015,0.34156864881515503,0.15495798083452078,0.2185010385795556,0.20918577164411545,0.12793737649917603,0.12793737649917603,0.013177315344800322,0.057923588373912614,0.2721855938434601,969.2877135841846,160.38300639948352,0.0,969.3119777158774,160.50696378830082,0,973.0,161.0,0.0,1.0935454154527744,113
1,114,1,1,6.876201756298542,26.741598643362522,0.1560305953025818,0.018299415707588196,0.16343959175065365,0.20137833058834076,0.2122669816017151,0.14948264687605525,0.17364674443741898,0.17977295815944672,0.10311505943536758,0.10311505943536758,0.025684234405671365,0.025697238820073073,0.19363312423229218,1243.7733872764022,164.29424784983212,0.0,1243.935064935065,164.3181818181818,0,1247.0,166.0,0.0,1.4378114711709737,114
1,115,1,1,8.174186550080776,37.4546917155385,0.21242432296276093,0.02857854962348938,0.32164258091067327,0.298902690410614,0.298902690410614,0.19462348928763754,0.23409182322211564,0.24621909856796265,0.11131531745195389,0.11131531745195389,0.05277443484175204,0.0465881410774184,0.2699766159057617,933.4604461729041,161.26744067441288,0.0,933.75625,161.39375,0,930.0,166.0,0.0,1.3296022337665876,115
1,116,1,1,10.013670444488525,62.20473435521126,0.16798458993434906,0.030148208141326904,0.1588042591410201,0.1893557608127594,0.2724764049053192,0.16415853187686108,0.19873717046393374,0.19813279807567596,0.12857341766357422,0.12857341766357422,0.013904919798086649,0.03349895763162281,0.2277926355600357,953.1137929000172,162.95332693455583,0.0,953.2683706070287,162.91693290734824,0,956.0,166.0,0.0,1.0373523651697605,116
1,117,1,1,5.883719585835934,38.89138785004616,0.14738941937685013,0.037280790507793427,0.5304910501057447,0.16970781981945038,0.2937135696411133,0.12790694751817247,0.1843193736969012,0.1910235583782196,0.08330942690372467,0.08330942690372467,0.029597191152885213,0.05008752539658903,0.22741764411330223,302.4011569857144,167.54944491155263,0.0,302.49763033175356,168.07109004739337,0,302.0,166.0,0.0,1.2174305617978418,117
1,118,1,1,9.334317296743393,69.3081334233284,0.1988980881869793,0.04397863894701004,0.2365114353156767,0.20901961624622345,0.3596802055835724,0.17950610186044985,0.24318643306431018,0.2424735352396965,0.15084242820739746,0.15084242820739746,0.013936503608383794,0.0513038162905393,0.28645217418670654,330.6113882522239,168.5639581865295,0.0,330.5964912280702,168.8,0,331.0,163.0,0.0,1.1869449188604155,118
1,119,1,1,7.4158932864665985,40.824460327625275,0.15309101343154907,0.02587161958217621,0.16803371110189133,0.21543750166893005,0.23029913008213043,0.15134476094829794,0.17905465055975997,0.1822032332420349,0.12154584378004074,0.12154584378004074,0.020717439631166578,0.0280002723991563,0.2034032642841339,393.42555756016776,167.91735425517942,0.0,393.45175438596493,168.08333333333334,0,390.0,167.0,0.0,1.0769742937041864,119
1,120,1,1,6.630996868014336,25.306385204195976,0.17191168293356895,0.04397082328796387,0.3269850929470535,0.296283096075058,0.296283096075058,0.17921613156795502,0.2200555235147476,0.23486071825027466,0.13016730546951294,0.13016730546951294,0.05067007053332285,0.050564585195860774,0.266555018723011,930.4588489096029,172.06684443867255,0.0,930.6260869565217,172.34782608695653,0,929.0,166.0,0.0,1.3849024170997035,120
1,121,1,1,4.081598229706287,14.57885029911995,0.13815965503454208,0.027299486100673676,0.2699559259883885,0.20623011887073517,0.20810124278068542,0.14074476654159612,0.16380730673168484,0.16821368783712387,0.09952317923307419,0.09952317923307419,0.03431457008960151,0.03291068503746032,0.1951090656220913,1245.2364181696225,172.9569345866404,0.0,1245.2022471910113,173.22471910112358,0,1246.0,171.0,0.0,1.227534661292937,121
1,122,1,1,7.681498825550079,30.765158981084824,0.1641254723072052,0.03866181522607803,0.4345117855299683,0.26226016879081726,0.27960264682769775,0.1828928291797638,0.20374277470917102,0.20521920919418335,0.13562284409999847,0.13562284409999847,0.03462120104573965,0.04214514670561526,0.24081605300307274,378.9859814251943,167.73038366278936,0.0,379.36423841059604,167.51655629139074,0,380.0,171.0,0.0,1.0017636932824552,122
1,123,1,1,6.601454794406891,55.02303393185139,0.14224809408187866,0.031029120087623596,0.26382656974720425,0.17695443332195282,0.24638499319553375,0.12455575083786587,0.1774936578446819,0.18595094978809357,0.10300904512405396,0.10300904512405396,0.016936353159899338,0.03961334044235127,0.21198809146881104,875.6931007997428,169.99079697087882,0.0,875.8064516129032,170.2290322580645,0,872.0,171.0,0.0,1.285339896997504,123
1,124,1,1,2.641348175704479,6.442219413816929,0.14899684861302376,0.01765909045934677,0.10180897049137518,0.1970096230506897,0.1970096230506897,0.15537342210026348,0.16518511317479304,0.17174579948186874,0.12007274478673935,0.12007274478673935,0.026908962836018135,0.02269682547954123,0.18470104038715363,1237.9688127884403,170.9786844900073,0.0,1237.8974358974358,171.05128205128204,0,1240.0,173.0,0.0,1.389961396231091,124
1,125,1,1,7.331844970583916,29.99124427139759,0.18395066261291504,0.03116708993911743,0.3543548836655282,0.2675011157989502,0.29580703377723694,0.18799602488676706,0.21422317336712565,0.214347243309021,0.12646006047725677,0.12646006047725677,0.030088419204437077,0.03603047937470057,0.24551433324813843,373.10092754349733,173.87670598230662,0.0,373.14285714285717,174.22857142857143,0,372.0,172.0,0.0,1.2277984350506406,125
1,126,1,1,7.165583670139313,47.461019828915596,0.16148871183395386,0.03514464199542999,0.19431120534333204,0.17864231765270233,0.2749820649623871,0.14331167340278625,0.19611991664841155,0.20065447688102722,0.11157909035682678,0.11157909035682678,0.018792401253423904,0.04326501633237602,0.2314567267894745,684.6117675679161,171.7703284813634,0.0,684.694214876033,171.94628099173553,0,685.0,175.0,0.0,1.2301774406165522,126
1,127,1,1,8.478002026677132,63.0926910340786,0.15000715851783752,0.04846052825450897,0.5221494726469261,0.23514661192893982,0.2979641258716583,0.14617244873581262,0.20352480978735032,0.2110544890165329,0.08690086007118225,0.08690086007118225,0.032360515707220525,0.05419075003287772,0.2535504102706909,950.6429518603562,178.80479583405355,0.0,950.6774193548387,179.3258064516129,0,953.0,176.0,0.0,1.2004141804444646,127
1,128,1,1,6.7853869423270226,40.88030441850424,0.17137790471315384,0.03655277192592621,0.2779540123686367,0.21722567081451416,0.29755979776382446,0.1615568319601672,0.20646618393183958,0.20822767913341522,0.11194893717765808,0.11194893717765808,0.023152145076526864,0.04364474698174993,0.24281540513038635,388.02551798473206,180.76316929864362,0.0,388.1313131313131,181.02020202020202,0,389.0,184.0,0.0,1.0048144514235884,128
1,129,1,1,3.424062702804804,10.936145726591349,0.09297629073262215,0.006956901401281357,0.17509478648723534,0.1267726719379425,0.12884880602359772,0.09511285285568899,0.09852383537469683,0.10012830421328545,0.0619950033724308,0.0619950033724308,0.013276714965504617,0.010696853556601996,0.10508887842297554,1057.7408278928035,178.85540962980127,0.0,1057.9099099099099,178.9009009009009,0,1062.0,179.0,0.0,1.0240071906999009,129
1,130,1,1,7.416401371359825,34.71438182145357,0.09495781175792217,0.010796189308166504,0.2087207167104686,0.15125824511051178,0.15125824511051178,0.11069255778148993,0.10487728646964825,0.10331526771187782,0.07881270349025726,0.07228966057300568,0.017562950661263194,0.0154261814894281,0.11725287698209286,63.4797381975474,183.5224108701782,0.0,63.477341389728096,183.7311178247734,0,74.0,189.0,0.0,0.969843049029384,130
1,131,1,1,6.86995929479599,38.01522198319435,0.15150697529315948,0.011648409068584442,0.052062737595549614,0.16425897181034088,0.19972120225429535,0.14616934669778703,0.16315545915534058,0.16362585127353668,0.13124200701713562,0.13124200701713562,0.008334254674074684,0.015124507205789301,0.17488721013069153,703.2483846974922,181.87691489024076,0.0,703.3004291845493,181.8755364806867,0,706.0,180.0,0.0,1.1106311605685966,131
1,132,1,1,6.297280967235565,53.186931036412716,0.135798841714859,0.04196260869503021,0.33045215481145607,0.17193052172660828,0.26695743203163147,0.1211015570622224,0.18467684387643304,0.18810361623764038,0.10039425641298294,0.10039425641298294,0.01465797755744933,0.04820928669210965,0.22603806853294373,862.3102982636663,183.42436666000603,0.0,862.5555555555555,183.64583333333334,0,861.0,185.0,0.0,1.2519198186852654,132
1,133,1,1,5.481863938271999,46.00821167230606,0.13569054007530212,0.040009334683418274,0.23316450497487082,0.15069204568862915,0.281126469373703,0.11187477425044896,0.18477193442693196,0.1940000355243683,0.0715213492512703,0.0715213492512703,0.017192817701826638,0.05147393180106836,0.22482307627797127,623.272759114432,183.3515106248243,0.0,623.3534136546185,183.570281124498,0,625.0,185.0,0.0,1.1766569243731868,133
1,134,1,1,2.6991826072335243,7.927419908344746,0.0879015140235424,0.00950121134519577,0.30950352319781815,0.11663319170475006,0.12377399206161499,0.09307526231839738,0.09667585254078959,0.09738744050264359,0.05942390859127045,0.05942390859127045,0.015018821445751306,0.01205434355346219,0.10581024736166,1055.790587481692,186.2606125156795,0.0,1056.0243902439024,186.46341463414635,0,1052.0,183.0,0.0,1.0324405610196454,134
1,135,1,1,7.312907665967941,32.43658509850502,0.17112205922603607,0.016796350479125977,0.26081051972030495,0.21074795722961426,0.23130552470684052,0.17006762013878934,0.1885847970843315,0.1914496123790741,0.13793900609016418,0.13793900609016418,0.01733712971148674,0.022864046061848914,0.2072160542011261,687.2546878900725,185.78552812090066,0.0,687.5058139534884,185.71511627906978,0,686.0,190.0,0.0,1.0076089864885636,135
1,136,1,1,6.661188922822475,36.83715558797121,0.16395294666290283,0.01703333854675293,0.15591188527385466,0.19103661179542542,0.22826723754405975,0.15139065733687443,0.1805742920978981,0.18502135574817657,0.12484922260046005,0.12484922260046005,0.014321679562117192,0.023045716316268783,0.1993868350982666,413.6454033595052,187.03078432216662,0.0,413.65686274509807,187.18627450980392,0,414.0,192.0,0.0,1.1708895854169907,136
1,137,1,1,7.914663746953011,36.330000415444374,0.19120342284440994,0.05287177115678787,0.23099032530397995,0.6442307829856873,0.6442307829856873,0.20828062491981605,0.25055172700306466,0.2502058148384094,0.12646006047725677,0.12646006047725677,0.0947062066978315,0.07243785355877562,0.3028874173760414,374.36013298270245,187.63439101001808,0.0,374.4758620689655,187.4344827586207,0,371.0,193.0,0.0,1.2279842839568618,137
1,138,1,1,7.400636047124863,30.942536368966103,0.18854529038071632,0.02650078386068344,0.09295758955040724,0.2714601159095764,0.2854834794998169,0.18050331822255763,0.2133968025445938,0.216725654900074,0.1399686336517334,0.1399686336517334,0.034917192541472235,0.036364785038847235,0.24129974097013474,715.0592237310059,189.71542151203553,0.0,715.0896551724138,189.62758620689655,0,713.0,192.0,0.0,1.2557574781581162,138
1,139,1,1,6.39803522080183,34.78132917732,0.14181974530220032,0.06892463564872742,0.6173109042032193,0.2971256971359253,0.3538661301136017,0.15604963953175197,0.21603310048024846,0.2243276685476303,0.08995223790407181,0.08995223790407181,0.0558440676695746,0.0735289996155001,0.28180986642837524,383.29887701255484,193.35859179116432,0.0,383.39130434782606,193.9689440993789,0,384.0,191.0,0.0,1.1484020872560474,139
1,140,1,1,5.219109572470188,34.08662289381027,0.10895749181509018,0.019678369164466858,0.37874594599415307,0.15468215942382812,0.1725606769323349,0.09847376551830543,0.1281451988489108,0.13454580307006836,0.07073906809091568,0.07073906809091568,0.019566798455620642,0.02546544835072083,0.14949962496757507,1243.4483665824043,192.0419017056827,0.0,1243.6691729323309,192.34962406015038,0,1246.0,189.0,0.0,1.0490339135740376,140
1,141,1,1,6.771678552031517,39.59166271984577,0.15379270911216736,0.029798299074172974,0.25351100033311513,0.175100177526474,0.24881666898727417,0.14407826706450036,0.1832947348141008,0.18759475648403168,0.10904993861913681,0.10904993861913681,0.014574707496916387,0.03305747614847343,0.21087510883808136,399.1821436484109,190.9110167198388,0.0,399.2175925925926,191.16203703703704,0,399.0,185.0,0.0,1.1303343441227787,141
1,142,1,1,4.929564207792282,16.03097414970398,0.15845392644405365,0.0140676349401474,0.14671643817489502,0.2108171582221985,0.22621923685073853,0.1643188069264094,0.17424971901852152,0.1703919619321823,0.14046229422092438,0.14046229422092438,0.016453264672758372,0.020138970413956354,0.18801943957805634,690.9022053729961,194.28193376604148,0.0,691.0,194.3913043478261,0,690.0,194.0,0.0,1.0563908411287708,142
1,143,1,1,5.163081482052803,31.5173849016428,0.10790747404098511,0.037532687187194824,0.8495055336499368,0.20173552632331848,0.24741391837596893,0.120071662373321,0.1641530463627229,0.18522946536540985,0.08330941945314407,0.08330941945314407,0.0377804284829087,0.05160895589929788,0.20909559726715088,68.17742645382286,194.23680651653214,0.0,67.5625,194.82291666666666,0,73.0,191.0,0.0,1.1351903228568692,143
1,144,1,1,8.606300942599773,51.87508591264486,0.16884399205446243,0.05730327218770981,0.13186579959044284,0.21023809909820557,0.3434768319129944,0.1536839454035674,0.2245674714833111,0.22912193089723587,0.09845052659511566,0.09845052659511566,0.031484034182551704,0.06612609422619867,0.28313756734132767,82.94610485319129,198.9106594374648,0.0,82.95670995670996,198.7792207792208,0,82.0,202.0,0.0,1.3457100664951107,144
1,145,1,1,3.4354081973433495,11.874294497072697,0.09830232337117195,0.017530594021081924,0.5565123186234737,0.14949962496757507,0.1520899385213852,0.0981545199240957,0.11308851901973997,0.11858708411455154,0.06788629293441772,0.06788629293441772,0.022927139266911076,0.023365247460953087,0.13127544522285461,1233.8072386617637,196.26026526110914,0.0,1233.942857142857,196.8,0,1233.0,191.0,0.0,1.036629031424589,145
1,146,1,1,8.767448790371418,52.36748402565718,0.1734810769557953,0.027957938611507416,0.4725744854660284,0.26317039132118225,0.28667765855789185,0.1686047844302196,0.20064170124772865,0.19820239394903183,0.0971180647611618,0.0971180647611618,0.0385270936960345,0.04089835671733179,0.23212052509188652,675.584280105555,195.70414761639438,0.0,675.264367816092,195.35632183908046,0,678.0,198.0,0.0,1.1138332224896508,146
1,147,1,1,3.439428187906742,13.024835839867592,0.10659214854240417,0.004937760531902313,0.12301297951818886,0.1256725937128067,0.1278662532567978,0.10748213087208569,0.11228306758506544,0.11358015239238739,0.08042474836111069,0.08042474836111069,0.01023092418263629,0.00843030320622696,0.1185179129242897,1040.0960240395632,196.39296604466955,0.0,1040.1379310344828,196.50862068965517,0,1039.0,196.0,0.0,1.037377483523719,147
1,148,1,1,6.371654808521271,29.478094145655632,0.16323737800121307,0.03878694772720337,0.3158209008094932,0.27594706416130066,0.27594706416130066,0.1722068867167911,0.21055781532611165,0.2192123532295227,0.13201799988746643,0.13201799988746643,0.0428567150897482,0.045212645729197865,0.2529309093952179,718.4856730445828,197.80066772699865,0.0,718.6357142857142,198.07857142857142,0,714.0,195.0,0.0,1.3105660677708633,148
1,149,1,1,5.50611424446106,15.003167122602463,0.25425559282302856,0.05046400427818298,0.3144223199331282,0.41699081659317017,0.41699081659317017,0.275305712223053,0.3125659817208846,0.3372129797935486,0.14237843453884125,0.14237843453884125,0.08852877477724734,0.07594935924478823,0.37531939148902893,49.21604002855246,200.50044719075478,0.0,49.375,200.22916666666666,0,51.0,203.0,0.0,1.5434927422470848,149
1,150,1,1,2.6336113661527634,7.851014472544193,0.09474037028849125,0.004890277981758118,0.1340399427762615,0.11831265687942505,0.11831265687942505,0.09754116170936161,0.09937993003220498,0.09958960860967636,0.06623214483261108,0.06623214483261108,0.011478853720494196,0.009410504236979665,0.10649984329938889,1046.8756559294818,201.67691696378344,0.0,1046.860759493671,201.81012658227849,0,1044.0,201.0,0.0,1.0296787983368152,150
1,151,1,1,5.7236191257834435,48.79139257222414,0.14924666658043861,0.029164522886276245,0.1601722512641261,0.1632455438375473,0.23859159648418427,0.11222782599575379,0.17742324571717868,0.1873464584350586,0.06281721591949463,0.06281721591949463,0.020949674242756573,0.042871856288129326,0.214273352175951,461.18756769081693,204.49825126632584,0.0,461.1963636363636,204.65818181818182,0,460.0,205.0,0.0,1.2163883342671102,151
1,152,1,1,9.763565808534622,31.442393869161606,0.1516125202178955,0.024859249591827393,0.6608471311186656,0.3494918942451477,0.3494918942451477,0.2077354427347792,0.19055996284340368,0.17111337184906006,0.111274354159832,0.111274354159832,0.06829318941357886,0.053500009348631396,0.2281721942126751,662.4248629361283,204.27024024744273,0.0,662.4848484848485,203.61212121212122,0,656.0,208.0,0.0,1.1240792214312876,152
1,153,1,1,8.729006089270115,43.46088994294405,0.18592560291290283,0.05312919616699219,0.46515638653058305,0.4028328061103821,0.4028328061103821,0.19397791309489143,0.2455417510900794,0.2495877891778946,0.1137637197971344,0.1137637197971344,0.0867331008859665,0.06970417301343297,0.2947284057736397,52.068348802513114,207.84402449284158,0.0,52.12994350282486,208.3050847457627,0,51.0,204.0,0.0,1.356105412982308,153
1,154,1,1,8.873920246958733,59.08836528286338,0.11173604056239128,0.06777393817901611,0.8437362776673858,0.351614773273468,0.351614773273468,0.14312774591868924,0.21178625549413396,0.24307817220687866,0.04140225797891617,0.04140225797891617,0.10197622137260248,0.09599384941144527,0.29396437108516693,825.3269106973447,206.9172041390199,0.0,825.089605734767,206.10752688172042,0,822.0,211.0,0.0,1.023484104500927,154
1,155,1,1,11.253409028053284,65.58156406879425,0.222548708319664,0.04984492063522339,0.34076633495614067,0.3159399628639221,0.37069466710090637,0.22065507898143694,0.2732565169533094,0.27860766649246216,0.1594873070716858,0.1594873070716858,0.038801973319572275,0.056697279457938364,0.32152819633483887,683.2221895845547,209.66987853073957,0.0,683.5625,209.6875,0,685.0,208.0,0.0,1.1271092797706244,155
1,156,1,1,9.637928649783134,64.39757420122623,0.19527841359376907,0.04066292941570282,0.18423820766392515,0.2331617921590805,0.3348182737827301,0.1818477103732667,0.23588855018764188,0.23041290044784546,0.14933446049690247,0.14933446049690247,0.019588024717247486,0.04820859253232301,0.27877748012542725,90.39192504405626,213.27836319671573,0.0,90.44688644688645,213.45421245421247,0,91.0,209.0,0.0,1.196550072720259,156
1,157,1,1,5.358555980026722,49.35998146235943,0.13319477066397667,0.029026947915554047,0.49296416016956907,0.15939120948314667,0.23510131239891052,0.10304915346205235,0.16962192942391557,0.18375351279973984,0.06675608456134796,0.06675608456134796,0.023618842428112546,0.04599442218627783,0.20661994442343712,486.50168432467865,210.0008452457427,0.0,486.5773195876289,210.48797250859107,0,485.0,208.0,0.0,1.2412708553517153,157
1,158,1,1,15.665839821100235,61.327928721904755,0.27275726944208145,0.03409665822982788,0.5193261671163245,0.4196968078613281,0.42440253496170044,0.34056173524130945,0.3145021985738705,0.29856832325458527,0.23969729244709015,0.23969729244709015,0.05164288949277819,0.051105448853361476,0.35983020067214966,661.3945100992013,214.42885580218095,0.0,661.5794871794872,213.94358974358974,0,663.0,220.0,0.0,1.0684408576991828,158
1,159,1,1,7.078065574169159,49.24192874878645,0.14792019501328468,0.0371679961681366,0.36666424354458277,0.18134430050849915,0.2707691490650177,0.1415613114833832,0.18305549720738457,0.17787161469459534,0.10797976702451706,0.10797976702451706,0.01706202874280439,0.04083825183918808,0.21909987553954124,700.8576623204215,210.15777943177383,0.0,701.0334572490706,210.47955390334573,0,697.0,208.0,0.0,1.1358457151860926,159
1,160,1,1,5.423319555819035,41.32857050001621,0.1335992068052292,0.0406191349029541,0.5228924071854323,0.19871479272842407,0.268288254737854,0.11298582407956322,0.1722023770834009,0.18035176396369934,0.06831372529268265,0.06831372529268265,0.03552170173131938,0.05236338319316681,0.21403202414512634,714.9095922552734,215.581813500021,0.0,714.9333333333333,216.10416666666666,0,716.0,213.0,0.0,1.063557278549872,160
1,161,1,1,11.653413608670235,48.23672308027744,0.186640664935112,0.06855188310146332,0.9118284369444734,0.40582412481307983,0.40582412481307983,0.2330682721734047,0.2694788998898181,0.28056739270687103,0.13137254118919373,0.13137254118919373,0.07834334827832953,0.07863285990028869,0.3324597105383873,820.8714082175742,218.83028657464405,0.0,820.5754189944134,219.6927374301676,0,822.0,212.0,0.0,1.1803924085322632,161
1,162,1,1,9.822814002633095,51.896513655781746,0.2257416695356369,0.04259085655212402,0.2732307506572345,0.2624360918998718,0.35827943682670593,0.20464195838818947,0.26477813089684565,0.2698683440685272,0.12704606354236603,0.12704606354236603,0.0349743971996507,0.053140871344005934,0.31209316849708557,101.81901007918424,218.24444643696978,0.0,102.09183673469387,218.2295918367347,0,99.0,221.0,0.0,1.2206838688205424,162
1,163,1,1,9.504820436239243,60.54742370545864,0.20143790543079376,0.043404996395111084,0.82578098218801,0.3228273391723633,0.33265435695648193,0.19009640872478484,0.23651337384944782,0.24670664966106415,0.06688962131738663,0.06688962131738663,0.07617796120538942,0.0633690444035647,0.28834420442581177,831.604540050881,221.07923192927274,0.0,832.18359375,221.66796875,0,829.0,220.0,0.0,1.110992013729405,163
1,164,1,1,15.496739611029625,78.48700194060802,0.16182973980903625,0.06422477960586548,1.1470503897022035,0.4004523754119873,0.4004523754119873,0.20390446856617928,0.23084412335472948,0.25475817918777466,0.05335342884063721,0.05335342884063721,0.10982016298030961,0.08817222425263024,0.30361655354499817,668.2120418538008,220.62240793296937,0.0,668.0794117647059,221.76176470588234,0,664.0,221.0,0.0,1.0756215519994163,164
1,165,1,1,4.57462203502655,16.545462042093277,0.1893557608127594,0.02662484347820282,0.3162004418113043,0.2814059853553772,0.28758543729782104,0.182984881401062,0.21770344792227997,0.231200709939003,0.08057016134262085,0.08057016134262085,0.060294147262969375,0.050047498053022166,0.25508326292037964,262.7990289729763,228.0876374600037,0.0,262.9605263157895,227.81578947368422,0,265.0,230.0,0.0,1.2181176910239366,165
1,166,1,1,9.586720451712608,46.37811040878296,0.17950919643044472,0.02814624458551407,0.4702858804890377,0.2545021176338196,0.27894100546836853,0.18088151795684165,0.20797358927705362,0.21256126463413239,0.1219414621591568,0.1219414621591568,0.03902948521923176,0.0382852136829136,0.23686398565769196,98.55336607420834,230.74214393264973,0.0,98.95515695067265,230.9865470852018,0,96.0,229.0,0.0,1.2036570890135228,166
1,167,1,1,12.641274966299534,62.45028688758612,0.20487147197127342,0.0390700101852417,0.20640793495528825,0.32425662875175476,0.32661041617393494,0.23851462200565157,0.24490308583367104,0.24994492530822754,0.09123241901397705,0.09123241901397705,0.061226669522887474,0.04670917450307742,0.28424280136823654,56.85699608199293,233.30836062939224,0.0,56.858823529411765,233.10196078431372,0,52.0,233.0,0.0,1.1293942919894424,167
1,168,1,1,6.512434758245945,27.070106834173203,0.13586361333727837,0.055281899869441986,0.38272933255740355,0.2851482629776001,0.31694450974464417,0.15505797043442726,0.20051930988276445,0.21275734156370163,0.09776561707258224,0.09776561707258224,0.057533015719279004,0.06235018557678488,0.2527215927839279,262.71879457625283,235.33586631825926,0.0,262.7111111111111,235.71851851851852,0,265.0,236.0,0.0,1.183171626493855,168
1,169,1,1,9.458815798163414,39.011407017707825,0.2180078700184822,0.025253400206565857,0.0864059817213447,0.3052666485309601,0.3052666485309601,0.23070282434544911,0.24081115443029522,0.24436984956264496,0.14175234735012054,0.14175234735012054,0.04323161239680043,0.0334130486527941,0.2690814137458801,43.53705447887449,235.91278382487351,0.0,43.623456790123456,235.91358024691357,0,50.0,232.0,0.0,1.125670633105975,169
1,170,1,1,4.263024754822254,17.458006232976913,0.14407536014914513,0.034333012998104095,0.23059518852004565,0.22948312759399414,0.24245843291282654,0.13751692757491144,0.17285154686115756,0.1771334484219551,0.08069387078285217,0.08069387078285217,0.043349417827185634,0.04456437515336407,0.2115609273314476,550.5989495401232,238.19832752688714,0.0,550.3861386138614,238.2871287128713,0,552.0,242.0,0.0,1.08319506248441,170
1,171,1,1,6.894439809024334,37.807237073779106,0.12883228808641434,0.043243907392024994,0.3482171281013749,0.22098375856876373,0.25372451543807983,0.1253534510731697,0.1742268989575074,0.18228298425674438,0.08248406648635864,0.08248406648635864,0.03646604778403017,0.0502222590273321,0.2191144861280918,558.9841703362256,238.41850929984616,0.0,558.9493087557604,238.76497695852535,0,561.0,237.0,0.0,1.2209176884601267,171
1,172,1,1,9.364483058452606,56.71073442697525,0.17837514728307724,0.04665391147136688,0.30703740533904694,0.314846396446228,0.3184114396572113,0.18361731487161972,0.22775395352198896,0.23452070355415344,0.12236882746219635,0.12236882746219635,0.05657102479451166,0.053849222040164985,0.273781418800354,111.40530042926423,242.75551711724694,0.0,111.43373493975903,242.44979919678715,0,113.0,243.0,0.0,1.2343684684204523,172
1,173,1,1,7.23650997877121,39.670566603541374,0.17491765320301056,0.031203612685203552,0.2522375285056093,0.23218050599098206,0.28394457697868347,0.16081133286158245,0.20661753439344466,0.21720995008945465,0.09793227165937424,0.09793227165937424,0.039177215726996374,0.04474237334051424,0.23819290101528168,239.22328595191976,245.15826413457057,0.0,239.47395833333334,245.13020833333334,0,240.0,242.0,0.0,1.1727995566258549,173
1,174,1,1,12.844226829707623,68.14987425506115,0.24405040591955185,0.046066366136074066,0.2625436510049845,0.37846940755844116,0.3916073739528656,0.237856052401993,0.28514591738519307,0.2928694486618042,0.12257247418165207,0.12247481197118759,0.056248831094913486,0.061152123204430614,0.33608025312423706,43.15719674642885,247.04337501839086,0.0,43.0418410041841,246.80753138075315,0,43.0,246.0,0.0,1.091680423433822,174
1,175,1,1,10.026880793273449,76.39776673167944,0.1887647658586502,0.05977390706539154,0.22349881017517365,0.23589323461055756,0.3554304242134094,0.15915683798846744,0.23874302103649825,0.2370358258485794,0.06623214483261108,0.06623214483261108,0.05043273594819297,0.07074574870603201,0.3040388524532318,222.46892257395817,248.6147287267558,0.0,222.265625,248.521875,0,221.0,243.0,0.0,1.0898598580277772,175
1,176,1,1,6.507395930588245,33.24263036996126,0.13966579735279083,0.022174805402755737,0.051286657493843354,0.19511239230632782,0.2073809653520584,0.1355707485539218,0.1629540704409866,0.168404683470726,0.09710551798343658,0.09710551798343658,0.023282090380902846,0.026933589112353787,0.18509244918823242,269.0589910515076,248.571969209256,0.0,269.078431372549,248.52450980392157,0,268.0,252.0,0.0,1.1507476615302397,176
1,177,1,1,6.659619472920895,41.08946795016527,0.14189308881759644,0.03136206418275833,0.25929047488463935,0.17617982625961304,0.2427951544523239,0.13319238945841788,0.17484879978793733,0.18305213004350662,0.09246460348367691,0.09246460348367691,0.021119666686095488,0.03844912406199287,0.20746277272701263,473.0687521301214,245.19451857140308,0.0,473.1063829787234,245.45106382978724,0,471.0,250.0,0.0,1.2298535673737736,177
1,178,1,1,8.440185233950615,31.77584896981716,0.1787121593952179,0.019616931676864624,0.1486311502833476,0.24156813323497772,0.24156813323497772,0.17583719237397114,0.1961472158630689,0.1990569680929184,0.13901680707931519,0.13901680707931519,0.029600679491654756,0.026241828533312653,0.218464195728302,486.4433534389435,247.91032772460687,0.0,486.58641975308643,247.9506172839506,0,491.0,253.0,0.0,1.2685936236098108,178
1,179,1,1,7.998782977461815,19.045945718884468,0.23028595745563507,0.026591569185256958,0.4479705826080624,0.3198901414871216,0.3198901414871216,0.2580252573374779,0.2573776448497901,0.2685747742652893,0.1598605215549469,0.1598605215549469,0.05244650934509615,0.04202867492710839,0.2905281335115433,104.63152320952717,249.34359751519995,0.0,104.21621621621621,249.17567567567568,0,108.0,248.0,0.0,1.2427275976396368,179
1,180,1,1,4.523026838898659,13.972029834985733,0.1578303799033165,0.026447206735610962,0.2938320238096541,0.25035303831100464,0.2612379491329193,0.18092107355594636,0.1996004262140819,0.21354849636554718,0.12819688022136688,0.12819688022136688,0.04197133212831892,0.03879704205175218,0.2324032187461853,487.239934344165,255.3221464121281,0.0,487.27142857142854,255.61428571428573,0,490.0,254.0,0.0,1.2507894925613192,180
1,181,1,1,9.087311431765556,48.65677712857723,0.19313451647758484,0.047115787863731384,0.33849389141061226,0.30066707730293274,0.36765599250793457,0.19755024851664252,0.2408751342998873,0.236126109957695,0.13996508717536926,0.13996508717536926,0.03792774003447875,0.0540220774821997,0.28994761407375336,37.06290774864143,257.20376962646105,0.0,36.95544554455446,257.5247524752475,0,39.0,257.0,0.0,1.2390007965633512,181
1,182,1,1,11.516649976372719,70.29132103919983,0.26188841462135315,0.0903739333152771,0.13341631365585524,0.38087132573127747,0.5522205829620361,0.2617420449175618,0.3532227187899489,0.34933219850063324,0.13727344572544098,0.13727344572544098,0.06421573996469666,0.10655815845488524,0.4496002495288849,54.7385215146117,255.49535065012986,0.0,54.618090452261306,255.55276381909547,0,54.0,254.0,0.0,1.058087170295514,182
1,183,1,1,10.847263216972351,62.049398332834244,0.184347003698349,0.052366599440574646,0.5223999539700599,0.3176151514053345,0.3391837775707245,0.19722296758131547,0.23865153204936249,0.24730153381824493,0.13859982788562775,0.13859982788562775,0.053846960160697684,0.056687991774292325,0.28772011399269104,107.81677103141719,258.2715129524572,0.0,107.8576923076923,258.7923076923077,0,108.0,257.0,0.0,1.2587697622148668,183
1,184,1,1,8.587719157338142,26.30947707593441,0.2031368799507618,0.011475600302219391,0.11869191423568387,0.2436363697052002,0.2436363697052002,0.22019792711123443,0.21389818760922286,0.2151237279176712,0.18210604786872864,0.18210604786872864,0.01356502128519101,0.014224915461231976,0.22470441833138466,228.00007813664976,257.3057694496958,0.0,228.08943089430895,257.2276422764228,0,224.0,265.0,0.0,1.0009897466453268,184
1,185,1,1,8.89630551636219,39.13877345621586,0.2505195736885071,0.037780433893203735,0.14492984804800318,0.29877161979675293,0.39328882098197937,0.24044068963141055,0.28778509894276366,0.2853134274482727,0.1697068065404892,0.1697068065404892,0.03184292161977446,0.051260440704687806,0.32850903272628784,70.98302622466689,256.3874241775205,0.0,70.8529411764706,256.3235294117647,0,72.0,258.0,0.0,1.2277594507955094,185
1,186,1,1,5.730555057525635,14.290402308106422,0.19629636406898499,0.017052873969078064,0.11466386418546665,0.24793213605880737,0.25497376918792725,0.21224277990835685,0.21328958668815556,0.21576547622680664,0.17504043877124786,0.17504043877124786,0.019869343754488872,0.021405454801544335,0.22861485928297043,238.18261363628602,257.5012437859723,0.0,238.07462686567163,257.46268656716416,0,240.0,261.0,0.0,1.1308842031007709,186
1,187,1,1,5.462073922157288,36.0120554715395,0.1419125236570835,0.05123466998338699,0.16745855183154348,0.18786275386810303,0.28535187244415283,0.13004937909898304,0.19257783674620052,0.18786275386810303,0.09228303283452988,0.09228303283452988,0.023213038890182572,0.053731289161277646,0.24458643049001694,263.8624485901162,260.1807689222609,0.0,263.8770053475936,260.3475935828877,0,264.0,261.0,0.0,1.2698649756438911,187
1,188,1,1,6.735578171908855,33.19347786158323,0.14818596094846725,0.06204232573509216,0.6275763969493776,0.2986539304256439,0.30660492181777954,0.15664135283508965,0.20489801149125453,0.2019522786140442,0.06721145659685135,0.06721145659685135,0.06989910721002665,0.07045570231261944,0.27970975637435913,75.23065878899993,263.76484441096267,0.0,75.57407407407408,264.2901234567901,0,79.0,261.0,0.0,1.1124099888198353,188
1,189,1,1,6.446788482367992,38.4174894914031,0.1528216227889061,0.03310859203338623,0.28342613760283447,0.1770550161600113,0.27305808663368225,0.14326196627484428,0.19305271101207588,0.19922291487455368,0.11824950575828552,0.11824950575828552,0.015458395956271315,0.04152049800923853,0.2287784069776535,285.8349237979164,264.13569126804833,0.0,285.94472361809045,264.3969849246231,0,286.0,259.0,0.0,1.2663698190124677,189
1,190,1,1,7.14249936491251,31.435251481831074,0.1707288920879364,0.04361863434314728,0.18167453766842984,0.2815004289150238,0.33345457911491394,0.1700595086883931,0.22453751058450766,0.23525844514369965,0.10733416676521301,0.10733416676521301,0.044596254635226505,0.058049409169395445,0.2697767913341522,451.3721626924357,262.2299991632023,0.0,451.55,262.1928571428571,0,452.0,260.0,0.0,1.1237248552156256,190
1,191,1,1,7.299048095941544,36.76458437740803,0.16755037009716034,0.019897378981113434,0.2324313404792068,0.21216975152492523,0.2465309500694275,0.15206350199878216,0.1847466551628544,0.1898975819349289,0.09604309499263763,0.09604309499263763,0.03081068533940777,0.03251435092075132,0.2093246877193451,298.6238958021,263.7152257366032,0.0,298.8492462311558,263.65829145728645,0,298.0,264.0,0.0,1.2224566016881264,191
1,192,1,1,6.730662673711777,33.45079354941845,0.1650952249765396,0.04746416211128235,0.2568532520670551,0.27494001388549805,0.32233941555023193,0.1641625042368726,0.22007101019354244,0.22756513953208923,0.11514793336391449,0.11514793336391449,0.04456640168698897,0.058961508487412405,0.2716517150402069,443.36258950076035,267.0383211637724,0.0,443.2171052631579,267.25,0,442.0,265.0,0.0,1.1877723983238933,192
1,193,1,1,5.241815656423569,17.808494195342064,0.16163961961865425,0.021794840693473816,0.20527800421942416,0.21327842772006989,0.22468777000904083,0.16380673926323652,0.18359272366332025,0.19003067165613174,0.12244912981987,0.12244912981987,0.024668966030980777,0.026546209738182378,0.20683179050683975,499.4062965306607,264.9118411831321,0.0,499.55670103092785,265.0515463917526,0,500.0,262.0,0.0,1.1782393875483685,193
1,194,1,1,8.905410155653954,38.77465118467808,0.2041725367307663,0.017737463116645813,0.16032988340261756,0.2516821622848511,0.264875203371048,0.21203357513461793,0.2203105180947618,0.22176651656627655,0.17367897927761078,0.17367897927761078,0.022965378011425615,0.02235733668701821,0.23986561596393585,232.71194924197414,266.8432491936594,0.0,232.75,266.6875,0,239.0,266.0,0.0,1.0821195997280508,194
1,195,1,1,7.582249969244003,41.636359706521034,0.16227373108267784,0.021449223160743713,0.12564420217069316,0.1904987245798111,0.23888982832431793,0.15473979529069395,0.183420086812868,0.18397273123264313,0.1342073231935501,0.1342073231935501,0.012011246456982167,0.024016774506038223,0.20521026104688644,464.0150604061519,265.57317621770983,0.0,464.0837004405286,265.6784140969163,0,465.0,269.0,0.0,1.1162927567483532,195
1,196,1,1,16.35878526419401,134.4261291101575,0.23658433556556702,0.039630621671676636,0.29925334687414146,0.32248809933662415,0.3901335299015045,0.20972801620761553,0.27716727651578865,0.29098470509052277,0.11596881598234177,0.11596881598234177,0.04349966615277744,0.05644570643505693,0.3203047215938568,55.37489524666585,272.1245277096469,0.0,55.61030927835051,272.30927835051546,0,52.0,271.0,0.0,1.1561900157479692,196
1,197,1,1,9.58536647260189,51.200205355882645,0.19828781485557556,0.029565751552581787,0.13182416311568834,0.25869154930114746,0.3011731803417206,0.19561972393065083,0.22959733343445132,0.23065919429063797,0.16214078664779663,0.16214078664779663,0.026535371870440364,0.035494443896679176,0.2566020116209984,207.38846056429531,271.28189410518416,0.0,207.4304932735426,271.15695067264573,0,211.0,272.0,0.0,1.1494624370766244,197
1,198,1,1,6.276018530130386,29.449375435709953,0.17419839650392532,0.022672370076179504,0.1851700058659603,0.21967212855815887,0.2525341510772705,0.1696221224359564,0.19632916957139968,0.19616754353046417,0.1416940987110138,0.1416940987110138,0.018202535381957395,0.029553308940617726,0.22001948952674866,494.3498496631455,272.46173327847345,0.0,494.53333333333336,272.4866666666667,0,494.0,274.0,0.0,1.0618323226310524,198
1,199,1,1,5.884573772549629,38.4292104691267,0.13037915527820587,0.03973232954740524,0.35469391131017997,0.17263397574424744,0.2687187194824219,0.12009334229693121,0.1738878301770439,0.1775343343615532,0.0884002223610878,0.0884002223610878,0.023666937106455573,0.04795663991057196,0.21657602861523628,300.92796422191736,275.7973117407042,0.0,301.14027149321265,276.0814479638009,0,300.0,274.0,0.0,1.1508311737192496,199
1,200,1,1,4.682246431708336,16.231569543480873,0.14534835517406464,0.005200937390327454,0.048259609633199675,0.15855664014816284,0.16661883890628815,0.1463202009908855,0.15029231058778586,0.15079103410243988,0.12914764881134033,0.12914764881134033,0.006953795123554071,0.007499769601679862,0.15580794215202332,23.799539621226508,272.5293646565652,0.0,23.805555555555557,272.48148148148147,0,24.0,274.0,0.0,1.126189080667287,200
1,201,1,1,5.80794519931078,48.21654615551233,0.11639575660228729,0.029549598693847656,0.16579559545196604,0.12202636152505875,0.20526190102100372,0.1018937754265049,0.1470016651082693,0.1526203453540802,0.08180028945207596,0.08180028945207596,0.010397205883721729,0.03373160568237367,0.1758231520652771,865.7296995684741,275.8088804164002,0.0,865.7560975609756,275.9725609756098,0,868.0,274.0,0.0,1.1023917190419708,201
1,202,1,1,7.514094293117523,38.529796093702316,0.16613899171352386,0.009512066841125488,0.038258735550388855,0.1848100870847702,0.208073228597641,0.16334987593733746,0.17513543678955598,0.17612305283546448,0.13204972445964813,0.13204972445964813,0.012364124201579563,0.014149598843578508,0.1854572594165802,453.0892506477938,277.64970334740474,0.0,453.1272727272727,277.6454545454545,0,457.0,274.0,0.0,1.07910133365478,202
1,203,1,1,9.3713518679142,45.011888578534126,0.19488992542028427,0.01922299712896347,0.34169245198864745,0.2661573588848114,0.2781464457511902,0.19125207893702448,0.21332648615419017,0.21137885004281998,0.13281212747097015,0.13281212747097015,0.03586042239987672,0.030467446196359632,0.24026639014482498,202.82212633317368,282.84362428588327,0.0,202.5260663507109,283.01421800947867,0,208.0,282.0,0.0,1.1417879002719031,203
1,204,1,1,9.072522699832916,48.90295447409153,0.20042556524276733,0.04434056580066681,0.4790286685569904,0.28997689485549927,0.3524312674999237,0.19303239786878545,0.24451477237045766,0.2491612583398819,0.12402990460395813,0.12402990460395813,0.043012015860216336,0.054654120006949476,0.2872556149959564,240.06023020712405,277.0319646720383,0.0,240.44,276.74,0,236.0,278.0,0.0,1.1190496392926115,204
1,205,1,1,6.401759117841721,42.260820649564266,0.1479264236986637,0.0444793775677681,0.37022080953657377,0.19903434813022614,0.2802724242210388,0.13064814526207594,0.19297178378796467,0.1993779018521309,0.08320534974336624,0.08320534974336624,0.030091988286638987,0.05206425850088759,0.2380727455019951,507.12130160372124,276.5308835743755,0.0,507.2648401826484,276.87214611872145,0,505.0,278.0,0.0,1.1098551947250612,205
1,206,1,1,6.870091117918491,46.33210376650095,0.1631154716014862,0.05835086107254028,0.35496558708525944,0.21721763908863068,0.3563345670700073,0.14617215144507428,0.22275049887740841,0.23016095161437988,0.10536191612482071,0.10536191612482071,0.026175788596084472,0.06646460257024973,0.2786320149898529,254.78495732661298,281.1523315316731,0.0,254.82692307692307,281.5048076923077,0,253.0,278.0,0.0,1.2676497669013314,206
1,207,1,1,6.333170086145401,25.41980843245983,0.17930422350764275,0.027589060366153717,0.2545990029513193,0.2717881202697754,0.28293073177337646,0.1862697084160412,0.2066651092069905,0.2111782431602478,0.12310725450515747,0.12310725450515747,0.04156825262984678,0.03844518508975741,0.23578862845897675,485.7429362041538,279.42355020546535,0.0,485.5609756097561,279.6016260162602,0,488.0,279.0,0.0,1.1688379881726525,207
1,208,1,1,6.939949996769428,39.34062281996012,0.18440255522727966,0.042428672313690186,0.2831863497826435,0.20925305783748627,0.3181328773498535,0.16139418597138205,0.2185590156664451,0.21921096742153168,0.10850203037261963,0.10850203037261963,0.02913366984611904,0.05191185250990351,0.2625822126865387,671.1756134919502,280.4845788986194,0.0,671.4388888888889,280.5888888888889,0,673.0,282.0,0.0,1.276355852600512,208
1,209,1,1,5.6072250455617905,18.149652734398842,0.1421247348189354,0.007925271987915039,0.1603063447845538,0.16648785769939423,0.16648785769939423,0.14755855383057342,0.14876764536392492,0.15025800466537476,0.12864099442958832,0.12864099442958832,0.010583494693159065,0.009723104802352597,0.15580794215202332,18.878613916101756,281.4156319399971,0.0,18.778688524590162,281.5409836065574,0,21.0,277.0,0.0,1.060016611993237,209
1,210,1,1,9.597146466374397,71.81065770983696,0.17218169197440147,0.04060924053192139,0.4427930367361748,0.18182361125946045,0.3235777020454407,0.1573302699405639,0.21436017226817003,0.21484552323818207,0.12466937303543091,0.12466937303543091,0.015541464598423394,0.04916887231060289,0.25084110349416733,127.44277832349458,281.4110341397433,0.0,127.7820895522388,281.6955223880597,0,123.0,280.0,0.0,1.1841653035157043,210
1,211,1,1,7.862731099128723,43.63434098660946,0.17696508765220642,0.029925331473350525,0.09342071217517438,0.20293816924095154,0.2849673330783844,0.16380689789851507,0.20582236314438423,0.205098956823349,0.13302788138389587,0.13302788138389587,0.019509551906904093,0.03789540622661297,0.23565486073493958,113.66841616761579,279.6487592301064,0.0,113.75943396226415,279.6698113207547,0,115.0,283.0,0.0,1.0594455543745018,211
1,212,1,1,6.224579595029354,24.46963243931532,0.15971654653549194,0.03901270031929016,0.3389478751112816,0.2779082655906677,0.2779082655906677,0.1729049887508154,0.2005707576993059,0.20212434232234955,0.1242067739367485,0.1242067739367485,0.0446864349583424,0.04255446213852971,0.2375653237104416,494.7193015628519,284.5023608377868,0.0,494.77868852459017,284.8360655737705,0,491.0,282.0,0.0,1.213877333603248,212
1,213,1,1,7.466250456869602,31.04744054377079,0.1448347568511963,0.008046373724937439,0.2087342924384839,0.18238450586795807,0.18238450586795807,0.15237245830346127,0.1521933359988764,0.15288113057613373,0.12328094989061356,0.12328094989061356,0.011727604791367117,0.011647554866541218,0.16086435317993164,27.97329368868946,284.9088470008448,0.0,27.818627450980394,285.04901960784315,0,29.0,293.0,0.0,1.0677153390196628,213
1,214,1,1,6.114769883453846,54.92788825929165,0.1332051195204258,0.03267579525709152,0.19611960480583487,0.15208230912685394,0.2507302761077881,0.11323647932321937,0.1732740954551787,0.1804204210639,0.07779207825660706,0.07779207825660706,0.0145095185011349,0.041979679608870196,0.20864147320389748,600.8203356521167,282.72307380324327,0.0,600.7791798107255,282.9148264984227,0,605.0,280.0,0.0,1.2014757591835867,214
1,215,1,1,11.495769411325455,59.57192699611187,0.21356381475925446,0.01818668842315674,0.38501682832269285,0.24586597084999084,0.2814323604106903,0.2016801651109729,0.2291227961388918,0.2317505031824112,0.14058464765548706,0.14058464765548706,0.023369235715866694,0.02694928215302441,0.24884219467639923,104.4526559608546,286.5986232059595,0.0,104.75384615384615,286.83846153846156,0,102.0,282.0,0.0,1.0672386047388993,215
1,216,1,1,9.84552799910307,51.413231424987316,0.19606951624155045,0.028302475810050964,0.7272695149588033,0.2520563304424286,0.2908342480659485,0.18933707690582827,0.21971466420934752,0.22749780118465424,0.09847795218229294,0.09847795218229294,0.04266150121983774,0.04484371595895547,0.2540506422519684,694.4901845801352,286.99081116349134,0.0,694.4102564102565,287.71367521367523,0,695.0,282.0,0.0,1.1157279324432263,216
1,217,1,1,13.527863413095474,112.79987136274576,0.18857774883508682,0.07048388570547104,1.0361085861157797,0.4109969139099121,0.413318932056427,0.19053328750838697,0.25578202123071603,0.2603934705257416,0.06292974203824997,0.06292974203824997,0.09601139991508176,0.08365736533862428,0.3290542736649513,1009.319219532631,289.3977431497064,0.0,1008.8412698412699,288.4784580498866,0,1013.0,296.0,0.0,1.1114003103134007,217
1,218,1,1,5.155889853835106,27.175702556967735,0.13816767930984497,0.020844802260398865,0.3538421461074483,0.18457086384296417,0.20453211665153503,0.12575341106914892,0.15440740089186214,0.15834307670593262,0.06810939311981201,0.06810939311981201,0.03145981561488494,0.031345652350805185,0.18007288873195648,968.8065103937913,287.3698448731949,0.0,968.4715909090909,287.2556818181818,0,970.0,288.0,0.0,1.082741794257019,218
1,219,1,1,8.806913927197456,51.4936536103487,0.18953824415802956,0.048851825296878815,0.3115984279586117,0.21431757509708405,0.3312828242778778,0.17613827854394912,0.23950536562952884,0.23620696365833282,0.14170752465724945,0.14170752465724945,0.01889316947425524,0.054331526160615845,0.2889321818947792,90.2277175334674,290.7198281065558,0.0,90.27441860465116,291.0279069767442,0,90.0,287.0,0.0,1.2406799522247383,219
1,220,1,1,8.765904143452644,51.34400686621666,0.17593472823500633,0.053452134132385254,0.300175786415637,0.2222461700439453,0.3643111288547516,0.162331558212086,0.2261850522740822,0.2222461700439453,0.09728220105171204,0.09728220105171204,0.03818475228244407,0.0656107378714936,0.2790401056408882,705.5282425330909,286.7193151620113,0.0,705.762114537445,286.90748898678413,0,707.0,287.0,0.0,1.1246971984597025,220
1,221,1,1,6.3002695590257645,47.72201682627201,0.12015530839562416,0.021526485681533813,0.30669432151576265,0.12852390110492706,0.19234171509742737,0.10862533722458215,0.142880289899018,0.14784638583660126,0.08008897304534912,0.08008897304534912,0.012049982565532233,0.026740528787515632,0.16571972519159317,883.5310586860032,286.22724208024164,0.0,883.6287425149701,286.5179640718563,0,881.0,285.0,0.0,1.108015435243381,221
1,222,1,1,10.027124151587486,46.730085372924805,0.16556477546691895,0.04153670370578766,0.3756604471667494,0.2753806710243225,0.28766220808029175,0.17905578842120512,0.20768926832411025,0.21491484344005585,0.138473778963089,0.138473778963089,0.03965900701785678,0.04345070501056284,0.2450835295021534,239.99633383220447,288.1624439807924,0.0,240.1822222222222,288.4888888888889,0,238.0,286.0,0.0,1.0814715891332725,222
1,223,1,1,5.29994673281908,37.56283529102802,0.12420682236552238,0.030064433813095093,0.35295390266854165,0.17170415818691254,0.2349737584590912,0.11276482410253362,0.1640298484324368,0.17356570065021515,0.09192357212305069,0.09192357212305069,0.016574507507515525,0.03995365378028735,0.197164174169302,306.54271686526494,287.8089917368091,0.0,306.5589519650655,288.16157205240177,0,305.0,285.0,0.0,1.1820172638765936,223
1,224,1,1,5.119017828255892,29.644042257219553,0.12169909290969372,0.04330866038799286,0.6694969302169181,0.19996897876262665,0.2784453332424164,0.12485409337209492,0.16560917462133828,0.16483931243419647,0.04866035282611847,0.04866035282611847,0.04813730589761061,0.05757681843614197,0.20885412767529488,56.403342137290736,289.2602119433486,0.0,56.73184357541899,289.8435754189944,0,56.0,289.0,0.0,1.0228652452762144,224
1,225,1,1,7.89679591357708,49.55529138445854,0.17264321073889732,0.046297088265419006,0.33042406199977953,0.20113399624824524,0.3486621081829071,0.16115910027708327,0.2202457394864824,0.21494226902723312,0.12957292795181274,0.12957292795181274,0.017513785410539034,0.056688017782018985,0.2654638886451721,215.9735291465405,291.2541086776326,0.0,216.04,291.5777777777778,0,214.0,292.0,0.0,1.1682829517878481,225
1,226,1,1,7.2671691328287125,31.86238043010235,0.19983673840761185,0.019792377948760986,0.21266059339140006,0.25397858023643494,0.2756861448287964,0.19640997656293818,0.21823548239796128,0.22085578739643097,0.15176011621952057,0.15176011621952057,0.024042356790235177,0.027250041079587006,0.2394113838672638,470.06284810193137,290.463829162523,0.0,470.16438356164383,290.6506849315069,0,467.0,288.0,0.0,1.1883789301377616,226
1,227,1,1,6.155952922999859,27.034229762852192,0.15129514038562775,0.02169540524482727,0.4435701205084363,0.23135806620121002,0.23874202370643616,0.1399080209772695,0.1755469465120272,0.18836505711078644,0.06835515797138214,0.06835515797138214,0.04124233419981321,0.03853933330300252,0.20460713654756546,538.7305889403754,287.65956971181424,0.0,539.1558441558442,287.7857142857143,0,538.0,287.0,0.0,1.1736207060354824,227
1,228,1,1,7.716090030968189,60.046026550233364,0.1449115239083767,0.03240223973989487,0.3038587701306699,0.1605408638715744,0.248413547873497,0.13078118696556254,0.17404645376879235,0.1745283529162407,0.0900079533457756,0.08556560426950455,0.016158814777811465,0.038046566299767964,0.2090030238032341,347.08766807188096,292.86549951786225,0.0,347.3101449275362,293.07246376811594,0,350.0,296.0,0.0,1.2227549884314373,228
1,229,1,1,6.391225025057793,36.59220660477877,0.15180829167366028,0.04568466544151306,0.3981318284169483,0.25379711389541626,0.30116578936576843,0.14202722277906205,0.1946393968339296,0.19693665206432343,0.06807971000671387,0.06807971000671387,0.045578058807193504,0.057668825790885815,0.2426213175058365,675.5928610981211,293.02851795061383,0.0,675.9042553191489,293.27659574468083,0,679.0,294.0,0.0,1.1550765205060698,229
1,230,1,1,5.580313600599766,25.986526556313038,0.1222900003194809,0.030200108885765076,0.5798164612152944,0.21663527190685272,0.23093146085739136,0.12682530910454012,0.15845443022142097,0.16942474246025085,0.05812167376279831,0.05812167376279831,0.045881160198573266,0.043185053558845235,0.1915532648563385,536.9585031466208,295.82695321409705,0.0,537.2682926829268,296.3170731707317,0,536.0,296.0,0.0,1.162293571149225,230
1,231,1,1,10.3825041949749,60.4055040627718,0.19811220467090607,0.03633788228034973,0.20441947574721564,0.2353259176015854,0.32563576102256775,0.18877280354499817,0.23143871288418313,0.22617385536432266,0.15477879345417023,0.15477879345417023,0.01966178494549385,0.041042646478205,0.26860690116882324,1028.4458215085888,293.59705012675516,0.0,1028.536398467433,293.41379310344826,0,1029.0,297.0,0.0,1.1529007264437698,231
1,232,1,1,5.303439453244209,13.262183964252472,0.16961601376533508,0.023961186408996582,0.20239257252186446,0.2656765878200531,0.2656765878200531,0.19642368345348923,0.2009421812765526,0.21280181407928467,0.1455795019865036,0.1455795019865036,0.03650146083536683,0.03341473086708797,0.22767668217420578,466.47248340664896,297.1843565123587,0.0,466.59090909090907,297.3484848484849,0,464.0,297.0,0.0,1.0640702987721342,232
1,233,1,1,8.297894686460495,46.898880675435066,0.18595999479293823,0.051021426916122437,0.4278831888542813,0.26965945959091187,0.33272242546081543,0.1843976596991221,0.23686303371431852,0.23701757192611694,0.14596951007843018,0.14596951007843018,0.034538263980684346,0.054900691924791474,0.2877757102251053,102.41373386098408,299.17175191832126,0.0,102.46969696969697,299.5959595959596,0,102.0,299.0,0.0,1.2558298937853434,233
1,234,1,1,5.9580007046461105,20.03439423441887,0.16490180417895317,0.02989479899406433,0.24914230995296804,0.25376570224761963,0.25376570224761963,0.17523531484253266,0.19450868188756185,0.19760698825120926,0.12356488406658173,0.12356488406658173,0.04354372580576912,0.035933370550535595,0.22398854419589043,139.5024080870707,297.6216786492261,0.0,139.6893203883495,297.7864077669903,0,137.0,297.0,0.0,1.3382358083894395,234
1,235,1,1,5.939447030425072,33.99918210506439,0.1394178569316864,0.01709495484828949,0.11973567557590112,0.16050928831100464,0.1922299712896347,0.1263712134132994,0.15595955094066236,0.16028104722499847,0.09089361876249313,0.09089361876249313,0.017155590256942098,0.023141405536357885,0.17488698661327362,318.12004676598264,297.42178546306866,0.0,318.23394495412845,297.45871559633025,0,315.0,300.0,0.0,1.2012392055377616,235
1,236,1,1,8.289070308208466,31.615952536463737,0.16930928826332092,0.034855350852012634,0.20501744488685644,0.2718322277069092,0.2822040915489197,0.1801971806132275,0.20266636241322908,0.20009279251098633,0.1419506072998047,0.13957113027572632,0.03744526489652056,0.03951415345412124,0.23652927577495575,131.042593327048,298.2825248652342,0.0,130.9551282051282,298.46794871794873,0,135.0,298.0,0.0,1.0453039977888134,236
1,237,1,1,8.418683245778084,52.27541695535183,0.26646770536899567,0.07061561942100525,0.4289918743550369,0.34991273283958435,0.48237305879592896,0.22753197961562388,0.32268775898365326,0.33107125759124756,0.08360542356967926,0.08360542356967926,0.07752898591088264,0.09843947396600404,0.40176616609096527,49.689311832970574,300.42815783502846,0.0,49.71604938271605,300.0,0,52.0,301.0,0.0,1.2336145851803915,237
1,238,1,1,7.980391249060631,45.217846900224686,0.1741093248128891,0.037272170186042786,0.3331616961028936,0.2073034793138504,0.29428935050964355,0.16979555849065173,0.2132917306614372,0.21430812776088715,0.1350836455821991,0.1350836455821991,0.019217009406851792,0.04189462240470192,0.24648037552833557,237.6912280033814,300.68995456899427,0.0,237.8443396226415,300.9858490566038,0,234.0,298.0,0.0,1.1792195699877874,238
1,239,1,1,4.810684889554977,22.23447620868683,0.1421792060136795,0.023133277893066406,0.1052964377619248,0.2004641443490982,0.22080294787883759,0.14149073204573462,0.16844300158096082,0.17607779800891876,0.1049606129527092,0.1049606129527092,0.026457794049869386,0.030538367784601655,0.19211840629577637,372.24835717847833,299.9430170605594,0.0,372.27272727272725,300.04545454545456,0,368.0,299.0,0.0,1.2123505630861702,239
1,240,1,1,8.894124567508698,52.14369681477547,0.2079215943813324,0.03636886924505234,0.13660229117073525,0.2917788624763489,0.3374178409576416,0.19764721261130438,0.24712652518850933,0.25867247581481934,0.13936106860637665,0.13936106860637665,0.038216884843345955,0.047848800390396136,0.28411005437374115,25.09909955506361,301.5884175347979,0.0,25.22748815165877,301.6350710900474,0,23.0,305.0,0.0,1.1639246329121506,240
1,241,1,1,3.090217188000679,8.669244207441807,0.11548484861850739,0.028797708451747894,0.16885179085330868,0.19359265267848969,0.19359265267848969,0.12875904950002828,0.14448740345736344,0.13973262906074524,0.09546604752540588,0.09546604752540588,0.0314557393288971,0.03008217159743998,0.17527718842029572,378.4307231257885,304.6879901702478,0.0,378.51666666666665,304.8333333333333,0,378.0,302.0,0.0,1.1945839821742101,241
1,242,1,1,9.249020650982857,67.66429944336414,0.17768122255802155,0.051871880888938904,0.4638372847059302,0.2565554678440094,0.33642876148223877,0.1622635201926817,0.22331451961506318,0.22467024624347687,0.09601861238479614,0.09601861238479614,0.04095057760182492,0.06160769920218105,0.2803814262151718,1042.913434449246,300.3645010032098,0.0,1043.2508250825083,300.04620462046205,0,1042.0,298.0,0.0,1.1125103638378657,242
1,243,1,1,4.816735632717609,31.923493653535843,0.12629152089357376,0.03357023000717163,0.32664912742171764,0.15762998163700104,0.23288771510124207,0.10471164418951324,0.1620481911346997,0.16826587170362473,0.06640997529029846,0.06640997529029846,0.021140913815330724,0.043027113483861165,0.19955331459641457,397.64842693534985,300.9247218586512,0.0,397.8274111675127,301.1979695431472,0,395.0,297.0,0.0,1.1091277460672628,243
1,244,1,1,7.822101593017578,36.77704590559006,0.1905512809753418,0.026304587721824646,0.07875144150373987,0.24833433330059052,0.2975870370864868,0.18624051411946616,0.21633556415052974,0.2179066240787506,0.13592588901519775,0.13592588901519775,0.026535444935936348,0.0340644002512316,0.24276693910360336,456.98518273401993,300.5773940626571,0.0,456.9117647058824,300.6058823529412,0,456.0,303.0,0.0,1.0951752571720617,244
1,245,1,1,5.353169701993465,36.34041956812143,0.1339007467031479,0.03696064651012421,0.5189408586986578,0.16614212095737457,0.25301381945610046,0.1189593267109659,0.17141707343453505,0.17728056013584137,0.08034045249223709,0.08034045249223709,0.024104888661017735,0.0463263536788655,0.20840653777122498,284.32296292992953,305.47862627036363,0.0,284.1933962264151,305.9811320754717,0,285.0,305.0,0.0,1.1788349057782617,245
1,246,1,1,10.569470658898354,60.61571114510298,0.18203327059745789,0.060929059982299805,0.6516284459880224,0.3678760528564453,0.3723868429660797,0.20325905113266066,0.24944737096750197,0.26319892704486847,0.10928481817245483,0.10710838437080383,0.07238183596390087,0.0743382625171082,0.3178631439805031,712.1326395046486,301.9985792759451,0.0,712.761316872428,301.82716049382714,0,708.0,306.0,0.0,1.1521922159020686,246
1,247,1,1,14.93216122686863,87.14305767416954,0.22025585919618607,0.05375257134437561,0.5013241098220449,0.41057828068733215,0.41057828068733215,0.2447895283093218,0.27752566138270557,0.2818489968776703,0.1837732195854187,0.1837732195854187,0.06727444175421002,0.05951495087346305,0.32459594309329987,1014.6389140846303,304.61890103248504,0.0,1014.7611464968153,305.1050955414013,0,1016.0,297.0,0.0,1.0372524979964752,247
1,248,1,1,6.534226700663567,43.48238379508257,0.13724267482757568,0.030783027410507202,0.672034277615958,0.18751856684684753,0.2496984452009201,0.12812209216987386,0.17254914204397845,0.1797729730606079,0.08516199141740799,0.08516199141740799,0.026148031605673715,0.04132513688893916,0.20524439215660095,336.6377546272581,307.59643551404184,0.0,336.93650793650795,308.1984126984127,0,337.0,304.0,0.0,1.1991061751429108,248
1,249,1,1,6.615656174719334,30.67317523062229,0.16350023448467255,0.03278392553329468,0.07989269053178498,0.24088354408740997,0.25707200169563293,0.1613574676760813,0.1991764625365084,0.2098373919725418,0.07228966057300568,0.07228966057300568,0.03828999759541625,0.0427015062153964,0.23673109710216522,678.532139946264,305.3458881661586,0.0,678.525974025974,305.26623376623377,0,677.0,303.0,0.0,1.1551699124420431,249
1,250,1,1,9.283796697854996,53.71621459722519,0.2375897467136383,0.1002034842967987,0.5166573937514464,0.3710072636604309,0.5927496552467346,0.23804606917576912,0.33572634123265743,0.3227420151233673,0.13400103151798248,0.13400103151798248,0.06375021382723284,0.11991961358435481,0.43917879462242126,42.156127304098376,309.2636779241666,0.0,41.775,309.6125,0,41.0,308.0,0.0,1.1304846275881324,250
1,251,1,1,11.936524674296379,94.35794597864151,0.18053311109542847,0.03842891752719879,0.4662247186590582,0.2561166286468506,0.32003262639045715,0.16351403663419697,0.21943708367125933,0.22044415771961212,0.09587892144918442,0.09587892144918442,0.036507619736345996,0.048391378698498834,0.2568816989660263,221.27473973407365,311.09863408904164,0.0,221.3186046511628,311.5627906976744,0,219.0,306.0,0.0,1.1010458279711393,251
1,252,1,1,8.543763622641563,23.718281477689743,0.15976294875144958,0.06100285053253174,1.328462600950467,0.35695844888687134,0.35695844888687134,0.22483588480635694,0.2420232803845892,0.2764016389846802,0.0955585241317749,0.0955585241317749,0.09514692319020128,0.0881224331375008,0.32809339463710785,707.4740904988058,313.26877790409264,0.0,707.734693877551,314.57142857142856,0,706.0,307.0,0.0,1.0062462602212403,252
1,253,1,1,6.403948217630386,38.52666628360748,0.1339700147509575,0.0219728946685791,0.5378418524959618,0.22829779982566833,0.22829779982566833,0.12807896435260774,0.15920110034548546,0.16699399054050446,0.08360455930233002,0.08360455930233002,0.03905581100183246,0.03425249577560775,0.18214067816734314,446.44956793854493,311.33205125690495,0.0,446.3677685950413,311.8636363636364,0,453.0,312.0,0.0,1.142100333147745,253
1,254,1,1,7.317872300744057,51.179225504398346,0.1782771199941635,0.03323933482170105,0.21350958588066532,0.19473697245121002,0.3009301722049713,0.14934433266824607,0.20975092419835387,0.21634377539157867,0.1056530699133873,0.1056530699133873,0.025898528887955467,0.04632916850590092,0.24563981592655182,125.40300841059188,311.0132239300522,0.0,125.45081967213115,311.22131147540983,0,125.0,311.0,0.0,1.2492097280146228,254
1,255,1,1,7.723122633993626,37.9662457741797,0.1610967367887497,0.03274853527545929,0.8118440080003335,0.24342933297157288,0.26746708154678345,0.1514337771371299,0.1825300277604793,0.1969325840473175,0.04391753673553467,0.04391753673553467,0.06764190334486173,0.055535759921798815,0.22319026291370392,461.39203582011083,309.9900479567892,0.0,461.9375,310.59134615384613,0,455.0,308.0,0.0,1.0305126111894025,255
1,256,1,1,5.471038848161697,35.419790647923946,0.13075458630919456,0.02683253586292267,0.17995334906547145,0.15200699865818024,0.21160104870796204,0.11893562713394994,0.1602705459182079,0.16852246224880219,0.09759104251861572,0.09759104251861572,0.01279729947862025,0.03267632510490243,0.18934286758303642,930.911300276076,309.7510540836936,0.0,931.0045248868778,309.90497737556564,0,927.0,313.0,0.0,1.1702106871806977,256
1,257,1,1,9.234727561473846,50.89056035876274,0.22434620559215546,0.02872367948293686,0.10804754715673158,0.24323301017284393,0.3484923243522644,0.21476110608078713,0.25573145908926,0.24520526826381683,0.1922396421432495,0.1922396421432495,0.01297673580588908,0.04115840025577784,0.28942984342575073,1032.15060554528,311.94397623683733,0.0,1032.0854271356784,312.03015075376885,0,1031.0,309.0,0.0,1.0,257
1,258,1,1,8.455154791474342,44.71339704096317,0.1901322901248932,0.04338541626930237,0.39816908054402306,0.29713258147239685,0.3129485547542572,0.19216260889714415,0.23288227625501653,0.23969727754592896,0.1437063217163086,0.1437063217163086,0.03516057203541182,0.04625018340337125,0.2757176458835602,17.267810130669485,313.10014123531295,0.0,17.145833333333332,313.4791666666667,0,21.0,309.0,0.0,1.1177891127119448,258
1,259,1,1,7.503359451889992,40.02340109273791,0.13468794524669647,0.06534004211425781,0.9174925802084412,0.32312363386154175,0.32312363386154175,0.15964594578489344,0.20011700546368957,0.2141496241092682,0.03756450116634369,0.03756450116634369,0.09941237975910715,0.08305372281265809,0.2761504650115967,53.537858042053955,311.73941613158735,0.0,54.24,312.33,0,55.0,305.0,0.0,0.9975702596487714,259
1,260,1,1,9.546479672193527,46.70835734158754,0.16827192902565002,0.03852693736553192,0.5799530311211623,0.2867777645587921,0.2867777645587921,0.1801222579659156,0.20851945241780154,0.21834377944469452,0.06506069004535675,0.06506069004535675,0.050657945660791494,0.04797554499628833,0.2512047290802002,1043.8784299494016,317.23684498220655,0.0,1044.111607142857,317.76785714285717,0,1046.0,310.0,0.0,1.1004053525449515,260
1,261,1,1,8.896812573075294,41.222832813858986,0.17038990557193756,0.028512299060821533,0.17515320145442745,0.23854917287826538,0.27822932600975037,0.1710925494822172,0.19914411987371491,0.19856184720993042,0.1402273178100586,0.1402273178100586,0.026189101717125584,0.03446531217581371,0.22862130403518677,682.6748367377021,314.64161245299766,0.0,682.5942028985507,314.7971014492754,0,685.0,314.0,0.0,1.1365595757262295,261
1,262,1,1,14.955984070897102,102.98744191229343,0.21738381311297417,0.056044802069664,0.27570006118262663,0.3312051296234131,0.42058825492858887,0.21994094221907504,0.2806197327310448,0.290988564491272,0.16128747165203094,0.16128747165203094,0.050246255340690014,0.06726169589166574,0.32672712206840515,696.9232912374642,312.65875422188515,0.0,696.6648501362398,312.7547683923706,0,698.0,313.0,0.0,1.0371987985011584,262
1,263,1,1,5.52602256834507,18.061598122119904,0.16828275099396706,0.033627867698669434,0.3051640259719157,0.27516913414001465,0.27516913414001465,0.19055250235672655,0.20293930474292027,0.20701014250516891,0.14102554321289062,0.14102554321289062,0.04635647409936839,0.0371005534837686,0.23321270197629929,231.3233971375399,317.7855582081529,0.0,231.6067415730337,317.8988764044944,0,228.0,315.0,0.0,1.1862394031641181,263
1,264,1,1,5.285614840686321,38.057582296431065,0.13778777420520782,0.03202223777770996,0.19756767742134096,0.16056646406650543,0.24233318865299225,0.11490467044970264,0.16989992096621012,0.17665256559848785,0.09004659205675125,0.09004659205675125,0.01915780853607189,0.04099680998475841,0.20413920283317566,273.6706272416155,318.0047221390905,0.0,273.77232142857144,318.17410714285717,0,274.0,316.0,0.0,1.2148325802417013,264
1,265,1,1,9.34754154086113,74.57280016690493,0.2016392983496189,0.04905315488576889,0.7724715268034689,0.26430273056030273,0.35752978920936584,0.17310262112705796,0.24133592287024247,0.2563221901655197,0.08064373582601547,0.08064373582601547,0.05828730511707421,0.07543819962806465,0.30282771587371826,719.995671899745,316.3521167000887,0.0,719.7799352750809,317.0938511326861,0,720.0,314.0,0.0,1.1836209687373094,265
1,266,1,1,10.166552364826202,64.17357833683491,0.1920555830001831,0.03747496008872986,0.47764187464837593,0.27443429827690125,0.3357106149196625,0.18484640663320367,0.23251296498853227,0.23533272743225098,0.08466802537441254,0.08466802537441254,0.04104819210486924,0.05029506333956617,0.2684720456600189,1008.5437886577497,319.54224694098394,0.0,1008.3260869565217,319.9673913043478,0,1007.0,315.0,0.0,1.0779442437159665,266
1,267,1,1,4.849993593990803,30.81030610948801,0.12358491867780685,0.022740885615348816,0.2908959982502798,0.16375820338726044,0.20989017188549042,0.11547603795216196,0.1556076066135758,0.16296634078025818,0.08156204968690872,0.08156204968690872,0.01881698151479179,0.031979968214196346,0.18305213004350662,939.6007851187127,318.2859402127655,0.0,939.5757575757576,318.57575757575756,0,940.0,316.0,0.0,1.1322498510814982,267
1,268,1,1,10.943240389227867,69.2519958615303,0.24292884767055511,0.04321098327636719,0.3049500533426613,0.29898932576179504,0.3835156559944153,0.23283490189846526,0.2838196551702062,0.2773078680038452,0.17913971841335297,0.17913971841335297,0.03070066698010519,0.052233305438088296,0.3303784132003784,35.16047486781132,320.89392622703275,0.0,34.85655737704918,320.8688524590164,0,36.0,322.0,0.0,1.0320905322301148,268
1,269,1,1,5.662932395935059,56.45346674323082,0.12112802639603615,0.03227611631155014,0.23836120825597945,0.14899393916130066,0.23300038278102875,0.09438220659891765,0.15466703217323513,0.1615569368004799,0.039731722325086594,0.039731722325086594,0.026681014041501926,0.04234028480956964,0.18891452252864838,1218.8599410181425,317.13200422864657,0.0,1219.0767123287671,317.03287671232874,0,1221.0,322.0,0.0,1.1160615031893306,269
1,270,1,1,4.717378832399845,15.369208849966526,0.13802964985370636,0.027565598487854004,0.24017032969971802,0.2435074895620346,0.2435074895620346,0.14741808851249516,0.17465010056780142,0.18110978603363037,0.10496346652507782,0.10496346652507782,0.03792342605720309,0.03609905373650011,0.20494118332862854,379.5896191903518,320.66487382282116,0.0,379.8181818181818,320.7386363636364,0,377.0,324.0,0.0,1.282828219911506,270
1,271,1,1,8.49752189218998,56.18580937385559,0.1649685725569725,0.06095309555530548,0.46711307844815636,0.31734466552734375,0.3535293638706207,0.1699504378437996,0.2331361384807286,0.24866309016942978,0.09909707307815552,0.09909707307815552,0.058075968790734185,0.07226110724776733,0.3005126714706421,744.4827979056056,322.5882154032351,0.0,744.8921161825726,322.81327800829877,0,745.0,319.0,0.0,1.2717596673643277,271
1,272,1,1,9.333228401839733,68.14007321745157,0.1897127367556095,0.021896839141845703,0.6160329479805804,0.22855043411254883,0.27371108531951904,0.16969506185163152,0.20966176374600484,0.21746429055929184,0.05660732835531235,0.05660732835531235,0.05173987580503505,0.04043428418127185,0.2368209920823574,1024.4798151402679,324.5245374262885,0.0,1024.6123076923077,325.12615384615384,0,1028.0,320.0,0.0,1.038924645662137,272
1,273,1,1,6.176486387848854,50.248379714787006,0.13581731915473938,0.03230437636375427,0.2180657155548897,0.15389224886894226,0.23927749693393707,0.11437937755275655,0.1720834921739281,0.179835245013237,0.08494971692562103,0.08494971692562103,0.0175173389939501,0.041362769337094554,0.2058507651090622,295.94769492999893,323.9566281986312,0.0,296.0650684931507,324.1404109589041,0,295.0,321.0,0.0,1.285821199062623,273
1,274,1,1,8.400704070925713,40.4445424079895,0.18138748407363892,0.028358042240142822,0.15146181129309647,0.2402592897415161,0.2687840461730957,0.17873838448778112,0.20847702272159538,0.21105922758579254,0.14082564413547516,0.14082564413547516,0.024748818579488904,0.033396630511471743,0.2381781041622162,12.87861705325733,326.96614408072156,0.0,12.969072164948454,327.08762886597935,0,15.0,325.0,0.0,1.0140958337495944,274
1,275,1,1,10.955590307712555,59.92312876135111,0.15714482218027115,0.009230241179466248,0.34631032625479063,0.20561929047107697,0.208073228597641,0.17670306947923475,0.16738304123282433,0.16490279138088226,0.14793212711811066,0.12183057516813278,0.01347802472328399,0.016025797873332727,0.17869895696640015,356.54451949703866,323.37874958333714,0.0,356.74301675977654,323.0949720670391,0,359.0,333.0,0.0,1.0301509503436,275
1,276,1,1,4.659083113074303,17.840028412640095,0.13395758345723152,0.03662463277578354,0.38028782611678746,0.236698180437088,0.2421080321073532,0.14118433675982736,0.16990503250133424,0.17460379749536514,0.09774619340896606,0.09774619340896606,0.04052772299438126,0.040352811401842686,0.20886125415563583,377.5920167967927,329.5461449548131,0.0,377.74285714285713,329.8952380952381,0,376.0,330.0,0.0,1.2989696986544257,276
1,277,1,1,6.26560390740633,26.027777560055256,0.145314771682024,0.07862932980060577,0.5549395513025026,0.3321540951728821,0.35910123586654663,0.17901725449732372,0.22632850052221962,0.22391051799058914,0.11778228729963303,0.11778228729963303,0.07003813772730079,0.07944686587951018,0.30259497463703156,737.7551087208973,331.0705120789822,0.0,737.6608695652174,331.61739130434785,0,738.0,330.0,0.0,1.4075754980691935,277
1,278,1,1,8.688257694244385,54.37672008574009,0.200117290019989,0.04801245033740997,0.38968800435503453,0.2877258360385895,0.3448478877544403,0.18887516726618228,0.24716690948063677,0.25348320603370667,0.11999636888504028,0.11999636888504028,0.04147539047730757,0.056365914797677476,0.2919571101665497,702.2164951744608,329.64689893078963,0.0,702.2772727272727,330.0318181818182,0,706.0,328.0,0.0,1.2215668938672268,278
1,279,1,1,6.837499089539051,52.69267966598272,0.14761485531926155,0.04449469596147537,0.32402669626252745,0.20068973302841187,0.27550172805786133,0.1290094167837557,0.1944379323467997,0.20600230246782303,0.07778162509202957,0.07778162509202957,0.028839205297841463,0.05305462961637731,0.23735789209604263,1299.7753794533894,327.43810207763477,0.0,1299.9594095940959,327.7047970479705,0,1304.0,327.0,0.0,1.163558396579933,279
1,280,1,1,7.648111134767532,44.01728545129299,0.17570631578564644,0.05032792687416077,0.3081563006537538,0.3080168068408966,0.3148098289966583,0.1627257688248411,0.22343799721468524,0.23157358169555664,0.09453628957271576,0.09453628957271576,0.059535063118128874,0.06061017538679854,0.2795266658067703,340.6276201240931,328.37996358207175,0.0,340.4517766497462,328.1269035532995,0,341.0,326.0,0.0,1.0647689963073588,280
1,281,1,1,5.505326963961124,25.624621219933033,0.1773563288152218,0.027121640741825104,0.1751584022871043,0.28446751832962036,0.29475992918014526,0.17759119238584273,0.2267665594684339,0.24609074741601944,0.10152783244848251,0.10152783244848251,0.05299943264204541,0.0525790077898163,0.26832523196935654,838.692489934984,329.6030122147938,0.0,838.8053097345132,329.46902654867256,0,839.0,328.0,0.0,1.319707126334571,281
1,282,1,1,8.11332157254219,44.456898495554924,0.15972445905208588,0.02805149555206299,0.2300900319116773,0.18104715645313263,0.25604528188705444,0.15308153910456962,0.18998674570749968,0.1915731579065323,0.12924781441688538,0.12924781441688538,0.011031180863578991,0.031229415191424394,0.21633559465408325,851.170108785613,334.7694843549106,0.0,851.1282051282051,334.9957264957265,0,853.0,332.0,0.0,1.1119017531360655,282
1,283,1,1,7.28238020837307,50.347288362681866,0.15147507563233376,0.04598545283079147,0.134649665673762,0.18120352923870087,0.28813305497169495,0.14004577323794365,0.20058680622582417,0.20226693153381348,0.10485607385635376,0.10485607385635376,0.015961975769362462,0.04993014875404647,0.24521204829216003,1283.189268853062,332.49730741529834,0.0,1283.3027888446215,332.56972111553785,0,1286.0,332.0,0.0,1.2426718881396646,283
1,284,1,1,5.310276694595814,31.52741888910532,0.08619191683828831,0.02127731963992119,0.6323810595542262,0.22331781685352325,0.22331781685352325,0.09833845730732989,0.1106225224179134,0.11068417131900787,0.051282528787851334,0.051282528787851334,0.04598093342224936,0.030948786344746255,0.12921129167079926,1315.2580627791722,333.58155076760113,0.0,1315.7368421052631,333.1684210526316,0,1312.0,341.0,0.0,0.9973954169099354,284
1,285,1,1,10.308204770088196,68.48254895210266,0.22287212684750557,0.055880866944789886,0.45930146176755765,0.2995518445968628,0.43876078724861145,0.21932350574655735,0.2841599541581023,0.2730415463447571,0.16416476666927338,0.16416476666927338,0.03649881548252033,0.07451761708876119,0.3481801077723503,43.14039960760019,334.3767146905644,0.0,43.51452282157676,334.64315352697093,0,42.0,334.0,0.0,1.1824124213061664,285
1,286,1,1,12.743142426013947,80.19759407639503,0.23337115347385406,0.049710050225257874,0.12117085645922779,0.35243314504623413,0.38877731561660767,0.21238570710023244,0.28041116809928335,0.2915991246700287,0.14585617184638977,0.14585617184638977,0.040931558450577755,0.059958035862929304,0.3309781551361084,27.057766607895605,334.47566512507996,0.0,26.937062937062937,334.465034965035,0,23.0,335.0,0.0,1.0049888108294662,286
1,287,1,1,8.132204681634903,49.662638291716576,0.16088765859603882,0.049148909747600555,0.20026794892237035,0.2609499394893646,0.3155221939086914,0.1534378241817906,0.21686741612103308,0.22495364397764206,0.09355132281780243,0.09355132281780243,0.03763722096958016,0.05862632318384201,0.2685396447777748,863.8637862856145,334.63306882470897,0.0,864.0480349344978,334.55458515283846,0,864.0,333.0,0.0,1.1525896708258108,287
1,288,1,1,7.5820958986878395,25.090217538177967,0.1569829136133194,0.05795184522867203,0.4274862950137172,0.28732991218566895,0.31042224168777466,0.18052609282590093,0.21444630374511084,0.21827764064073563,0.10570389032363892,0.10570389032363892,0.05260474497873674,0.06103158741588168,0.2724645882844925,838.1161919536248,338.85915809585543,0.0,838.4615384615385,339.1111111111111,0,838.0,339.0,0.0,1.0819049862390782,288
1,289,1,1,9.96112871915102,47.59571748971939,0.18884757906198502,0.048041023313999176,0.3307518479777711,0.3458096981048584,0.3458096981048584,0.2032883412071637,0.24160262685136746,0.2583830803632736,0.07983600348234177,0.07983600348234177,0.0821464704007213,0.0675526753360334,0.2996075004339218,348.3345672311179,339.12319253799717,0.0,348.0456852791878,339.28426395939084,0,353.0,341.0,0.0,1.0094826981074188,289
1,290,1,1,6.044336952269077,57.146661162376404,0.12576936185359955,0.05853503942489624,0.45269988135205913,0.17672784626483917,0.3044096827507019,0.11193216578276069,0.19306304446748784,0.2099376916885376,0.07546161860227585,0.07546161860227585,0.023369582451551216,0.06774025144513163,0.2541027069091797,751.9613477904677,337.71626107809743,0.0,752.0168918918919,338.1655405405405,0,749.0,339.0,0.0,1.1560875074467976,290
1,291,1,1,7.519525118172169,50.97647701203823,0.14214053750038147,0.024216875433921814,0.09993220531563438,0.18200814723968506,0.2332189828157425,0.12744957827410455,0.16658979415698769,0.1674475073814392,0.09528739005327225,0.09528739005327225,0.018117626773166674,0.03151792396714348,0.18922128528356552,1181.3440985758093,338.1725110461636,0.0,1181.2549019607843,338.12745098039215,0,1188.0,335.0,0.0,1.1028678934976959,291
1,292,1,1,5.745978534221649,33.82357180863619,0.1193997785449028,0.01440940797328949,0.03573132441427577,0.13956567645072937,0.17597812414169312,0.11266624576905195,0.1347552661698653,0.13701893389225006,0.09822247177362442,0.09822247177362442,0.009092185765574827,0.017759444640563136,0.14878647774457932,1209.207921279362,339.9976328780209,0.0,1209.2390438247012,339.9800796812749,0,1210.0,344.0,0.0,1.1442337258351332,292
1,293,1,1,5.246312394738197,44.754964493215084,0.11535937339067459,0.050318650901317596,0.47298129298093744,0.15521079301834106,0.2666208744049072,0.1028688704850627,0.16575912775264845,0.16574890911579132,0.0838719829916954,0.0838719829916954,0.016370728684552784,0.052343247518242375,0.2120370715856552,765.0448579558634,344.6469110157755,0.0,765.2555555555556,345.07037037037037,0,761.0,344.0,0.0,1.1039595351851004,293
1,294,1,1,8.57625775039196,50.97445237636566,0.18350082635879517,0.046852558851242065,0.30915428957948915,0.22233061492443085,0.3447509706020355,0.17152515500783921,0.2327600565130852,0.23510467261075974,0.13060368597507477,0.13060368597507477,0.024046060300379212,0.05567900420960672,0.2785067856311798,18.839326481243837,345.7085737869195,0.0,18.671232876712327,345.9680365296804,0,18.0,341.0,0.0,1.1349415408581671,294
1,295,1,1,5.552596740424633,41.638209365308285,0.1257215291261673,0.025302857160568237,0.46234712501449554,0.15833549201488495,0.22733727097511292,0.10476597623442704,0.15252091342603769,0.15865857899188995,0.0696849450469017,0.0696849450469017,0.022679372820059426,0.03615434413954297,0.18150589615106583,317.9318696538612,344.38152802476253,0.0,318.0,344.83882783882785,0,318.0,342.0,0.0,1.2187081643729956,295
1,296,1,1,6.293239019811153,38.680881664156914,0.14238570630550385,0.03519822657108307,0.5454273733658938,0.20165647566318512,0.2556309103965759,0.12586478039622306,0.17825291089473233,0.18688779324293137,0.08798456192016602,0.08798456192016602,0.029688194745918092,0.04503977851438459,0.21665434166789055,828.7708537443465,341.0638989447594,0.0,828.7373271889401,341.60829493087556,0,828.0,336.0,0.0,1.1790913858543106,296
1,297,1,1,6.586958162486553,31.125669203698635,0.146821066737175,0.07138670980930328,0.7216712512229737,0.3494918942451477,0.3494918942451477,0.16467395406216384,0.21766202240348695,0.23170128464698792,0.06857086718082428,0.06857086718082428,0.09490611649989335,0.08339962150291365,0.29410696029663086,355.7930162132688,344.6121357446166,0.0,355.958041958042,345.31468531468533,0,354.0,342.0,0.0,1.164599309030757,297
1,298,1,1,7.486371785402298,63.601655296981335,0.140756294131279,0.04075883328914642,0.25199349634313406,0.16673503816127777,0.27409827709198,0.12907537561038446,0.18488853284006201,0.1852092742919922,0.1111922338604927,0.1111922338604927,0.01201494269819121,0.04519944475639435,0.22312335669994354,277.1016358857277,347.76747161326614,0.0,277.06976744186045,348.0174418604651,0,281.0,349.0,0.0,1.3137434675354323,298
1,299,1,1,6.346317924559116,36.09218603372574,0.13065147399902344,0.014483295381069183,0.3768989129511052,0.1719345897436142,0.18404264748096466,0.12951669233794116,0.14494853828805518,0.14532259106636047,0.10221505165100098,0.10221505165100098,0.015279417951621566,0.018282410419862123,0.1597416028380394,1193.6455065590112,348.3739955683617,0.0,1194.0,348.5020080321285,0,1187.0,347.0,0.0,1.0334034789062982,299
1,300,1,1,10.216861113905907,62.15901172161102,0.18327536433935165,0.03692719340324402,0.3508312421665775,0.24688543379306793,0.303440660238266,0.18244394846260548,0.22042202738159938,0.2193438857793808,0.12969285249710083,0.12969285249710083,0.02725850879522836,0.044534713118926365,0.2582849711179733,36.153021497570066,350.4869661100188,0.0,36.12765957446808,350.83687943262413,0,33.0,348.0,0.0,1.0355325883177726,300
1,301,1,1,5.910822860896587,36.02872084081173,0.1353282481431961,0.028848640620708466,0.25518867917322197,0.1889139711856842,0.23416031897068024,0.12849614914992583,0.17075223147304136,0.1777571514248848,0.09959454089403152,0.09959454089403152,0.019444279335728606,0.03604097622514941,0.2001568265259266,562.659414462703,348.21952333370746,0.0,562.6066350710901,348.4691943127962,0,566.0,347.0,0.0,1.2135371045721464,301
1,302,1,1,8.118857085704803,44.95734830200672,0.1454262211918831,0.05773318558931351,0.5508144498712815,0.2738493084907532,0.33106374740600586,0.15613186703278467,0.20910394559072892,0.21744423359632492,0.10470355302095413,0.10470355302095413,0.04858156045786376,0.06265559319243974,0.2650080844759941,864.3625657981045,348.89545528870195,0.0,864.646511627907,349.36744186046514,0,860.0,351.0,0.0,1.303970232488635,302
1,303,1,1,6.139914534986019,40.8908461779356,0.1337299644947052,0.033409781754016876,0.2622819802672316,0.15052928030490875,0.244056835770607,0.12791488614554206,0.17856264706522096,0.19071517139673233,0.11559758335351944,0.11559758335351944,0.007968485753114913,0.03946595293100525,0.21318546682596207,979.3295479586144,348.2971842327761,0.0,979.3799126637555,348.55458515283846,0,980.0,345.0,0.0,1.2055555773742304,303
1,304,1,1,5.041206680238247,38.54111655801535,0.1317352056503296,0.03817681968212128,0.25613931451780003,0.16542823612689972,0.25029322504997253,0.10959144957039667,0.17053591397351922,0.1760663092136383,0.07339715957641602,0.07339715957641602,0.021162135891356796,0.04594951284853643,0.20886072516441345,1335.1287537078813,349.503616700405,0.0,1335.283185840708,349.7079646017699,0,1337.0,346.0,0.0,1.2035644330638557,304
1,305,1,1,11.391346529126167,74.5884323567152,0.21533089876174927,0.032559335231781006,0.1694359659288192,0.25517967343330383,0.3246646225452423,0.2071153914386576,0.24862810785571735,0.24904650449752808,0.13941577076911926,0.13941577076911926,0.022978798513775104,0.03840414324161458,0.2807413339614868,1306.3453270668383,348.54750709268575,0.0,1306.3933333333334,348.71,0,1309.0,347.0,0.0,1.1517914054716163,305
1,306,1,1,6.873749479651451,41.531425043940544,0.14485803991556168,0.048178985714912415,0.43419043178760286,0.1699875146150589,0.2987542152404785,0.14028060162553982,0.19498321616873496,0.19181960076093674,0.11251173168420792,0.11251173168420792,0.015749263298031824,0.054454069117012054,0.2428463250398636,851.1514090556674,352.5875033498432,0.0,851.3004694835681,352.99530516431923,0,848.0,349.0,0.0,1.2643652360821314,306
1,307,1,1,7.0202261582016945,54.67800173908472,0.15641099214553833,0.04662176966667175,0.33001249258847776,0.1866208016872406,0.2984832227230072,0.13765149329807244,0.20251111755216564,0.2072468101978302,0.07250887900590897,0.07250887900590897,0.030562535929411456,0.05434759653934675,0.2513250559568405,1282.0156649186524,352.3181479932508,0.0,1282.0185185185185,352.64814814814815,0,1283.0,353.0,0.0,1.2029450761210143,307
1,308,1,1,5.465611986815929,32.985697977244854,0.1404145546257496,0.03291614353656769,0.5012664262381136,0.17977295815944672,0.23748274147510529,0.12421845424581658,0.16915742552433258,0.17412139475345612,0.07616272568702698,0.07616272568702698,0.031141804225941542,0.04111552714112715,0.20334652811288834,382.8267761916319,355.2818734015826,0.0,382.8871794871795,355.7794871794872,0,386.0,351.0,0.0,1.1582033456117697,308
1,309,1,1,6.840450018644333,43.77786199748516,0.1554793268442154,0.04979909956455231,0.27247693792647565,0.2135562300682068,0.3053398132324219,0.1487054351879203,0.2104704903725248,0.22122950851917267,0.10700619220733643,0.10700619220733643,0.021182628419898906,0.05283961106307912,0.2573296129703522,1179.1738148257728,353.8627667215892,0.0,1179.1923076923076,354.13461538461536,0,1179.0,355.0,0.0,1.2597490421561082,309
1,310,1,1,6.154270671308041,26.622479304671288,0.13519597053527832,0.039933204650878906,0.7007242576028925,0.2436937838792801,0.2811046242713928,0.13986978798427366,0.1751478901623111,0.17237548530101776,0.07171347737312317,0.07171347737312317,0.04973040177891578,0.0499939963987731,0.21737390756607056,70.79277426227549,356.1162000642803,0.0,70.09210526315789,356.125,0,75.0,355.0,0.0,1.2233458430765942,310
1,311,1,1,6.177562922239304,37.3482751250267,0.12990806996822357,0.031901344656944275,0.27072104254825485,0.1522561013698578,0.2414228618144989,0.12112868474979027,0.1652578545355164,0.1702243685722351,0.08906614035367966,0.08906614035367966,0.014360522438882903,0.03691215670831724,0.19642572849988937,962.8698770396261,359.23441061778897,0.0,962.9557522123894,359.4911504424779,0,965.0,357.0,0.0,1.140774824677912,311
1,312,1,1,7.879364475607872,51.18243981152773,0.1477622538805008,0.04231107234954834,0.17300059883200025,0.2006348818540573,0.2884085774421692,0.13823446448434862,0.1953528237081211,0.19991883635520935,0.09815190732479095,0.09815190732479095,0.023611419926378396,0.04903634465930493,0.23914093524217606,1208.4179064961581,356.8991731123909,0.0,1208.5381679389313,356.7748091603053,0,1206.0,357.0,0.0,1.1926707594508712,312
1,313,1,1,6.710429213941097,34.64803288131952,0.15993951261043549,0.025771774351596832,0.21952029353254765,0.1972382366657257,0.24749422073364258,0.15250975486229768,0.18933351301267498,0.19506756216287613,0.12275122851133347,0.12275122851133347,0.01956030866342554,0.03220826024842328,0.21623337268829346,20.595729968794018,359.4532162471317,0.0,20.612021857923498,359.672131147541,0,21.0,356.0,0.0,1.2641003257903063,313
1,314,1,1,7.368594229221344,34.893714644014835,0.18385086953639984,0.02898116409778595,0.3177356865519008,0.25749021768569946,0.2842019498348236,0.17544271974336534,0.21147705844857476,0.22057870775461197,0.11056557297706604,0.11056557297706604,0.042572841084118636,0.041792908091479314,0.2463933601975441,43.22844481401198,359.77396285928137,0.0,43.2060606060606,360.09090909090907,0,41.0,362.0,0.0,1.2066228687968286,314
1,315,1,1,4.737114779651165,17.231017883867025,0.11359206214547157,0.04776786267757416,0.6404062698793362,0.24889497458934784,0.24889497458934784,0.13534613656146186,0.15664561712606387,0.15579859912395477,0.04487378150224686,0.04487378150224686,0.06317879228728099,0.05452981999498545,0.20372416079044342,73.10859934878728,362.70251340842435,0.0,73.2,363.3363636363636,0,75.0,359.0,0.0,1.150486235891091,315
1,316,1,1,5.733681380748749,35.58523341268301,0.1296105980873108,0.02917952835559845,0.1076918744879975,0.1768278032541275,0.23202572762966156,0.1194516954322656,0.16175106096674097,0.16781949996948242,0.0893573984503746,0.0893573984503746,0.021381633740557213,0.03730480606853114,0.19211840629577637,947.8321310837302,360.03787231549404,0.0,947.8272727272728,360.1454545454545,0,949.0,358.0,0.0,1.2445625412182912,316
1,317,1,1,7.278072148561478,28.690844260156155,0.13349860161542892,0.017857477068901062,0.28454336755482534,0.20738837122917175,0.20738837122917175,0.1373221160105939,0.1510044434745061,0.15386924147605896,0.0989755168557167,0.0989755168557167,0.02745859565836582,0.023507315947883405,0.1679425835609436,543.5258899606542,360.59122949885864,0.0,543.4421052631579,360.86315789473684,0,548.0,355.0,0.0,1.247621468889936,317
1,318,1,1,8.339482694864273,61.17096830159426,0.13723086565732956,0.04634714871644974,0.22559194640498684,0.23307311534881592,0.30145230889320374,0.13899137824773788,0.19175852132161209,0.19514957070350647,0.10569901019334793,0.10569901019334793,0.031019392254845762,0.05200102682571544,0.2330072522163391,254.7726739579608,362.35404028483674,0.0,254.90595611285266,362.5360501567398,0,258.0,367.0,0.0,1.1447718070067063,318
1,319,1,1,5.7065834775567055,42.728039272129536,0.15479958057403564,0.034741878509521484,0.41631578338633446,0.19673267006874084,0.29150158166885376,0.12405616255558055,0.19421836032786152,0.20768801867961884,0.08203855901956558,0.08203855901956558,0.03107661955571956,0.05311259973711109,0.2339511215686798,306.09399439948317,363.1037392862912,0.0,306.05454545454546,363.5181818181818,0,308.0,362.0,0.0,1.3188120909577556,319
1,320,1,1,9.133767262101173,48.63793870061636,0.1378633975982666,0.01756739616394043,0.28364573678401117,0.2054392248392105,0.2054392248392105,0.14051949634001806,0.1594686514774307,0.16773614287376404,0.09854957461357117,0.09854957461357117,0.030757999329114088,0.0269959461257078,0.18162037804722786,554.9343516079189,364.15017174376607,0.0,554.983606557377,364.4295081967213,0,548.0,356.0,0.0,1.1404990273836741,320
1,321,1,1,3.983088470995426,13.110477827489376,0.11684569530189037,0.02470659464597702,0.4139629747338231,0.2062612622976303,0.2062612622976303,0.1373478783101871,0.1506951474424066,0.16260278970003128,0.09242687374353409,0.09242687374353409,0.04013677295217871,0.03302470115658693,0.17896097898483276,563.7705886015851,362.6206047706595,0.0,564.183908045977,362.64367816091954,0,560.0,363.0,0.0,1.150156113626634,321
1,322,1,1,6.433659851551056,44.58438511937857,0.13184528797864914,0.03130967915058136,0.27457221711608804,0.1578865498304367,0.2298697680234909,0.12138980851983125,0.17016940885258994,0.17813228070735931,0.10202699899673462,0.10202699899673462,0.01338931677291178,0.03804419882694359,0.20232870429754257,979.8831279270509,365.7183034863362,0.0,979.8664122137404,365.99236641221376,0,977.0,367.0,0.0,1.1715001927598456,322
1,323,1,1,5.9589580446481705,47.4358589053154,0.1421009749174118,0.052722856402397156,0.4017623277047592,0.2205362468957901,0.30501896142959595,0.126786341375493,0.19764941210548084,0.19960950314998627,0.09740300476551056,0.09740300476551056,0.028703385881693633,0.05954445937809398,0.24698039889335632,51.45075977667698,368.41114698409393,0.0,51.67916666666667,368.7416666666667,0,54.0,367.0,0.0,1.363465322623577,323
1,324,1,1,8.136253759264946,67.94959238171577,0.14007573574781418,0.023364469408988953,0.30140494854326155,0.1584021896123886,0.23149791359901428,0.12517313475792224,0.1669523154341911,0.17590569704771042,0.09512598067522049,0.09512598067522049,0.014462489129828698,0.0319219515367363,0.1918211467564106,505.82547495920454,365.08445191970316,0.0,505.7862407862408,365.38329238329237,0,514.0,364.0,0.0,1.2004688147344977,324
1,325,1,1,5.6072672717273235,56.703098367899656,0.12383797951042652,0.041442446410655975,0.4508703800837163,0.1722024530172348,0.26006725430488586,0.09503842833436142,0.17340397054403564,0.1852920800447464,0.05272059515118599,0.05272059515118599,0.02748309143148853,0.055489796562181955,0.2196616418659687,580.8858274536299,365.7263366343385,0.0,581.2293577981651,366.0183486238532,0,577.0,371.0,0.0,1.231668715420834,325
1,326,1,1,9.298962287604809,42.00130292028189,0.2198629379272461,0.007427483797073364,0.15068521983978092,0.23548416793346405,0.25500670075416565,0.20664360639121798,0.22222911598032744,0.22759630531072617,0.11582524329423904,0.11582524329423904,0.03177344538974001,0.02324801270682385,0.23405135050415993,243.2119388020113,370.47884108315367,0.0,243.35978835978835,370.5079365079365,0,241.0,364.0,0.0,1.084649262347447,326
1,327,1,1,6.650840446352959,47.64655513316393,0.15788334980607033,0.04506527632474899,0.5422452792402984,0.23488961160182953,0.30840304493904114,0.13573143768067264,0.20806355953346695,0.22285538166761398,0.0882733017206192,0.0882733017206192,0.03852386074725141,0.060961703319376566,0.2570277974009514,1209.020504001442,370.9825265754916,0.0,1209.2139737991267,371.48908296943233,0,1208.0,369.0,0.0,1.2852727457483624,327
1,328,1,1,7.934712395071983,55.048588544130325,0.1401340812444687,0.028305239975452423,0.08797599326292847,0.16508764028549194,0.22293522953987122,0.13224520658453306,0.16630993517864145,0.1651536375284195,0.10781548917293549,0.10770698636770248,0.01511033259322818,0.031080744002409764,0.19392745196819305,270.26330046325563,368.45865631219266,0.0,270.33836858006043,368.50453172205437,0,268.0,375.0,0.0,1.0991517394361046,328
1,329,1,1,5.7731301710009575,22.471899338066578,0.12920959666371346,0.02566409856081009,0.2529435710537407,0.2016475945711136,0.21494977176189423,0.14432825427502394,0.1571461492172488,0.16361229121685028,0.10098941624164581,0.10098941624164581,0.032964009502473794,0.030930573143244634,0.18154239654541016,954.623867749496,369.94172196227476,0.0,954.5104895104895,370.16783216783216,0,958.0,369.0,0.0,1.1232648420252513,329
1,330,1,1,8.348091140389442,68.55265256017447,0.14741205424070358,0.03973811864852905,0.43778980481004415,0.24464237689971924,0.2685747742652893,0.14393260586878348,0.189371968398272,0.19518208503723145,0.08298297226428986,0.08298297226428986,0.03645137917727659,0.04693774919034602,0.23157218098640442,1308.199742320745,372.63139095259163,0.0,1308.6270718232045,372.72651933701655,0,1305.0,369.0,0.0,1.1163308860722858,330
1,331,1,1,3.915834739804268,13.705435149371624,0.11192550137639046,0.03145376592874527,0.4275966682734293,0.19947250187397003,0.19947250187397003,0.1263172496711054,0.1473702704233508,0.15457115322351456,0.08505640923976898,0.08505640923976898,0.038126299375813376,0.03605096748357622,0.1808634027838707,957.1951719539595,377.71265074675085,0.0,957.2150537634409,378.13978494623655,0,956.0,374.0,0.0,1.1152385918510943,331
1,332,1,1,5.171421572566032,35.69879786670208,0.14191174879670143,0.042374387383461,0.18285912615723152,0.17129142582416534,0.2913643419742584,0.12026561796665192,0.18690470087278577,0.19211840629577637,0.0869244784116745,0.0869244784116745,0.024261088320385826,0.05252923098463489,0.229790847748518,287.5704159550985,378.7990153246995,0.0,287.72251308900525,378.9005235602094,0,289.0,381.0,0.0,1.257940175113564,332
1,333,1,1,8.180998802185059,43.08132994174957,0.1794123314321041,0.011201642453670502,0.22212931997473553,0.21947258710861206,0.23516707122325897,0.17784780004750128,0.18978559445704657,0.19302818924188614,0.137868270277977,0.137868270277977,0.023092271458013895,0.01791052689937671,0.20172830298542976,256.5247881970475,381.0389996543342,0.0,256.7180616740088,380.9295154185022,0,250.0,378.0,0.0,1.089631527538021,333
1,334,1,1,7.176224172115326,39.34262402355671,0.13961539417505264,0.019917361438274384,0.10799164744936139,0.18216992914676666,0.20418094098567963,0.12589866968623378,0.15674352200620204,0.16057103127241135,0.09258394688367844,0.09258394688367844,0.024184532308939164,0.028251278757557317,0.17961661145091057,514.4919947904107,380.13817803935353,0.0,514.4661354581673,380.2430278884462,0,519.0,381.0,0.0,1.2192496331527176,334
1,335,1,1,5.046868249773979,32.79837255179882,0.11603181064128876,0.023885585367679596,0.4272481625267251,0.14787490665912628,0.18596389889717102,0.10299731121987712,0.13780828803276815,0.14487414062023163,0.06699613481760025,0.06699613481760025,0.021315607700045446,0.030942449127774524,0.16552770882844925,970.4176929542373,379.664239039083,0.0,970.5168067226891,380.0798319327731,0,967.0,375.0,0.0,1.0339881141265912,335
1,336,1,1,5.101167544722557,32.61709000915289,0.12203419953584671,0.020735353231430054,0.2518193719006283,0.14561544358730316,0.19082047045230865,0.10853547967494802,0.143057412320846,0.1458835005760193,0.07433763891458511,0.07433763891458511,0.01730871342192324,0.027398079954481156,0.1650703400373459,1273.0421569869045,380.72341049418793,0.0,1273.0964912280701,380.969298245614,0,1275.0,380.0,0.0,1.0825919680532003,336
1,337,1,1,8.580700159072876,55.502946615219116,0.20014257729053497,0.042616888880729675,0.4149176324505907,0.25124138593673706,0.3320639133453369,0.18256808849091224,0.24343397638254,0.24884860217571259,0.13532255589962006,0.13498830795288086,0.028378118926845268,0.05320230645453963,0.28644585609436035,1190.5956489526993,385.2963906404481,0.0,1190.9035087719299,385.57456140350877,0,1187.0,382.0,0.0,1.1914348102714019,337
1,338,1,1,7.903822302818298,42.56095336377621,0.17687304317951202,0.0217425599694252,0.23292064858648673,0.22701747715473175,0.24455438554286957,0.1756404956181844,0.19613342563952169,0.19996551424264908,0.13280636072158813,0.13280636072158813,0.02608527018030539,0.027247980433988205,0.2201799787580967,237.31840546059644,384.15751959483924,0.0,237.25806451612902,384.3824884792627,0,241.0,385.0,0.0,1.09076034974568,338
1,339,1,1,4.937386117875576,34.42363119125366,0.12837964296340942,0.02400980144739151,0.4658855266934341,0.16801944375038147,0.21707165241241455,0.10733448082338208,0.15299391640557183,0.1620173677802086,0.07418493926525116,0.07418493926525116,0.023981387025390422,0.035570267953390924,0.18087904527783394,542.6446147706502,387.6962592761588,0.0,542.9022222222222,388.08444444444444,0,540.0,385.0,0.0,1.20315897868868,339
1,340,1,1,5.122890319675207,29.998677153140306,0.12074082717299461,0.012540861964225769,0.43439122796528656,0.16301000118255615,0.18036629259586334,0.11136718086250451,0.13512917636549687,0.14242437481880188,0.050120122730731964,0.050120122730731964,0.026970447263711957,0.025164687546784525,0.15169773995876312,1259.686384521854,386.84698827064136,0.0,1259.8018018018017,387.26576576576576,0,1264.0,388.0,0.0,1.0895966044848324,340
1,341,1,1,6.890764154493809,47.41383469849825,0.14806105941534042,0.018923752009868622,0.2671291209269643,0.17964854836463928,0.21532903611660004,0.13251469527872708,0.1687325078238372,0.1758894920349121,0.10293848812580109,0.10293848812580109,0.01979023497233202,0.02757573237246978,0.19212503358721733,1079.1659117179877,393.5837157097667,0.0,1079.153024911032,393.8505338078292,0,1082.0,391.0,0.0,1.2438942602508944,341
1,342,1,1,5.967953138053417,39.86503551900387,0.12310728803277016,0.019175641238689423,0.3279460424092577,0.17544108629226685,0.19810545444488525,0.11701868898143955,0.14496376552365042,0.149122454226017,0.09643259644508362,0.09643259644508362,0.022315826330014502,0.02593298987624252,0.16487296298146248,520.336993117311,392.4473521674431,0.0,520.4654545454546,392.7490909090909,0,518.0,390.0,0.0,1.1610411529931757,342
1,343,1,1,5.4930404946208,22.65243621915579,0.15089483931660652,0.028585605323314667,0.07724059574977901,0.2335919439792633,0.2411634474992752,0.15258445818391111,0.1812194897532463,0.18604997545480728,0.0978638306260109,0.0978638306260109,0.036683300277398995,0.035224713100450264,0.21230634301900864,1170.9231957904854,391.26842489062597,0.0,1170.912,391.192,0,1171.0,389.0,0.0,1.2009623743515538,343
1,344,1,1,7.397287383675575,35.234095454216,0.164877288043499,0.01790735125541687,0.10114580258430445,0.20876860618591309,0.23604336380958557,0.1608105952972951,0.18256008007365804,0.1839708834886551,0.12845316529273987,0.12845316529273987,0.01907849683714514,0.022824163375789488,0.20141643658280373,228.4143994613165,392.572109167335,0.0,228.38341968911917,392.6683937823834,0,231.0,395.0,0.0,1.2014696259019761,344
1,345,1,1,6.247215427458286,24.98826528340578,0.15791480988264084,0.03236008435487747,0.2481001561789286,0.25778764486312866,0.25778764486312866,0.1601850109604689,0.18509826135856133,0.18614929169416428,0.09568914026021957,0.09568914026021957,0.0504610995105896,0.04152367695791298,0.21978162601590157,385.74132336690786,394.09985812164564,0.0,385.7481481481482,393.85185185185185,0,387.0,397.0,0.0,1.171142697039901,345
1,346,1,1,6.201567992568016,23.90664939582348,0.19627632945775986,0.03591911494731903,0.285114290425409,0.3011731803417206,0.30823612213134766,0.1937989997677505,0.22553442826248565,0.22213904559612274,0.15032359957695007,0.15032359957695007,0.04224562618180812,0.042894607719641806,0.2592521458864212,1182.9820698043618,393.69019768760495,0.0,1182.7075471698113,393.6132075471698,0,1185.0,394.0,0.0,1.022795329037576,346
1,347,1,1,6.531733937561512,47.797800086438656,0.15386539697647095,0.05764824151992798,0.31822511543217175,0.2092709243297577,0.31272077560424805,0.1419942160339459,0.21530540579476873,0.22255180776119232,0.09414259344339371,0.09414259344339371,0.02512241199450882,0.060746790124283606,0.2719447910785675,1203.5409645202187,395.7423323649348,0.0,1203.5765765765766,396.05855855855856,0,1205.0,397.0,0.0,1.1786093260517274,347
1,348,1,1,6.42070484906435,33.024892926216125,0.1320037953555584,0.042735494673252106,0.5858872569712605,0.26202523708343506,0.26202523708343506,0.14931871742010117,0.17473488320749272,0.17607124149799347,0.09208958595991135,0.09208958595991135,0.052291389531151346,0.04574849268261759,0.2168359011411667,392.40155929044755,400.3011483404925,0.0,392.7566137566138,400.76719576719574,0,388.0,397.0,0.0,1.140647482395014,348
1,349,1,1,5.185023158788681,21.45766220241785,0.16287987679243088,0.05280217528343201,0.5137917678479502,0.30845192074775696,0.3111697733402252,0.1787939020271959,0.21036923727860637,0.20359982550144196,0.09810377657413483,0.09810377657413483,0.06050595701523246,0.06109540039938537,0.26559802889823914,1188.4766952071116,400.39289980241307,0.0,1188.5980392156862,400.8921568627451,0,1189.0,399.0,0.0,1.1443382243507638,349
1,350,1,1,6.318145789206028,30.742109529674053,0.13780353963375092,0.026570893824100494,0.4557393419710853,0.22167398035526276,0.2289046347141266,0.1435942224819552,0.17174362865739695,0.18553173542022705,0.08773370087146759,0.08773370087146759,0.046855925071429085,0.04048665273225396,0.20491735637187958,1175.7832737972255,402.21602854183124,0.0,1175.703910614525,402.66480446927375,0,1179.0,405.0,0.0,1.0770555061096199,350
1,351,1,1,7.902313873171806,32.05230458825827,0.15573392808437347,0.028517112135887146,0.5371983032578586,0.22924068570137024,0.2594485282897949,0.154947330846506,0.186350608071269,0.1933407336473465,0.09414665400981903,0.09414665400981903,0.04094281427108554,0.04339666807122633,0.21902815997600555,230.74665748116345,405.10835916936264,0.0,230.76162790697674,405.6453488372093,0,227.0,404.0,0.0,1.113870887640346,351
1,352,1,1,5.273121006786823,22.2801471054554,0.15167172998189926,0.02806658297777176,0.4969292058616892,0.22442995011806488,0.24094529449939728,0.1550917943172595,0.181139407361426,0.1902061402797699,0.09778596460819244,0.09778596460819244,0.04231280172501285,0.03934075709544275,0.21437210962176323,239.9686752422524,404.65412685984506,0.0,240.2357723577236,405.0731707317073,0,237.0,402.0,0.0,1.204514195252951,352
1,353,1,1,9.280081510543823,88.97927049547434,0.17683637142181396,0.050735726952552795,0.36977805259555135,0.21718236804008484,0.3261086940765381,0.1496787340410294,0.22356600627003603,0.22650758922100067,0.0950494259595871,0.0950494259595871,0.028562868219772906,0.05728583321267028,0.2776679992675781,174.97612657998815,404.6958054495444,0.0,174.75879396984925,404.99497487437185,0,180.0,409.0,0.0,1.2776620439015807,353
1,354,1,1,7.623607985675335,55.98326949775219,0.16010542958974838,0.030204027891159058,0.4921226828691681,0.19115771353244781,0.26409944891929626,0.13861105428500609,0.1884958568947885,0.19173167645931244,0.07084386050701141,0.07084386050701141,0.02579368818623467,0.039631102933134287,0.2208472266793251,150.44794960416783,411.1926274635893,0.0,150.76094276094275,411.5723905723906,0,144.0,409.0,0.0,1.2157799831050793,354
1,355,1,1,7.670590527355671,65.08877517282963,0.14391770958900452,0.025250673294067383,0.29418406479877013,0.14954011142253876,0.23857836425304413,0.12574738569435526,0.16862376987779695,0.17148905992507935,0.10447702556848526,0.10447702556848526,0.013875228834235807,0.03276112592454686,0.19409997761249542,1093.5861369752586,407.39423879970326,0.0,1093.3290155440413,407.25129533678756,0,1096.0,411.0,0.0,1.2022730097569458,355
1,356,1,1,9.671486556529999,46.628888353705406,0.2192790023982525,0.014138445258140564,0.10450423379107437,0.27358654141426086,0.27358654141426086,0.2149219234784444,0.2296989574074158,0.2306913137435913,0.16631461679935455,0.16631461679935455,0.027097762812587592,0.021240991577946938,0.24499721452593803,376.18618385549723,412.0671963735102,0.0,376.29064039408865,412.064039408867,0,376.0,420.0,0.0,1.187309461755593,356
1,357,1,1,5.441307462751865,36.37320676445961,0.13750247657299042,0.03743314743041992,0.1653073909566215,0.15653924643993378,0.2610582411289215,0.12091794361670812,0.17830003315911575,0.1861010640859604,0.07962950319051743,0.07962950319051743,0.019098315878264237,0.044333322626227634,0.21504627168178558,397.1806986381653,416.20300136914807,0.0,397.3186274509804,416.29411764705884,0,396.0,420.0,0.0,1.0848610859583834,357
1,358,1,1,4.073492873460054,27.49019991606474,0.073481984436512,0.017580673098564148,0.19107747150735382,0.16614212095737457,0.16614212095737457,0.07406350679018281,0.0913295678274576,0.09488019719719887,0.052185822278261185,0.04959253966808319,0.021237732769255935,0.02154267157856788,0.1097610667347908,165.40661970219617,426.9992016256837,0.0,165.4252491694352,427.18936877076413,0,174.0,424.0,0.0,1.0001704271990575,358
1,359,1,1,7.89243071526289,45.74236673116684,0.1719345897436142,0.03095191717147827,0.3436696692922914,0.23892737925052643,0.2694678008556366,0.1578486143052578,0.20062441548757387,0.20177051424980164,0.0815022811293602,0.0815022811293602,0.030625941270195557,0.03867855092810081,0.23406681418418884,180.07917658096954,428.7049163574903,0.0,180.18859649122808,429.030701754386,0,177.0,424.0,0.0,1.2059794920501892,359
1,360,1,1,10.118399798870087,46.54993188381195,0.19559390097856522,0.03577326238155365,0.16889368031462584,0.27557554841041565,0.2954889237880707,0.1983999960562762,0.22931000927986184,0.23108239471912384,0.14219146966934204,0.14219146966934204,0.04145324126900982,0.041586204299893736,0.26704465597867966,373.8750317403201,423.8621506990165,0.0,373.98522167487687,423.99014778325125,0,371.0,423.0,0.0,1.115478611111119,360
1,361,1,1,5.95419155061245,35.83003390580416,0.14579150080680847,0.03973850607872009,0.3926431721149018,0.18843737244606018,0.2715139091014862,0.13532253524119203,0.18661475992606333,0.19324375689029694,0.10100702196359634,0.10100702196359634,0.02207012726857525,0.045861800176632134,0.22653470933437347,387.5745525078282,428.56021085825984,0.0,387.8020833333333,428.8802083333333,0,387.0,427.0,0.0,1.1055378629475563,361
1,362,1,1,5.805606231093407,38.9354640096426,0.14380596205592155,0.02835681289434433,0.182720785713333,0.167193204164505,0.2326473742723465,0.12620883111072623,0.1761785701793783,0.18616030365228653,0.09842801094055176,0.09842801094055176,0.015432997396849831,0.03681293518505262,0.20927361771464348,1142.1971894619696,430.0349913006864,0.0,1142.2398190045249,430.2126696832579,0,1140.0,433.0,0.0,1.2709700375496324,362
1,363,1,1,11.176202893257141,85.0029607117176,0.15892837196588516,0.02754834294319153,0.5285228252114424,0.25057950615882874,0.25057950615882874,0.1510297688277992,0.1843882011100165,0.18739846348762512,0.1054098978638649,0.1054098978638649,0.03819096523016597,0.03451402467001066,0.21434160321950912,368.0204771820918,435.7593831868127,0.0,367.92841648590024,436.27982646420827,0,376.0,432.0,0.0,1.1929208166503018,363
1,364,1,1,5.638315789401531,38.424693793058395,0.1334827020764351,0.027431339025497437,0.2470745978407009,0.15547262132167816,0.23125199973583221,0.11996416573194747,0.16706388605677563,0.17902907729148865,0.08267567306756973,0.08267567306756973,0.018304805289943226,0.037321453653496,0.19811340421438217,1128.3881025745552,434.62858056049794,0.0,1128.4173913043478,434.87391304347824,0,1131.0,437.0,0.0,1.2090365677725894,364
1,365,1,1,10.369597852230072,74.05053859204054,0.165140300989151,0.043190449476242065,0.35208261560547144,0.3071923553943634,0.3146849572658539,0.15477011719746375,0.2165220426667852,0.23556457459926605,0.09568914026021957,0.09568914026021957,0.0673323687990701,0.0636985146350811,0.26941217482089996,801.0999601657228,444.3695662651261,0.0,800.7923976608187,444.5409356725146,0,801.0,446.0,0.0,1.341359745897813,365
1,366,1,1,9.211743518710136,67.05893757939339,0.16353800520300865,0.019971922039985657,0.5583767822932395,0.23336224257946014,0.2381894886493683,0.15352905864516894,0.1837231166558723,0.18743117153644562,0.07133950293064117,0.07133950293064117,0.0335035588873416,0.030418252274092394,0.2041970156133175,1239.5191326632516,440.9919616611171,0.0,1239.3753424657534,441.53150684931506,0,1242.0,434.0,0.0,1.1160089843533672,366
1,367,1,1,8.460011646151543,46.464579448103905,0.1922294907271862,0.025554515421390533,0.16989497152363492,0.22630897164344788,0.2801259160041809,0.17625024262815714,0.21611432301443675,0.2179793044924736,0.1377934068441391,0.1377934068441391,0.0251374012098747,0.03409958880516454,0.24210066348314285,103.87216060922653,444.4988249451742,0.0,103.85116279069767,444.3302325581395,0,101.0,447.0,0.0,1.286361101981629,367
1,368,1,1,7.52625996619463,54.31452866643667,0.16180898249149323,0.020979657769203186,0.11499345910321866,0.16852061450481415,0.25069257616996765,0.13937518455915981,0.18859211342512733,0.19696293771266937,0.08511054515838623,0.08511054515838623,0.01452158363665877,0.033191502989966266,0.2145719677209854,170.01899377541352,448.228104997818,0.0,170.10069444444446,448.30902777777777,0,166.0,443.0,0.0,1.1731943905718443,368
1,369,1,1,9.816439494490623,64.6343187391758,0.13679581880569458,0.05023068189620972,0.47832196947082906,0.30310559272766113,0.30310559272766113,0.14873393173470642,0.19586157193689635,0.2051086127758026,0.08620692044496536,0.08620692044496536,0.06858582784045636,0.06223048613702233,0.25107669830322266,813.6051098941663,444.6395600965688,0.0,814.0424242424242,444.8333333333333,0,809.0,449.0,0.0,1.3689486592499596,369
1,370,1,1,4.975381605327129,43.690863735973835,0.11304347962141037,0.017311766743659973,0.3797610592041598,0.12047489732503891,0.17539110779762268,0.0857824414711574,0.12888160394092577,0.13633843511343002,0.05465098097920418,0.05465098097920418,0.017554267746995197,0.028061765388613154,0.1512645184993744,269.1746683060144,452.25941051769246,0.0,269.37168141592923,452.5840707964602,0,266.0,451.0,0.0,1.0598072536701846,370
1,371,1,1,6.631541863083839,37.11459494382143,0.16327833384275436,0.015628397464752197,0.3092107433334314,0.1995491087436676,0.21879085898399353,0.1507168605246327,0.17673616639914966,0.1855434626340866,0.0969586968421936,0.0969586968421936,0.02928515670088852,0.027429580258226356,0.19847002625465393,303.41052513431674,454.0056968130336,0.0,303.5190476190476,454.2952380952381,0,300.0,452.0,0.0,1.2299018044081893,371
1,372,1,1,9.869609326124191,43.65122506022453,0.19858641922473907,0.015674620866775513,0.28727272679825583,0.23447442054748535,0.2561434507369995,0.19739218652248383,0.2139765934324732,0.21900500357151031,0.140008807182312,0.140008807182312,0.02548156454341523,0.024902375375111863,0.23228779435157776,103.43434741238165,456.2924764589238,0.0,103.40686274509804,456.578431372549,0,102.0,455.0,0.0,1.1281352779847655,372
1,373,1,1,7.174494855105877,64.21167655289173,0.1362001597881317,0.03523729741573334,0.20796757760093115,0.14585617184638977,0.23703397810459137,0.12160160771365892,0.17448825150242317,0.17872002720832825,0.09584155678749084,0.09584155678749084,0.010481698966363424,0.03907247040830707,0.2100733518600464,1336.2214187320374,455.2984033007659,0.0,1336.3532608695652,455.4592391304348,0,1341.0,455.0,0.0,1.2445575701653608,373
1,374,1,1,6.546907983720303,52.821582183241844,0.14049695432186127,0.03977690637111664,0.15288904261503,0.171770840883255,0.28638678789138794,0.12590207661000583,0.18533888485348016,0.19150033593177795,0.08413596451282501,0.08413596451282501,0.020093015482534407,0.048024870579253275,0.22447269409894943,1077.9471047532313,462.57347694562566,0.0,1077.8912280701754,462.7157894736842,0,1079.0,459.0,0.0,1.1065465402827528,374
1,375,1,1,7.780749246478081,42.58010835945606,0.1605214774608612,0.011801496148109436,0.2570754827942885,0.203645259141922,0.20541521906852722,0.15879080094853226,0.17169398532038735,0.1748916357755661,0.11285018175840378,0.11285018175840378,0.024901728651344584,0.017998417466847317,0.18527550995349884,59.32845004771878,467.0079306166507,0.0,59.08064516129032,466.93951612903226,0,58.0,471.0,0.0,1.1572965946015923,375
1,376,1,1,7.551810637116432,40.1173238158226,0.16461140662431717,0.020938560366630554,0.5781269666882984,0.20764850080013275,0.24200473725795746,0.15411858443094759,0.18152635210779458,0.1893221139907837,0.06533446907997131,0.06533446907997131,0.04246681833417207,0.037124187882256965,0.20778842270374298,113.62454526808752,463.6290719973888,0.0,114.08597285067873,463.9773755656109,0,109.0,465.0,0.0,1.0725882975571457,376
1,377,1,1,6.673076704144478,51.56981433182955,0.15035578608512878,0.03435381501913071,0.3440173484570266,0.16586753726005554,0.26485586166381836,0.12357549452119404,0.1848380442001059,0.1938992664217949,0.09621652215719223,0.09621652215719223,0.018706211540112483,0.04530838332516795,0.21945342421531677,218.3603028473725,466.44769570485124,0.0,218.65591397849462,466.6236559139785,0,215.0,467.0,0.0,1.2520348336308402,377
1,378,1,1,9.030449904501438,70.38702712208033,0.20131505653262138,0.04052065312862396,0.2936072314486289,0.21880660951137543,0.3269480764865875,0.1641899982636625,0.23860009193925535,0.24619632959365845,0.0980915054678917,0.0980915054678917,0.026844975763159834,0.05145730309722283,0.2834065780043602,233.77575612452998,463.09068378635936,0.0,233.86779661016948,463.3694915254237,0,235.0,457.0,0.0,1.3880846587496143,378
1,379,1,1,7.855079263448715,49.452401116490364,0.16102849319577217,0.018766917288303375,0.06434062803628778,0.17582640051841736,0.22304405272006989,0.14546443080460583,0.1785285238862468,0.18116920441389084,0.11131073534488678,0.11131073534488678,0.013741891141127421,0.025375424441119572,0.19916722550988197,137.82830352546878,465.7425890915723,0.0,137.79783393501805,465.6859205776173,0,140.0,465.0,0.0,1.3661806187530217,379
1,380,1,1,4.7004584819078445,14.922331273555756,0.1605115830898285,0.02153991162776947,0.17173767838714177,0.2196788638830185,0.2264307290315628,0.16208477523820153,0.1819796496775092,0.19029489159584045,0.12619003653526306,0.12619003653526306,0.029938899126658695,0.028636590547266392,0.20707600563764572,502.3172972088554,466.8639818729531,0.0,502.4268292682927,466.7317073170732,0,503.0,468.0,0.0,1.2249096019243624,380
1,381,1,1,6.610114440321922,27.051329627633095,0.16452046483755112,0.024308934807777405,0.18766669463133076,0.21527883410453796,0.25096574425697327,0.16525286100804806,0.19050232132135983,0.19408521056175232,0.12575693428516388,0.12575693428516388,0.022613590230055623,0.02977294368871406,0.21444474905729294,493.6581529121893,469.50997278068445,0.0,493.6056338028169,469.6901408450704,0,494.0,467.0,0.0,1.2159711317257043,381
1,382,1,1,8.907657489180565,40.48864383995533,0.18541918694972992,0.01630447804927826,0.4427908253758135,0.21959874033927917,0.24624715745449066,0.18557619769126177,0.20244321919977665,0.2089347392320633,0.13203270733356476,0.13203270733356476,0.02421870867317977,0.025948381791627343,0.22497740387916565,70.61406856666399,470.73715414325227,0.0,70.5,471.165,0,67.0,472.0,0.0,1.0718361497677675,382
1,383,1,1,5.678120695054531,19.475874684751034,0.13282951712608337,0.01623043417930603,0.3406358627761079,0.21627481281757355,0.21627481281757355,0.1384907486598666,0.14981442065193104,0.15346740186214447,0.08472059667110443,0.08472059667110443,0.031872838278801774,0.025233029907535117,0.1665937677025795,792.5778212238293,474.1191756507984,0.0,792.3384615384615,474.3615384615385,0,796.0,473.0,0.0,1.2420181813132989,383
1,384,1,1,5.248486801981926,21.933129407465458,0.11891533061861992,0.02530646324157715,0.5305115508998632,0.20997220277786255,0.21399980783462524,0.12496397147576015,0.1502269137497634,0.15780678391456604,0.08078336715698242,0.08078336715698242,0.04001412996402708,0.03604507030274644,0.18059294670820236,799.2918889761257,476.82774189139997,0.0,799.445205479452,477.33561643835617,0,797.0,475.0,0.0,1.1808651952084848,384
1,385,1,1,5.353083945810795,44.20497554540634,0.13868674635887146,0.02443017065525055,0.2898310049510793,0.14610329270362854,0.23093146085739136,0.10924661113899581,0.16494393860226247,0.1761852353811264,0.0820774957537651,0.0820774957537651,0.01683229639090309,0.03739405050725822,0.19404937326908112,817.110600645183,475.37645965204973,0.0,817.1455223880597,475.6641791044776,0,822.0,474.0,0.0,1.2914235005001662,385
1,386,1,1,9.147230684757233,46.87515281140804,0.18639280274510384,0.036582112312316895,0.0810508891673497,0.25604450702667236,0.30847957730293274,0.17590828239917755,0.22215712232894808,0.22393637895584106,0.10768407583236694,0.10768407583236694,0.030356870654290612,0.044844584886928,0.2604181468486786,111.85339795697655,476.7286711096693,0.0,111.90995260663507,476.7867298578199,0,107.0,477.0,0.0,1.158534231298883,386
1,387,1,1,7.883755579590797,48.391760751605034,0.16571206226944923,0.03344743698835373,0.23714705979349668,0.18245281279087067,0.26873335242271423,0.1608929710120571,0.19914304836051455,0.19944700598716736,0.13059033453464508,0.13059033453464508,0.011025058362604437,0.03602540998860543,0.23023520782589912,510.770126553008,476.4665914503701,0.0,510.93415637860085,476.63786008230454,0,506.0,475.0,0.0,1.1204991060103056,387
1,388,1,1,6.426061000674963,53.3025869987905,0.1403549164533615,0.03895561397075653,0.4008283343113368,0.19246569275856018,0.26681455969810486,0.1212464339749993,0.1850784270791337,0.19610492885112762,0.04817287623882294,0.04817287623882294,0.03380748446307736,0.05111578895995007,0.22809642553329468,1085.6102555500825,475.7705984196773,0.0,1085.642361111111,476.1701388888889,0,1086.0,480.0,0.0,1.1895623143134593,388
1,389,1,1,8.741441890597343,53.900856733322144,0.18066060170531273,0.018380895256996155,0.0628801568990127,0.20115627348423004,0.23811912536621094,0.17482883781194686,0.19743903565319468,0.19843259453773499,0.15345454216003418,0.15345454216003418,0.013699321173539253,0.021631637727988012,0.21693198010325432,81.04744815831852,478.26731468665315,0.0,81.10989010989012,478.27472527472526,0,85.0,479.0,0.0,1.0706704745276292,389
1,390,1,1,7.1007892191410065,38.463070780038834,0.16677258163690567,0.02791436016559601,0.32500274148370245,0.18405990302562714,0.2671486437320709,0.15436498302480448,0.193281762713763,0.19318991154432297,0.11354081332683563,0.11354081332683563,0.019292581563502206,0.035970105943908856,0.22267574071884155,496.46566427626055,482.0958699849033,0.0,496.3316582914573,482.39195979899495,0,499.0,480.0,0.0,1.0962052978099845,390
1,391,1,1,7.640982195734978,38.861816465854645,0.1616809070110321,0.021742045879364014,0.1938783183155342,0.21400491893291473,0.2331024706363678,0.1559384121578567,0.1841792249566571,0.1889118179678917,0.10423211008310318,0.10423211008310318,0.025606427887710524,0.027451743827140804,0.2074584700167179,530.4514527444247,483.0316060432199,0.0,530.6445497630332,483.01421800947867,0,530.0,484.0,0.0,1.12008376595679,391
1,392,1,1,8.779383435845375,44.044494554400444,0.19737508893013,0.02280917763710022,0.17568266698785215,0.2693467438220978,0.2698683440685272,0.1908561616488125,0.21804205224950715,0.2167011797428131,0.13477756083011627,0.13477756083011627,0.02955946090904509,0.029946470095856874,0.24383562803268433,106.87115137762665,487.51967447959464,0.0,106.6980198019802,487.5495049504951,0,103.0,485.0,0.0,1.1688139470626686,392
1,393,1,1,6.961373895406723,43.39892069250345,0.15586071088910103,0.03837782144546509,0.39723356905337404,0.17475605010986328,0.2765522599220276,0.14206885500830047,0.1946139941367868,0.200064517557621,0.09270959347486496,0.09270959347486496,0.021177301130143406,0.04450441609165036,0.23121226206421852,1341.4386244511863,487.5094523177484,0.0,1341.4125560538116,487.90582959641256,0,1343.0,484.0,0.0,1.2128393863213909,393
1,394,1,1,7.734974816441536,49.93872728943825,0.1877952292561531,0.036748647689819336,0.2235108872371058,0.22489027678966522,0.30438119173049927,0.16457393226471353,0.22394048111855716,0.23529140651226044,0.10843449085950851,0.10843449085950851,0.025860286970748096,0.04628811631937564,0.2644999697804451,70.34747541987089,490.09013468118945,0.0,70.21973094170404,490.27354260089686,0,74.0,490.0,0.0,1.2027144481570726,394
1,395,1,1,8.24770887196064,49.04141527414322,0.19366683810949326,0.033888593316078186,0.23946123771148867,0.2171211540699005,0.31063762307167053,0.17182726816584667,0.22496062052359275,0.2303602546453476,0.12241649627685547,0.12241649627685547,0.024437411531788855,0.043970213230338805,0.2612142860889435,86.97435831408058,491.60311633605966,0.0,86.93577981651376,491.8394495412844,0,88.0,494.0,0.0,1.130320741890627,395
1,396,1,1,5.805899932980537,40.3127032071352,0.12227187305688858,0.016213372349739075,0.3233012028365661,0.13676421344280243,0.17720220983028412,0.11165192178808726,0.1404623805126662,0.14471758902072906,0.08944514393806458,0.08944514393806458,0.012002091161216985,0.021775462451452357,0.15876364707946777,251.15246382049844,491.1811504412627,0.0,251.31010452961672,491.4634146341463,0,251.0,489.0,0.0,1.1429439924311946,396
1,397,1,1,4.812272019684315,38.1733091250062,0.10931358113884926,0.02297656238079071,0.3735584594133728,0.12835563719272614,0.18437615036964417,0.09435827489577088,0.1353663444149156,0.14090146124362946,0.06595807522535324,0.06595807522535324,0.014794153050447687,0.03019179312994529,0.16141733527183533,228.4030336847788,492.26417740940343,0.0,228.53546099290782,492.61347517730496,0,224.0,493.0,0.0,1.108408267758564,397
1,398,1,1,7.526905834674835,44.162641271948814,0.17590239271521568,0.03198225051164627,0.15188380475259164,0.21354646980762482,0.2810573875904083,0.1636283877103225,0.2073363439997597,0.21203715354204178,0.12782630324363708,0.12782630324363708,0.01817425314528411,0.038249839761693584,0.2391636036336422,505.52483105952587,493.28923397285837,0.0,505.6056338028169,493.4178403755869,0,506.0,497.0,0.0,1.1456865049030476,398
1,399,1,1,9.763081036508083,76.34867661446333,0.173858642578125,0.04799002408981323,0.14525080349095887,0.2241836041212082,0.31812766194343567,0.1683289833880704,0.22194382736762597,0.22090978920459747,0.12165170162916183,0.12165170162916183,0.021662657015772368,0.05101152302077746,0.27046576142311096,521.5569858232143,493.225885404875,0.0,521.4796511627907,493.3488372093023,0,523.0,496.0,0.0,1.037130432869198,399
1,400,1,1,7.878415085375309,67.57875855267048,0.15216898918151855,0.030454203486442566,0.2368434766803635,0.17464269697666168,0.2512129843235016,0.12915434566189032,0.18363793084964805,0.19054867327213287,0.10708747804164886,0.10708747804164886,0.01728883667182968,0.03898748309275921,0.2165156602859497,368.65772069659573,500.5283347872453,0.0,368.8423913043478,500.6766304347826,0,369.0,502.0,0.0,1.2328154242086007,400
1,401,1,1,6.8054380640387535,36.01039866358042,0.140399731695652,0.02945428341627121,0.48985817210544735,0.218221515417099,0.23238809406757355,0.1284044917743161,0.1706653965098598,0.18477357178926468,0.07562405616044998,0.07562405616044998,0.0454192803868555,0.04302916867271681,0.20564735680818558,826.7524276516531,497.1799677638733,0.0,827.2417061611375,497.2037914691943,0,827.0,498.0,0.0,1.1739850208486564,401
1,402,1,1,4.80057730525732,13.436636164784431,0.1511526256799698,0.029111221432685852,0.3694043078076569,0.22003205120563507,0.2317122220993042,0.16001924350857735,0.17450176837382378,0.18107856810092926,0.08228091150522232,0.08228091150522232,0.043395947096232214,0.036939831292220664,0.20914478600025177,533.2433386132692,500.70228956070406,0.0,533.5844155844156,500.84415584415586,0,532.0,501.0,0.0,1.0898529406340927,402
1,403,1,1,4.085466176271439,10.845149159431458,0.1895911507308483,0.025761611759662628,0.2543398889019979,0.26641130447387695,0.26641130447387695,0.19454600839387803,0.21264998351826386,0.21882757544517517,0.12746012210845947,0.12746012210845947,0.04211877165944451,0.0348743200041429,0.2428191788494587,1217.511918504781,500.71458401586443,0.0,1217.686274509804,500.52941176470586,0,1215.0,502.0,0.0,1.329497122311002,403
1,404,1,1,6.00716133415699,27.655437767505646,0.11379396356642246,0.031514011323451996,0.6268333231881825,0.21080617606639862,0.21080617606639862,0.12514919446160397,0.1447928678926997,0.15435796976089478,0.0704478845000267,0.0704478845000267,0.04990986513829456,0.04050387528616171,0.1786251813173294,822.7861725894451,506.15602387684186,0.0,822.937172774869,506.76439790575915,0,825.0,501.0,0.0,1.0353026713525142,404
1,405,1,1,7.107404991984367,43.41246382147074,0.1534472405910492,0.02522653341293335,0.30408345128622827,0.1896318793296814,0.22902333736419678,0.14214809983968735,0.1793903463697138,0.1868133693933487,0.10821521282196045,0.10821521282196045,0.02127129198023798,0.03247182344598423,0.2073604092001915,1147.3539309446417,503.7500101040083,0.0,1147.3388429752067,504.05371900826447,0,1149.0,501.0,0.0,1.1960014764855342,405
1,406,1,1,4.339995339512825,17.51658235490322,0.13480244576931,0.02960290014743805,0.4878372808547591,0.20738837122917175,0.21943196654319763,0.13562485435977578,0.162190577360215,0.1739421933889389,0.04942807927727699,0.04942807927727699,0.049226058143043996,0.04296446272905525,0.1964821070432663,525.9280784851023,507.6797560517968,0.0,526.25,508.0462962962963,0,525.0,507.0,0.0,1.1159270113996955,406
1,407,1,1,6.753415539860725,26.809442929923534,0.12381075322628021,0.006444238126277924,0.09192509838429237,0.15384940803050995,0.15384940803050995,0.13782480693593316,0.130142926844289,0.1303173452615738,0.12399803102016449,0.11439003050327301,0.006952471320651117,0.008506471033467461,0.13547933101654053,1136.1496052622472,511.2283171438927,0.0,1136.1990291262136,511.30582524271847,0,1130.0,504.0,0.0,0.9687662205346218,407
1,408,1,1,4.711058851331472,34.360812313854694,0.127105500549078,0.023592159152030945,0.314243091387347,0.15376080572605133,0.20156711339950562,0.10023529470918026,0.14621622261214764,0.15376080572605133,0.03730592504143715,0.03730592504143715,0.030725783044103262,0.03651884903829319,0.1729046180844307,993.6961621742167,506.6392627732546,0.0,993.9021276595745,506.87659574468086,0,993.0,509.0,0.0,1.1673363720665284,408
1,409,1,1,7.1202205047011375,50.53893781453371,0.16828444600105286,0.029926910996437073,0.24010803200569572,0.2091972678899765,0.2727678120136261,0.14531062254492116,0.19897219612021147,0.2075231522321701,0.10742688179016113,0.10742688179016113,0.02196163870025481,0.03997573771724615,0.23292913287878036,1202.8876859455024,511.7890201764458,0.0,1203.015748031496,511.99212598425197,0,1207.0,510.0,0.0,1.2414122024577712,409
1,410,1,1,7.727626606822014,40.10278998315334,0.15474210307002068,0.03198244422674179,0.28507548226464413,0.26152303814888,0.26152303814888,0.1515220903298434,0.1900606160339021,0.19556698203086853,0.10543755441904068,0.10543755441904068,0.042005538080350915,0.039982413610523924,0.22289560735225677,1217.49499224688,508.4930279865037,0.0,1217.6208530805686,508.74881516587675,0,1215.0,503.0,0.0,1.203381636412763,410
1,411,1,1,6.974438972771168,50.12085201591253,0.16153519973158836,0.042015440762043,0.44120734151342417,0.18470200896263123,0.32382312417030334,0.1423354892402279,0.206258650271245,0.21217817813158035,0.10095624625682831,0.10095624625682831,0.02369388907681642,0.0539967513246401,0.2523874193429947,1297.3686130854062,509.01154871081303,0.0,1297.679012345679,509.32510288065845,0,1294.0,511.0,0.0,1.2891556475917973,411
1,412,1,1,7.339908719062805,62.00303407013416,0.14445867389440536,0.02644491195678711,0.07108018724783471,0.16151010990142822,0.23242835700511932,0.12233181198438009,0.16940719691293488,0.17477372288703918,0.07011672854423523,0.07011672854423523,0.022177256050252902,0.03338418885417823,0.19954834133386612,1261.8774397983307,511.30380427813327,0.0,1261.931693989071,511.3497267759563,0,1261.0,515.0,0.0,1.1031135605084936,412
1,413,1,1,4.76061587780714,14.984720595180988,0.12763239443302155,0.01818336546421051,0.24335712430451462,0.18616299331188202,0.18632857501506805,0.13601759650877543,0.1483635702493167,0.14991744607686996,0.10956166684627533,0.10956166684627533,0.024036731343179654,0.022840293929871726,0.16611240431666374,369.5120137815509,514.8403672667636,0.0,369.46534653465346,515.0792079207921,0,369.0,512.0,0.0,1.1262680104190472,413
1,414,1,1,4.585373476147652,18.246979132294655,0.12347988039255142,0.020457692444324493,0.21317617939603173,0.18616299331188202,0.18818651139736176,0.13486392576904857,0.14597583305835723,0.1456928327679634,0.10534738004207611,0.10534738004207611,0.02712681117973505,0.023286141965926523,0.1658787578344345,379.4514288398619,514.4030083541794,0.0,379.576,514.576,0,375.0,513.0,0.0,1.1728579645258281,414
1,415,1,1,4.1700644120574,12.285270601511002,0.12349987030029297,0.006947297602891922,0.10307266840193913,0.19413797557353973,0.19413797557353973,0.13900214706858,0.13209968388721507,0.13042650371789932,0.12088906019926071,0.11416064202785492,0.014275868552160826,0.011443517404890254,0.13738307729363441,1125.226369255372,512.3716245431742,0.0,1125.3225806451612,512.4086021505376,0,1120.0,512.0,0.0,0.9656754010018636,415
1,416,1,1,6.661940097808838,50.05850250273943,0.1449558287858963,0.0574234277009964,0.3540081917862609,0.20709073543548584,0.3154154419898987,0.13062627642762428,0.2051577971423747,0.21274171769618988,0.08957450091838837,0.08957450091838837,0.030701787572030324,0.06450045883140346,0.2623414993286133,1311.160404788984,512.6790395952058,0.0,1311.377049180328,512.9590163934427,0,1314.0,514.0,0.0,1.264537154767529,416
1,417,1,1,4.48672529309988,13.548493646085262,0.12091934680938721,0.004627354443073273,0.10536514063707121,0.14617447555065155,0.14617447555065155,0.12819215123142516,0.12662143594472208,0.12771052867174149,0.10955759137868881,0.10955759137868881,0.008295552929507186,0.007358842471149101,0.1322936862707138,1129.8630262964869,521.0045274463947,0.0,1129.766355140187,520.9626168224299,0,1137.0,524.0,0.0,0.9446656409114501,417
1,418,1,1,6.937301345169544,39.8594875484705,0.14604028314352036,0.02310097962617874,0.3961152483434412,0.20542049407958984,0.21233879029750824,0.13602551657195186,0.1681834917656983,0.1710694581270218,0.08655957132577896,0.08655957132577896,0.0259680064320115,0.02966804170574167,0.1934206672012806,1116.4833107955606,520.8215388546704,0.0,1116.5274261603377,521.2151898734177,0,1116.0,515.0,0.0,1.168648633048452,418
1,419,1,1,6.839396350085735,63.15497682988644,0.1263636350631714,0.03445686399936676,0.4643143301996281,0.14727239310741425,0.24654577672481537,0.11031284435622153,0.16110963477011847,0.1634421944618225,0.08427488058805466,0.08427488058805466,0.01651724411203337,0.041106633020497635,0.19730521738529205,1284.6974685161217,520.1219508657601,0.0,1284.8035714285713,520.5739795918367,0,1284.0,515.0,0.0,1.1535145251271879,419
1,420,1,1,7.174660697579384,48.1103999838233,0.15609872341156006,0.024465501308441162,0.25279249962669753,0.19228743016719818,0.3206731677055359,0.1379742441842189,0.18503999993778192,0.19423745572566986,0.0736977607011795,0.0736977607011795,0.028594179236153552,0.03808520050828426,0.2147710919380188,435.1785296195901,524.4968686858456,0.0,435.28846153846155,524.2692307692307,0,434.0,531.0,0.0,1.0858095644719334,420
1,421,1,1,5.5686067044734955,32.310053668916225,0.12220702320337296,0.028111785650253296,0.14833565421288847,0.15636613965034485,0.21741726994514465,0.11601263967653115,0.1524059135326237,0.15650571882724762,0.09369205683469772,0.09369205683469772,0.01348974510937784,0.032363675932187794,0.17838598787784576,373.82879913792567,526.6528800761208,0.0,373.8632075471698,526.7971698113207,0,375.0,528.0,0.0,1.1482019848842646,421
1,422,1,1,11.742289535701275,54.203346990048885,0.2287827432155609,0.040111660957336426,0.316008173633904,0.33896124362945557,0.37338683009147644,0.21744980621669027,0.2765476887247392,0.29317471385002136,0.10441838949918747,0.10441838949918747,0.05830628866623048,0.06212481506535291,0.3289327919483185,674.1556039614965,527.6082277755503,0.0,674.2551020408164,527.9081632653061,0,675.0,532.0,0.0,1.4949819041599364,422
1,423,1,1,6.15234848856926,18.424982249736786,0.1641003042459488,0.022713541984558105,0.24167047437342068,0.23599287867546082,0.2393353134393692,0.1708985691269239,0.18801002295649782,0.19571182131767273,0.12547838687896729,0.12547838687896729,0.033465355601862465,0.03136467748520454,0.21296349167823792,424.0067161478539,525.481847916058,0.0,423.9591836734694,525.2448979591836,0,425.0,525.0,0.0,1.191457462945961,423
1,424,1,1,6.90876442193985,52.494606144726276,0.15907467156648636,0.04373513162136078,0.4384728291962306,0.17497113347053528,0.31896480917930603,0.138175288438797,0.20425916787831236,0.2056775540113449,0.09766259044408798,0.09766259044408798,0.022118351265258775,0.05273920040192158,0.24683364480733871,1257.3409530147592,529.4774515338619,0.0,1257.5408560311284,529.8677042801556,0,1255.0,527.0,0.0,1.1889377957890621,424
1,425,1,1,8.086419846862555,60.99668958410621,0.12228412553668022,0.07554823905229568,0.5452122122741329,0.3347533047199249,0.3347533047199249,0.137057963506145,0.19740028991620132,0.2013358250260353,0.06183140352368355,0.06183140352368355,0.0836060941099349,0.07969262206333837,0.27305588871240616,660.2075675590595,530.7709243622977,0.0,659.9288025889967,531.2394822006472,0,672.0,531.0,0.0,1.1072710591701365,425
1,426,1,1,6.088637351989746,22.1632674112916,0.15212880820035934,0.028937742114067078,0.21017060132894733,0.23813514411449432,0.23849661648273468,0.16455776626999313,0.18166612632206228,0.18396131694316864,0.12654531002044678,0.12469800561666489,0.03215093434129931,0.03191328301423122,0.2082662135362625,421.54868010795497,532.8263089878067,0.0,421.4590163934426,533.016393442623,0,421.0,534.0,0.0,1.2248876141227265,426
1,427,1,1,4.338482059538364,14.469150088727474,0.1561388298869133,0.016271650791168213,0.04779466877106724,0.20014186203479767,0.20416535437107086,0.14960282963925395,0.16824593126427295,0.17348870635032654,0.10232733190059662,0.10232733190059662,0.027191571128717482,0.0244971335435368,0.18800075352191925,358.6299988969558,534.1170075489747,0.0,358.6162790697674,534.1627906976744,0,359.0,533.0,0.0,1.3538022122383422,427
1,428,1,1,5.360102750360966,32.04778677225113,0.137263685464859,0.019143275916576385,0.18015012844641595,0.15777316689491272,0.2038908302783966,0.11911339445246591,0.15633066718171282,0.1603761613368988,0.08482322841882706,0.08482322841882706,0.023061140817392058,0.029410445037675956,0.17894751206040382,392.7678237144579,534.3028001728379,0.0,392.77073170731705,534.4829268292683,0,396.0,536.0,0.0,1.2334240201571385,428
1,429,1,1,4.492120668292046,20.200106650590897,0.12463665753602982,0.02874554693698883,0.18258299968741595,0.21239544451236725,0.2209608405828476,0.12478112967477904,0.15905595787866847,0.16594431549310684,0.09782395511865616,0.09782395511865616,0.03102093237482991,0.0361937755423425,0.18601329252123833,365.9521388910575,539.25842848529,0.0,366.1023622047244,539.3622047244095,0,365.0,539.0,0.0,1.2262700360397976,429
1,430,1,1,6.799964427947998,26.20200327783823,0.1525050364434719,0.044062986969947815,0.6267322079285188,0.2549329102039337,0.26178619265556335,0.16999911069869994,0.19408891316917207,0.19642836600542068,0.11684693396091461,0.11281166225671768,0.04264534438741135,0.046286256300301795,0.2397422231733799,429.40254648864493,539.9168900017162,0.0,428.9037037037037,540.2962962962963,0,430.0,538.0,0.0,1.115774029899543,430
1,431,1,1,5.081318363547325,19.434742122888565,0.15716354921460152,0.028008371591567993,0.4239333706717011,0.26224079728126526,0.26224079728126526,0.17521787460508018,0.19242318933553035,0.20192541182041168,0.12100236862897873,0.12100236862897873,0.050795598305991285,0.03870795281730515,0.22211989387869835,1307.2640993874836,535.9025267334557,0.0,1307.4356435643565,535.5148514851485,0,1307.0,541.0,0.0,1.2837401180132793,431
1,432,1,1,7.845123760402203,38.85340107232332,0.15106230229139328,0.03766082227230072,0.36759751802185847,0.25332140922546387,0.25332140922546387,0.16010456653882046,0.18860874306953068,0.18761779367923737,0.11926132440567017,0.11926132440567017,0.03853856999976259,0.03955287546358547,0.22643142938613892,435.39920261301177,545.7205761883471,0.0,435.5194174757282,546.0679611650486,0,434.0,540.0,0.0,1.1288976305634484,432
1,433,1,1,3.1784491427242756,13.282714609056711,0.07074953988194466,0.004360996186733246,0.1714946501763323,0.09054838865995407,0.09256057441234589,0.07567736054105419,0.07590122633746692,0.07488099485635757,0.056708697229623795,0.056708697229623795,0.008798721632679087,0.006933666857380193,0.0806418564170599,662.45461795627,543.430394083549,0.0,662.48,543.6,0,661.0,539.0,0.0,0.8964340333311888,433
1,434,1,1,9.670363493263721,60.66335856169462,0.1412305235862732,0.03831548988819122,0.40580452882552015,0.2596183717250824,0.2596183717250824,0.14433378348154807,0.18054571000504352,0.1815035492181778,0.10223466902971268,0.10223466902971268,0.04487530505023704,0.042740405214542906,0.2176598608493805,1305.5974539166693,545.8888183239354,0.0,1305.8184523809523,546.2291666666666,0,1307.0,542.0,0.0,1.2212754407826782,434
1,435,1,1,6.479888126254082,44.671347595751286,0.15819145739078522,0.026175573468208313,0.5080724461198572,0.1935349702835083,0.2453767955303192,0.13499766929696003,0.18307929342521018,0.19459061324596405,0.08879958838224411,0.08879958838224411,0.03048659381630964,0.04233695635740643,0.21824157238006592,344.66969165879783,548.9055403082772,0.0,344.8688524590164,549.3729508196722,0,351.0,549.0,0.0,1.2651904853536442,435
1,436,1,1,6.052810683846474,35.98143932968378,0.15236490964889526,0.02105189859867096,0.2783385242955443,0.18222515285015106,0.2243199199438095,0.1345069040854772,0.17215999679274535,0.17724894732236862,0.10268013924360275,0.10268013924360275,0.02023948858182564,0.02944518444668587,0.19540438801050186,370.26281250514324,557.7450031116908,0.0,370.3492822966507,558.0095693779904,0,372.0,554.0,0.0,1.285229938472482,436
1,437,1,1,7.595040742307901,41.49046732485294,0.13226910680532455,0.053901463747024536,1.0532229413599008,0.31773826479911804,0.31773826479911804,0.14330265551524343,0.19032324460941716,0.20826032757759094,0.03692634031176567,0.03692634031176567,0.07996846974945661,0.07738306818159338,0.2519679665565491,949.5044672291887,555.4791982956996,0.0,949.2844036697247,556.5091743119266,0,954.0,555.0,0.0,0.9903602577008843,437
1,438,1,1,8.999318525195122,69.34898839890957,0.15493343770503998,0.059399932622909546,0.32055604796888504,0.26522642374038696,0.3481258153915405,0.1551606642275021,0.21945882404718217,0.2276325523853302,0.11265772581100464,0.11265772581100464,0.04034159838922644,0.06342439599234921,0.2728719413280487,1188.262585124015,555.2423209257145,0.0,1188.5822784810127,555.2658227848101,0,1188.0,553.0,0.0,1.2401837208644315,438
1,439,1,1,8.418632462620735,72.88882222771645,0.16161799430847168,0.0460481271147728,0.1366068551465973,0.17759624123573303,0.3156648576259613,0.15033272254679883,0.21250385489130158,0.21709871292114258,0.12438414990901947,0.12438414990901947,0.010284254420164837,0.05046692261279833,0.2551451176404953,1210.6249108754998,555.1168636864588,0.0,1210.5860058309038,555.2478134110787,0,1206.0,556.0,0.0,1.2006581218545245,439
1,440,1,1,5.166694991290569,17.58489217609167,0.16821736097335815,0.043188005685806274,0.5392706345382333,0.3067590892314911,0.3067590892314911,0.19135907375150257,0.2093439544772818,0.2027178257703781,0.10479574650526047,0.10479574650526047,0.05277362141516693,0.051893412842938746,0.25075259804725647,958.9656706273867,554.9992325054152,0.0,959.3690476190476,555.3571428571429,0,954.0,554.0,0.0,1.0951543131294705,440
1,441,1,1,7.048658043146133,51.394814163446426,0.1576228328049183,0.06756988167762756,0.4725842555869893,0.24450454115867615,0.3772957921028137,0.14997144772651347,0.23467951672806586,0.25113826990127563,0.11014926433563232,0.11014926433563232,0.03255716864488123,0.07549282253793693,0.30127567797899246,426.70903980833845,559.9339489768432,0.0,427.0593607305936,560.2511415525114,0,428.0,559.0,0.0,1.3625671131106258,441
1,442,1,1,8.2583709359169,76.24829979240894,0.16005339473485947,0.061564862728118896,0.5699364482152093,0.25706905126571655,0.33882462978363037,0.14488370063012107,0.23105545391639074,0.24677413702011108,0.07558918744325638,0.07558918744325638,0.045772505753699955,0.07248146857781947,0.2977897524833679,1176.5341089170083,563.1460918350166,0.0,1176.4454545454546,563.709090909091,0,1177.0,569.0,0.0,1.1966141737605263,442
1,443,1,1,5.3306132182478905,32.26540149748325,0.13126138225197792,0.01994720846414566,0.06856892407652472,0.1513877660036087,0.1915731579065323,0.11588289604886719,0.14733060044512902,0.14974606782197952,0.07820568978786469,0.07820568978786469,0.01836452485778308,0.025165793430469784,0.16978869587183,352.1897335132446,564.3939832335717,0.0,352.2420091324201,564.4383561643835,0,351.0,568.0,0.0,1.1362353293237384,443
1,444,1,1,9.159429848194122,76.57259194552898,0.16337723657488823,0.0466972291469574,0.276328682229628,0.1826157569885254,0.2965677082538605,0.1526571641365687,0.21094377946426718,0.20646529644727707,0.12713150680065155,0.12713150680065155,0.010845290452299641,0.04926816409210721,0.25909459590911865,1296.8502700352117,566.719168369478,0.0,1296.9972451790634,566.9531680440772,0,1295.0,562.0,0.0,1.1682511920573841,444
1,445,1,1,6.594309829175472,41.618560530245304,0.15880707651376724,0.017475605010986328,0.29511674899044144,0.19266900420188904,0.23288770020008087,0.14335456150381462,0.1817404389967044,0.19183941930532455,0.11592887341976166,0.11592887341976166,0.01753706068926249,0.02886936079811501,0.20477236434817314,557.6663870300102,569.9871478130815,0.0,557.8253275109171,570.235807860262,0,556.0,564.0,0.0,1.182035492482184,445
1,446,1,1,7.359641715884209,51.6872586235404,0.11744486540555954,0.032142624258995056,0.49272706419617995,0.1631154716014862,0.23421849310398102,0.11499440181069076,0.15475227132796526,0.16108274459838867,0.06377582997083664,0.06377582997083664,0.03332411038628344,0.04142418448249085,0.18792986869812012,1220.7342548975282,565.3670471624462,0.0,1221.1706586826347,565.5958083832336,0,1222.0,562.0,0.0,1.0626365226184624,446
1,447,1,1,10.471948623657227,34.36238653957844,0.2361440807580948,0.02720697969198227,0.19851054263009982,0.33810093998908997,0.33810093998908997,0.2493321100870768,0.26637508945409644,0.2734302580356598,0.16757430136203766,0.16757430136203766,0.03822868836211633,0.03928218265336818,0.2963089197874069,293.94951842768023,582.2975751907,0.0,293.7984496124031,582.4263565891473,0,297.0,583.0,0.0,1.5313643934620473,447
1,448,1,1,6.811550498008728,36.62782406806946,0.1547526866197586,0.01940535008907318,0.14205257962261594,0.1902889460325241,0.230961412191391,0.14807718473932016,0.17780497120422067,0.18214136362075806,0.1259928047657013,0.1259928047657013,0.015204422041291228,0.02521662966257314,0.19627977162599564,536.7655279486428,578.5499896616493,0.0,536.8786407766991,578.6359223300971,0,535.0,574.0,0.0,1.2741810955523998,448
1,449,1,1,7.633734494447708,74.39827949553728,0.15285563468933105,0.04021356999874115,0.7005287576679695,0.18359793722629547,0.2940405309200287,0.12938533041436792,0.1947598939673751,0.199659064412117,0.04468194395303726,0.04468194395303726,0.03338701122076292,0.05219294584013692,0.2342546358704567,1286.299073437659,582.3393186872883,0.0,1286.5392670157069,582.9973821989529,0,1286.0,578.0,0.0,1.145144832440035,449
1,450,1,1,5.6292823776602745,36.65380638837814,0.13478750735521317,0.024204090237617493,0.32859741138490445,0.16068844497203827,0.21068719029426575,0.11727671620125572,0.15664019824093223,0.16088761389255524,0.08717282861471176,0.08717282861471176,0.019658146766610343,0.031407605248289186,0.1837754100561142,564.7971097140169,583.3118907587574,0.0,564.9230769230769,583.6153846153846,0,559.0,583.0,0.0,1.1308687834943587,450
1,451,1,1,8.341602481901646,33.08732410520315,0.1718721091747284,0.05585309863090515,0.5297892177844468,0.3468802571296692,0.3468802571296692,0.19399075539306151,0.23633802932287964,0.25180783867836,0.12121573090553284,0.12121573090553284,0.0730038871138025,0.06824442648292657,0.3011610805988312,296.58141156464296,588.8144726504263,0.0,296.54285714285714,589.3428571428572,0,297.0,584.0,0.0,1.282009018491329,451
1,452,1,1,5.585308354347944,33.153188686817884,0.14121782779693604,0.02120460569858551,0.49694097152892347,0.19776158034801483,0.22043657302856445,0.12141974683365096,0.1609378091593101,0.17191249132156372,0.04345656931400299,0.04345656931400299,0.042435161029512454,0.03912342768973382,0.18994023650884628,541.6799030170816,591.560280180971,0.0,541.8300970873786,592.0339805825242,0,538.0,592.0,0.0,1.142135315898703,452
1,453,1,1,5.7992416098713875,45.18089208751917,0.142808735370636,0.035495564341545105,0.20388966195833208,0.17083704471588135,0.2602834105491638,0.12081753353898723,0.18218101648193213,0.19234372675418854,0.08799443393945694,0.08799443393945694,0.018042537380154343,0.044632954018326475,0.21843260526657104,484.9569972258687,591.1307090965655,0.0,485.03629032258067,591.3185483870968,0,483.0,595.0,0.0,1.3332023336843217,453
1,454,1,1,10.317220941185951,44.3895555883646,0.2636616975069046,0.03609532117843628,0.26457869453978183,0.37153080105781555,0.38442888855934143,0.25163953515087684,0.30403805197510003,0.3238294720649719,0.1353452354669571,0.1353452354669571,0.06217293570740072,0.059639381896118886,0.3531818836927414,1204.5202436300533,594.4266552080077,0.0,1204.4041095890411,594.6643835616438,0,1205.0,594.0,0.0,1.5837270091172089,454
1,455,1,1,7.244830250740051,22.00440415740013,0.24762404710054398,0.03334222733974457,0.0533678228023746,0.357023686170578,0.357023686170578,0.2683270463237056,0.28577148256363805,0.3003053367137909,0.17436721920967102,0.169708713889122,0.060078623299351055,0.05181088121113389,0.33006663620471954,1213.1571059234357,593.3934965038572,0.0,1213.1168831168832,593.4285714285714,0,1215.0,597.0,0.0,1.5506314072839846,455
1,456,1,1,6.596414536237717,28.805393300950527,0.12540587037801743,0.019659817218780518,0.31886680833888,0.18023011088371277,0.19084469974040985,0.12685412569687918,0.14848140876778623,0.154221773147583,0.0840718001127243,0.0840718001127243,0.02921851494075135,0.027676982145883183,0.1713809072971344,402.734888239298,598.5607366708948,0.0,403.04639175257734,598.6288659793814,0,404.0,599.0,0.0,1.179474722166035,456
1,457,1,1,6.471486210823059,19.22619217634201,0.18906650692224503,0.05526569485664368,0.38812875262345664,0.3398931324481964,0.3398931324481964,0.20875761970396964,0.24648964328643602,0.26219502091407776,0.11417335271835327,0.11417335271835327,0.07613563412216509,0.06881855074629833,0.3129013180732727,1212.0953805028273,600.9452710644797,0.0,1212.1025641025642,601.3333333333334,0,1215.0,598.0,0.0,1.4067428614803703,457
1,458,1,1,7.394416816532612,32.15327284485102,0.14728400856256485,0.039093658328056335,0.29421109117261224,0.31229132413864136,0.31229132413864136,0.16432037370072472,0.18913689908735892,0.19042153656482697,0.10599659383296967,0.10599659383296967,0.06041302183584752,0.04912788681957754,0.22591089457273483,310.2881607734309,599.391304860735,0.0,310.32941176470587,599.1,0,304.0,601.0,0.0,1.2376294419517744,458
1,459,1,1,5.395365670323372,36.980952963232994,0.13983948528766632,0.03337143361568451,0.46592422106560477,0.17549672722816467,0.2472306191921234,0.11989701489607493,0.17280819141697662,0.18240155279636383,0.07643799483776093,0.07643799483776093,0.02842491261189332,0.04490343469391847,0.2111673504114151,601.12519603835,603.5959007078258,0.0,601.4065420560747,603.9672897196261,0,598.0,604.0,0.0,1.2005653748490834,459
1,460,1,1,9.040254712104797,31.027782946825027,0.16476811468601227,0.03849078714847565,0.19084229418877988,0.29937422275543213,0.3016394078731537,0.19234584493839996,0.20685188631216686,0.21036289632320404,0.11710923910140991,0.11710923910140991,0.05466881768556231,0.04850813750355168,0.2440158650279045,303.6064868181196,604.604777855774,0.0,303.75333333333333,604.7266666666667,0,302.0,602.0,0.0,1.0917844512127401,460
1,461,1,1,6.706932440400124,33.586401760578156,0.14320648461580276,0.017912819981575012,0.14306883009718094,0.18368607759475708,0.20800653100013733,0.13150847922353184,0.1599352464789436,0.16358651220798492,0.07253388315439224,0.07253388315439224,0.023088550558930908,0.025942489795657928,0.1803177446126938,283.5101028806348,601.2372147330243,0.0,283.4,601.3285714285714,0,280.0,603.0,0.0,1.0826933149032099,461
1,462,1,1,3.542078632861376,12.762853220105171,0.0934910923242569,0.025925256311893463,0.5179550247141608,0.1890360713005066,0.1890360713005066,0.110689957276918,0.12762853220105172,0.14299733936786652,0.036973364651203156,0.036973364651203156,0.05011768162549525,0.04063472502867408,0.16078931093215942,402.8370812783488,606.2232347610048,0.0,402.73,606.73,0,402.0,604.0,0.0,1.0740387657239552,462
1,463,1,1,4.718788582831621,35.63436369970441,0.11437609791755676,0.027690589427947998,0.06364692854506115,0.15130165219306946,0.2029534876346588,0.09830809547565877,0.14140620515755717,0.14635711908340454,0.05701609328389168,0.05701609328389168,0.020760505038753,0.03493515873932959,0.1677808314561844,717.207993058704,605.0755537959392,0.0,717.2142857142857,605.1388888888889,0,720.0,607.0,0.0,1.177428882809837,463
1,464,1,1,5.064794857054949,33.07868469879031,0.12494990229606628,0.019731037318706512,0.4030978669839147,0.14333249628543854,0.19096902012825012,0.1055165595219781,0.14444840479821097,0.15180835127830505,0.059861309826374054,0.059861309826374054,0.022365752896654174,0.02896982209489266,0.16854211315512657,1260.3340204360936,608.8907114482838,0.0,1260.6157205240174,609.17903930131,0,1257.0,607.0,0.0,1.1529771473832329,464
1,465,1,1,4.123735167086124,14.860796988010406,0.13999617844820023,0.02167670428752899,0.2223688016197975,0.19018541276454926,0.20608119666576385,0.1374578389028708,0.1580935849788341,0.1581539809703827,0.07912787050008774,0.07912787050008774,0.02527790006831694,0.02853602403833217,0.18095524609088898,283.77628145259365,611.3864219356938,0.0,283.5851063829787,611.5,0,283.0,612.0,0.0,1.1472054654965778,465
1,466,1,1,5.0457058772444725,31.511830866336823,0.11944783292710781,0.026764441281557083,0.26684810200173176,0.15367956459522247,0.19577714800834656,0.10297358933151984,0.14130865859343866,0.14205924421548843,0.0742989182472229,0.0742989182472229,0.01994314843980489,0.03202035451981766,0.17082404717803001,738.9177066044368,611.7412640620084,0.0,739.1838565022422,611.7219730941704,0,744.0,616.0,0.0,1.0899821915155508,466
1,467,1,1,9.52122624963522,63.37558776885271,0.16127673164010048,0.03105325996875763,0.343725973339206,0.2431247979402542,0.26576128602027893,0.1560856762235282,0.1926309658627742,0.19624117761850357,0.11534333974123001,0.11534333974123001,0.03510993562932181,0.03809826994068374,0.22592030465602875,303.30100397469937,617.4544272369523,0.0,303.4802431610942,617.7477203647417,0,305.0,621.0,0.0,1.237393378706271,467
1,468,1,1,5.619471035897732,22.754717394709587,0.14058953523635864,0.03921593725681305,0.20176963057769767,0.25445136427879333,0.25445136427879333,0.1404867758974433,0.17777122964616865,0.18849648535251617,0.08222748339176178,0.08222748339176178,0.05365909307572906,0.049755634272768946,0.21974746882915497,690.1097334329895,613.0816654418433,0.0,689.9375,612.9765625,0,692.0,619.0,0.0,1.0589655626580234,468
1,469,1,1,6.566108591854572,45.05937507003546,0.13060521706938744,0.03707415610551834,0.4241639165309737,0.2536506950855255,0.2621665596961975,0.1262713190741264,0.180961345662793,0.19955900311470032,0.08272535353899002,0.08272535353899002,0.0524483837419677,0.054228506016736476,0.22834698483347893,698.7976815754107,616.1206822611381,0.0,699.0602409638554,616.4538152610442,0,697.0,619.0,0.0,1.1441472347473374,469
1,470,1,1,10.180168464779854,62.13621900975704,0.25634944438934326,0.03669197857379913,0.22464813714874665,0.2929633557796478,0.38026195764541626,0.22622596588399674,0.2973024833002729,0.3131939023733139,0.14904004335403442,0.14904004335403442,0.0443679849414416,0.056626311250274695,0.34473317116498947,256.58386951566484,615.2540305720134,0.0,256.57416267942585,615.4784688995215,0,251.0,614.0,0.0,1.5428143142704502,470
1,471,1,1,5.092906229197979,38.34690107405186,0.13156555593013763,0.041220083832740784,0.4111942619599187,0.1759529411792755,0.26079002022743225,0.11071535280865172,0.1727337886218552,0.18175619840621948,0.06220436841249466,0.06220436841249466,0.02626810163979003,0.04941212725412784,0.21396300196647644,627.1287681699048,620.2249112071507,0.0,627.2657657657658,620.6126126126126,0,625.0,619.0,0.0,1.260540752391287,471
1,472,1,1,5.332698628306389,34.03477317839861,0.12168616056442261,0.02589939534664154,0.3258461056866055,0.20228616893291473,0.21255049109458923,0.11109788808971643,0.15330978909188564,0.1620425432920456,0.0844682902097702,0.0844682902097702,0.03041553349534671,0.035702759934795145,0.18293700367212296,736.7608702686302,625.2192455366417,0.0,736.9099099099099,625.509009009009,0,735.0,627.0,0.0,1.1200071934644311,472
1,473,1,1,11.658067338168621,105.37067642062902,0.19315514340996742,0.042896971106529236,0.16850213374565537,0.3028217554092407,0.329280287027359,0.17144216673777385,0.234678566638372,0.23647059500217438,0.09537693113088608,0.09537693113088608,0.03849820051113771,0.05272392689934334,0.2793431580066681,1181.7225754346039,625.4159616981387,0.0,1181.890868596882,625.4075723830734,0,1188.0,625.0,0.0,1.2588818720468706,473
1,474,1,1,8.671583734452724,37.91715481132269,0.16061626374721527,0.01981446146965027,0.6587824712520598,0.23082466423511505,0.23082466423511505,0.1734316746890545,0.17718296640804995,0.17396502196788788,0.11351223289966583,0.11351223289966583,0.034568677169683114,0.026300265920956134,0.19729596376419067,73.06042439324543,628.0360281600111,0.0,72.45327102803738,627.7803738317757,0,80.0,632.0,0.0,1.1460013433972829,474
1,475,1,1,11.621006295084953,84.03010554611683,0.24138207733631134,0.0708533525466919,0.3436708241424533,0.3187102973461151,0.44081786274909973,0.21129102354699916,0.308934211566606,0.3148937523365021,0.13563627004623413,0.13563627004623413,0.04163022291809465,0.07978499968076559,0.38387298583984375,87.57020789066566,633.0696816899712,0.0,87.4779411764706,633.4007352941177,0,87.0,630.0,0.0,1.1976485481388435,475
1,476,1,1,5.896710619330406,36.994726441800594,0.13367866724729538,0.03993702679872513,0.1014496866643245,0.15117116272449493,0.2670755088329315,0.1254619280708597,0.175330457070145,0.1709820106625557,0.08170237392187119,0.08170237392187119,0.01549657329278653,0.046006660290024065,0.2178272046148777,102.17519663496884,636.6009230423082,0.0,102.26540284360189,636.5545023696683,0,102.0,639.0,0.0,1.1333550500247964,476
1,477,1,1,4.766802806407213,48.96957278996706,0.09691566973924637,0.04936806857585907,0.9947608315170413,0.13086920976638794,0.2596302628517151,0.08362811941065286,0.14749871322279234,0.1475766897201538,0.044772710651159286,0.044772710651159286,0.022622799635919174,0.05498443574969441,0.1928018033504486,1207.8100085805193,636.628920303831,0.0,1208.25,637.5210843373494,0,1203.0,632.0,0.0,1.0858065561115544,477
1,478,1,1,8.06937937438488,49.68664026260376,0.18324881047010422,0.032768651843070984,0.22969407244756435,0.20225241780281067,0.27771735191345215,0.1754212907474974,0.21602887070697288,0.216378316283226,0.15133535861968994,0.15133535861968994,0.012401421393637035,0.03467429257663893,0.24862883239984512,1154.2578129584763,637.4317404440204,0.0,1154.2739130434782,637.6608695652174,0,1155.0,638.0,0.0,1.2075980921080374,478
1,479,1,1,5.583453342318535,36.44767598062754,0.12742680311203003,0.036832645535469055,0.43370345447013314,0.16508245468139648,0.26158103346824646,0.11632194463163614,0.16271283919923007,0.16033035516738892,0.08666505664587021,0.08652783930301666,0.01890367817464717,0.04437581364170411,0.19939285516738892,504.30809398747556,636.8176272960494,0.0,503.875,636.7946428571429,0,505.0,642.0,0.0,1.1862000846741805,479
1,480,1,1,9.180503390729427,102.31532891839743,0.15395377576351166,0.06379599869251251,0.11667852070778922,0.1851956695318222,0.3380311131477356,0.1311500484389918,0.22050717439309792,0.23086053133010864,0.09210249036550522,0.09210249036550522,0.021307945932727432,0.06771891488129535,0.2823529541492462,120.35587273792619,637.9058178217675,0.0,120.37068965517241,638.0215517241379,0,118.0,637.0,0.0,1.1327196727976665,480
1,481,1,1,7.103323742747307,29.99650962650776,0.15065577626228333,0.0077734291553497314,0.18629451882819315,0.19518208503723145,0.19518208503723145,0.1614391759715297,0.1587116911455437,0.15792857110500336,0.13231496512889862,0.13231496512889862,0.01241702851613454,0.011052083236853886,0.16630379855632782,188.9024684089858,637.5194433767693,0.0,188.8941798941799,637.3333333333334,0,192.0,644.0,0.0,1.0562989074253326,481
1,482,1,1,7.417983129620552,28.71957464516163,0.15992382168769836,0.011582762002944946,0.0622965670875178,0.20176048576831818,0.2245606929063797,0.1809264177956232,0.1719735008692313,0.17146234959363937,0.10626055300235748,0.10626055300235748,0.016697390101114786,0.016425674312123138,0.183116614818573,203.43588543750982,638.4365080937237,0.0,203.4550898203593,638.377245508982,0,208.0,643.0,0.0,1.1058505772641885,482
1,483,1,1,8.908421114087105,73.59955555945635,0.17031660303473473,0.03858503699302673,0.26916501787224173,0.19399960339069366,0.30183935165405273,0.1509901883743577,0.20968534347423462,0.20861126482486725,0.08754869550466537,0.08754869550466537,0.02510700981872079,0.049447473640568375,0.24972420930862427,69.39036863920724,643.4338651986469,0.0,69.12250712250712,643.4074074074074,0,73.0,644.0,0.0,1.1887965661756348,483
1,484,1,1,5.7972540482878685,27.5537426546216,0.1450444459915161,0.018076665699481964,0.12893084863462875,0.200404554605484,0.2067447006702423,0.13481986158808998,0.16113299798024328,0.1630977913737297,0.10287552326917648,0.10287552326917648,0.02590602116264123,0.026462760291308205,0.18098777905106544,696.3649407855278,642.5940601549883,0.0,696.4561403508771,642.5029239766081,0,694.0,639.0,0.0,1.1659579344695352,484
1,485,1,1,7.568815939128399,25.484383054077625,0.17303434386849403,0.020171403884887695,0.15833988895522383,0.22191666066646576,0.24956856667995453,0.16819590975840887,0.1887732078079824,0.19459417462348938,0.09631341695785522,0.09631341695785522,0.03978193950262941,0.033618296784006886,0.21458615362644196,597.175509141538,643.9137106951225,0.0,597.0518518518519,643.8148148148148,0,598.0,639.0,0.0,1.102179597219285,485
1,486,1,1,13.22567804157734,137.82952485978603,0.21158623695373535,0.11856886744499207,0.9817887202764286,0.39315539598464966,0.5817470550537109,0.2003890612360203,0.33616957282874643,0.32745030522346497,0.1611843705177307,0.1611843705177307,0.04502867161661121,0.12382316086188562,0.4521813243627548,1171.78416272466,642.4190357611219,0.0,1171.8243902439024,643.4,0,1174.0,641.0,0.0,1.113869245890738,486
1,487,1,1,6.257939696311951,38.982119508087635,0.1417202167212963,0.02860274165868759,0.0810874235517642,0.20092272758483887,0.24887019395828247,0.12515879392623902,0.17480771079859925,0.18223313987255096,0.09283602237701416,0.09283602237701416,0.026747922861240416,0.040467204242808176,0.20683911442756653,586.6909489417411,645.0126522857705,0.0,586.609865470852,645.0134529147982,0,589.0,649.0,0.0,1.22860341946008,487
1,488,1,1,11.428399614989758,92.95171826332808,0.11044321209192276,0.05880790948867798,0.8602554301987291,0.21799813210964203,0.3112451434135437,0.12840898443808715,0.1721328115987557,0.17164254188537598,0.0761091485619545,0.0761091485619545,0.0389884948048115,0.0659560463389127,0.22916379570960999,609.9785682065752,645.0982900563597,0.0,610.837037037037,645.1537037037037,0,609.0,645.0,0.0,1.1563254140894361,488
1,489,1,1,4.235878504812717,11.929547369480133,0.11831112951040268,0.022474363446235657,0.22335704065848322,0.19367294013500214,0.19367294013500214,0.13237120327539742,0.14201842106523968,0.1406717747449875,0.10075125098228455,0.10075125098228455,0.030040789656477336,0.025551372956089655,0.1642683446407318,701.7896198368696,647.9422767050469,0.0,701.952380952381,648.0952380952381,0,697.0,649.0,0.0,1.114393271592674,489
1,490,1,1,6.285200692713261,33.28577583283186,0.1529024988412857,0.02043081820011139,0.31365509814561426,0.19785988330841064,0.2186039239168167,0.14616745797007583,0.17336341579599926,0.17949913442134857,0.11131073534488678,0.11131073534488678,0.022943236033401298,0.026367183772140864,0.19510774314403534,129.91334152164205,649.8960876857112,0.0,130.08854166666666,650.15625,0,125.0,648.0,0.0,1.1187814014430006,490
1,491,1,1,7.179415162652731,59.050533305853605,0.1440708041191101,0.030284598469734192,0.2668516911480146,0.24818015098571777,0.25269654393196106,0.12168500275682595,0.1721589892298939,0.18439988791942596,0.040409740060567856,0.040409740060567856,0.05983763824328692,0.05013036390314485,0.20818200707435608,486.09669331971304,645.1115318498339,0.0,485.8338192419825,645.1574344023323,0,482.0,645.0,0.0,1.092220405530554,491
1,492,1,1,7.506988070905209,39.89936423301697,0.1302434764802456,0.04174633324146271,0.35423249941222384,0.25031962990760803,0.264565110206604,0.14164128435670204,0.17423303158522693,0.17480475455522537,0.09509029239416122,0.09509029239416122,0.04324750870068845,0.04477164542364789,0.21239127218723297,497.04223316269383,651.7999351412329,0.0,497.26637554585153,652.0742358078603,0,498.0,648.0,0.0,1.195140726721165,492
1,493,1,1,8.616204500198364,62.93392051756382,0.15444843471050262,0.04119505733251572,0.037677683992704346,0.2262832522392273,0.29566848278045654,0.15386079464639937,0.1972850172964383,0.1907871589064598,0.09305746853351593,0.09305746853351593,0.028424717660441846,0.04945429191744189,0.24374264851212502,1187.1628548352398,649.5424636538255,0.0,1187.128526645768,649.5579937304075,0,1190.0,644.0,0.0,1.05921125601669,493
1,494,1,1,5.892909958958626,51.44772933423519,0.12471065670251846,0.019263245165348053,0.3678038949019973,0.13884903490543365,0.19116787612438202,0.10160189584411423,0.14657472744796352,0.15478814393281937,0.0799124538898468,0.0799124538898468,0.014960624086833556,0.0291982582165026,0.1698518954217434,1266.0948941118618,650.9362973980013,0.0,1266.2279202279203,651.2792022792023,0,1264.0,645.0,0.0,1.099992621286039,494
1,495,1,1,8.852672755718231,43.45737758278847,0.18848728388547897,0.010630868375301361,0.17943703105737027,0.2232135385274887,0.2232135385274887,0.1844306824107965,0.19663971756917858,0.19928612560033798,0.15496496856212616,0.15496496856212616,0.018855074426104627,0.01548224263739622,0.20904980972409248,83.37763740863632,650.7978618699301,0.0,83.20361990950227,650.841628959276,0,88.0,643.0,0.0,1.1942142146630146,495
1,496,1,1,6.7173301465809345,50.31841607391834,0.10340094566345215,0.03816865384578705,1.1397843995409016,0.20730692148208618,0.2610715627670288,0.11012016633739237,0.15675519026142787,0.17759643495082855,0.035766348242759705,0.035766348242759705,0.06316251985459263,0.06280778200102738,0.2064294070005417,196.81549840343914,649.8476304186571,0.0,197.22118380062307,650.9127725856698,0,196.0,651.0,0.0,1.018455679725358,496
1,497,1,1,5.163713678717613,17.362836062908173,0.13290665298700333,0.01601751148700714,0.11683263242898077,0.18099139630794525,0.18446172773838043,0.13240291483891317,0.14840030822998437,0.15633080899715424,0.08243302255868912,0.08243302255868912,0.029758814017271012,0.02537707126055258,0.16868891566991806,807.2336572372416,651.8585224599738,0.0,807.3504273504274,651.8547008547008,0,805.0,650.0,0.0,1.0683240376501693,497
1,498,1,1,5.541638627648354,21.568198017776012,0.1381664238870144,0.016052693128585815,0.24255211254805814,0.18143856525421143,0.1938575804233551,0.13194377684877032,0.15296594338848235,0.16217533499002457,0.08465146273374557,0.08465146273374557,0.03233391920083449,0.027850524339410005,0.17508228868246078,805.508243667198,658.7482847226016,0.0,805.6028368794326,658.9716312056737,0,808.0,658.0,0.0,1.199008830649008,498
1,499,1,1,8.420843824744225,44.99482074379921,0.1707250475883484,0.03801216185092926,0.25928208380617285,0.2548663914203644,0.2929772734642029,0.175434246348838,0.20927823601767073,0.21110838651657104,0.13994824886322021,0.13994824886322021,0.030177163406439573,0.040128349940468766,0.2421337515115738,1195.7848363895293,658.5221360997798,0.0,1195.7813953488371,658.7813953488372,0,1196.0,654.0,0.0,1.0668937421364049,499
1,500,1,1,7.681919366121292,38.23075386881828,0.16161217540502548,0.02367493510246277,0.36457354097906836,0.25542712211608887,0.25542712211608887,0.1669982470895933,0.19020275556626012,0.19778451323509216,0.1277623027563095,0.1277623027563095,0.03549980724668494,0.03169099150183449,0.21633115410804749,118.85909444419262,658.4632742192604,0.0,119.16417910447761,658.2636815920398,0,114.0,663.0,0.0,1.1215630891424764,500
1,501,1,1,6.351030007004738,63.694411776959896,0.135289765894413,0.043018803000450134,0.3714594769359521,0.16004177927970886,0.2808014452457428,0.10764457638991082,0.18146556061811936,0.19195284694433212,0.06977463513612747,0.06977463513612747,0.021729012569173846,0.054478686609819214,0.22572235763072968,706.834453195884,659.6543658745888,0.0,706.8461538461538,660.025641025641,0,705.0,660.0,0.0,1.217832532837534,501
1,502,1,1,7.911364860832691,50.935136057436466,0.17385480925440788,0.04036612808704376,0.51025399119335,0.22794987261295319,0.32767796516418457,0.15822729721665382,0.2149161858963564,0.2208264321088791,0.09721842408180237,0.09721842408180237,0.03392538968827577,0.05426382086328664,0.255649633705616,1170.2460587564804,663.0433807982974,0.0,1170.3628691983122,663.5400843881856,0,1172.0,659.0,0.0,1.2145979885878733,502
1,503,1,1,10.112129151821136,44.353993594646454,0.2002507485449314,0.046745240688323975,0.2295817959154622,0.2867039144039154,0.34443897008895874,0.1982770421925713,0.24778767371310867,0.25296550989151,0.12977531552314758,0.12977531552314758,0.04284666283007111,0.056085956556649295,0.29455122351646423,113.29010842870446,666.7040314554857,0.0,113.4804469273743,666.8324022346369,0,110.0,667.0,0.0,1.2329265714441617,503
1,504,1,1,5.995833918452263,37.98530896008015,0.15002500638365746,0.026172496378421783,0.24098687190975468,0.1702386736869812,0.2357904314994812,0.13324075374338362,0.17833478385014154,0.18593234568834305,0.1089533120393753,0.1089533120393753,0.014535687777703156,0.03311676817683043,0.20535627007484436,526.4947727208587,667.475023339075,0.0,526.6760563380282,667.6338028169014,0,522.0,665.0,0.0,1.2067147746285654,504
1,505,1,1,3.772547170519829,10.85689877718687,0.13350187987089157,0.010559655725955963,0.09228494058590471,0.1614881306886673,0.16988182067871094,0.13008783346620098,0.1409986854180113,0.14419787377119064,0.06774215400218964,0.06774215400218964,0.020791523872700262,0.01761286454332342,0.1529887616634369,753.3719951806063,667.7104399007567,0.0,753.4025974025974,667.6233766233767,0,755.0,670.0,0.0,1.0426148523774783,505
1,506,1,1,5.197622060775757,18.76095701754093,0.14574545994400978,0.02343875914812088,0.15199354844998794,0.22429460287094116,0.2350488007068634,0.1485034874507359,0.17867578111943744,0.18803903460502625,0.1004299446940422,0.1004299446940422,0.03589516122940602,0.03519471859464516,0.2072541043162346,860.820381581591,669.257596295353,0.0,860.6761904761905,669.2095238095238,0,860.0,673.0,0.0,1.273163285729664,506
1,507,1,1,8.4094969779253,57.62205669283867,0.16471070423722267,0.025482147932052612,0.3055429918215438,0.2176198959350586,0.2574756443500519,0.1528999450531873,0.19017180426679428,0.1963309943675995,0.06575401872396469,0.06575401872396469,0.029020625076230187,0.03362691609024332,0.21884866058826447,1203.0333122966376,669.9345304660391,0.0,1203.2376237623762,670.1617161716172,0,1204.0,664.0,0.0,1.038089331909364,507
1,508,1,1,4.19825753569603,16.66844167560339,0.12782859429717064,0.01460961252450943,0.10871756153339256,0.1635621041059494,0.18290723860263824,0.1234781628145891,0.14007093845044866,0.1424090564250946,0.07007625699043274,0.07007625699043274,0.02127484644117301,0.02081941557814789,0.15700647607445717,759.356948370987,673.4883899212441,0.0,759.453781512605,673.5378151260504,0,761.0,675.0,0.0,1.116957993376211,508
1,509,1,1,9.050463020801544,44.25699432194233,0.22525278851389885,0.010476768016815186,0.17616671016423763,0.24945293366909027,0.2619470953941345,0.21548721478098914,0.234163991121388,0.2388773411512375,0.17078432440757751,0.17078432440757751,0.022581625246373693,0.019226293923998928,0.24864904209971428,73.20194737410802,674.0065876847829,0.0,73.21164021164022,673.8306878306878,0,70.0,676.0,0.0,1.217610172530446,509
1,510,1,1,5.975068092346191,36.62146715819836,0.12014717794954777,0.013909757137298584,0.07183879351695317,0.14948299527168274,0.18792147934436798,0.11490515562204215,0.13613928311597903,0.1386972814798355,0.07053670287132263,0.07053670287132263,0.016816982837275646,0.0206933427066194,0.14961160719394684,848.1337393937681,675.9502697508506,0.0,848.1115241635688,676.0185873605948,0,851.0,678.0,0.0,1.0763230789091387,510
1,511,1,1,5.8960544392466545,20.76579313725233,0.13239921629428864,0.038225144147872925,0.24344502835835352,0.2134803980588913,0.25831127166748047,0.14380620583528425,0.17304827614376941,0.17062436044216156,0.10870515555143356,0.10870515555143356,0.028936721999049703,0.040888093685803345,0.20707598328590393,865.2433934277535,674.428780508978,0.0,865.1916666666667,674.6666666666666,0,864.0,676.0,0.0,1.0215575075355379,511
1,512,1,1,6.637776643037796,38.91738495975733,0.12776881456375122,0.020128004252910614,0.2545262774140619,0.16838641464710236,0.19378270208835602,0.12068684805523265,0.14797484775573128,0.1524944305419922,0.0897739827632904,0.0897739827632904,0.019244103257171213,0.025721587844006317,0.17035841941833496,878.4598024079432,672.2406640987967,0.0,878.7072243346007,672.3003802281369,0,878.0,674.0,0.0,1.147374729786858,512
1,513,1,1,7.124911740422249,34.22713625431061,0.16041382402181625,0.02335856854915619,0.36163883669345726,0.2292756587266922,0.2292756587266922,0.16569562187028486,0.1840168615823151,0.18816328048706055,0.1324714869260788,0.1324714869260788,0.028991264562672,0.02659961004200633,0.20855173468589783,116.36616327609647,677.3303395021217,0.0,116.46774193548387,677.6774193548387,0,119.0,670.0,0.0,1.1720064325560575,513
1,514,1,1,5.811638653278351,26.243204183876514,0.1402289979159832,0.024671733379364014,0.14339785106408853,0.21858695149421692,0.22276215255260468,0.13515438728554305,0.1693109947346872,0.18150322884321213,0.07474149763584137,0.07474149763584137,0.033975139536638804,0.037195830363691194,0.20059304684400558,787.0943239406911,676.4585170269273,0.0,787.0709677419355,676.6,0,790.0,673.0,0.0,1.2763890816866321,514
1,515,1,1,5.516512729227543,21.864479772746563,0.1723841056227684,0.028444021940231323,0.2255743637422561,0.2536918818950653,0.27472007274627686,0.17239102278836071,0.20626867710138266,0.21943989396095276,0.10718954354524612,0.10718954354524612,0.04068559231209442,0.040006593717574944,0.2376810982823372,103.07949589500538,674.0869042624424,0.0,102.85849056603773,674.1320754716982,0,104.0,677.0,0.0,1.233316659611431,515
1,516,1,1,5.61495865881443,31.477180317044258,0.13240956515073776,0.023003488779067993,0.12645909074294434,0.15109890699386597,0.2155478447675705,0.12761269679123705,0.15660288714947393,0.1538260653614998,0.10694070905447006,0.10694070905447006,0.010009931491665642,0.026570650886547333,0.1770089566707611,746.6662249616711,676.2501424183685,0.0,746.636815920398,676.3731343283582,0,750.0,679.0,0.0,1.183082468122548,516
1,517,1,1,6.360420063138008,52.96525526791811,0.13540799543261528,0.037240758538246155,0.6219123513279889,0.30004119873046875,0.30646631121635437,0.12000792571958506,0.1783341928212731,0.18659617751836777,0.07387616485357285,0.07387616485357285,0.04952031154003072,0.05130641735757227,0.2174038514494896,340.7917706934052,675.8398240107211,0.0,340.962962962963,676.4377104377104,0,341.0,668.0,0.0,1.0249655264985642,517
1,518,1,1,6.298799075186253,13.658264763653278,0.1133447140455246,0.03207676112651825,0.4099092882242203,0.21281534433364868,0.2129480242729187,0.13693041467796202,0.14530068897503487,0.1504894495010376,0.07042652368545532,0.07042652368545532,0.04690998900519847,0.04104918681747227,0.1806645765900612,793.8202668556074,678.8784832982678,0.0,793.8510638297872,679.2872340425532,0,794.0,684.0,0.0,1.0524840988726494,518
1,519,1,1,7.758930798619986,57.03624425455928,0.15412677824497223,0.028454169631004333,0.35325107151496893,0.17546740174293518,0.24897401034832,0.1385523356896426,0.18049444384354202,0.17783857882022858,0.06160793825984001,0.06160793825984001,0.029341477617214947,0.03703901076150191,0.21096187829971313,1187.075923307403,677.3377702578695,0.0,1187.0474683544303,677.6898734177215,0,1182.0,676.0,0.0,1.0546222231704496,519
1,520,1,1,7.3307643458247185,24.06809700280428,0.1274837851524353,0.010941937565803528,0.09760604233042633,0.19587376713752747,0.19587376713752747,0.14661528691649436,0.13993079652793186,0.13838471472263336,0.0746598094701767,0.0746598094701767,0.02553926789934972,0.018249418801328427,0.14936764538288116,688.9221350064547,678.8235029364854,0.0,689.0058139534884,678.7732558139535,0,683.0,678.0,0.0,1.011804547447062,520
1,521,1,1,5.328338980674744,16.193195298314095,0.1380407214164734,0.009990662336349487,0.14454044518682702,0.19642923772335052,0.19642923772335052,0.15671585237278657,0.14856142475517517,0.14915182441473007,0.12011684477329254,0.1071845218539238,0.019004308325664274,0.01880362453931687,0.157224640250206,701.0817161390524,675.8987646454169,0.0,700.9633027522935,675.9816513761468,0,705.0,679.0,0.0,1.0115751302599414,521
1,522,1,1,3.8253301978111267,16.091704696416855,0.12332726828753948,0.025718525052070618,0.43186175959202094,0.20643088221549988,0.20643088221549988,0.12751100659370423,0.15623014268365878,0.16773255914449692,0.07852152734994888,0.07852152734994888,0.04387353103268867,0.03877114189850951,0.1909538246691227,798.8788373673627,679.976476985763,0.0,799.3106796116505,679.9805825242719,0,795.0,683.0,0.0,1.0935058193757279,522
1,523,1,1,8.229393854737282,69.98978105187416,0.1698584482073784,0.04087291657924652,0.2163936959734506,0.21203990280628204,0.302743524312973,0.1349080959792997,0.20707035814163952,0.2098059207201004,0.08772969990968704,0.08772969990968704,0.034905642010894994,0.05398323228928028,0.25185850262641907,608.5594604809215,678.358618019475,0.0,608.4142011834319,678.198224852071,0,607.0,680.0,0.0,1.1814857706489106,523
1,524,1,1,5.302780270576477,19.159821063280106,0.15674278140068054,0.03392481803894043,0.3252670832775,0.24855627119541168,0.2536918818950653,0.1657118834555149,0.19159821063280105,0.19622863829135895,0.12250076979398727,0.12250076979398727,0.03527817901279203,0.037611086766548715,0.2275380790233612,106.71709446791199,683.075540430772,0.0,106.74,683.4,0,106.0,683.0,0.0,1.1970207632965397,524
1,525,1,1,3.4873098134994507,10.628194876015186,0.1156278233975172,0.009658962488174438,0.28436641211780983,0.15371137857437134,0.15371137857437134,0.12454677905355181,0.12216315949442742,0.1262015625834465,0.04821629822254181,0.04821629822254181,0.02456334778642079,0.018577001075019854,0.13395924493670464,696.3953580301778,682.6489383209506,0.0,696.4827586206897,682.919540229885,0,695.0,676.0,0.0,1.0104968718737422,525
1,526,1,1,8.636108107864857,35.22573155909777,0.2211221158504486,0.007716178894042969,0.2489246996513757,0.2473248392343521,0.25513508915901184,0.21590270269662143,0.22580597153267798,0.2314397245645523,0.10976191610097885,0.10976191610097885,0.03184527702612314,0.021069593101988193,0.23691116273403168,84.63350397390391,679.8345250286155,0.0,84.84615384615384,679.7051282051282,0,84.0,681.0,0.0,1.0831643572099523,526
1,527,1,1,5.691895522177219,33.703258983790874,0.12604208290576935,0.02273762971162796,0.35611369795986214,0.17057110369205475,0.21127957105636597,0.11383791044354438,0.14847250653652366,0.15486837923526764,0.049316249787807465,0.049316249787807465,0.03140924615041693,0.033307200736144196,0.17491738870739937,872.3390199980922,684.9275582071517,0.0,872.5418502202643,685.2202643171806,0,866.0,683.0,0.0,1.0808852662502595,527
1,528,1,1,7.6999256163835526,46.89583081007004,0.16905274987220764,0.03553153574466705,0.23587062903559616,0.23288770020008087,0.28689414262771606,0.16382820460390538,0.20750367615075238,0.2139948159456253,0.12463434040546417,0.12463434040546417,0.023921737349758467,0.04195922384135494,0.23965612798929214,1209.7262216004008,685.2886106754625,0.0,1209.924778761062,685.4159292035398,0,1209.0,686.0,0.0,1.1596502188309892,528
1,529,1,1,7.742619827389717,62.323218896985054,0.13649095594882965,0.025210045278072357,0.2558978870594,0.17809060215950012,0.22278685867786407,0.12097843480296433,0.16104190929453502,0.16373462975025177,0.09336209297180176,0.09336209297180176,0.020254032520424535,0.032240988015484036,0.18667751550674438,1287.5876759063103,683.6607412067664,0.0,1287.7260981912145,683.8759689922481,0,1284.0,679.0,0.0,1.160646775296925,529
1,530,1,1,5.894350729882717,24.871022395789623,0.12612470984458923,0.022439196705818176,0.336756023782126,0.1850639432668686,0.19655337929725647,0.1254117176570791,0.15165257558408307,0.15817607939243317,0.08714070916175842,0.08714070916175842,0.026521923859966778,0.029535383152706988,0.1783290058374405,1301.758735510672,683.9303778949679,0.0,1301.9207317073171,684.2256097560976,0,1300.0,689.0,0.0,1.2872024188968947,530
1,531,1,1,8.859356388449669,39.829437501728535,0.1896340735256672,0.01523543894290924,0.4942798043918048,0.23395110666751862,0.235922172665596,0.18849694443509935,0.1981564054812365,0.20252645015716553,0.10153336077928543,0.10153336077928543,0.03804946978438994,0.0267011296236142,0.2180846855044365,64.16242630481153,683.8719669850163,0.0,63.985074626865675,684.3333333333334,0,63.0,679.0,0.0,1.086620911709289,531
1,532,1,1,7.292331516742706,43.58701169490814,0.14866404980421066,0.031234003603458405,0.8244695111471266,0.2454698085784912,0.27638375759124756,0.1429868924851511,0.19372005197736952,0.22419311851263046,0.044359561055898666,0.044359561055898666,0.07428608868583375,0.06536454862189267,0.2429048866033554,87.87352566430403,689.8494437136351,0.0,88.46222222222222,690.4266666666666,0,84.0,692.0,0.0,1.0212185005157164,532
1,533,1,1,7.942411363124847,53.51628164201975,0.1576608046889305,0.021120361983776093,0.6578098796207181,0.20526406168937683,0.2323126643896103,0.13934055023026048,0.17319184997417394,0.17868782579898834,0.0776032954454422,0.0776032954454422,0.039601709815884234,0.03567777992302272,0.1996740847826004,603.24201153996,693.0479323798654,0.0,602.7022653721683,693.4239482200647,0,605.0,691.0,0.0,1.0858317787266172,533
1,534,1,1,7.5357626080513,44.708709970116615,0.17124517634510994,0.017864204943180084,0.14850199228131813,0.1980791538953781,0.24406221508979797,0.16382092626198477,0.19188287540822582,0.19585628807544708,0.13767185807228088,0.13767185807228088,0.01675391899838388,0.02454530486490327,0.21016775816679,1198.2056617606038,691.800068327145,0.0,1198.2103004291846,691.9484978540772,0,1197.0,690.0,0.0,1.1185052865456662,534
1,535,1,1,5.286766871809959,17.164938643574715,0.14477791637182236,0.027946189045906067,0.12113946392473726,0.24658124148845673,0.24658124148845673,0.15105048205171312,0.1751524351385175,0.18422642350196838,0.10714197903871536,0.10714197903871536,0.04059757289587735,0.03721497410247709,0.20256129652261734,771.4880581827932,691.4664325437739,0.0,771.4183673469388,691.3673469387755,0,772.0,696.0,0.0,1.3463808895860598,535
1,536,1,1,7.22406355291605,34.00161597877741,0.1945933997631073,0.03225892782211304,0.20797565283717123,0.2534366250038147,0.2888432741165161,0.18523239879271922,0.22369484196564085,0.22794035077095032,0.11578597128391266,0.11578597128391266,0.028120580636104852,0.03917855051066923,0.2556343972682953,624.8010945771972,694.4570972342723,0.0,624.8552631578947,694.6578947368421,0,622.0,692.0,0.0,1.1827299967672236,536
1,537,1,1,6.454418145120144,27.061599232256413,0.14534839987754822,0.032023847103118896,0.2908373573808279,0.24658124148845673,0.25086960196495056,0.14669132148000327,0.17687319759644715,0.17777205258607864,0.10670685768127441,0.10670685768127441,0.03614585529108418,0.03501583389485309,0.20779027044773102,779.77751263336,694.5531712059737,0.0,780.0653594771242,694.59477124183,0,774.0,696.0,0.0,1.17624989644107,537
1,538,1,1,5.368012480437756,31.637999191880226,0.12526115775108337,0.01307813823223114,0.44095260970127337,0.1687615066766739,0.1755780726671219,0.11421303149867565,0.13876315435035186,0.14476168155670166,0.0761091485619545,0.0761091485619545,0.02554094855558142,0.022397029368772088,0.15457683801651,1246.3627248017822,696.5866158513727,0.0,1246.5570175438597,696.9824561403509,0,1241.0,693.0,0.0,1.0908859376725875,538
1,539,1,1,7.399200014770031,34.70676126331091,0.1910574622452259,0.031911708414554596,0.21415224415607875,0.23957720398902893,0.30010390281677246,0.1804682930431715,0.22106217365166184,0.2266102209687233,0.12474285811185837,0.12474285811185837,0.028087944564104687,0.03998709253427575,0.2549993023276329,616.1813402267624,699.9998950765473,0.0,616.3312101910828,700.1528662420383,0,615.0,696.0,0.0,1.081408927307947,539
1,540,1,1,7.706201501190662,41.28907340019941,0.1621437668800354,0.027828916907310486,0.3872733806216608,0.24276074767112732,0.27257347106933594,0.14819618271520504,0.18767760636454278,0.19336079061031342,0.11513549089431763,0.11513549089431763,0.028399878349295166,0.037374680977529835,0.21487656235694885,783.3657467433227,706.7435752278853,0.0,783.709090909091,706.9227272727272,0,777.0,705.0,0.0,1.1794427893891823,540
1,541,1,1,10.975883074104786,82.17676182091236,0.1823800951242447,0.03204931318759918,0.46421664672208857,0.2673243284225464,0.30326712131500244,0.16630125869855736,0.21179577788894938,0.21460992097854614,0.10652770847082138,0.10652770847082138,0.04166390218411436,0.04465501108221488,0.2460739016532898,629.3356910833494,713.9164954182482,0.0,628.8865979381443,713.7989690721649,0,637.0,718.0,0.0,1.0841965315682942,541
1,542,1,1,7.287406355142593,32.040620654821396,0.2018510401248932,0.024857789278030396,0.10557391397036493,0.255104124546051,0.2857655882835388,0.1969569285173674,0.22563817362550279,0.22823970019817352,0.12663252651691437,0.12663252651691437,0.02930394955846484,0.03330378464530076,0.2521798610687256,642.3649311770786,708.4872594805121,0.0,642.2676056338029,708.5281690140845,0,647.0,709.0,0.0,1.146911241517434,542
1,543,1,1,7.414566084742546,62.92853959649801,0.14971700310707092,0.053597331047058105,0.5865555233004718,0.17904378473758698,0.30461063981056213,0.13240296579897404,0.1991409480901836,0.19627928733825684,0.10170777887105942,0.10170777887105942,0.022406436326610817,0.058671932617408364,0.25428006052970886,767.5917043732444,708.6839308127832,0.0,767.1962025316456,709.117088607595,0,767.0,707.0,0.0,1.1827580951083265,543
1,544,1,1,7.053737580776215,41.893733978271484,0.1600712276995182,0.028795085847377777,0.07966216589569323,0.18921032547950745,0.2530960142612457,0.1500795229952386,0.18956440714149994,0.18933235853910446,0.12500424683094025,0.12500424683094025,0.013489947850556464,0.03362514099288457,0.21672965213656425,356.515718361735,711.7388018428398,0.0,356.5656108597285,711.8009049773756,0,352.0,713.0,0.0,1.2242199857451739,544
1,545,1,1,4.673704244196415,16.118808962404728,0.1434067338705063,0.02124907076358795,0.2757574003654404,0.20919035375118256,0.20919035375118256,0.1416274013392853,0.16447764247351762,0.1744922697544098,0.09172558784484863,0.09172558784484863,0.035455973286468906,0.030715441215902643,0.18860800564289093,865.6956573541735,715.7849065193453,0.0,865.4489795918367,715.9081632653061,0,870.0,714.0,0.0,1.2258666808033345,545
1,546,1,1,7.639192797243595,34.44679658859968,0.12453639879822731,0.025714188814163208,0.094655427726593,0.1939987689256668,0.21881398558616638,0.12523266880727205,0.15516575039909766,0.16453209519386292,0.08251499384641647,0.08251499384641647,0.03450612984558146,0.03655416696691816,0.18760915845632553,871.6063126911988,719.7947157714168,0.0,871.518018018018,719.8288288288288,0,875.0,720.0,0.0,1.1112488104742897,546
1,547,1,1,6.452378902584314,40.985929396003485,0.16442649066448212,0.029598727822303772,0.29738813011997695,0.21127957105636597,0.2797756493091583,0.14338619783520698,0.197047737480786,0.2084742784500122,0.053110767155885696,0.053110767155885696,0.033426815918968414,0.04418648473722612,0.23059485852718353,366.6679106139479,718.734002643692,0.0,366.7067307692308,719.0288461538462,0,368.0,721.0,0.0,1.1426698359326384,547
1,548,1,1,6.666818402707577,47.332524970173836,0.13308897241950035,0.025169000029563904,0.45864344604321594,0.1902889460325241,0.22439588606357574,0.1257890264661807,0.16154445382311888,0.1692773848772049,0.09915827959775925,0.09915827959775925,0.024970997717096,0.03361743209688673,0.19037733599543571,780.3752276239911,721.1780189995827,0.0,780.4163822525597,721.6348122866895,0,777.0,716.0,0.0,1.1864687626697512,548
1,549,1,1,8.86486916989088,54.14737234264612,0.17004325985908508,0.018383964896202087,0.26037908986148833,0.23812083899974823,0.23812083899974823,0.16117943945256147,0.18607344447644716,0.18972939997911453,0.06275539100170135,0.06275539100170135,0.034740864920381774,0.028131028707648203,0.20626403018832207,648.7287539038982,722.3567435442674,0.0,648.9175257731958,722.5360824742268,0,643.0,717.0,0.0,1.0758276892510175,549
1,550,1,1,5.777431398630142,43.21609339863062,0.1541696935892105,0.0255298912525177,0.428511487480765,0.1952427178621292,0.24648188054561615,0.12036315413812797,0.1815802243639942,0.19785663485527039,0.06818588078022003,0.06818588078022003,0.03750083187533036,0.045638443600659176,0.21868886053562164,808.2279231572384,722.5540479601771,0.0,808.344537815126,722.9663865546219,0,811.0,717.0,0.0,1.2067191471926952,550
1,551,1,1,5.43138625472784,37.116003543138504,0.1231822520494461,0.025548845529556274,0.4101663306294483,0.15215806663036346,0.1998400092124939,0.11084461744342532,0.148464014172554,0.15484094619750977,0.0772659182548523,0.0772659182548523,0.01928351979123045,0.03353292171554379,0.17644651979207993,31.665296717754106,731.5453110787608,0.0,31.612,731.952,0,35.0,731.0,0.0,1.1128653813737037,551
1,552,1,1,5.846310056746006,43.464642591774464,0.11655005812644958,0.024114370346069336,0.32100832409455315,0.16029900312423706,0.19505684077739716,0.10826500105085196,0.14392265758865716,0.14941568672657013,0.08309607952833176,0.08309607952833176,0.01888887467258033,0.02905292923135286,0.17094875872135162,881.2397324167105,728.0779683865818,0.0,881.3973509933775,728.3576158940398,0,881.0,723.0,0.0,1.102644742682272,552
1,553,1,1,6.34038869291544,55.215955425053835,0.14042434841394424,0.025945208966732025,0.6298037235150898,0.1562051624059677,0.2232135385274887,0.11123488934939368,0.16097946188062343,0.1660178080201149,0.0361858569085598,0.0361858569085598,0.03677682082524208,0.040593505803023074,0.19201276823878288,86.22250297765115,731.5691774797416,0.0,85.95626822157435,732.1399416909621,0,87.0,726.0,0.0,1.1109442470832818,553
1,554,1,1,5.872581265866756,51.847671024501324,0.12684594839811325,0.03167442977428436,0.15274863756794066,0.12938205897808075,0.22980815172195435,0.10875150492345845,0.16304299064308592,0.17192687094211578,0.08625470846891403,0.08625470846891403,0.009060546975909623,0.03805455961152436,0.19663290679454803,938.66797405264,732.8495614070888,0.0,938.6415094339623,733.0,0,936.0,735.0,0.0,1.203736642921578,554
1,555,1,1,7.896198984235525,71.35905889049172,0.15800541266798973,0.036379337310791016,0.40507640135960266,0.18841996788978577,0.2896207869052887,0.12944588498746762,0.19443885256264776,0.20368248224258423,0.03871111199259758,0.03871111199259758,0.04211691348279613,0.05480920142285811,0.234637301415205,309.780832780515,735.5565183691714,0.0,310.1117166212534,735.7901907356949,0,311.0,735.0,0.0,1.1627916034147465,555
1,556,1,1,5.506481483578682,36.31095562875271,0.14154434949159622,0.03675471246242523,0.23649699038746674,0.18636663258075714,0.25224801898002625,0.12514730644497005,0.18338866479168034,0.1941787153482437,0.08459265530109406,0.08459265530109406,0.026564791803162374,0.04595932977097628,0.22436818480491638,487.35218657457017,737.2615492426897,0.0,487.45454545454544,737.4747474747475,0,492.0,736.0,0.0,1.252336628376542,556
1,557,1,1,7.586084276437759,49.20061129331589,0.1571429967880249,0.028441227972507477,0.1728230554032878,0.21151919662952423,0.2457161545753479,0.1517216855287552,0.188508089246421,0.19073059409856796,0.12906776368618011,0.12906776368618011,0.016958645222820035,0.03267462151395412,0.21661025658249855,320.91970989906355,750.2851111068807,0.0,321.03065134099614,750.4176245210728,0,323.0,751.0,0.0,1.094722385369347,557
1,558,1,1,5.26582146435976,31.858542189002037,0.14081938564777374,0.03662946820259094,0.15363078161174534,0.15563079714775085,0.25080573558807373,0.12843466986243318,0.17898057409551707,0.18307502567768097,0.09290171414613724,0.09290171414613724,0.016329580200444407,0.04112570865154714,0.21618285030126572,452.2565669406658,748.6917034192257,0.0,452.3314606741573,748.8258426966293,0,450.0,750.0,0.0,1.1823013878045843,558
1,559,1,1,4.386392816901207,18.814851596951485,0.12109441310167313,0.01881418377161026,0.21770718953129595,0.18713073432445526,0.18713073432445526,0.12901155343827078,0.14146504960113898,0.14197583496570587,0.10117293894290924,0.10117293894290924,0.025866093755309596,0.02239079632445889,0.16064758226275444,873.6675868166021,745.0529532224974,0.0,873.7218045112782,744.8421052631579,0,877.0,748.0,0.0,1.1165840866824503,559
1,560,1,1,6.886240020394325,50.879919201135635,0.12479292973876,0.022237688302993774,0.15916373685605784,0.16118063032627106,0.19140784442424774,0.11477066700657208,0.14705178959865792,0.15043525397777557,0.09336120635271072,0.09336120635271072,0.013386787798341975,0.025104438162364563,0.1695730984210968,33.91924136736508,751.5144921643194,0.0,33.910404624277454,751.6734104046243,0,30.0,751.0,0.0,1.1557867386593363,560
1,561,1,1,4.577771320939064,13.853699788451195,0.16436386108398438,0.008275076746940613,0.10164095699254821,0.201466903090477,0.201466903090477,0.16954708596070608,0.17317124735563993,0.17263397574424744,0.15642793476581573,0.15642793476581573,0.013999959927516185,0.011174662366842694,0.18090905249118805,476.0326748167731,749.0910500964737,0.0,475.9875,749.0,0,478.0,753.0,0.0,1.104474836897362,561
1,562,1,1,6.356548309326172,32.03113832324743,0.1099705845117569,0.024390652775764465,0.4327261916112572,0.19373534619808197,0.2048090547323227,0.11151839139168723,0.13572516238664167,0.13905540108680725,0.07514289021492004,0.07514289021492004,0.03124873948638982,0.031214266007336088,0.15892046689987183,874.9200672209873,753.924404399662,0.0,874.8516949152543,754.3516949152543,0,878.0,750.0,0.0,1.1217460025484074,562
1,563,1,1,8.422199122607708,66.29343061894178,0.15748818218708038,0.03402246534824371,0.27625299470929654,0.17740486562252045,0.2667512595653534,0.14274913767131708,0.19049836384753385,0.1911051720380783,0.11931420117616653,0.11931420117616653,0.01792514464739968,0.0394693705893936,0.22518227994441986,1320.5240084949714,751.0000949843111,0.0,1320.7327586206898,751.1810344827586,0,1319.0,750.0,0.0,1.2102186984860075,563
1,564,1,1,9.498350247740746,70.34091086685658,0.1740477830171585,0.02877669781446457,0.08477665078562834,0.22326424717903137,0.263039767742157,0.16098898724984315,0.20271155869411117,0.20774971693754196,0.1285608857870102,0.1285608857870102,0.025310616404241607,0.03461071052671765,0.23229952156543732,1301.9974477524586,755.6300405189759,0.0,1301.9682997118155,755.550432276657,0,1307.0,756.0,0.0,1.1247719237002165,564
1,565,1,1,6.858878713101149,43.56072837486863,0.18265701830387115,0.0345439612865448,0.461347815027991,0.2206040620803833,0.32214176654815674,0.14593358964044997,0.20547513384371996,0.21529468894004822,0.056681662797927856,0.056681662797927856,0.06312548694489475,0.06322410525739768,0.24983865022659302,127.39248355057735,758.0709178023707,0.0,127.2122641509434,757.6462264150944,0,123.0,759.0,0.0,1.1396205919764075,565
1,566,1,1,5.659071855247021,34.05839338898659,0.14511821419000626,0.03577585518360138,0.13928192455397984,0.19978542625904083,0.24943004548549652,0.131606322215047,0.183109641876272,0.19113241136074066,0.07981079816818237,0.07981079816818237,0.030660529622818285,0.04394995867987124,0.21991479396820068,992.6998648854631,758.1482141469976,0.0,992.6774193548387,758.010752688172,0,988.0,759.0,0.0,1.1487559084521195,566
1,567,1,1,8.050475001335144,46.33854667842388,0.17837021872401237,0.021431803703308105,0.08860592000578388,0.1950061321258545,0.2621150314807892,0.16429540819051314,0.20059976917066616,0.20266889780759811,0.12540286779403687,0.12540286779403687,0.0180887875018076,0.02953738051838084,0.22150814533233643,461.1481515156699,757.895423343187,0.0,461.06060606060606,757.9090909090909,0,459.0,759.0,0.0,1.1163160016391322,567
1,568,1,1,10.098596848547459,44.87266733497381,0.16036328300833702,0.011748723685741425,0.29825161640237596,0.19941112399101257,0.20376797020435333,0.1628805943314106,0.17192592848648972,0.17695726454257965,0.11909215897321701,0.11909215897321701,0.020739882702372005,0.018993294820056364,0.18562112376093864,475.0513278783843,759.6899544343285,0.0,475.3295019157088,759.5823754789272,0,474.0,764.0,0.0,1.05736365779868,568
1,569,1,1,6.224947404116392,60.28408379480243,0.13014568388462067,0.03933970630168915,0.30025004562311425,0.1388087272644043,0.2628423273563385,0.10550758312061681,0.16745578831889563,0.16908089816570282,0.058913227170705795,0.058913227170705795,0.025179216026990685,0.0480044447606249,0.20992371439933777,1282.4841647343567,758.9190555303395,0.0,1282.4444444444443,759.2166666666667,0,1282.0,759.0,0.0,1.1015900149344737,569
1,570,1,1,6.4606834053993225,38.019040152430534,0.15082410722970963,0.023367390036582947,0.09749233897300846,0.1665608137845993,0.23035186529159546,0.1468337137590755,0.1743992667542685,0.1751634031534195,0.12957292795181274,0.12957292795181274,0.00830661256938042,0.024976179248047535,0.1956934779882431,288.2806077198912,761.6457008544313,0.0,288.2844036697248,761.743119266055,0,284.0,762.0,0.0,1.118814736473534,570
1,571,1,1,8.088267371058464,52.415616653859615,0.14431676641106606,0.03940128535032272,0.4296347253420368,0.18626783788204193,0.2587994337081909,0.1444333459117583,0.18521419312317886,0.19061022251844406,0.1001189574599266,0.1001189574599266,0.020757223488981076,0.04139251013674549,0.22136635705828667,315.3902302818785,762.6834441155253,0.0,315.3922261484099,763.113074204947,0,321.0,761.0,0.0,1.1028460779976421,571
1,572,1,1,5.707108482718468,32.50427935272455,0.12689249590039253,0.03087513893842697,0.4315009103788498,0.22327552735805511,0.24022409319877625,0.12142784005783974,0.15855746025719294,0.162702776491642,0.059905555099248886,0.059905555099248886,0.04043622929182135,0.039845452779285764,0.18795951455831528,996.7708655492179,768.3055590831448,0.0,996.9512195121952,768.6975609756098,0,996.0,765.0,0.0,1.1538938269286272,572
1,573,1,1,6.2929657548666,27.42612512409687,0.16849838942289352,0.018795087933540344,0.17411156350061208,0.21670517325401306,0.22627250850200653,0.1656043619701737,0.18657227975576102,0.18924611806869507,0.12931986153125763,0.12931986153125763,0.02335703018050781,0.02365263412429701,0.20652677491307259,487.74579653409364,763.7818454917663,0.0,487.82312925170066,763.625850340136,0,487.0,764.0,0.0,1.184761953859846,573
1,574,1,1,12.304257303476334,76.11669754981995,0.2339688241481781,0.019531741738319397,0.27583128009593366,0.2634473741054535,0.3015369772911072,0.22371376915411514,0.2512102229366995,0.2568858861923218,0.1619783490896225,0.1619783490896225,0.026802295635823602,0.02935122789478276,0.2731509730219841,1310.5380432033098,769.1170019615556,0.0,1310.7095709570958,768.9009900990098,0,1314.0,771.0,0.0,1.0665585406844873,574
1,575,1,1,8.950204744935036,63.73382929712534,0.19478420913219452,0.03789655864238739,0.7225799044378656,0.22626817226409912,0.3573997914791107,0.15982508473098278,0.22053228130493197,0.22164349257946014,0.04257780686020851,0.04257780686020851,0.05988251591629637,0.06405075112702872,0.2662995606660843,135.02704121039287,769.3571568282672,0.0,135.6089965397924,769.7854671280277,0,133.0,772.0,0.0,1.0384474937061294,575
1,576,1,1,5.5362007692456245,18.545395582914352,0.15662410110235214,0.02131594717502594,0.35254238732589915,0.21677066385746002,0.2324160784482956,0.1628294343895772,0.18181760375406228,0.1922292411327362,0.11416757106781006,0.11416757106781006,0.034873773812026346,0.03342707482410998,0.21011528372764587,483.1388584574395,772.1517344605758,0.0,482.79411764705884,772.2254901960785,0,483.0,774.0,0.0,1.236168795340649,576
1,577,1,1,7.656375519931316,64.0465190038085,0.1459081768989563,0.051731809973716736,0.3097791324011391,0.1672014445066452,0.29680806398391724,0.13672099142734492,0.20267885760698892,0.2075897455215454,0.11860021948814392,0.11860021948814392,0.011330132304944932,0.05439900768759911,0.25540071725845337,300.39643983583755,772.709738762215,0.0,300.55696202531647,772.9746835443038,0,296.0,773.0,0.0,1.1379191122148804,577
1,578,1,1,6.217414140701294,37.22980432212353,0.15138116106390953,0.014346055686473846,0.31479887014331337,0.167964905500412,0.19950878620147705,0.1295294612646103,0.16257556472543025,0.168408565223217,0.06251872330904007,0.06251872330904007,0.027512842675312562,0.025878006490459866,0.18034246563911438,277.0265419271219,772.4675922934015,0.0,277.0829694323144,772.7772925764192,0,277.0,779.0,0.0,1.1101306568629972,578
1,579,1,1,10.053325206041336,68.14221259951591,0.17299871519207954,0.02328566461801529,0.06826556767623958,0.19281263649463654,0.24486693739891052,0.16480860993510388,0.1975136597087418,0.2005578652024269,0.1337064802646637,0.1337064802646637,0.012684157773612462,0.026858672035931213,0.22227958962321281,504.58058068201166,774.0481128937455,0.0,504.6231884057971,774.1014492753624,0,503.0,779.0,0.0,1.140135725743928,579
1,580,1,1,6.492193013429642,22.372299060225487,0.1635698527097702,0.04623939096927643,0.2954912464177387,0.2916977107524872,0.2916977107524872,0.18033869481749004,0.21105942509646686,0.21839727461338043,0.12573078274726868,0.12573078274726868,0.05213285043653028,0.04922350307118801,0.25505058467388153,319.1697444485349,775.831862165835,0.0,319.1981132075472,775.5377358490566,0,315.0,777.0,0.0,1.2055123152248925,580
1,581,1,1,4.892739400267601,23.43591570109129,0.08096443489193916,0.050740838050842285,1.0409415954450154,0.22642773389816284,0.24363300204277039,0.1164937952444667,0.15119945613607283,0.17242544144392014,0.035841409116983414,0.035841409116983414,0.07325262461709357,0.06859932528649965,0.2151990905404091,130.36011085870524,778.9657808444038,0.0,130.56129032258065,779.9870967741936,0,128.0,777.0,0.0,1.0466007157814232,581
1,582,1,1,7.102383472025394,30.61044719070196,0.15428708866238594,0.022889547049999237,0.4767319185336849,0.2033023089170456,0.23027098178863525,0.15783074382278656,0.17900846310352025,0.18912827968597412,0.09429808706045151,0.09429808706045151,0.0344191116566761,0.034672410257687886,0.2057204432785511,491.8004425205384,778.8818555493605,0.0,491.5906432748538,779.3099415204679,0,491.0,777.0,0.0,1.1861302767656676,582
1,583,1,1,9.372859794646502,62.495951130986214,0.19679446145892143,0.03610821068286896,0.7899873370090691,0.27419498562812805,0.30908820033073425,0.17684641121974531,0.22725800411267713,0.24435298144817352,0.03930594027042389,0.03930594027042389,0.07133401591624726,0.06404423522371325,0.27680638432502747,1318.887309030872,779.5316534129875,0.0,1319.5927272727272,779.8872727272727,0,1322.0,780.0,0.0,1.1100561196577419,583
1,584,1,1,7.9801478907465935,57.02435556799173,0.16011792421340942,0.021457254886627197,0.23310007020221368,0.17001153528690338,0.22984057664871216,0.14250264090618917,0.18160622792354056,0.18656574189662933,0.1079043447971344,0.1079043447971344,0.014138650504288862,0.028313419761635372,0.2056095227599144,1221.1386513840337,780.38139510362,0.0,1221.2229299363057,780.5987261146497,0,1220.0,776.0,0.0,1.306424142982139,584
1,585,1,1,8.014615014195442,39.60819432139397,0.1280437707901001,0.058115556836128235,0.4672559855697698,0.28267747163772583,0.2957913875579834,0.15121915121123475,0.1904240111605479,0.19585628807544708,0.09316567331552505,0.09316567331552505,0.05703578751952206,0.05941856151882254,0.2440614104270935,316.3161317873795,783.3251508139058,0.0,316.42788461538464,783.7788461538462,0,318.0,783.0,0.0,1.2255167985896525,585
1,586,1,1,12.660534664988518,137.67298731207848,0.24807241559028625,0.06566378474235535,0.04714864373208752,0.2814500629901886,0.4414691627025604,0.19182628280285632,0.3157637323671525,0.32984763383865356,0.13382548093795776,0.13382548093795776,0.03859593319716528,0.08283661758526593,0.3872707486152649,527.1061663816611,779.1723980474657,0.0,527.151376146789,779.1857798165138,0,521.0,780.0,0.0,1.356342078454943,586
1,587,1,1,7.591430082917213,44.90176925063133,0.18479957431554794,0.02685820311307907,0.2043876280765228,0.21970926225185394,0.27243757247924805,0.1765448856492375,0.21280459360488782,0.21853957325220108,0.1302737444639206,0.1302737444639206,0.02115571343348931,0.03356927424004385,0.24304485321044922,382.94860519254024,781.7091127901328,0.0,382.8909952606635,781.9052132701422,0,382.0,779.0,0.0,1.2934390009189758,587
1,588,1,1,4.876386106014252,32.01875673979521,0.12469258904457092,0.028874412178993225,0.23505027233678466,0.13782788813114166,0.2100585550069809,0.11340432804684307,0.15393633047978467,0.15388987958431244,0.10085688531398773,0.10085688531398773,0.0087265294377903,0.03166084371645919,0.1824072152376175,674.975854697052,782.9762311044349,0.0,675.1298076923077,783.1538461538462,0,672.0,785.0,0.0,1.1621417065428623,588
1,589,1,1,7.839114606380463,45.61820459365845,0.1744144856929779,0.02224108576774597,0.3406727356741678,0.22461171448230743,0.2764270007610321,0.1704155349213144,0.19834001997242803,0.19473440945148468,0.13162997364997864,0.13162997364997864,0.019437307505412126,0.03209548408528712,0.2218657284975052,394.4772674610304,792.3177736109039,0.0,394.80434782608694,792.4130434782609,0,391.0,791.0,0.0,1.248386129788138,589
1,590,1,1,7.302690342068672,26.669094413518906,0.15160426497459412,0.04311503469944,0.3360135606415458,0.2692960202693939,0.2738071382045746,0.16597023504701527,0.1932543073443399,0.19110345840454102,0.12672023475170135,0.12663482129573822,0.034946433366262956,0.04428254404269777,0.23651331663131714,354.8519670136427,792.6378994241168,0.0,354.9782608695652,792.9492753623189,0,351.0,795.0,0.0,1.1433881492514197,590
1,591,1,1,5.242503985762596,16.981563240289688,0.1681356132030487,0.037028998136520386,0.31035422639669474,0.2692960202693939,0.2899134159088135,0.1747501328587532,0.2021614671463058,0.20004357397556305,0.11980822682380676,0.11750422418117523,0.03776470612531231,0.04702173776152422,0.2415131777524948,347.0884254892127,791.858132383801,0.0,346.9404761904762,792.1309523809524,0,347.0,791.0,0.0,1.1023856211174843,591
1,592,1,1,10.15497775375843,41.13117764890194,0.17695170640945435,0.017376497387886047,0.35299065153102077,0.2438274472951889,0.2438274472951889,0.18133888845997198,0.19220176471449504,0.19243302941322327,0.1256536990404129,0.1256536990404129,0.027042378972331953,0.024491768286713886,0.21158242225646973,511.6907285651918,790.8469544579757,0.0,512.0373831775701,790.7803738317757,0,509.0,795.0,0.0,1.1241823168060412,592
1,593,1,1,4.271040938794613,30.580095700919628,0.11608868837356567,0.02465929090976715,0.41323626101235633,0.13873079419136047,0.19788044691085815,0.09932653346033983,0.14424573443830013,0.15617117285728455,0.038454748690128326,0.038454748690128326,0.02499454422678522,0.03657847849458223,0.17348803579807281,684.8511515382155,792.8789972699986,0.0,684.9575471698113,793.2783018867924,0,690.0,794.0,0.0,1.0893792093656791,593
1,594,1,1,5.829999275505543,21.901178427040577,0.15742868185043335,0.015623241662979126,0.26764921935081265,0.2117854654788971,0.2117854654788971,0.1575675479866363,0.1711029564612545,0.17542800307273865,0.10303729772567749,0.10303729772567749,0.03075556710239795,0.023492381306260815,0.1885407269001007,1213.0731186497737,793.2984322070773,0.0,1212.8125,793.359375,0,1218.0,794.0,0.0,1.2189583124354495,594
1,595,1,1,9.240676954388618,108.86705756187439,0.152218297123909,0.049075499176979065,0.32451483912640783,0.1544203758239746,0.3112560212612152,0.12487401289714349,0.2077615602325847,0.21804721653461456,0.07973452657461166,0.07973452657461166,0.01864263401218014,0.05751567607119562,0.25865912437438965,332.6103516412394,797.7234116296798,0.0,332.6812977099237,798.0400763358779,0,330.0,801.0,0.0,1.164006609508154,595
1,596,1,1,7.0125266425311565,30.06421198695898,0.15261228010058403,0.02515924721956253,0.8168301696599286,0.29052963852882385,0.29052963852882385,0.16696492006026564,0.17179549706833702,0.1708829179406166,0.036912087351083755,0.036912087351083755,0.07696866201080431,0.05239348513979431,0.20504022017121315,1301.6823193931114,793.8449145379241,0.0,1302.097142857143,794.5485714285714,0,1298.0,789.0,0.0,0.9107023333358115,596
1,597,1,1,8.669044248759747,36.773244850337505,0.16874097287654877,0.026459574699401855,0.4830265786285595,0.2827686071395874,0.2880540192127228,0.1970237329263579,0.19985459157792124,0.19005365669727325,0.08981697261333466,0.08981697261333466,0.05389322598469836,0.04515658380401311,0.22991466522216797,1314.2206917209082,795.1471873514608,0.0,1313.7391304347825,795.1847826086956,0,1318.0,798.0,0.0,1.024170175904345,597
1,598,1,1,5.764291360974312,21.38616344332695,0.18870024383068085,0.012479975819587708,0.24091047164264287,0.2341100126504898,0.2341100126504898,0.1921430453658104,0.20175625889931084,0.20931783318519592,0.13287325203418732,0.13287325203418732,0.029551585058511617,0.022198099565085748,0.21740508079528809,511.8362851621047,800.049679961443,0.0,512.0,800.2264150943396,0,507.0,797.0,0.0,1.1315313162465548,598
1,599,1,1,5.73110780864954,23.1716141551733,0.12370306253433228,0.027182675898075104,0.4555943481921829,0.2091236561536789,0.21170541644096375,0.13328157694533813,0.15144845853054445,0.14831160753965378,0.09262878447771072,0.09262878447771072,0.03573488603843656,0.03313541889252654,0.1781255453824997,1219.9809071522695,798.0519990697513,0.0,1219.8562091503268,798.4901960784314,0,1222.0,796.0,0.0,1.2265178561036927,599
1,600,1,1,6.201579213142395,28.943812802433968,0.145742766559124,0.023026585578918457,0.3325882044707027,0.20522336661815643,0.21987202763557434,0.14094498211687262,0.16352436611544616,0.1639324575662613,0.08199696987867355,0.08199696987867355,0.034544893619532335,0.03116514756368868,0.18961799144744873,1241.844052198642,797.0810773514185,0.0,1242.0790960451977,797.3163841807909,0,1245.0,798.0,0.0,1.2138718432902804,600
1,601,1,1,4.645384095609188,13.723199479281902,0.13425025343894958,0.019036240875720978,0.4098518192954775,0.20001766085624695,0.20001766085624695,0.14076921501846024,0.15419325257620115,0.16295599937438965,0.07952405512332916,0.07952405512332916,0.036935154072218486,0.02921679197796664,0.17708832398056984,1236.0065742678707,802.6190077113746,0.0,1236.0786516853932,803.0224719101124,0,1237.0,799.0,0.0,1.1611974878732831,601
1,602,1,1,7.742210537195206,51.05304892361164,0.1723644696176052,0.04856555908918381,0.4354330766355024,0.22993513941764832,0.3497368395328522,0.15484421074390411,0.22490329922295876,0.22790426760911942,0.12646432220935822,0.12646432220935822,0.023762461859806697,0.0588245655609374,0.2715519741177559,371.9317882080273,803.6211497272493,0.0,372.07929515418505,804.0308370044053,0,373.0,803.0,0.0,1.222770430066885,602
1,603,1,1,8.12214159220457,53.91477710753679,0.1592179834842682,0.0321362167596817,0.3989498738068977,0.18438252806663513,0.2560899555683136,0.14249371214393983,0.18851320666970905,0.1937323808670044,0.09726022183895111,0.09726022183895111,0.02403968244307737,0.0390586530577852,0.2213711217045784,355.92774135454493,806.0194865703354,0.0,355.6223776223776,806.2762237762238,0,357.0,808.0,0.0,1.2054779408952827,603
1,604,1,1,5.002439066767693,28.834099285304546,0.12353879027068615,0.03978017717599869,0.31128285442689835,0.20398634672164917,0.26134446263313293,0.12201070894555348,0.1610843535491874,0.16321522742509842,0.05803872272372246,0.05803872272372246,0.03915052100927118,0.051090844705493,0.20311568304896355,510.16129910719866,813.5381065594962,0.0,509.85474860335194,813.5921787709498,0,509.0,812.0,0.0,1.1616854368378966,604
1,605,1,1,6.242774911224842,38.00287889689207,0.13598211109638214,0.015513613820075989,0.20119160744261025,0.18833941221237183,0.21224135160446167,0.12485549822449685,0.15080507498766696,0.15264326333999634,0.0897311344742775,0.0897311344742775,0.024984367060608827,0.026039884082242646,0.1667318046092987,1113.316432179966,812.4521263080692,0.0,1113.3690476190477,812.2579365079365,0,1115.0,815.0,0.0,1.2527009129662803,605
1,606,1,1,7.378758445382118,45.03445182740688,0.15908360481262207,0.04204154014587402,0.22193031796376608,0.2129080593585968,0.3038211762905121,0.14757516890764236,0.20658005425416,0.21097224950790405,0.11485159397125244,0.11485159397125244,0.021545784101623246,0.050742230991008413,0.24749714136123657,377.61313300840806,817.2870606409826,0.0,377.5366972477064,817.4954128440367,0,377.0,814.0,0.0,1.2592208788762986,606
1,607,1,1,5.7082990780472755,32.99671417474747,0.11614960245788097,0.01900910586118698,0.48273395525599394,0.2025662660598755,0.2025662660598755,0.11416598156094551,0.13578894722118298,0.13958486169576645,0.046440329402685165,0.046440329402685165,0.03745926929041874,0.029823618484042556,0.15631012618541718,1123.0246999048268,819.6955669165875,0.0,1123.2962962962963,820.0946502057614,0,1115.0,820.0,0.0,1.1308314257350267,607
1,608,1,1,8.667574368417263,78.96913633495569,0.17791596427559853,0.038987383246421814,0.12367914994501841,0.18699876964092255,0.2971203625202179,0.14944093738650455,0.22244827136607237,0.23388457298278809,0.12220273911952972,0.12220273911952972,0.014058411415315176,0.047650428354574836,0.2636644020676613,186.25776306453616,820.961043416724,0.0,186.31549295774647,821.0704225352113,0,181.0,824.0,0.0,1.287280176111581,608
1,609,1,1,7.495215632021427,59.80479338020086,0.14396481961011887,0.03184296190738678,0.474434736301513,0.20179954171180725,0.2553784251213074,0.12922785572450737,0.17693725852130432,0.18253500759601593,0.09528981894254684,0.09528981894254684,0.026014859846117008,0.0394110969771009,0.20949552208185196,392.63356768577194,821.8430722760625,0.0,392.9230769230769,822.2189349112426,0,389.0,818.0,0.0,1.21463115120955,609
1,610,1,1,8.175180077552795,40.71598395705223,0.15492155402898788,0.01939304918050766,0.05949715594716555,0.20012564957141876,0.22588284313678741,0.1513922236583851,0.17474671226202673,0.17224446684122086,0.12504038214683533,0.12504038214683533,0.017208693807785867,0.024705748307834688,0.1955425813794136,953.942006186473,824.7452821423226,0.0,953.9742489270386,824.695278969957,0,951.0,827.0,0.0,1.0949234673501669,610
1,611,1,1,4.467106431722641,16.569516092538834,0.14294608682394028,0.02557891607284546,0.2544507928884303,0.20675814151763916,0.218221515417099,0.14890354772408804,0.16907669482182483,0.17724868655204773,0.11592632532119751,0.11592632532119751,0.025510390610995484,0.028839269193321335,0.19345849752426147,963.7710679196758,823.8583233206507,0.0,964.0,823.969387755102,0,964.0,824.0,0.0,1.157130477411387,611
1,612,1,1,7.5491935312747955,55.30508837103844,0.17061813175678253,0.019635185599327087,0.39019160078322784,0.2522825300693512,0.2560080587863922,0.1397998802087925,0.1843502945701281,0.1938452124595642,0.04380489140748978,0.04380489140748978,0.05906408198588147,0.04091904125640417,0.21033377945423126,542.6418629060689,829.5536369542672,0.0,542.47,829.2033333333334,0,546.0,831.0,0.0,1.0455746623449185,612
1,613,1,1,6.060822993516922,50.54187153279781,0.13777904212474823,0.036975495517253876,0.2166354632171071,0.14810563623905182,0.2533164620399475,0.11655428833686389,0.1761040819958112,0.1824985221028328,0.08996719866991043,0.08996719866991043,0.01565130928106678,0.04305043591411261,0.2103061079978943,983.0635795852869,829.4696168177356,0.0,983.2752613240418,829.5156794425087,0,984.0,833.0,0.0,1.2488597954371161,613
1,614,1,1,5.5765407755970955,28.419475980103016,0.1522870808839798,0.024814248085021973,0.07570196888934333,0.20533861219882965,0.2457169145345688,0.14298822501531014,0.17542886407470998,0.18132521212100983,0.08306949585676193,0.08306949585676193,0.03503568664723269,0.03652729078539069,0.2044316530227661,496.8932660973797,834.066752625336,0.0,496.91358024691357,833.9938271604939,0,498.0,836.0,0.0,1.1702505695108822,614
1,615,1,1,7.718662850558758,40.88478697091341,0.16212831437587738,0.031181514263153076,0.12698833844356439,0.22771242260932922,0.2780371606349945,0.15752373164405628,0.1984698396646282,0.20524628460407257,0.11321191489696503,0.11321191489696503,0.0330966006825758,0.04030751994547856,0.23063012212514877,31.269280801814258,835.9258759680174,0.0,31.310679611650485,835.8058252427185,0,32.0,836.0,0.0,1.2462254621851898,615
1,616,1,1,5.1518746092915535,33.64424159377813,0.1264168620109558,0.029628828167915344,0.14131862512983373,0.14358781278133392,0.2128002792596817,0.10961435338918199,0.1529283708808097,0.1570708304643631,0.0801975429058075,0.0801975429058075,0.015850030353906506,0.03569446224800187,0.18469737470149994,217.2541818371475,835.8937565124833,0.0,217.36818181818182,835.9772727272727,0,218.0,835.0,0.0,1.131145779544628,616
1,617,1,1,8.145956695079803,62.51009211689234,0.13903454691171646,0.02930094301700592,0.6368902046428527,0.16466225683689117,0.24344372749328613,0.13138639830773877,0.16580926290952874,0.168217271566391,0.09254852682352066,0.09153912216424942,0.022509887098879286,0.03708966740657213,0.19744475185871124,943.3780202587915,837.5732665536343,0.0,943.4058355437666,838.2095490716181,0,943.0,840.0,0.0,1.0919981780234085,617
1,618,1,1,7.889372728765011,48.39095076173544,0.15886914730072021,0.026559948921203613,0.29665941195327866,0.18894392251968384,0.2793029844760895,0.14885608922198135,0.1875618246578893,0.18580342829227448,0.12353295832872391,0.12353295832872391,0.016595267447634298,0.03592145628472292,0.2111196517944336,964.4831681706404,838.6429645074677,0.0,964.7674418604652,838.5581395348837,0,960.0,841.0,0.0,1.069654563726649,618
1,619,1,1,5.012956872582436,34.33236029744148,0.12664219737052917,0.041093870997428894,0.24765141148623848,0.17535074055194855,0.26837536692619324,0.11139904161294302,0.16829588381098767,0.1705406904220581,0.07818453013896942,0.07818453013896942,0.024349360329222275,0.04961495105359853,0.2047218382358551,211.24879877640822,847.4093798658218,0.0,211.33333333333334,847.6421568627451,0,211.0,847.0,0.0,1.1574926108785133,619
1,620,1,1,9.319957673549652,49.70890598744154,0.15965085104107857,0.0278051495552063,0.37108603018409514,0.22190725803375244,0.24437886476516724,0.15796538429745174,0.18758077731110015,0.19345983862876892,0.11540432274341583,0.10977484285831451,0.026800345172924775,0.03571302083688643,0.21644510701298714,17.755937232117695,852.1448855569029,0.0,17.505660377358492,852.4188679245283,0,19.0,858.0,0.0,1.0810988431429822,620
1,621,1,1,10.447326079010963,56.714838430285454,0.18020499125123024,0.017024606466293335,0.469976889176056,0.2656489610671997,0.2656489610671997,0.18655939426805293,0.1976126774574406,0.19581249356269836,0.1242067813873291,0.1242067813873291,0.03293634590416674,0.02931793842052283,0.21382763981819153,35.097218227618185,848.7879054166619,0.0,35.5609756097561,848.8641114982578,0,26.0,851.0,0.0,1.026585970679764,621
1,622,1,1,6.463846765458584,59.669552117586136,0.12942657619714737,0.04698505252599716,0.29324153731200153,0.17139644920825958,0.28833717107772827,0.11752448664470153,0.18359862190026505,0.18640094995498657,0.09580855816602707,0.09580855816602707,0.018580672819162262,0.053332829948054467,0.2260870262980461,861.0796383702669,847.5623879096562,0.0,861.3538461538461,847.4584615384615,0,860.0,851.0,0.0,1.2620315204108512,622
1,623,1,1,5.880519293248653,28.737261809408665,0.15204963088035583,0.04049105942249298,0.3813539927521787,0.25093749165534973,0.28721290826797485,0.143427299835333,0.18906093295663595,0.19153381884098053,0.08186028152704239,0.08186028152704239,0.04656234539837028,0.052618817818563354,0.2339879721403122,53.53029850606896,847.9710229806929,0.0,53.901315789473685,848.0592105263158,0,53.0,848.0,0.0,1.1875490713319898,623
1,624,1,1,7.899835869669914,61.841782212257385,0.14688805490732193,0.03137730062007904,0.38939434265203976,0.19279509782791138,0.2568509876728058,0.1362040667184468,0.1766908063207354,0.1787528097629547,0.09479041397571564,0.09479041397571564,0.02296003566150153,0.03861454851111338,0.2092667520046234,933.585726259372,852.8592089636146,0.0,933.9714285714285,852.8057142857143,0,932.0,854.0,0.0,1.0749324071529833,624
1,625,1,1,7.861564815044403,48.36262948811054,0.13723976910114288,0.032536037266254425,0.31779437207740574,0.19937953352928162,0.2548862397670746,0.14038508598293578,0.17334275802190158,0.17553940415382385,0.10829966515302658,0.10829966515302658,0.024145338774285117,0.036985053009052346,0.20476151257753372,960.9941022813119,851.0941272397081,0.0,960.8709677419355,851.3870967741935,0,957.0,852.0,0.0,1.1124398498182082,625
1,626,1,1,11.711462751030922,58.1586397588253,0.25260964035987854,0.028464049100875854,0.2366168305448984,0.43199461698532104,0.43199461698532104,0.26025472780068715,0.2823234939748801,0.28464052081108093,0.14808590710163116,0.14808590710163116,0.07245776472693184,0.04522971469555371,0.3101840168237686,181.6222594979001,853.0102245417542,0.0,181.6990291262136,852.7864077669902,0,181.0,858.0,0.0,1.3496330713318,626
1,627,1,1,6.093839481472969,30.437634252011776,0.14466436207294464,0.05007970333099365,0.6651510280170385,0.25360703468322754,0.2841936945915222,0.14863023125543828,0.1902352140750736,0.19262409210205078,0.07759882509708405,0.07759882509708405,0.05457386234800998,0.05929528891026676,0.24339808523654938,50.42017015954403,857.7296946297515,0.0,50.51875,858.3875,0,53.0,856.0,0.0,1.1872581243069145,627
1,628,1,1,6.876618601381779,53.294061064720154,0.1278359293937683,0.03631448745727539,0.16265208673685405,0.19810758531093597,0.24971075356006622,0.11655285765053862,0.16865209197696251,0.17401929199695587,0.08792856335639954,0.08792856335639954,0.026428294420291817,0.043489885556762684,0.20585858821868896,848.6010133176155,853.9685041671208,0.0,848.5221518987341,854.1107594936709,0,853.0,857.0,0.0,1.1750833230694409,628
1,629,1,1,8.357666946947575,57.84419269114733,0.15292488038539886,0.03499902784824371,0.18086891938035665,0.16624538600444794,0.2666967809200287,0.14165537198216227,0.190276949641932,0.19468209147453308,0.08721829205751419,0.08721829205751419,0.01708687030828162,0.04125143625116817,0.22297599911689758,918.0688828037586,856.4623791344316,0.0,918.2236842105264,856.5559210526316,0,918.0,862.0,0.0,1.152623749361514,629
1,630,1,1,14.996161684393883,74.5587328672409,0.3054082989692688,0.11135384440422058,0.5122707685962793,0.6190398335456848,0.6212553381919861,0.30604411600803844,0.4236291640184142,0.44584208726882935,0.1169004961848259,0.1169004961848259,0.13386194685858008,0.1352964876041657,0.5465098023414612,162.30081647226032,858.2125375304195,0.0,161.8693181818182,858.4886363636364,0,166.0,854.0,0.0,1.6040262886139014,630
1,631,1,1,13.0442114174366,36.002386689186096,0.37612849473953247,0.07032695412635803,0.06691898351806563,0.5997564792633057,0.5997564792633057,0.42078101346569674,0.4500298336148262,0.46843698620796204,0.23111838102340698,0.23111838102340698,0.10959722493096685,0.0891888098534459,0.5228589773178101,169.39680729068397,858.278104014958,0.0,169.45,858.2375,0,167.0,855.0,0.0,1.0,631
1,632,1,1,12.177304670214653,60.37142251431942,0.20079433917999268,0.013539254665374756,0.4404270175144071,0.24491475522518158,0.24718062579631805,0.1964081398421718,0.2103533885516356,0.2169385403394699,0.13334839046001434,0.13334839046001434,0.03416136678151482,0.026081319655084565,0.22960758209228516,898.0720577167647,859.2057669966725,0.0,898.3623693379791,858.8745644599303,0,894.0,862.0,0.0,1.1009817035177059,632
1,633,1,1,3.723886266350746,9.502995744347572,0.14037135988473892,0.025372222065925598,0.15475303876369162,0.20650561153888702,0.20650561153888702,0.14895545065402985,0.1638447542128892,0.17052437365055084,0.09963715821504593,0.09963715821504593,0.03445961136477433,0.030295763012048695,0.19282884150743484,1023.671856063581,855.9908772409725,0.0,1023.6206896551724,855.8448275862069,0,1026.0,856.0,0.0,1.054653744050307,633
1,634,1,1,7.957353554666042,36.06723715364933,0.1568502001464367,0.041761212050914764,0.6041596891831009,0.26285266876220703,0.2740378677845001,0.17298594684056615,0.20149294499245435,0.20629778504371643,0.12164322286844254,0.12164322286844254,0.0416269886424984,0.04425915475323801,0.2454218752682209,28.64098611915454,859.5019598812718,0.0,28.854748603351954,860.0670391061452,0,26.0,856.0,0.0,1.2168238383729237,634
1,635,1,1,4.439917452633381,16.152856297791004,0.11659975722432137,0.03141866624355316,0.5161861053093981,0.20110756158828735,0.2052343785762787,0.13058580743039355,0.1509612738111309,0.16125035285949707,0.07164302468299866,0.07164302468299866,0.0469957704860375,0.04047555424377392,0.1867154762148857,1029.4591019709992,859.540097871131,0.0,1029.8971962616822,859.8130841121496,0,1029.0,859.0,0.0,1.0667455739266112,635
1,636,1,1,14.479368418455124,61.34333324432373,0.3030584380030632,0.11026248335838318,0.6266295979780552,0.5725434422492981,0.5900934934616089,0.3367294981036075,0.406247240028634,0.4109896272420883,0.15458925068378448,0.15458925068378448,0.11891001662651314,0.12424337117728872,0.5221933126449585,176.48846647522743,862.3601625945886,0.0,176.39735099337747,862.9801324503311,0,176.0,862.0,0.0,1.4821195204383957,636
1,637,1,1,11.344215482473373,48.89464269578457,0.22942733764648438,0.02387566864490509,0.20608295041174401,0.29205161333084106,0.30083513259887695,0.22688430964946746,0.25074175741427984,0.256340891122818,0.16495588421821594,0.16495588421821594,0.033996146485173816,0.030569750019826872,0.27592677623033524,884.3132058291756,859.7887825976761,0.0,884.2102564102564,859.6102564102564,0,881.0,862.0,0.0,1.2310135841901204,637
1,638,1,1,9.536132276058197,41.61529628932476,0.19557244703173637,0.015015318989753723,0.2998006920550739,0.2514749765396118,0.25155550241470337,0.19461494440935095,0.20704127507126746,0.21262414753437042,0.1467934548854828,0.1467934548854828,0.029812196758069363,0.02562156235246429,0.22709129378199577,903.6171716309352,867.8194078287473,0.0,903.9004975124378,867.7213930348258,0,908.0,860.0,0.0,1.0796706907326001,638
1,639,1,1,4.316733554005623,16.731432497501373,0.11758384853601456,0.030503354966640472,0.46911673595010533,0.20739217102527618,0.21164682507514954,0.12333524440016065,0.150733626103616,0.16228189319372177,0.07379569113254547,0.07379569113254547,0.041878559604105275,0.04000823652383646,0.1839255951344967,1021.8527223406053,864.2051708230091,0.0,1021.936936936937,864.6666666666666,0,1024.0,865.0,0.0,1.033863585622855,639
1,640,1,1,7.080507695674896,70.85697192698717,0.13117849826812744,0.03359942138195038,0.1799027324698416,0.13879774510860443,0.23346444964408875,0.11238901104245867,0.16711549982779994,0.174256831407547,0.09135565161705017,0.09135565161705017,0.008748281522835792,0.03875068374198557,0.20218640565872192,1197.3762449081732,861.4652434480803,0.0,1197.3301886792453,861.6391509433962,0,1203.0,866.0,0.0,1.2447030467114264,640
1,641,1,1,7.461787976324558,47.891386948525906,0.13279125094413757,0.04006151854991913,0.3189817592802555,0.21421676874160767,0.281970351934433,0.13566887229681016,0.17607127554605112,0.17768847942352295,0.1042795181274414,0.1042795181274414,0.02748207207788261,0.04581848051399678,0.21361258625984192,947.7089157979302,862.2480715066296,0.0,948.0220588235294,862.3088235294117,0,942.0,862.0,0.0,1.0962830469825866,641
1,642,1,1,9.750723950564861,64.76698952168226,0.16050538420677185,0.03303596377372742,0.4209688447121982,0.272026389837265,0.272026389837265,0.16526650763669257,0.19508129374000682,0.2016964852809906,0.099037304520607,0.099037304520607,0.05012645809759306,0.0408901733866501,0.23019708693027496,878.1335315404822,872.7596784812785,0.0,877.7921686746988,873.0060240963855,0,885.0,869.0,0.0,1.1456547235058938,642
1,643,1,1,6.567890428006649,43.17467910796404,0.13742202520370483,0.037842437624931335,0.5369960856651713,0.20261642336845398,0.25071221590042114,0.131357808560133,0.17622318003250628,0.17957328259944916,0.09931831061840057,0.09931831061840057,0.026253457332066844,0.04364294192150948,0.2155517190694809,946.1051146643152,876.3898789996994,0.0,946.4367346938775,876.8122448979592,0,945.0,875.0,0.0,1.2257920349009628,643
1,644,1,1,7.7830218225717545,42.328110098838806,0.17944269627332687,0.018550977110862732,0.1739893296612084,0.2262324094772339,0.24211402237415314,0.1655962089908884,0.19779490700391966,0.2047090232372284,0.1331198513507843,0.1331198513507843,0.02386348619099623,0.027651726695840692,0.22002694755792618,985.3678368933615,877.5191871045962,0.0,985.5327102803739,877.5747663551402,0,983.0,872.0,0.0,1.168079519073133,644
1,645,1,1,8.693250551819801,51.953980430960655,0.2338910847902298,0.040080174803733826,0.462847848242481,0.2929489314556122,0.3964855968952179,0.21203050126389758,0.2748887853489982,0.2845388948917389,0.11332244426012039,0.11332244426012039,0.04695278971738346,0.06237645478884128,0.3191084638237953,199.5005383949258,880.6369754744362,0.0,199.9047619047619,880.8624338624338,0,196.0,882.0,0.0,1.333065813235379,645
1,646,1,1,6.221946038305759,44.098931327462196,0.13447530567646027,0.036126263439655304,0.17755533596510092,0.19835081696510315,0.25191614031791687,0.1244389207661152,0.17026614412147567,0.17083599418401718,0.08816061913967133,0.08816061913967133,0.025524046145293144,0.04164144225887805,0.20566687360405922,968.8759738082734,880.507819656445,0.0,968.7335907335907,880.6138996138997,0,972.0,878.0,0.0,1.248543941293297,646
1,647,1,1,5.31784950196743,19.339723020792007,0.20857280492782593,0.03174212574958801,0.2740409165881775,0.29990193247795105,0.30438023805618286,0.22157706258197626,0.2417465377599001,0.25064748525619507,0.17440757155418396,0.17440757155418396,0.04312230109996021,0.039518826263938676,0.27531978487968445,231.59164603652,884.3196818876739,0.0,231.375,884.4875,0,231.0,883.0,0.0,1.235119565403816,647
1,648,1,1,9.619688048958778,42.98916834592819,0.19187896698713303,0.027218379080295563,0.07639941786690116,0.30470871925354004,0.30558809638023376,0.19239376097917557,0.22045727356886252,0.2119019702076912,0.1276892125606537,0.1276892125606537,0.042507928282742025,0.0407546449595477,0.25445031374692917,240.612528749728,885.2388074349957,0.0,240.5794871794872,885.3076923076923,0,242.0,884.0,0.0,1.1682630754924415,648
1,649,1,1,5.033753585070372,43.417831402271986,0.11289406195282936,0.03759174421429634,0.6634005512585165,0.16082827746868134,0.22473300993442535,0.09497648273717682,0.15234326807814733,0.1583646610379219,0.046349309384822845,0.046349309384822845,0.026626920962086655,0.04492678905721273,0.1913950964808464,1202.9981171363509,887.7092172005885,0.0,1203.3684210526317,888.259649122807,0,1201.0,882.0,0.0,1.1181799063432876,649
1,650,1,1,7.058731719851494,41.23839282989502,0.1397441029548645,0.03255133330821991,0.35133924257789156,0.2046111673116684,0.26112794876098633,0.14405574938472437,0.17852118108179663,0.1834082007408142,0.11118771135807037,0.10674019902944565,0.02315022895491419,0.038157034836982594,0.21017907559871674,871.9964923933675,886.8351352504139,0.0,872.1298701298701,887.1601731601731,0,874.0,889.0,0.0,1.1260457156599901,650
1,651,1,1,5.643856421113014,44.21718253940344,0.1235516294836998,0.03551195561885834,0.5423984588516445,0.14354854822158813,0.23044359683990479,0.10648785700213234,0.15962881783178137,0.16433297842741013,0.08487775176763535,0.08487775176763535,0.018067360972686596,0.04217469049325982,0.1930311657488346,1218.0297871703654,883.7718701326907,0.0,1218.1191335740073,884.3068592057762,0,1217.0,879.0,0.0,1.1779532632493537,651
1,652,1,1,7.628306545317173,42.85982712358236,0.1636129766702652,0.012595325708389282,0.28140866797053304,0.18497255444526672,0.2172372192144394,0.149574638143474,0.1756550291950097,0.17971733212471008,0.10935342311859131,0.10935342311859131,0.02060930654145826,0.02172666359334974,0.1907612681388855,1003.5670091844555,888.828881188114,0.0,1003.7254098360655,889.061475409836,0,1002.0,883.0,0.0,1.1100202653979174,652
1,653,1,1,7.175604030489922,26.19308017939329,0.19179563224315643,0.027509868144989014,0.4525136426380976,0.2493824064731598,0.2876591682434082,0.18883168501289269,0.21827566816161076,0.22679394483566284,0.1012214720249176,0.1012214720249176,0.04131625303024379,0.04454696601847425,0.2505340576171875,977.1544000572371,888.1211244626784,0.0,976.7916666666666,888.3916666666667,0,978.0,886.0,0.0,1.117339890830519,653
1,654,1,1,7.765891134738922,50.82344327867031,0.18924834579229355,0.05009608715772629,0.31665672717824633,0.20469456911087036,0.38811826705932617,0.18490216987473623,0.2528529516351757,0.23492760211229324,0.1699836701154709,0.1676410436630249,0.007858997613871087,0.06655427181352323,0.31942398101091385,224.48949531407573,893.9807630193675,0.0,224.59701492537314,894.2786069651742,0,224.0,890.0,0.0,1.221580791919322,654
1,655,1,1,7.966716289520264,38.597445264458656,0.2217252030968666,0.030180662870407104,0.2645091538612007,0.31537050008773804,0.33014991879463196,0.22129767470889622,0.2573163017630577,0.2701812982559204,0.15136712789535522,0.15136712789535522,0.05190219069483325,0.045147132124454786,0.2928617596626282,257.2837623295798,894.2094197230977,0.0,257.25333333333333,893.9466666666667,0,259.0,898.0,0.0,1.2043556325856728,655
1,656,1,1,6.034010276198387,57.360810182988644,0.12324449606239796,0.04518965631723404,0.13560058887448728,0.14246866106987,0.2695011496543884,0.10403465993445495,0.16821351959820716,0.1693928837776184,0.07787813991308212,0.07787813991308212,0.015326031907257676,0.049846745789982945,0.2131224386394024,697.4973838572137,896.3756642744175,0.0,697.4809384164223,896.5102639296188,0,696.0,898.0,0.0,1.2238701627278556,656
1,657,1,1,8.311839632689953,53.45724554359913,0.16655271872878075,0.03760426491498947,0.45114327863894377,0.25782784819602966,0.28625476360321045,0.16297724769980299,0.20639863144246767,0.2112628072500229,0.1048627719283104,0.1048627719283104,0.03710032171463668,0.04504245366406418,0.2449844665825367,983.7757822289642,895.5070787256848,0.0,983.8803088803089,895.9459459459459,0,986.0,894.0,0.0,1.1657804534819953,657
1,658,1,1,7.80767934769392,44.843075193464756,0.17081419751048088,0.02427791804075241,0.11314847879022046,0.19850197434425354,0.2646125257015228,0.1561535869538784,0.19412586663837555,0.18982794880867004,0.11479245871305466,0.11479245871305466,0.02212689593100118,0.03625487532356271,0.22183671221137047,662.3867226193349,897.5683284146567,0.0,662.4285714285714,897.4632034632035,0,658.0,900.0,0.0,1.147520814879987,658
1,659,1,1,5.852640733122826,40.4060237929225,0.13368652015924454,0.028612591326236725,0.22922349302252645,0.14739149808883667,0.22711865603923798,0.12452427091750692,0.16627993330420782,0.17516224831342697,0.09781333804130554,0.09781333804130554,0.010928121549908389,0.0331446260093734,0.19484616816043854,885.5389039517671,899.1630558675402,0.0,885.4609053497942,899.3786008230453,0,885.0,895.0,0.0,1.1676889297798634,659
1,660,1,1,6.852955475449562,42.189046785235405,0.14955689013004303,0.03467059135437012,0.15158661171329238,0.17547157406806946,0.2620055079460144,0.1398562341928482,0.1850396788826114,0.18679535388946533,0.11512172967195511,0.11512172967195511,0.01736907889908239,0.0395706846001351,0.21958845853805542,676.0561517154847,897.1789983749148,0.0,676.188596491228,897.1052631578947,0,675.0,902.0,0.0,1.2071474846209356,660
1,661,1,1,7.011296719312668,75.93488104641438,0.15744921565055847,0.05049055069684982,0.15870368247155514,0.1702386736869812,0.32945936918258667,0.12300520560197663,0.21511297746859595,0.2249225452542305,0.0751672089099884,0.0751672089099884,0.020874607146206797,0.06362240668486949,0.2698109820485115,945.2578835042544,897.0734599023091,0.0,945.1813031161473,897.2124645892351,0,950.0,897.0,0.0,1.3497864608305952,661
1,662,1,1,12.609266728162766,39.79616820812225,0.23353024944663048,0.03412069380283356,0.503394459770333,0.37398025393486023,0.37398025393486023,0.26828227081197376,0.2782948825742815,0.2942635416984558,0.15644364058971405,0.15644364058971405,0.06704816857415313,0.055364996991199435,0.32180511206388474,258.4620759659155,902.6472366258599,0.0,258.73426573426576,902.2237762237762,0,260.0,907.0,0.0,1.1223939612782783,662
1,663,1,1,8.888940833508968,47.161903508007526,0.15903235971927643,0.009167023003101349,0.22521477697499995,0.1961830109357834,0.20750585198402405,0.15594633041243805,0.16783595554451078,0.16931457817554474,0.11911111325025558,0.11911111325025558,0.018920043920039552,0.0160541595455858,0.17803723737597466,728.3872724861163,904.0021940312798,0.0,728.4199288256227,903.7793594306049,0,728.0,906.0,0.0,1.0887213928186241,663
1,664,1,1,10.865208819508553,64.73559664189816,0.19362175464630127,0.04171089828014374,0.25099800960431784,0.34020286798477173,0.34020286798477173,0.2050039399907274,0.23626130161276698,0.23974065482616425,0.16047677397727966,0.16047677397727966,0.04874510660351837,0.04459604385551825,0.27384713292121887,238.6011557802199,903.1306343808777,0.0,238.35036496350364,903.1204379562043,0,246.0,908.0,0.0,1.0173924745622986,664
1,665,1,1,9.356136828660965,58.966451071202755,0.17262566089630127,0.031942859292030334,0.22731699558175894,0.19807755947113037,0.28744155168533325,0.15337929227313057,0.19921098334865794,0.19194446504116058,0.10587707161903381,0.10587707161903381,0.026244225847688724,0.043980993934133426,0.23827680945396423,744.4484918767341,905.1560774892871,0.0,744.6013513513514,905.3243243243244,0,745.0,905.0,0.0,1.1482331347866594,665
1,666,1,1,5.5409057810902596,35.17023126035929,0.1176847405731678,0.022682689130306244,0.25846854387819373,0.13319596648216248,0.1987965703010559,0.10655588040558192,0.14068092504143714,0.14265047013759613,0.08819051086902618,0.08372335135936737,0.013171461704829985,0.02818700524347019,0.16270555555820465,845.8353575740275,902.5493914069907,0.0,845.736,902.788,0,850.0,901.0,0.0,1.1724023554906695,666
1,667,1,1,9.71161187440157,84.52459876984358,0.1382327377796173,0.03509312868118286,0.5617183876643329,0.19352960586547852,0.24518261849880219,0.12948815832535426,0.17320614502017126,0.17550958693027496,0.09929976612329483,0.09929976612329483,0.023656076331315418,0.03890752620181482,0.207421213388443,864.5184488618254,903.2006537154668,0.0,864.7438524590164,903.7151639344262,0,863.0,904.0,0.0,1.1018292513592396,667
1,668,1,1,6.829334534704685,60.9387963488698,0.13335803151130676,0.03978383541107178,0.20911428411445582,0.14232026040554047,0.259672075510025,0.11382224224507809,0.17714766380485408,0.18510816991329193,0.07204707711935043,0.07204707711935043,0.015753749173993404,0.045913187372846755,0.21693925559520721,1008.4232402059563,908.3732003484324,0.0,1008.5261627906976,908.5552325581396,0,1004.0,911.0,0.0,1.148858104349279,668
1,669,1,1,8.866224266588688,57.367120660841465,0.1502162516117096,0.060194969177246094,0.6952375506866556,0.3530665338039398,0.3530665338039398,0.15554779415067874,0.20860771149396895,0.2159842550754547,0.03944746404886246,0.03944746404886246,0.0908924396140311,0.07313449048350765,0.27218664437532425,441.67592120481504,908.9532543991295,0.0,441.8181818181818,908.2727272727273,0,441.0,914.0,0.0,1.1769034222420045,669
1,670,1,1,3.964026838541031,14.4812246337533,0.12383833527565002,0.022449329495429993,0.3465513833428389,0.19107162952423096,0.19107162952423096,0.1366905806393459,0.1508460899349302,0.15756049752235413,0.10593022406101227,0.10593022406101227,0.025800374090573296,0.026318987039592644,0.17746742069721222,878.8569635502255,909.6113069517712,0.0,879.0208333333334,909.9166666666666,0,875.0,907.0,0.0,1.0667043692458904,670
1,671,1,1,13.218816712498665,68.02526421099901,0.19136562943458557,0.06559312343597412,0.8949075835957779,0.3965637981891632,0.4050813913345337,0.2240477408898079,0.2765254642723537,0.29777777194976807,0.09279030561447144,0.09279030561447144,0.09719078378518578,0.08911414171777557,0.34897515177726746,259.9896251183702,915.0889838796019,0.0,260.3536585365854,915.9065040650406,0,261.0,913.0,0.0,1.0938352468595347,671
1,672,1,1,11.514142602682114,58.11249180138111,0.220903217792511,0.07874917984008789,0.5479782794789667,0.4456805884838104,0.4509473741054535,0.24498175750387477,0.30266922813219327,0.3110649883747101,0.13946400582790375,0.13946400582790375,0.0854510119014236,0.08290074545813132,0.3815203011035919,657.8043841689939,913.0621559790161,0.0,658.2395833333334,912.7291666666666,0,652.0,916.0,0.0,1.2575033190743283,672
1,673,1,1,9.366944327950478,62.117188796401024,0.19372740387916565,0.05466260015964508,0.17564538833424448,0.3067757487297058,0.36476999521255493,0.1911621291418465,0.25250889754634565,0.24442295730113983,0.1495921015739441,0.1495921015739441,0.028874960444251266,0.06154069661045817,0.3127739578485489,227.08288943209234,914.8292841833597,0.0,227.15853658536585,914.9878048780488,0,228.0,914.0,0.0,1.2511430635370888,673
1,674,1,1,15.230674758553505,49.520133063197136,0.33092837035655975,0.022881925106048584,0.12145110884980054,0.3847956955432892,0.42212140560150146,0.31730572413653135,0.34873333143096574,0.3607243597507477,0.19134801626205444,0.19134801626205444,0.04954340540368641,0.04501931840907198,0.3773009330034256,249.6164762590302,912.0340840930118,0.0,249.5281690140845,911.9507042253521,0,250.0,914.0,0.0,1.0,674
1,675,1,1,8.074405312538147,50.47300647944212,0.16230139881372452,0.0442948043346405,0.49053787118786535,0.2262352854013443,0.30674293637275696,0.15527702524111822,0.2060122713446617,0.21039119362831116,0.0871114656329155,0.0871114656329155,0.033276948852212565,0.05296311200096487,0.25196172297000885,721.7939255953983,914.5337116570959,0.0,721.9795918367347,914.9877551020409,0,723.0,916.0,0.0,1.0740886944060601,675
1,676,1,1,10.376674443483353,55.413995176553726,0.23667792975902557,0.05543076992034912,0.3411151903819756,0.3739717900753021,0.39420685172080994,0.24131801031356634,0.29165260619238803,0.2992350161075592,0.14830660820007324,0.14830660820007324,0.06011748738058941,0.061309917659674654,0.34788911044597626,439.35005667542896,920.1885968905938,0.0,439.2736842105263,920.521052631579,0,440.0,919.0,0.0,1.1568141237089211,676
1,677,1,1,9.772310927510262,54.275617219507694,0.18526599556207657,0.03508402407169342,0.22115115324271548,0.24661995470523834,0.32072171568870544,0.17450555227696896,0.21710246887803078,0.22092114388942719,0.09850573539733887,0.09850573539733887,0.043080039239015835,0.051242015973211166,0.25324152410030365,624.4824047728488,920.4985234073293,0.0,624.688,920.58,0,624.0,921.0,0.0,1.1564641182947972,677
1,678,1,1,9.740592688322067,28.30881617963314,0.2146546021103859,0.05552767217159271,0.21103988298737356,0.3903641700744629,0.3903641700744629,0.26325926184654236,0.280285308709239,0.296851709485054,0.16145046055316925,0.16145046055316925,0.07307552328444067,0.06632448886105388,0.3333919644355774,246.30266729016938,919.6479368541442,0.0,246.15841584158414,919.8019801980198,0,248.0,918.0,0.0,1.0303556883810776,678
1,679,1,1,7.237576089799404,47.366357780992985,0.1479259543120861,0.04242609441280365,0.4364069602846399,0.19642110168933868,0.2842137813568115,0.14475152179598808,0.19654090365557256,0.20103547722101212,0.11014211922883987,0.11014211922883987,0.019028338652286047,0.04759475175885333,0.23843786865472794,302.83136151847367,920.7152748537565,0.0,303.0663900414938,921.0829875518672,0,299.0,922.0,0.0,1.232158501730946,679
1,680,1,1,12.217702984809875,52.58012901246548,0.23778966814279556,0.0705365240573883,0.45536310673204883,0.4333958923816681,0.4524087905883789,0.2599511273363803,0.3092948765439146,0.3027755320072174,0.11798571050167084,0.11798571050167084,0.08276703190778109,0.08600828808596937,0.3940948247909546,654.6713699563209,922.381835245448,0.0,654.864705882353,922.7941176470588,0,654.0,922.0,0.0,1.2704109418236527,680
1,681,1,1,9.538183227181435,56.2202967107296,0.1790563054382801,0.038326822221279144,0.15753828321749802,0.24292351305484772,0.3108285963535309,0.17663302272558212,0.21875601832968716,0.22217709571123123,0.13791465759277344,0.13791465759277344,0.02571020131437269,0.04344113930867237,0.2524418383836746,747.3927592816049,919.829140501959,0.0,747.2412451361868,919.7859922178989,0,748.0,921.0,0.0,1.1189224788643042,681
1,682,1,1,12.172318756580353,89.54480567574501,0.2388976812362671,0.06288169324398041,0.5917677228559418,0.2709118723869324,0.43563082814216614,0.21354945186983076,0.29948095543727427,0.3053051382303238,0.12655197083950043,0.12655197083950043,0.0390093558074145,0.07738827453019756,0.3644939064979553,639.5926966542844,923.120972179806,0.0,639.571906354515,923.7123745819398,0,637.0,924.0,0.0,1.0924370765611944,682
1,683,1,1,8.347326502203941,42.998031705617905,0.18786568939685822,0.0499795526266098,0.32775630882231616,0.298105388879776,0.3437010943889618,0.19874586910009384,0.2457030383178166,0.2596246153116226,0.13627415895462036,0.13627415895462036,0.05335291322359564,0.059679572146231354,0.29390352964401245,240.19588895903513,924.3846148660632,0.0,240.27428571428572,924.7028571428572,0,241.0,925.0,0.0,1.1970811288541834,683
1,684,1,1,8.663055330514908,47.075797721743584,0.17204605787992477,0.012755848467350006,0.07942406753300724,0.17510509490966797,0.2183128446340561,0.16345387416065865,0.18461097145781796,0.18567850440740585,0.15014006197452545,0.15014006197452545,0.005942875924221047,0.015848196083819877,0.19704783335328102,990.367914909884,924.6443794232835,0.0,990.3372549019608,924.7176470588236,0,993.0,923.0,0.0,1.084613826012115,684
1,685,1,1,8.414305351674557,57.998500525951385,0.15299316123127937,0.03197542577981949,0.7407582789797047,0.3811791241168976,0.3811791241168976,0.1529873700304465,0.1901590181178734,0.19756422191858292,0.0709693506360054,0.0709693506360054,0.08247324852674388,0.05446026368081421,0.2239321544766426,690.3410506359573,930.041037266367,0.0,691.0622950819672,929.872131147541,0,682.0,934.0,0.0,1.197488416976953,685
1,686,1,1,7.3584529012441635,53.950783744454384,0.14817359670996666,0.03668174147605896,0.4071233948120281,0.1916617602109909,0.31588849425315857,0.13140094466507435,0.1866809126105688,0.17414210736751556,0.04901833087205887,0.04901833087205887,0.03832234503252826,0.05857843761338547,0.23486380279064178,732.6894327254646,928.6336021941033,0.0,732.9204152249135,928.9688581314879,0,728.0,925.0,0.0,1.0200303686479548,686
1,687,1,1,6.81756316870451,56.73948933929205,0.15462926030158997,0.03646193444728851,0.35569542502402207,0.1720459908246994,0.2771347761154175,0.13110698401354826,0.19233725199760016,0.2003074437379837,0.09077463299036026,0.09077463299036026,0.02071156766256702,0.046562748210131795,0.231404859572649,1007.8591958742869,932.903852713054,0.0,1007.9830508474577,933.2372881355932,0,1004.0,935.0,0.0,1.2292596108302374,687
1,688,1,1,13.704843237996101,159.22452837228775,0.25409969687461853,0.10229361057281494,0.659411031235107,0.28402307629585266,0.5703097581863403,0.20454989907456866,0.3618739281188358,0.3746550679206848,0.1554793268442154,0.1554793268442154,0.03214088370137385,0.11768771828160757,0.4640546143054962,618.3889864917656,936.8073087418808,0.0,618.6136363636364,937.4272727272727,0,619.0,929.0,0.0,1.3155157159998756,688
1,689,1,1,7.530876912176609,63.751891888678074,0.1435125507414341,0.059741899371147156,0.7582489758122053,0.22665470838546753,0.34190604090690613,0.1255146152029435,0.20368016577852419,0.21148698776960373,0.04227885603904724,0.04227885603904724,0.054287051723704516,0.07696831800535409,0.2631813883781433,751.1831534735425,932.8825090574736,0.0,751.5974440894569,933.517571884984,0,747.0,932.0,0.0,1.0980370557435075,689
1,690,1,1,9.915894083678722,102.71764467656612,0.16521881148219109,0.022045642137527466,0.44498069016486635,0.19237002730369568,0.2682535648345947,0.1358341655298455,0.19199559752629183,0.2038882151246071,0.06325344741344452,0.06325344741344452,0.031184719407847485,0.03874012236957029,0.22038517892360687,967.5112211792533,927.879423478906,0.0,967.4,928.3102803738318,0,968.0,933.0,0.0,1.133791660867719,690
1,691,1,1,7.346996322274208,47.74604024738073,0.12996937334537506,0.039063915610313416,0.9388381666767341,0.24356727302074432,0.2502923011779785,0.13605548744952237,0.17052157231207404,0.18043410778045654,0.06577350944280624,0.06577350944280624,0.06221635634727807,0.0517922069321867,0.21383967995643616,437.47487938102466,933.2031595053129,0.0,437.4035714285714,934.1392857142857,0,439.0,929.0,0.0,1.0821462844081582,691
1,692,1,1,5.9248771369457245,43.699154786765575,0.14125017821788788,0.030926287174224854,0.4267807364479261,0.17943568527698517,0.2568185031414032,0.1161740615087397,0.17069982338580303,0.1746366024017334,0.0666225403547287,0.0666225403547287,0.03235358227977386,0.04644839874660987,0.20288662612438202,304.2820505765385,934.7562223383417,0.0,304.52734375,935.10546875,0,301.0,936.0,0.0,1.0620383034156375,692
1,693,1,1,12.13470807671547,53.97973319888115,0.2653184235095978,0.04185989499092102,0.47688641617583416,0.3898400068283081,0.40602853894233704,0.269660179482566,0.31383565813302994,0.3311765491962433,0.14664439857006073,0.14664439857006073,0.07772063844096092,0.0669302235899595,0.3673517107963562,681.4335360981368,939.5321988378023,0.0,681.7848837209302,939.8546511627907,0,681.0,935.0,0.0,1.360644762038983,693
1,694,1,1,6.6901383846998215,45.44415020942688,0.14603601768612862,0.04923497140407562,0.33396121538521556,0.21921391785144806,0.3013491928577423,0.14234336988723023,0.19337936259330588,0.19592629373073578,0.08890142291784286,0.08890142291784286,0.03605046267342011,0.05640394447863773,0.2428172379732132,646.3684140519983,938.6658128846624,0.0,646.4851063829788,938.9787234042553,0,646.0,937.0,0.0,1.1053566275127822,694
1,695,1,1,8.400518357753754,59.39265461266041,0.16600029170513153,0.029474526643753052,0.40176474953603,0.2121114730834961,0.2553350329399109,0.15000925638845988,0.1928332941969494,0.19797705113887787,0.08439581841230392,0.08439581841230392,0.02831131915525043,0.038410728783577285,0.22157064080238342,987.0617005761874,941.9309195852688,0.0,987.1233766233767,942.327922077922,0,989.0,940.0,0.0,1.1312287828135366,695
1,696,1,1,8.276880025863647,25.094286262989044,0.21068162098526955,0.0690426304936409,0.3200601741308626,0.37939372658729553,0.37939372658729553,0.23648228645324706,0.2757613875053741,0.2800719738006592,0.150490865111351,0.150490865111351,0.07788905396049324,0.07124269022512346,0.3482607901096344,676.8690062888691,945.5110301716368,0.0,676.7142857142857,945.7912087912088,0,675.0,941.0,0.0,1.3640126030846191,696
1,697,1,1,6.273290783166885,51.82825429737568,0.13828688859939575,0.050676897168159485,0.3033060585647371,0.1625964343547821,0.28569653630256653,0.12300570163072325,0.19054505256388118,0.1996403932571411,0.08547879755496979,0.08547879755496979,0.01936128146288354,0.05445717419736957,0.23889130353927612,662.7785429535,946.9739702671121,0.0,662.8345588235294,947.2720588235294,0,665.0,944.0,0.0,1.2325861692349351,697
1,698,1,1,9.017813339829445,55.988988943398,0.16299421712756157,0.03886385262012482,0.291875210826152,0.21310201287269592,0.2906455993652344,0.155479540341887,0.20067737972544086,0.20555493235588074,0.12010148912668228,0.11111851036548615,0.02248221207741781,0.045874488473970895,0.24227184429764748,634.0485163319414,946.990768845921,0.0,634.2401433691756,946.7706093189964,0,633.0,948.0,0.0,1.0471924993343438,698
1,699,1,1,9.591082714498043,82.31129531562328,0.19131925702095032,0.04689204692840576,0.22856331784389858,0.2060093730688095,0.36592134833335876,0.1598513785749674,0.23720834384905845,0.24546023458242416,0.08608846366405487,0.08608846366405487,0.03217233367579906,0.06164963331836424,0.28340373933315277,337.93615253761885,950.7757982510567,0.0,338.05475504322766,950.9711815561959,0,340.0,954.0,0.0,1.189165084032097,699
1,700,1,1,8.047006212174892,61.03669980913401,0.19432410597801208,0.060143694281578064,0.24603723022473115,0.20786671340465546,0.38122642040252686,0.1676459627536436,0.253264314560722,0.25604934990406036,0.10778273642063141,0.10778273642063141,0.022527885576036806,0.06646695513088086,0.3121451139450073,320.5460864262252,955.6633526836224,0.0,320.5643153526971,955.9087136929461,0,319.0,956.0,0.0,1.3249212023274788,700
1,701,1,1,5.0464306846261024,17.18685846030712,0.14731090515851974,0.035667046904563904,0.41542381549036134,0.2782747745513916,0.2889567017555237,0.162788086600842,0.18886657648689145,0.19168481975793839,0.10656941682100296,0.10656941682100296,0.04925035867552218,0.047616127487262495,0.22531452029943466,111.24030083887969,959.0966734284324,0.0,111.6043956043956,959.2967032967033,0,109.0,960.0,0.0,1.115657869250066,701
1,702,1,1,8.062231555581093,45.980155900120735,0.1632232517004013,0.036391422152519226,0.24714026237868358,0.24321117997169495,0.28051528334617615,0.16124463111162185,0.205268553125539,0.21547831594944,0.12467725574970245,0.12467725574970245,0.0318085787110848,0.04369864353944211,0.2431263029575348,635.600153268391,961.9359779522725,0.0,635.84375,961.9776785714286,0,640.0,963.0,0.0,1.2140584023865824,702
1,703,1,1,5.43513597548008,21.244624488055706,0.14226333051919937,0.029184751212596893,0.2819667018907276,0.262324720621109,0.262324720621109,0.14689556690486702,0.16995699590444566,0.16688641905784607,0.09932529181241989,0.09932529181241989,0.04277657197300754,0.03831403334576106,0.19803103059530258,104.09387365923648,962.119123829299,0.0,103.896,962.32,0,108.0,961.0,0.0,1.0917754856711601,703
1,704,1,1,5.345675554126501,40.86928755417466,0.09412334114313126,0.034065380692481995,0.42716108153353777,0.1482895463705063,0.20099569857120514,0.0971941009841182,0.13099130626338032,0.13628055155277252,0.046891648322343826,0.046891648322343826,0.028776166507519928,0.03911000224291568,0.16849233210086823,347.10568473676346,963.6135023656094,0.0,347.49679487179486,963.7852564102565,0,352.0,964.0,0.0,1.019267480542657,704
1,705,1,1,7.7916430830955505,34.02990247309208,0.19674354791641235,0.022831186652183533,0.25214142487238117,0.2661256790161133,0.2661256790161133,0.19004007519745245,0.21675097116619158,0.2234617993235588,0.1113547682762146,0.1113547682762146,0.03806198465817806,0.0316559577221065,0.24306612089276314,1089.3382176833434,962.5950663702533,0.0,1089.4203821656051,962.3566878980891,0,1091.0,967.0,0.0,1.1342546858198859,705
1,706,1,1,5.895930655300617,50.637567952275276,0.11457228660583496,0.02857494354248047,0.19499256994877925,0.13999687135219574,0.2101597636938095,0.0966546009065675,0.14720223241940486,0.1540732979774475,0.05671149864792824,0.05671149864792824,0.01868526933434993,0.036108590778278604,0.17740753293037415,558.1366570167636,968.556283231294,0.0,558.2645348837209,968.703488372093,0,552.0,975.0,0.0,1.1359087191619837,706
1,707,1,1,5.120503835380077,41.07989164441824,0.12065502256155014,0.02908821403980255,0.2916719896742534,0.14411009848117828,0.227993905544281,0.10241007670760155,0.1556056501682509,0.16192056238651276,0.08162744343280792,0.08162744343280792,0.01372749296856889,0.038277385101215304,0.18623322248458862,79.21574864214493,964.4096907436062,0.0,79.1969696969697,964.7007575757576,0,78.0,961.0,0.0,1.1532607356247648,707
1,708,1,1,5.705820918083191,33.42955116927624,0.1375715732574463,0.02396892011165619,0.18727730547392743,0.17050929367542267,0.22071845829486847,0.1326935097228649,0.16549282757067443,0.17004206776618958,0.11430982500314713,0.11430982500314713,0.013820555903349572,0.02921306340316953,0.18953483551740646,122.43491320132914,966.2660322418574,0.0,122.55940594059406,966.4059405940594,0,118.0,966.0,0.0,1.1338283233451545,708
1,709,1,1,9.052349418401718,48.672161132097244,0.1781260073184967,0.04861600697040558,0.2282187725448277,0.28155848383903503,0.35666757822036743,0.18104698836803437,0.23400077467354444,0.2426903396844864,0.12467725574970245,0.12467725574970245,0.04337307294234078,0.0602389873486834,0.28584155440330505,626.115346271803,967.2670202150169,0.0,625.9326923076923,967.4038461538462,0,630.0,969.0,0.0,1.1611433523132229,709
1,710,1,1,12.423881322145462,86.27111402153969,0.22460155934095383,0.06084558367729187,0.5594508059637958,0.31830769777297974,0.4172954857349396,0.21796283021307827,0.2895003826226164,0.30192553997039795,0.1497354358434677,0.1497354358434677,0.0490813379449605,0.07137182956317502,0.3510822355747223,1103.7820724816913,969.015086469168,0.0,1104.3221476510066,968.8691275167786,0,1103.0,970.0,0.0,1.1675912071721042,710
1,711,1,1,7.609170123934746,52.33347204327583,0.15569399297237396,0.028692975640296936,0.3082463740964526,0.1663248986005783,0.2501629590988159,0.1358780379274062,0.18234659248528165,0.18699675053358078,0.08164031058549881,0.08164031058549881,0.021696740555709845,0.03566662827064569,0.2109336256980896,597.183463395221,970.2890127934305,0.0,597.0522648083623,970.567944250871,0,595.0,964.0,0.0,1.1443998873347037,711
1,712,1,1,8.049434661865234,51.50816424190998,0.16070997714996338,0.03631529211997986,0.15987801399306423,0.1887647658586502,0.27344679832458496,0.15187612569557046,0.19810832400734607,0.19873954355716705,0.12726283073425293,0.12726283073425293,0.01733354606190048,0.041037996293626325,0.23465633392333984,610.8817076519708,973.721483178919,0.0,611.0230769230769,973.7961538461539,0,610.0,968.0,0.0,1.1673080642278324,712
1,713,1,1,5.747559018433094,33.35727647691965,0.12750788033008575,0.02979402244091034,0.5205675693798857,0.19266563653945923,0.227066308259964,0.12494693518332813,0.1558751237239236,0.1587396115064621,0.08686322718858719,0.08686322718858719,0.02579042233576089,0.035024383864697584,0.18560530245304108,109.47110399087173,973.8670170902741,0.0,109.3177570093458,974.3644859813085,0,113.0,974.0,0.0,1.129752568862372,713
1,714,1,1,11.744271144270897,44.330014288425446,0.22649474442005157,0.039339154958724976,0.18324119360039873,0.3085136115550995,0.3496372103691101,0.2302798263582529,0.2607647899319144,0.2665066719055176,0.15046006441116333,0.15046006441116333,0.04110503854671157,0.04997775244532561,0.3044583201408386,1090.7844765510824,973.4468878089482,0.0,1090.605882352941,973.4058823529411,0,1092.0,973.0,0.0,1.0233976263789524,714
1,715,1,1,5.0520265102386475,44.11897241324186,0.11327452398836613,0.030654463917016983,0.2950831893267833,0.13580083847045898,0.21131068468093872,0.09355604648590088,0.14560716968066623,0.15227284282445908,0.06935404241085052,0.06935404241085052,0.015257453164854886,0.03798325090215979,0.17867715656757355,59.253289526398135,971.615947174926,0.0,59.244224422442244,971.9108910891089,0,61.0,976.0,0.0,1.105302358064412,715
1,716,1,1,8.871170215308666,63.26262129098177,0.16859228163957596,0.04738858342170715,0.1688864798609794,0.22821399569511414,0.3121187090873718,0.1556345651808538,0.21444956369824328,0.22004051506519318,0.07337400317192078,0.07337400317192078,0.028868706493027512,0.05313683964270655,0.2629625275731087,338.4936958744233,975.5698921606369,0.0,338.6033898305085,975.6983050847458,0,339.0,973.0,0.0,1.0873270907463075,716
1,717,1,1,8.38268393278122,49.75160659849644,0.17902907729148865,0.061250537633895874,0.42712769184003224,0.27752450108528137,0.3767562508583069,0.18223225940828738,0.24388042450243352,0.24406221508979797,0.14346599578857422,0.14346599578857422,0.03936202547502711,0.06593111393642402,0.29805290699005127,624.1827782908855,979.3577032540037,0.0,624.1617647058823,979.7843137254902,0,628.0,977.0,0.0,1.2660286162055907,717
1,718,1,1,6.8725245743989944,34.17176325619221,0.19417697936296463,0.03862696886062622,0.44424586072372385,0.2904370427131653,0.3292521834373474,0.1963578449828284,0.2423529308949802,0.2590789347887039,0.13867102563381195,0.13867102563381195,0.054225063649795326,0.05604218537982753,0.2916015088558197,1082.1905750376359,980.1088299958919,0.0,1081.8652482269504,980.4113475177305,0,1084.0,981.0,0.0,1.1339826611401262,718
1,719,1,1,7.604970142245293,24.300349563360214,0.22511589154601097,0.024511568248271942,0.3855800405258611,0.2822881042957306,0.32133206725120544,0.2304536406740998,0.2454580763975779,0.2515132278203964,0.08333931863307953,0.08333931863307953,0.04471457091814138,0.04175382175575616,0.2730337157845497,1098.7792577003681,983.5053242941075,0.0,1098.989898989899,983.8282828282828,0,1097.0,984.0,0.0,1.0,719
1,720,1,1,5.753121122717857,14.298417463898659,0.18291979655623436,0.03076384961605072,0.1728082912346295,0.27256736159324646,0.2899647355079651,0.19838348699027095,0.21340921587908446,0.20775573700666428,0.15208081901073456,0.15208081901073456,0.035410299102994994,0.0390233695752098,0.2476649098098278,1107.1854447797916,982.5781850411794,0.0,1107.358208955224,982.5820895522388,0,1106.0,982.0,0.0,1.014596868505214,720
1,721,1,1,5.904627963900566,38.64928686618805,0.12364628538489342,0.022705160081386566,0.2696713519495284,0.1468425989151001,0.20010876655578613,0.11140807479057672,0.1480815588742837,0.15135907381772995,0.0814790204167366,0.0814790204167366,0.014905263684372404,0.028709938438075105,0.17023643106222153,752.9022473829739,985.7750219681868,0.0,753.1072796934866,985.9501915708812,0,748.0,985.0,0.0,1.1127332404857628,721
1,722,1,1,5.8841476403176785,33.06982160359621,0.1311839297413826,0.05760594457387924,0.7303181805486763,0.2481009066104889,0.2953042984008789,0.12519463064505698,0.18070940766992466,0.18286214023828506,0.036939650774002075,0.036939650774002075,0.062122105528636944,0.07168053303897687,0.24599867686629295,1114.6723399633076,984.2355170248835,0.0,1114.8196721311476,984.9508196721312,0,1112.0,985.0,0.0,1.0639198401165484,722
1,723,1,1,6.847518816590309,23.913699835538864,0.19536332041025162,0.030884191393852234,0.18865055528895613,0.250968873500824,0.30384162068367004,0.19564339475972312,0.22560094184470628,0.2248491793870926,0.14018207788467407,0.14018207788467407,0.024229508811378725,0.037282445581817855,0.2578355669975281,332.3849790509065,985.8690902680793,0.0,332.4056603773585,986.0566037735849,0,330.0,985.0,0.0,1.017712274317438,723
1,724,1,1,6.902918808162212,42.09517604857683,0.14557819440960884,0.032324403524398804,0.07522195054158608,0.1709267497062683,0.2563204765319824,0.1255076146938584,0.17613044371789469,0.1738724187016487,0.08525007218122482,0.08525007218122482,0.02584187565556462,0.0427659885570572,0.21118395775556564,93.37731652841079,987.3434311885039,0.0,93.33054393305439,987.2845188284518,0,87.0,990.0,0.0,1.1376052280012356,724
1,725,1,1,6.283104166388512,21.909257099032402,0.17307154089212418,0.033161357045173645,0.3251180612475787,0.2552380859851837,0.27454105019569397,0.18479718136436799,0.20669110470785285,0.2060449868440628,0.13742703199386597,0.13742703199386597,0.029872426382189166,0.03515462908317661,0.23917434364557266,341.8667019382515,988.9675094633659,0.0,341.87735849056605,989.2924528301887,0,343.0,988.0,0.0,1.1579493895577093,725
1,726,1,1,6.4836134016513824,37.03347606956959,0.13270950689911842,0.01859000325202942,0.12769874580951762,0.17872165143489838,0.2044563740491867,0.12712967454218396,0.1536658758073427,0.15857449173927307,0.10694070905447006,0.10694070905447006,0.016479493471273376,0.02357695312183537,0.17365656420588493,737.4287217812928,984.6698999015887,0.0,737.5560165975104,984.6597510373444,0,733.0,988.0,0.0,1.128850335787449,726
1,727,1,1,4.964954309165478,29.843084827065468,0.12388662435114384,0.024512872099876404,0.2588017224202419,0.17503874003887177,0.20327144861221313,0.10563732572692505,0.14557602354666083,0.1515149027109146,0.04310014471411705,0.04310014471411705,0.03169776675868401,0.035491593076101786,0.17389602214097977,357.3628597752324,987.1398799188972,0.0,357.5365853658537,987.3317073170732,0,359.0,979.0,0.0,1.1080690232418269,727
1,728,1,1,8.122528247535229,54.22609428316355,0.21021586656570435,0.04533696174621582,0.20957284095727433,0.22330152988433838,0.3595459461212158,0.18050062772300507,0.2533929639400166,0.2574220597743988,0.11778228729963303,0.11778228729963303,0.028094852124206232,0.05662477270166471,0.3002801239490509,126.11609874618632,987.4085754321306,0.0,126.03738317757009,987.6028037383178,0,125.0,990.0,0.0,1.3495340376255345,728
1,729,1,1,6.200313050299883,38.721276100724936,0.16858544200658798,0.054907165467739105,0.8650308098922646,0.28117674589157104,0.3354473412036896,0.1589823859051252,0.2264402111153505,0.25088391453027725,0.04156526178121567,0.04156526178121567,0.08238033236402388,0.08199018579724669,0.29440757632255554,1090.7612523002738,989.4346629315022,0.0,1090.9415204678362,990.280701754386,0,1095.0,990.0,0.0,1.0560932543453267,729
1,730,1,1,6.100342132151127,22.213683031499386,0.13047296553850174,0.031233251094818115,0.2786877414808182,0.2198273092508316,0.2198273092508316,0.14186842167793318,0.16096871761956077,0.16265174746513367,0.0816977396607399,0.0816977396607399,0.039698094185153486,0.034730960940060174,0.1936791092157364,587.4864493026621,989.2919960014477,0.0,587.7608695652174,989.3405797101449,0,584.0,987.0,0.0,1.1843166552322566,730
1,731,1,1,6.272725086659193,36.47506955638528,0.10987523198127747,0.03222799301147461,0.7631131579515563,0.21504846215248108,0.2175900936126709,0.12062932858959986,0.152615353792407,0.1684838980436325,0.06247473880648613,0.06247473880648613,0.048363164581475694,0.04528782040229185,0.19143877178430557,579.2618061760536,993.1284564019944,0.0,579.2384937238494,993.8912133891214,0,578.0,992.0,0.0,1.1313317709857806,731
1,732,1,1,8.660478621721268,47.795320726931095,0.18367094546556473,0.037024274468421936,0.3858509016577291,0.23135650157928467,0.29646533727645874,0.17674446166778096,0.21529423750869864,0.2134803980588913,0.1339980512857437,0.12126696854829788,0.020002767165496965,0.04092836162628971,0.2528733164072037,326.2279441841702,992.3049711152796,0.0,326.3738738738739,992.6621621621622,0,325.0,989.0,0.0,1.1433623976664165,732
1,733,1,1,4.754575397819281,34.77576359733939,0.13065101578831673,0.037439748644828796,0.5677535358308714,0.15970158576965332,0.2679511308670044,0.10565723106265068,0.166391213384399,0.17754799127578735,0.05544945225119591,0.05544945225119591,0.031059489675750063,0.05148009038889899,0.205392736941576,143.01527559607902,997.7723138858702,0.0,142.99521531100478,998.3397129186603,0,145.0,997.0,0.0,1.1610740098594783,733
1,734,1,1,6.581369556486607,39.49346834421158,0.1644589751958847,0.03355222940444946,0.3759016824773881,0.2229824960231781,0.2801830768585205,0.15305510596480482,0.1984596399206612,0.20654837787151337,0.11509238928556442,0.11509238928556442,0.0303208669754729,0.04259901033855425,0.2334645465016365,316.7052881626656,999.0713310987524,0.0,316.5577889447236,999.4170854271357,0,316.0,997.0,0.0,1.2182070803664735,734
1,735,1,1,8.302065283060074,43.19763243198395,0.13403061032295227,0.031566470861434937,0.507315612225181,0.21544133126735687,0.24068868160247803,0.14565026812386095,0.17703947718026208,0.1865006685256958,0.10089412331581116,0.10089412331581116,0.038315550021812174,0.041564109784064066,0.21184176206588745,734.6484950765038,1000.5220595036046,0.0,735.0532786885246,1000.827868852459,0,733.0,1004.0,0.0,1.1493843760840938,735
1,736,1,1,9.27451391518116,46.69549350440502,0.1336696594953537,0.011370539665222168,0.11934778810670055,0.18393263220787048,0.18393263220787048,0.15719515110476542,0.1459234172012657,0.1475645899772644,0.1335500031709671,0.10624665766954422,0.011555594479608461,0.016424829897427808,0.1565522849559784,99.97754914850675,1000.208209591725,0.0,99.90625,1000.1125,0,106.0,1009.0,0.0,1.0069644192918843,736
1,737,1,1,5.438758946955204,47.93196824938059,0.11374890059232712,0.018710657954216003,0.42625444457435674,0.12495099753141403,0.17632123827934265,0.09218235503313905,0.13204398966771513,0.13937202841043472,0.070647232234478,0.070647232234478,0.01480796870887476,0.027229288278227796,0.15486739575862885,450.29852299601424,1005.6431689605226,0.0,450.17906336088157,1006.0523415977962,0,455.0,1009.0,0.0,1.022502865480443,737
1,738,1,1,7.866259574890137,42.40152843296528,0.1519690901041031,0.022278279066085815,0.05510731584059706,0.18895286321640015,0.22505053877830505,0.14046892098018102,0.17377675587280852,0.17615337669849396,0.10866446793079376,0.10866446793079376,0.018951618385691354,0.02835520133209077,0.19836139678955078,605.9755632587447,1004.4565823929366,0.0,605.9713114754098,1004.4016393442623,0,609.0,1002.0,0.0,1.2151044915649927,738
1,739,1,1,10.170232608914375,50.54391737282276,0.21748045831918716,0.019877001643180847,0.11837802146914557,0.24698248505592346,0.29150068759918213,0.2118798460190495,0.23729538672686742,0.2390301376581192,0.1905163824558258,0.1905163824558258,0.01609192182082109,0.024973199583790556,0.2572256922721863,1339.5955586099578,1005.6231814143954,0.0,1339.7089201877934,1005.6572769953052,0,1335.0,1003.0,0.0,1.1798019591371032,739
1,740,1,1,7.164372727274895,44.457006491720676,0.13266174122691154,0.03103717416524887,0.36846205109460667,0.2028292417526245,0.2408362478017807,0.12143004622499821,0.16776228864800255,0.1780640110373497,0.05015385150909424,0.05015385150909424,0.043849025925062284,0.04454573367716332,0.20456872135400772,724.3741311619293,1003.9580263689729,0.0,724.0867924528302,1004.188679245283,0,722.0,1002.0,0.0,1.1206643842654764,740
1,741,1,1,7.1775452718138695,40.70626152306795,0.1510758437216282,0.02181687206029892,0.38147092562520946,0.1872302144765854,0.2315719574689865,0.14648051575130347,0.17321813414071469,0.17690065503120422,0.1243424192070961,0.1243424192070961,0.018972341299208745,0.027047326665331547,0.19417346641421318,328.9257871975382,1008.7015943878488,0.0,328.9957446808511,1009.0765957446808,0,329.0,1005.0,0.0,1.1707777965856367,741
1,742,1,1,6.325058087706566,50.99400029331446,0.1494981274008751,0.048502013087272644,0.26522877109661774,0.17706535756587982,0.3075679540634155,0.12908281811646052,0.20076378068234038,0.20636437833309174,0.06517564505338669,0.06517564505338669,0.024001348726039404,0.05730340831454015,0.24674337357282639,624.9016630156472,1009.141055000462,0.0,625.0354330708661,1009.3700787401575,0,623.0,1010.0,0.0,1.2301516729006856,742
1,743,1,1,6.100884258747101,21.834741108119488,0.10577276349067688,0.00996648520231247,0.3987185313933756,0.1877598613500595,0.1877598613500595,0.14188102927318838,0.1213041172673305,0.11304265260696411,0.09989634156227112,0.09488017857074738,0.02643683602588818,0.021704284334810323,0.13329507410526276,1179.2536874731447,1008.8728240033458,0.0,1178.8555555555556,1008.8944444444444,0,1186.0,1012.0,0.0,0.9448775012874223,743
1,744,1,1,4.981736548244953,31.15288095921278,0.1259182244539261,0.020367860794067383,0.4406880003226632,0.14361681044101715,0.19755129516124725,0.11070525662766563,0.14557421008977933,0.1512746810913086,0.07148279994726181,0.07148279994726181,0.022761228091591566,0.03056633349884249,0.16843874752521515,346.5418433993505,1012.9264730046949,0.0,346.7616822429907,1013.3084112149533,0,343.0,1013.0,0.0,1.1174922082351382,744
