ImageNumber,ObjectNumber,AreaShape_Area,AreaShape_BoundingBoxArea,AreaShape_BoundingBoxMaximum_X,AreaShape_BoundingBoxMaximum_Y,AreaShape_BoundingBoxMinimum_X,AreaShape_BoundingBoxMinimum_Y,AreaShape_Center_X,AreaShape_Center_Y,AreaShape_Compactness,AreaShape_ConvexArea,AreaShape_Eccentricity,AreaShape_EquivalentDiameter,AreaShape_EulerNumber,AreaShape_Extent,AreaShape_FormFactor,AreaShape_MajorAxisLength,AreaShape_MaxFeretDiameter,AreaShape_MaximumRadius,AreaShape_MeanRadius,AreaShape_MedianRadius,AreaShape_MinFeretDiameter,AreaShape_MinorAxisLength,AreaShape_Orientation,AreaShape_Perimeter,AreaShape_Solidity,AreaShape_Zernike_0_0,AreaShape_Zernike_1_1,AreaShape_Zernike_2_0,AreaShape_Zernike_2_2,AreaShape_Zernike_3_1,AreaShape_Zernike_3_3,AreaShape_Zernike_4_0,AreaShape_Zernike_4_2,AreaShape_Zernike_4_4,AreaShape_Zernike_5_1,AreaShape_Zernike_5_3,AreaShape_Zernike_5_5,AreaShape_Zernike_6_0,AreaShape_Zernike_6_2,AreaShape_Zernike_6_4,AreaShape_Zernike_6_6,AreaShape_Zernike_7_1,AreaShape_Zernike_7_3,AreaShape_Zernike_7_5,AreaShape_Zernike_7_7,AreaShape_Zernike_8_0,AreaShape_Zernike_8_2,AreaShape_Zernike_8_4,AreaShape_Zernike_8_6,AreaShape_Zernike_8_8,AreaShape_Zernike_9_1,AreaShape_Zernike_9_3,AreaShape_Zernike_9_5,AreaShape_Zernike_9_7,AreaShape_Zernike_9_9,Children_Cytoplasm_Count,Intensity_IntegratedIntensityEdge_CropBlue,Intensity_IntegratedIntensity_CropBlue,Intensity_LowerQuartileIntensity_CropBlue,Intensity_MADIntensity_CropBlue,Intensity_MassDisplacement_CropBlue,Intensity_MaxIntensityEdge_CropBlue,Intensity_MaxIntensity_CropBlue,Intensity_MeanIntensityEdge_CropBlue,Intensity_MeanIntensity_CropBlue,Intensity_MedianIntensity_CropBlue,Intensity_MinIntensityEdge_CropBlue,Intensity_MinIntensity_CropBlue,Intensity_StdIntensityEdge_CropBlue,Intensity_StdIntensity_CropBlue,Intensity_UpperQuartileIntensity_CropBlue,Location_CenterMassIntensity_X_CropBlue,Location_CenterMassIntensity_Y_CropBlue,Location_CenterMassIntensity_Z_CropBlue,Location_Center_X,Location_Center_Y,Location_Center_Z,Location_MaxIntensity_X_CropBlue,Location_MaxIntensity_Y_CropBlue,Location_MaxIntensity_Z_CropBlue,Number_Object_Number,Parent_Nuclei,Texture_AngularSecondMoment_CropBlue_3_00_256,Texture_AngularSecondMoment_CropBlue_3_01_256,Texture_AngularSecondMoment_CropBlue_3_02_256,Texture_AngularSecondMoment_CropBlue_3_03_256,Texture_Contrast_CropBlue_3_00_256,Texture_Contrast_CropBlue_3_01_256,Texture_Contrast_CropBlue_3_02_256,Texture_Contrast_CropBlue_3_03_256,Texture_Correlation_CropBlue_3_00_256,Texture_Correlation_CropBlue_3_01_256,Texture_Correlation_CropBlue_3_02_256,Texture_Correlation_CropBlue_3_03_256,Texture_DifferenceEntropy_CropBlue_3_00_256,Texture_DifferenceEntropy_CropBlue_3_01_256,Texture_DifferenceEntropy_CropBlue_3_02_256,Texture_DifferenceEntropy_CropBlue_3_03_256,Texture_DifferenceVariance_CropBlue_3_00_256,Texture_DifferenceVariance_CropBlue_3_01_256,Texture_DifferenceVariance_CropBlue_3_02_256,Texture_DifferenceVariance_CropBlue_3_03_256,Texture_Entropy_CropBlue_3_00_256,Texture_Entropy_CropBlue_3_01_256,Texture_Entropy_CropBlue_3_02_256,Texture_Entropy_CropBlue_3_03_256,Texture_InfoMeas1_CropBlue_3_00_256,Texture_InfoMeas1_CropBlue_3_01_256,Texture_InfoMeas1_CropBlue_3_02_256,Texture_InfoMeas1_CropBlue_3_03_256,Texture_InfoMeas2_CropBlue_3_00_256,Texture_InfoMeas2_CropBlue_3_01_256,Texture_InfoMeas2_CropBlue_3_02_256,Texture_InfoMeas2_CropBlue_3_03_256,Texture_InverseDifferenceMoment_CropBlue_3_00_256,Texture_InverseDifferenceMoment_CropBlue_3_01_256,Texture_InverseDifferenceMoment_CropBlue_3_02_256,Texture_InverseDifferenceMoment_CropBlue_3_03_256,Texture_SumAverage_CropBlue_3_00_256,Texture_SumAverage_CropBlue_3_01_256,Texture_SumAverage_CropBlue_3_02_256,Texture_SumAverage_CropBlue_3_03_256,Texture_SumEntropy_CropBlue_3_00_256,Texture_SumEntropy_CropBlue_3_01_256,Texture_SumEntropy_CropBlue_3_02_256,Texture_SumEntropy_CropBlue_3_03_256,Texture_SumVariance_CropBlue_3_00_256,Texture_SumVariance_CropBlue_3_01_256,Texture_SumVariance_CropBlue_3_02_256,Texture_SumVariance_CropBlue_3_03_256,Texture_Variance_CropBlue_3_00_256,Texture_Variance_CropBlue_3_01_256,Texture_Variance_CropBlue_3_02_256,Texture_Variance_CropBlue_3_03_256
1,1,377,486,149,37,122,19,135.3713527851459,28.151193633952253,1.164776285793416,398,0.762848540643162,21.909160375631842,1,0.7757201646090535,0.8585339624414017,27.524880746363767,26.30589287593181,8.246211251235321,3.60922767436547,3.1622776601683795,16.941277890162954,17.796960929490115,-86.2100120890721,74.2842712474619,0.9472361809045227,0.6789244767794895,0.08874694011974683,0.14112105713035414,0.09444891508973334,0.03190898088242707,0.010752337392966889,0.015185626361209698,0.011164686108068372,0.019102118980364104,0.025088774409336198,0.013491443380821063,0.016496394647253266,0.0012279718447277708,0.006573147925594251,0.004522412914950433,0.015168929487246073,0.011623491546816501,0.017916760416118803,0.006003725292316171,0.013576298116901635,0.0020844497506656346,0.002064894516933078,0.004527869964969654,0.008644172263175171,0.009201296007807436,0.005753276482267727,0.004736600383177377,0.0032439214471164813,0.0023584482954175884,0.003981466562917876,1,4.133333470672369,53.529413025826216,0.09019608050584793,0.05098039656877518,0.5219110245799332,0.08627451211214066,0.27843138575553894,0.06262626470715711,0.14198783295975123,0.1411764770746231,0.04313725605607033,0.04313725605607033,0.009458433882065779,0.060418677573027206,0.1921568661928177,134.95128205303706,27.841465208386193,0.0,135.3713527851459,28.151193633952253,0,133.0,28.0,0.0,1,1,0.0022576588934613622,0.0023709307901326653,0.002151433528122717,0.0022320273277780666,126.12037037037037,390.6094890510949,249.1722972972973,239.37769784172662,0.7151704298312811,0.1379789742330045,0.44571108802393433,0.46075338517048886,4.442786184512956,5.02956093081598,4.894542513635725,4.813887655121186,0.0005421874206167761,0.00027921294898535735,0.00032450806662518355,0.000377146324507141,8.938186529158031,8.822448962506781,8.944217639262982,8.877933878478906,-0.4270309970881469,-0.451609371102522,-0.43370030569275947,-0.44378522095803496,0.9960902574390006,0.9970855246287131,0.99646341169911,0.9968330839771729,0.10713890148188507,0.033715538532281125,0.07128367981017095,0.06851487696109804,77.54012345679013,80.85766423357663,79.64527027027027,80.83812949640287,6.41125401207157,6.199511578419351,6.403401554270629,6.356535039591754,759.4644394909301,515.6549230113505,649.8978154674933,648.445020961648,221.39620246532513,226.5661030156109,224.76752819119793,221.9556797008447
1,2,646,1178,48,59,10,28,30.575851393188856,45.72291021671827,1.557189190506115,744,0.6921448964481473,28.679483013103898,1,0.5483870967741935,0.6421827264771737,34.810742486425106,37.05401462729781,11.661903789690601,4.3585708023824115,4.0,24.421458664709238,25.1249519335281,-67.73035992111464,112.43250352560273,0.8682795698924731,0.5444517111988461,0.08752924504465527,0.18419713409555902,0.039861379098117,0.04158123206698066,0.029882172934920726,0.001992695088983818,0.026931799222531107,0.009665595316850269,0.020056914880702496,0.008429496644495016,0.02605224577884816,0.008168852358823494,0.0072928716571300295,0.007557840125794328,0.008031877975852714,0.02145178994680849,0.011568370634204172,0.012606899126578823,0.006227384314168507,0.005355494010707069,0.007666376439040242,0.006997775082835905,0.003280717457292189,0.007817987665519827,0.004777283115220452,0.005520543066907051,0.0023941638147997667,0.007504235890724195,0.0037194474677458805,1,1.1529412218369544,29.64313819166273,0.007843137718737125,0.011764706578105688,5.293278776634862,0.07058823853731155,0.24705882370471954,0.01200980439413494,0.04588721082300732,0.01568627543747425,0.003921568859368563,0.003921568859368563,0.012929938223010376,0.05496162471232049,0.0784313753247261,25.375049636182084,46.70803015433416,0.0,30.575851393188856,45.72291021671827,0,21.0,51.0,0.0,2,2,0.03968186735132741,0.027662539507873427,0.03686502743287188,0.029327786084839238,99.5956678700361,195.875751503006,99.12806026365348,137.29063097514342,0.7660613382613701,0.558175375501839,0.7737210837783485,0.6825287330522686,3.913711297746307,4.384565407596959,3.870530710043571,4.11161013004159,0.0015091892763410845,0.0011279045675895885,0.001661430978874295,0.0013936541792072318,7.062735417369643,7.416684011695477,7.137469829370735,7.424259170103713,-0.42554051112738234,-0.36988801044290837,-0.42705026018282155,-0.3797669845454692,0.9889508310881254,0.982581684911413,0.9895746634371879,0.9844812602591415,0.3574711574278472,0.310341266166146,0.37815097318453705,0.34093112827694194,25.93140794223827,26.873747494989978,26.70244821092279,26.915869980879542,5.425550896744572,5.555888664888911,5.455298126211589,5.572145063341725,751.8725514473015,690.7916755354397,777.0301070006134,727.6105129620626,212.86705482933442,221.6668567596114,219.0395418160668,216.22528598430148
1,3,1250,2106,103,86,64,32,81.7104,56.0928,2.7286555406781825,1501,0.8246037749120848,39.89422804014327,1,0.5935422602089269,0.36648084930187236,56.20786851677772,53.03772242470448,13.0,4.548327224768676,4.123105625617661,34.51643978432039,31.79739355357021,-15.733748499212506,207.03048327204937,0.832778147901399,0.5635463257418125,0.05442664787797301,0.13750727969247709,0.11175224121556239,0.014128595539468547,0.012768740507290575,0.003838890735305171,0.03692269466405188,0.02100875967278983,0.012837052239412752,0.022261697270954117,0.014326909701077644,0.004546567443963241,0.007133305404912609,0.00337460062169872,0.008852401014747257,0.0029051665901226125,0.009297715012490142,0.012664417794542804,0.004449300013873658,0.0023556823341386603,0.00433712607336357,0.007301191128161288,0.007892586350681385,0.00507464791962404,0.0037159159857038052,0.001778578777566853,0.014040743343756778,0.007017051133420257,0.004593612411332938,1,6.403921759687364,90.1921594045125,0.0117647061124444,0.01960784289985895,2.22316413801616,0.23137255012989044,0.3333333432674408,0.03538078320269262,0.07215372752360999,0.027450980618596077,0.003921568859368563,0.003921568859368563,0.054838405982827215,0.0798127625188484,0.13333334028720856,83.65472412320396,57.17079002244376,0.0,81.7104,56.0928,0,91.0,43.0,0.0,3,3,0.012639318831967518,0.007945806415771167,0.011547322811199755,0.009117253055536553,159.8438661710037,328.3456175298804,161.55295220243676,204.15014720314036,0.8161259684884835,0.6280572264801194,0.812975263000446,0.7624854997312867,4.221154584881035,4.831859398425427,4.3908340846109954,4.612806437628754,0.0010175632677720543,0.0005790430850595833,0.0008107926874798096,0.000616905077392662,8.479598159738202,8.785747974930509,8.504768564433379,8.70782586292636,-0.3845425856386167,-0.3513547498478545,-0.3936342358938851,-0.3537361867535029,0.9911351617128166,0.9881089933931244,0.9922291908510863,0.9880772372852533,0.3048059314112626,0.21645056520040046,0.28236317411128453,0.18992603104445918,39.15241635687732,40.36952191235059,39.44423617619495,39.329735034347394,6.21273477902039,6.29726265355678,6.265397786503311,6.287555414486601,1578.7797432318514,1437.2250073411537,1566.057574557154,1514.90403241262,434.6559023507137,441.3926562177584,431.9026316898978,429.76354490394
1,4,579,899,31,78,0,49,11.459412780656304,64.18998272884284,1.3539882855508705,635,0.4272619325552921,27.151532118863187,1,0.6440489432703004,0.7385588270382633,29.562694822926428,34.9857113690718,11.40175425099138,4.312063670023951,4.0,25.45584412271571,26.728456885008892,-46.11521696182811,99.25483399593904,0.9118110236220472,0.588120501779485,0.08906161486794079,0.18881964962959646,0.008768867901118518,0.01678089955730476,0.039076359980147655,0.005725742704984123,0.020663420666435464,0.03684979582630467,0.027693878810158636,0.014327876290574179,0.004187469140246043,0.018843373945809053,0.0076985498950299614,0.011766551187605542,0.007304716687652862,0.007417143809295766,0.006879538321666737,0.007620656003547461,0.013219503394484541,0.004427468026938926,0.011347249712616587,0.011203560571966215,0.007664705695477786,0.005931720155527288,0.009154641815351689,0.002422238318392113,0.006971764854477781,0.003535097454389982,0.008175296791949485,1,2.0823530168272555,57.38431514939293,0.019607843831181526,0.05490196403115988,2.2177868453551097,0.14509804546833038,0.3490196168422699,0.029328915729961345,0.0991093525896251,0.06666667014360428,0.003921568859368563,0.003921568859368563,0.03261061186571843,0.08519467694900149,0.18039216101169586,13.36253673913252,65.3287090744167,0.0,11.459412780656304,64.18998272884284,0,19.0,61.0,0.0,4,4,0.0038171723180646412,0.0022935301599216044,0.0034459541403724465,0.00299282270436117,256.9817073170732,400.57305936073055,249.15746421267897,445.517094017094,0.7324796314404302,0.5771456747108235,0.742520660006248,0.5320534104849703,4.792890783509122,5.241993855656582,4.8190306797953895,5.30491303805874,0.0004561878952122858,0.00024455054917305497,0.0004198757579263687,0.00022110210144398186,8.914807098673142,9.10925253448739,8.91331359541207,9.150191600683364,-0.43351005482387783,-0.41928821443235637,-0.4266227968015599,-0.399751096309661,0.9963952626848717,0.9960087823253815,0.9960135720821554,0.9948155385965537,0.16737564520946707,0.10837753270318598,0.14845875182550125,0.11168257529817177,56.37601626016261,59.37214611872145,56.261758691206545,58.27777777777777,6.602045528358728,6.539003303810666,6.484490328681297,6.656796402267613,1664.2305629916054,1494.0418725631257,1686.2014210378848,1458.6194207027543,480.3030675771697,473.6537329809638,483.8397213126409,476.034128679962
1,5,647,1200,68,81,28,51,47.91808346213292,68.1112828438949,1.8572235069148513,810,0.8685579809018948,28.701672171559103,1,0.5391666666666667,0.5384381558152695,42.879309380890085,41.78516483155236,8.06225774829855,3.6650991541338223,3.605551275463989,24.680678731285266,21.25045249160244,68.35494839433062,122.88225099390857,0.7987654320987654,0.4718132791773484,0.03275153454440936,0.15782908522047018,0.09146458255830679,0.004002408497920398,0.0324344351772441,0.01969235997612776,0.05374722167015393,0.025041744742193468,0.021233486693601273,0.028660613266792884,0.010324375811161192,0.010244051925283318,0.007959382495129485,0.004449442089671628,0.014226652540414893,0.0071959742281256,0.002094786798822672,0.0030698714606961623,0.006041471546337901,0.0013235115233427742,0.005052459955626634,0.008069693479861487,0.002628363734248954,0.008954077040558166,0.006736125529900884,0.0031102221263670433,0.01323454368082878,0.004911883421473581,0.00262003550555721,1,6.831372740678489,41.807844314258546,0.0117647061124444,0.01960784289985895,5.302828739164124,0.2823529541492462,0.2823529541492462,0.06568627635267778,0.06461799739452635,0.027450980618596077,0.003921568859368563,0.003921568859368563,0.08376606889193183,0.06715307110280053,0.1147058829665184,51.242378754031364,72.2427539437777,0.0,47.91808346213292,68.1112828438949,0,60.0,78.0,0.0,5,5,0.018217680109220764,0.007440852106701859,0.011152948429999563,0.015602083111914116,106.0144927536232,271.47184466019417,119.4367816091954,112.50103092783506,0.8109428748184112,0.48982735827957485,0.7716807065237977,0.7879606812148989,4.112647080137163,4.895731179166896,4.2917074464526745,4.184526799352217,0.0011046863986724576,0.0004658634796724835,0.000848778878445819,0.0010090449526482161,7.842695358206745,8.400546850126993,8.089325655411784,7.888097881747668,-0.43372959376091563,-0.33785645119231184,-0.3863216636334221,-0.4029318780810338,0.9934837879913095,0.9834258062113457,0.9895499494516675,0.990615491748682,0.31689253118640526,0.16673909661817415,0.2259959203833132,0.2875894997676631,33.44202898550724,33.73980582524271,32.98850574712644,32.018556701030924,5.962477885473007,6.073776414938774,5.958083718296145,5.885766654176173,1015.4930161730729,792.7633669525878,926.789139912802,948.6326453395686,280.37687723167386,266.05880290319544,261.5564803804994,265.283419066851
1,6,292,560,146,91,118,71,133.35616438356163,80.17123287671232,1.3423959200923872,347,0.6854437061367092,19.281751659604673,1,0.5214285714285715,0.7449367098278855,23.362848811642863,28.160255680657446,7.810249675906654,3.1465080192684294,2.8284271247461903,16.972155256597617,17.01108889173011,50.865311846718555,70.18376618407356,0.8414985590778098,0.4688347377839439,0.1126585459039164,0.16780021994067157,0.012655735975662096,0.0648929056539459,0.013353549052177357,0.002192012351796927,0.021046077917242906,0.020960568589016872,0.014859924981928105,0.00600763760132044,0.005844748483866065,0.002498697966690155,0.02666765389854512,0.008779885816144747,0.010831033833574016,0.009967948002018999,0.011506835514261647,0.004614544311174382,0.003105600880590899,0.014286436838442735,0.007998827480088955,0.010677799713633524,0.006456090676595421,0.008720023457192532,0.004907941595719554,0.00804998431393751,0.002779328445661902,0.006067084280761235,0.00317799170370302,1,2.2627451829612255,25.439216452650726,0.0313725508749485,0.05098039284348488,1.6090112229623657,0.09803921729326248,0.21960784494876862,0.03771241971602043,0.08712060428989975,0.09019608050584793,0.007843137718737125,0.007843137718737125,0.027423812599856767,0.05598176961427949,0.13333334028720856,133.2407892742843,78.56636350515024,0.0,133.35616438356163,80.17123287671232,0,130.0,78.0,0.0,6,6,0.004115264565992865,0.0031935871056241413,0.00315881653843748,0.003353057199211045,147.8879310344828,180.02777777777777,166.5844748858447,318.81538461538463,0.642409669124092,0.5488872800393574,0.5553469509694748,0.2250798534108741,4.561838825378959,4.6757511224397525,4.677253117816465,5.035339382626906,0.0006224704098105373,0.0005149574354628896,0.0004768417275324289,0.0003109195182495843,8.309357396259063,8.409844330807076,8.439125986522054,8.349562813716325,-0.45500760978235555,-0.4467338505704837,-0.4320491233523101,-0.4493972585236772,0.9962483523837851,0.9960286893085657,0.9952115821424516,0.9960376641492372,0.15979441877179365,0.08874786053576203,0.09755902648495297,0.08095071753799514,49.043103448275865,50.129629629629626,52.00913242009132,51.738461538461536,6.150238914770618,6.1762845098614285,6.182784081224554,6.0745703138260705,679.2481420927465,618.1220850480113,582.6939805258444,504.0187771203159,206.78401828180733,199.5374657064474,187.31961385292243,205.7085404339249
1,7,1100,1840,46,104,0,64,20.005454545454544,86.10909090909091,1.4358531160960966,1254,0.7989465136664081,37.424103185095554,1,0.5978260869565217,0.6964500677610213,49.37367786970852,49.658836071740545,13.038404810405298,5.416318094688553,5.0,32.03560232793761,29.693432833759154,-61.79026272335549,140.88225099390854,0.8771929824561403,0.5560215786365098,0.05442994678050484,0.1795785046344187,0.08043095922259504,0.0199329891999663,0.02632097637529244,0.003229758896496421,0.04043186991014548,0.009751951325113976,0.01625682317887926,0.02187477780202761,0.012469467468120223,0.0018699398555607225,0.014210979164266458,0.00438556465973473,0.015680772157714247,0.006639373655823343,0.012344743133200891,0.008904927539832224,0.008772522452199128,0.012626671105338935,0.011517552906818536,0.007679882762270417,0.006066739104205551,0.013288419385316049,0.0014923752161505246,0.009375296262478862,0.007628626559980656,0.006972469820298105,0.0008456376925159785,1,5.054902087431401,109.13333637779579,0.0235294122248888,0.04313725419342518,5.15980854673972,0.2235294133424759,0.42352941632270813,0.05158063354521838,0.09921212397981435,0.05882352963089943,0.003921568859368563,0.003921568859368563,0.04641534277967361,0.09757198003771184,0.14901961386203766,24.824176208135704,84.26422078449797,0.0,20.005454545454544,86.10909090909091,0,27.0,83.0,0.0,7,7,0.0038649737468579868,0.003879569049756693,0.006159899673161377,0.0031456408339119455,198.49643221202862,310.9031180400891,153.08099688473519,328.2763713080169,0.8483733269766066,0.7748302656957634,0.8853401777696879,0.7488060780030161,4.731182780462906,4.950349315254785,4.473765867599662,5.091442717727773,0.00040416655334159056,0.00035691125300157603,0.000536300950708089,0.0003012391786508135,9.34063941246589,9.315254796371295,9.147865969171347,9.588623599553365,-0.4195280361701667,-0.43288667308749174,-0.4509682122429613,-0.39872155432369455,0.9964833107172071,0.9970854203385754,0.997566316579413,0.9957727535385243,0.175688157760707,0.16723509580694124,0.2422110702236234,0.14842946711632396,53.73190621814475,55.79175946547884,53.89927310488058,55.5168776371308,6.8027354743841695,6.778743172187481,6.810790512363441,6.880653124039687,2419.7293489657213,2450.5969476837913,2517.095773095715,2285.452246790935,654.5564452944375,690.3750164309698,667.5441924951122,653.4321545247376
1,8,1933,2860,136,123,81,71,103.29436109674081,96.44076564924987,1.3573686836008105,2081,0.47812163597835405,49.6102009668684,1,0.6758741258741259,0.7367195162829399,53.89037806550759,59.481089431852205,21.213203435596427,7.66597361609252,7.0,46.68612850295679,47.33157579503385,-35.731553352967644,181.58073580374355,0.928880345987506,0.6634292768811905,0.07005238711483472,0.18901032823949668,0.022970460515292408,0.00708848889253167,0.0338710164440744,0.04053404137687654,0.016245137147925543,0.022525846936421033,0.027481924728002295,0.015013404365260942,0.013958095564878864,0.012579244697047666,0.004251335000969566,0.0059459235920087325,0.0077306999150420766,0.004365687967440452,0.013328533119128549,0.012777863858576573,0.011387472855998358,0.006093708318363583,0.01126141762804845,0.008599829750176447,0.006791407177403744,0.00150157053799793,0.009663513888752903,0.006330975483342419,0.0028950114740006892,0.004048255179122228,0.006218648548851101,1,10.443137554451823,196.9254956645891,0.0470588244497776,0.05098039284348488,3.591558447789116,0.24313725531101227,0.2980392277240753,0.06825580100948904,0.10187557975405541,0.10588235408067703,0.0117647061124444,0.0117647061124444,0.05995400332867571,0.05928844665624399,0.14509804546833038,100.87683206906802,99.09686155946184,0.0,103.29436109674081,96.44076564924987,0,122.0,94.0,0.0,8,8,0.0012719645320996686,0.0011457058386287284,0.001268753404335478,0.0010582460229778992,97.49155405405406,136.82860520094567,71.05615428247305,145.2560975609756,0.782659183501532,0.6907851988205096,0.8381788722884778,0.6742802961955958,4.349749064930947,4.546672656518989,4.102603458110673,4.63089137790507,0.0006153074499424087,0.0005313630352579642,0.0007410349736041768,0.00046010274262518297,10.09128593667027,10.223582137640028,10.003263575998986,10.323732489793382,-0.23775704862665165,-0.21162746194323967,-0.24894934068536162,-0.19231991372420856,0.966602879344438,0.9544865436341513,0.9704783833384055,0.9427777252779443,0.14672845255157668,0.13919078771123486,0.16346210237156503,0.11725345250184079,53.84628378378379,53.89007092198582,53.35450935904708,53.71138211382113,6.655905128533686,6.624931483242221,6.6406408785944855,6.597687649607142,799.6390965500973,748.1782229264118,807.1499895919433,746.6524720735019,224.2826626510382,221.25170703183903,219.55153596860384,222.97714240861922
1,9,1652,2340,84,117,24,78,56.65314769975787,98.48305084745763,1.521985774550223,1817,0.7761851701152382,45.86274880447626,1,0.705982905982906,0.6570363644138,59.687234530510544,59.841457201508724,16.401219466856727,6.41174431360199,5.830951894845301,37.90507737112469,37.633101069941226,-85.91843581644483,177.75230867899737,0.9091909741331866,0.5708094394367992,0.08182155931469993,0.16173350558038743,0.08063925251573917,0.0464956138264419,0.009302768130313006,0.01102193526914787,0.033239141432447064,0.015213581292251572,0.013467491689897967,0.01394117889059223,0.018520042764616617,0.002129856028265427,0.013172032914686212,0.008124404593864378,0.005998957064151125,0.018052673670918302,0.012567639611093938,0.012114324458819823,0.013619260002162058,0.007603902772390931,0.002259141856579783,0.003133387736939463,0.0032248944536611376,0.003516551023672431,0.007783007326535239,0.005184844026073972,0.004578630498647977,0.0027082976041254117,0.009808206186025634,1,16.266667114570737,237.51765360310674,0.07058823853731155,0.062745101749897,2.4320486760980238,0.2823529541492462,0.38823530077934265,0.10844444743047157,0.14377581937234063,0.14509804546833038,0.01568627543747425,0.01568627543747425,0.07625205976573293,0.08238443026179801,0.20000000298023224,59.080737042662705,98.63026071507868,0.0,56.65314769975787,98.48305084745763,0,66.0,102.0,0.0,9,9,0.000804131397745712,0.0006904433590561193,0.0007516726044103968,0.0007332658179012334,168.47019867549665,327.98316970546983,191.21957851801494,283.6138888888888,0.8092068562310808,0.6338724873625317,0.7832826247100242,0.6812507654348908,4.7463768143749085,5.210958747788801,4.834250128493164,5.094235422613493,0.00035498881627998705,0.00022011196591452265,0.00031605182635877603,0.00026413966049382656,10.584280817339135,10.70266662054686,10.671871452141716,10.707406372150125,-0.29744612079043103,-0.27894282182599867,-0.2829922236744939,-0.27942993963285395,0.9875392157882023,0.984307465589333,0.9850562304366522,0.9844426205350139,0.10875898042468818,0.07399680418122292,0.09727517085421308,0.10134366802355821,75.36423841059603,75.31837307152875,74.85520054384772,75.06944444444444,7.122757957762484,7.070317636640235,7.110097302228092,7.084882313322994,1597.5282575325637,1463.6503917430055,1573.4712153064856,1495.9285108024696,441.4996140520152,447.90839036211946,441.1726984561251,444.8855999228392
1,10,474,792,173,120,149,87,159.17932489451476,102.13924050632912,1.467613020930406,518,0.7735905425543577,24.566553364370574,1,0.5984848484848485,0.6813785280850407,32.4428359184865,34.17601498127012,9.486832980505138,3.6517908503496477,3.1622776601683795,21.313284532445383,20.558563904635083,-16.8982189029743,93.49747468305833,0.915057915057915,0.5167085138736877,0.09959770252604648,0.15200954618164295,0.06366254393045775,0.05475402717224648,0.01589668005998142,3.597705963531044e-05,0.02715584576282193,0.034664304648022566,0.017157506780030144,0.011733231096715212,0.002728283424722675,0.00619556747338828,0.019565734940563285,0.018644577483979737,0.02033240749885305,0.009740837843646703,0.0061159589560007355,0.007967436032547534,0.006749339728073458,0.006863666198815643,0.0038436584311478295,0.002433372191216916,0.004065361204753081,0.009762324678274632,0.010312677861253465,0.002928953789089268,0.009258316042544559,0.01044712932591227,0.0031955440834418366,1,1.8901961268857121,31.619608635548502,0.019607843831181526,0.03921568766236305,1.7781719168796126,0.11764705926179886,0.2666666805744171,0.023926533251717876,0.06670803509609388,0.054901961237192154,0.007843137718737125,0.003921568859368563,0.026469677897120444,0.05324685272462961,0.10588235408067703,160.5576088251482,101.01575095473687,0.0,159.17932489451476,102.13924050632912,0,161.0,95.0,0.0,10,10,0.004056888888888893,0.0033109450383123624,0.004768824387811021,0.002988062203722973,167.68266666666665,201.19061583577712,103.28287841191067,247.67741935483872,0.5540469693221812,0.4671898541392224,0.7241536108779402,0.3338044605058064,4.668092985133088,4.722425551862451,4.10100403471365,4.884920012524551,0.0005067394805012955,0.0005084843967981643,0.0009833151047807806,0.0003850276297553766,8.585126836226003,8.655619030450765,8.408625483221194,8.76094247826871,-0.3638141251295326,-0.36214240687417754,-0.38733398645593564,-0.32122439176663115,0.9889519324073505,0.9890597275714028,0.9911551736517997,0.9823496245157751,0.1414041208791812,0.1624127687773859,0.2115954391113708,0.11122268121370649,39.22933333333333,40.48093841642229,37.19354838709677,39.03763440860216,6.141783020688624,6.134746406779536,6.076229617265074,6.1181886876406,584.336739555556,554.0150325504596,645.56055391019,495.88030408139616,188.00485155555566,188.8014120965592,187.21085808052516,185.88943085905908
1,11,1433,2394,152,145,110,88,133.519888346127,115.63503140265178,1.621809477702706,1547,0.8099016576661459,42.714778093834084,1,0.5985797827903091,0.6165952374482979,56.972150883199525,59.23681287847955,15.264337522473747,5.918062182973751,5.385164807134504,35.11317635281117,33.41790881023173,-26.260810844534927,170.89444430272835,0.9263089851325146,0.5182737164335941,0.0929608735811184,0.1644177247265263,0.06694120704273525,0.04196059270705448,0.03825999621877164,0.009380497293714833,0.032592542154774674,0.012389345215840335,0.007355799751496399,0.020290888004076135,0.0007612108268686065,0.0027372951517911485,0.016937721401542892,0.009033702655338673,0.01830732592106757,0.015219684768707983,0.013382115034260832,0.0032170000325581986,0.011157098205765255,0.007160968194365918,0.0018097705019275735,0.0022301126973369337,0.009671355442668981,0.008185129354327598,0.00817654331491924,0.009987007109321296,0.006958903030717275,0.003679040802561393,0.00564194408593198,1,8.870588439516723,136.04706246312708,0.0313725508749485,0.047058820724487305,2.7451580300382634,0.23137255012989044,0.35686275362968445,0.06381718301810592,0.09493863395891632,0.07450980693101883,0.007843137718737125,0.007843137718737125,0.07049382643363405,0.07448763551664091,0.1401960849761963,131.25270956738152,117.18286634058595,0.0,133.519888346127,115.63503140265178,0,133.0,105.0,0.0,11,11,0.0015173847316704442,0.001307571351101227,0.0014927414365195181,0.0012096224192448372,146.8111111111111,274.27401837928153,127.85548686244198,227.31811023622043,0.7940140086649168,0.6211750050880511,0.8214372156064693,0.6793564287266237,4.619488364040858,5.056859439085508,4.506548752151476,4.913889765566857,0.00043631266131041036,0.000285324212259873,0.0005031779207761551,0.00033659650495104315,9.927279169169484,10.139760944558994,9.959614406960497,10.13653519648717,-0.31064331210930096,-0.2793684416424956,-0.30012695400858835,-0.2726356482825599,0.9869308279530492,0.9812467551550101,0.9850425919487861,0.9794019888542193,0.12331008845965663,0.11583359371251914,0.14956800887175312,0.10992017622059315,50.27619047619048,50.73015873015873,49.27279752704791,49.995275590551174,6.7843247036151535,6.756561702666416,6.7902080790887,6.76927585076026,1278.6364172335602,1173.750911670711,1304.1952878461757,1190.5684816169637,356.3618820861676,362.0062325124986,358.01269367715463,354.47164796329616
1,12,694,1054,34,134,0,103,16.072046109510087,115.28818443804035,1.7684914331967323,824,0.5925069889428348,29.72588508432008,1,0.6584440227703985,0.5654536862485084,34.393050231377124,36.76955262170047,11.661903789690601,4.333301331761039,3.802775637731995,30.0,27.705848158217613,62.598432875076426,124.18986283848345,0.8422330097087378,0.6185585367975313,0.0629255293903702,0.18346941758247773,0.04770439696063264,0.019771102204412125,0.036239192627942673,0.01422846420531098,0.013151499600102,0.023620201269591738,0.014564828026223046,0.02588118248938346,0.013130510707099518,0.01771222296400595,0.0109977032733826,0.013357755530178483,0.01038066317810673,0.014193284362515492,0.009129667307209993,0.01519390088122432,0.008375981202828805,0.000359180748034989,0.0013110996084789574,0.005932675454294914,0.015046716851840553,0.0076876698473176625,0.004368653459162675,0.01518969826549775,0.004620793871359774,0.011183048376223902,0.0028925544256340847,1,2.313725574873388,58.1176486518234,0.019607843831181526,0.03137254994362593,2.459932786595673,0.07058823853731155,0.3333333432674408,0.022463355095858135,0.08374300958475994,0.04313725605607033,0.003921568859368563,0.003921568859368563,0.013663554067718972,0.08024832405130086,0.1411764770746231,18.520647782283397,115.52402159088123,0.0,16.072046109510087,115.28818443804035,0,23.0,113.0,0.0,12,12,0.004109481700327082,0.0025637755102040846,0.0032935736001584205,0.003323339792992589,183.73935264054518,375.17500000000007,223.8412969283276,338.12987012987014,0.791506827771907,0.5787754418388946,0.747608557183078,0.6283789845825544,4.6258692930165735,5.145638195439203,4.725716946236939,4.945214159029555,0.0005368480799414002,0.0003313912098100457,0.0005124947364251897,0.0004311760050171816,8.910414815951908,9.201449114043148,9.03356796053506,9.032323329489628,-0.44032920054049096,-0.4000097830652379,-0.4137304049790976,-0.4279107565829762,0.996729199951935,0.9949657569278135,0.9954976642409759,0.9963329642892682,0.19190038001164222,0.10235048156322785,0.1731787562426887,0.17252991835255782,48.38671209540034,49.557142857142864,47.96075085324232,50.4935064935065,6.61953772981342,6.66230645267025,6.574775790001745,6.6439561379806555,1578.806160739939,1406.17887755102,1549.9216676956053,1481.626581210996,440.63637834512065,445.3384693877549,443.4407411559831,454.939112835217
1,13,495,841,180,133,151,104,166.46262626262626,120.37575757575758,1.5434204109806178,569,0.646988854650624,25.104851615652017,1,0.5885850178359097,0.6479116078066159,29.998947500560817,30.479501308256342,9.433981132056603,3.6566866490162586,3.1622776601683795,22.688742871403175,22.874181180390007,-65.12096166634777,97.9827560572969,0.8699472759226714,0.6093333581042247,0.08049542937790431,0.16886717686821806,0.04547093608136959,0.03093294322151935,0.044040408616649485,0.012714647824887031,0.028564196113763263,0.0243283217076738,0.022842046050185364,0.011957931025863941,0.017909041300728526,0.0005568707754092091,0.009574918911187289,0.010858436975683661,0.011053924267302737,0.010863419374546721,0.009674329508874743,0.013114975978033822,0.009645730751015004,0.0021088603086050527,0.010149315847543316,0.01009047486782536,0.013199876479065,0.008641354862151217,0.007652881773236435,0.005301055019732183,0.0048291631643264405,0.001827254334467783,0.0022710460175758046,1,2.7176471408456564,32.168628331739455,0.0117647061124444,0.0411764713935554,4.10628961294894,0.12156862765550613,0.23137255012989044,0.03274273663669466,0.064987127942908,0.05098039284348488,0.007843137718737125,0.003921568859368563,0.031018757777267085,0.058330330682883014,0.10588235408067703,169.25478482659435,117.36486652175512,0.0,166.46262626262626,120.37575757575758,0,168.0,116.0,0.0,13,13,0.01806037516076585,0.016508400834515057,0.012662703856119511,0.008550295857988163,68.88423645320196,101.81471389645775,87.35308641975308,176.7025641025641,0.8565356659560689,0.7862613526020393,0.8126585635641135,0.6241457314042793,3.9746476807907465,4.246356146412952,4.163207550092272,4.701580755815213,0.0012313990201708897,0.0009300664658748841,0.0008920642178529691,0.0005028490028490028,7.82291772215769,7.978304844198649,8.129692576832515,8.29552451328015,-0.45732548631147013,-0.44856947303723743,-0.42100715017785134,-0.3926456510399882,0.9951507136292362,0.9950295171822217,0.9934290648420043,0.9912757488281067,0.2990269221052771,0.25928471187728863,0.23955494577925746,0.16540702818113964,35.820197044334975,36.882833787465934,36.4641975308642,36.85641025641026,5.902320024714381,6.029225304833412,6.042142429957826,6.094069051122831,891.413483705016,850.8881794355887,845.201804602957,763.569125575279,240.0744300395545,238.1757233330116,233.13872275567758,235.06792241946073
1,14,1530,2478,85,153,26,111,53.97843137254902,129.05555555555554,1.8408541428937046,1836,0.8296295237365002,44.13679308065777,1,0.6174334140435835,0.5432260909210679,61.133383195888534,58.54912467321779,15.132745950421556,5.838327273680456,5.0990195135927845,37.052956902275696,34.1316418135261,-80.37381504735116,188.13098833543773,0.8333333333333334,0.5632977529608566,0.05207509702211375,0.15473818068348874,0.1011456820594003,0.04251408395034057,0.016421307419476183,0.0019329984847755402,0.037815716260912714,0.01974924609518881,0.012510233772420871,0.013594788633780795,0.006071707983638156,0.0018560748379305406,0.012971226462347453,0.005674076968937044,0.0028745317583618512,0.012536449960231639,0.01073025710244149,0.015480601716849108,0.00720445977826822,0.0009552242142445617,0.0011409305772058895,0.009775514925041048,0.0040321744443208175,0.006745362933189289,0.009723987133537629,0.00773970947168742,0.006868733161107376,0.00288673541706835,0.010647686429859965,1,12.768627820070833,163.81176907382905,0.03921568766236305,0.0627450980246067,2.328132423918399,0.3607843220233917,0.3686274588108063,0.07881869024735082,0.1070665157345288,0.09803921729326248,0.003921568859368563,0.003921568859368563,0.09122814992894158,0.07575336527049369,0.16078431904315948,56.13939959863967,128.1892894826156,0.0,53.97843137254902,129.05555555555554,0,40.0,124.0,0.0,14,14,0.0013759639770198231,0.0009850447879970101,0.0010843751326189408,0.0010395946423259984,126.05395683453237,289.7266355140187,176.92650334075722,226.1745426829269,0.8271913013910229,0.5795162927823274,0.7448246967418805,0.6747091861398649,4.474048424422607,5.086447199451045,4.7358788823243305,4.919067195993796,0.0005070790455062977,0.000270981341074436,0.0003712385157674618,0.0003309812104818235,10.129470426165097,10.42505041126457,10.264734955068633,10.314530706609133,-0.3175817790244537,-0.2642021344402984,-0.2846334797442624,-0.2752092621037564,0.9890215724383971,0.9788489394547683,0.9832815138189357,0.9812264984176193,0.17520821274929257,0.09949831346773053,0.11946843843995959,0.10734876832525664,57.22230215827337,57.63785046728972,55.94803266518188,55.991615853658544,6.954985638822045,6.886713679868189,6.912744316616479,6.887856629061078,1332.8304378655348,1088.3369162517847,1209.7790365898763,1164.424472389017,364.72109867501695,344.51588794145096,346.6763849826582,347.64975376798577
1,15,861,1591,175,164,132,127,153.54006968641116,143.9465737514518,1.491286881224381,955,0.6725213285798359,33.109805919349256,1,0.541169076052797,0.6705617896799152,39.300056840357264,42.1070065428546,12.083045973594572,4.856958625205973,4.242640687119285,28.882216813065988,29.08509728443818,71.02274469760434,127.02438661763952,0.9015706806282723,0.6183075284923717,0.022709874401962638,0.19982446563548087,0.0603769076480113,0.012287365458486738,0.0009765740589299438,0.030467987311054417,0.02660486726899925,0.030113539580373536,0.0070041769536998396,0.008896110256701374,0.002556373924134762,0.020355941676883902,0.013179479685169916,0.020610936486240787,0.017475184099825642,0.008186504746162922,0.006284155744926658,0.0015107125533287958,0.0031891779872918182,0.011723064993282344,0.011948753515372819,0.013611445961302522,0.010636702263539879,0.007430787694237347,0.0031797773364798144,0.0033697302886742117,0.0020974359022015634,0.003628064858908808,0.0012312690857404281,1,6.4000001810491085,76.33333549648523,0.03529411926865578,0.04117647372186184,2.9435033794913172,0.23137255012989044,0.27450981736183167,0.06213592408785542,0.08865660336409435,0.06862745434045792,0.007843137718737125,0.007843137718737125,0.06641143931155546,0.06547260696616898,0.13333334028720856,151.23498588834437,142.11605447295,0.0,153.54006968641116,143.9465737514518,0,143.0,136.0,0.0,15,15,0.0017245958563353704,0.001411072530864199,0.0018835300927433837,0.001457602646896252,139.81708945260348,242.0986111111111,126.39836289222373,223.88920056100983,0.7427398787618212,0.5214323862995325,0.7677842532779986,0.6082741532932914,4.561622169960511,4.960257043246338,4.519941028435322,4.8991424864151005,0.0005441876635651784,0.00035712787855633136,0.0005491719997773552,0.00038058396141265287,9.610937451501542,9.73064994981603,9.511326471827928,9.706426583493572,-0.3125302338363158,-0.2813722582556694,-0.3285751159862641,-0.304728947455104,0.9856782392814817,0.979117385122848,0.9880461083897609,0.9846238130032421,0.13833422439708298,0.10837103191663472,0.147231188327323,0.1008088177029611,46.99198931909212,45.979166666666664,46.984993178717595,48.17531556802244,6.561967248656419,6.488216283979712,6.55269913925908,6.579284479412472,947.1534738797259,769.6648437499998,962.2303341404722,919.2020835259427,271.7426408330823,252.94086371527783,272.15717425817434,285.77282102173797
1,16,1524,2254,83,188,37,139,59.78543307086614,161.35301837270342,1.5125288255855185,1689,0.6377236346948499,44.05016533653861,1,0.676131322094055,0.6611444245453555,51.30967668112098,55.80322571321482,18.601075237738275,6.64305069811886,5.830951894845301,41.10960958218893,39.52206128239147,-26.407653148628647,170.19595949289334,0.9023090586145648,0.6231268677509275,0.10534160413600102,0.16782241621525093,0.04405281451326702,0.027651496039046354,0.019437878130877544,0.019929626537366817,0.0303971142459163,0.024377390996572847,0.02860798021942579,0.00893076348954109,0.0026266543934434406,0.004323787330281044,0.013273606252802156,0.01059161407734476,0.014757335394121862,0.011491580014211645,0.002486516786328388,0.008808278939232347,0.004542123577353239,0.0016181019280044702,0.013594636246510146,0.007098497708807183,0.0031896171825062714,0.007506514772371308,0.003705125354360559,0.004892238581229873,0.007385380886123566,0.004640645636227109,0.0023591873749163233,1,8.78823553957045,163.50196552835405,0.0235294122248888,0.0509803956374526,2.8007218421396796,0.3803921639919281,0.38823530077934265,0.05978391523517314,0.10728475428369688,0.062745101749897,0.003921568859368563,0.003921568859368563,0.09537376393186327,0.10135358769865761,0.1764705926179886,62.1883049801373,159.9141822372544,0.0,59.78543307086614,161.35301837270342,0,57.0,165.0,0.0,16,16,0.0023019644809453297,0.002293732347815638,0.00296451586555277,0.0014341481120760382,176.57829570284045,230.0922480620155,144.3690303907381,354.72447447447445,0.8682829546570193,0.8254363980120134,0.8901524916470059,0.7301198957906201,4.718860474439556,4.838490070676606,4.605043110524381,5.218571330737141,0.0003773413384442127,0.00037415419746409577,0.0004269214900697614,0.00023270883496108696,9.832598707811815,9.962593652973467,9.73690153627151,10.167818780127059,-0.3784021225511359,-0.3577464639606185,-0.38385830671540955,-0.3261006731795008,0.9949050102969322,0.9934634877243834,0.9950877014804186,0.9904388001706725,0.12898076682990972,0.16371411752664727,0.1746329976744619,0.10538502627544906,58.297159504734154,58.504651162790694,56.86251808972502,58.547297297297305,7.015103764624708,7.031449378437301,6.966369168787505,7.016666514477049,2504.597785085265,2406.107342707771,2484.1663375087182,2274.031546749451,670.2940201970265,659.0498976924459,657.1338419748643,657.1890053059815
1,17,2342,3465,132,183,77,120,101.89410760034158,150.93808710503842,1.4044781658936396,2584,0.5482751286281573,54.60702348388668,1,0.6759018759018759,0.7120082207641307,60.66770794850269,64.81512169239521,24.041630560342615,8.394012294319285,7.211102550927978,52.6758379377018,50.73628421923535,7.4263537442431184,203.3086578651014,0.9063467492260062,0.6874087510124743,0.08711490950821632,0.1697502024496052,0.04070171351863053,0.008600918349826249,0.019973157323351136,0.038648948191593584,0.025947342686435462,0.012208165587311607,0.026622981668680084,0.01799855729588587,0.00818603696384033,0.0018084200424259291,0.0137888230620263,0.004737195069363228,0.00450401557138427,0.005298722622021525,0.000258940890626849,0.0014916433335137875,0.017785861045953588,0.003280179189924455,0.01704897146345179,0.008318492044507991,0.005433102630888208,0.005174922650050127,0.005438134881442211,0.006562693633573416,0.0026680029194989753,0.0061878921785062085,0.009786507289310636,1,15.913725866936147,291.0078509785235,0.054901961237192154,0.05882352590560913,2.04783399526014,0.2235294133424759,0.3529411852359772,0.09306272436804765,0.12425612765948911,0.12941177189350128,0.0117647061124444,0.0117647061124444,0.06814935107746375,0.0719739696908954,0.1764705926179886,103.93787646672463,151.06705567852228,0.0,101.89410760034158,150.93808710503842,0,119.0,147.0,0.0,17,17,0.0011357490535424527,0.0007559609434862424,0.0009464661536931566,0.0009887260699674677,107.5316279069768,225.56226235741443,129.3830179972312,177.06524891251803,0.8401177573837978,0.6603310133074367,0.8069316920404661,0.7374649872359251,4.436406141105817,4.954890994586157,4.535904020861157,4.772350763634533,0.00048654347572087516,0.0003056985206802925,0.00046483918863954424,0.0003724141939876814,10.38877863213112,10.72981520405975,10.487039352512802,10.589208349958355,-0.26529104055536673,-0.21170595630033065,-0.2491273605120083,-0.23329596506651962,0.9789339826145351,0.9597769146090056,0.9743857748018575,0.9690125952372927,0.13447838830171685,0.09542236230668752,0.11964945561295731,0.12271590460689154,64.59023255813955,65.22100760456274,64.85233041070606,64.94441759304011,6.922804719318672,6.905059812073809,6.911588617281755,6.87564958251139,1237.6037185505666,1102.5676005056457,1210.8992827556176,1171.8233968212662,336.28383661438625,332.03246571576506,335.07057518821193,337.2221614334462
1,18,861,1344,190,189,158,147,172.50638792102205,170.465737514518,1.519620303612214,951,0.6517380157866224,33.109805919349256,1,0.640625,0.6580591201782113,38.51973879734635,41.773197148410844,14.035668847618199,5.1857379998485715,4.47213595499958,29.907678458369695,29.215071314968334,7.093202164043484,128.22539674441617,0.9053627760252366,0.6223056011253748,0.0777629560279732,0.19003581954227938,0.06378807761601128,0.013044640333311278,0.006839385292940929,0.013412239937958405,0.015084326846836634,0.019858482618935722,0.018159966794657024,0.015752903127011303,0.009943856566569112,0.030326014230244867,0.014232488977345472,0.005799100976793369,0.006494125303752774,0.010232251855378915,0.0068210034477067345,0.011686680971369788,0.007609791289653924,0.0033406864289846202,0.007690918842405955,0.00293164447640753,0.004092496524956398,0.0032336654054332375,0.004295971708861235,0.00938921211488047,0.0020390275255581258,0.0024445747712379447,0.007230468457469512,1,1.4352941699326038,59.67451159283519,0.007843137718737125,0.023529411759227514,4.13976815236278,0.07450980693101883,0.3764705955982208,0.012930578107500935,0.06930837583372264,0.027450980618596077,0.0,0.0,0.013498715885654163,0.08104273743998248,0.11764705926179886,172.36505223764732,166.32838273399432,0.0,172.50638792102205,170.465737514518,0,172.0,172.0,0.0,18,18,0.01984606885843114,0.010522609526683768,0.014648212226066892,0.012337407575071648,169.24453551912575,278.0496453900709,163.55424836601304,304.60425531914893,0.8164698219334707,0.702070227869714,0.8187780488476989,0.6755795614086328,4.457005807108205,4.759507393168648,4.406052329159233,4.8068825131250925,0.0006791359333314215,0.0005049224520502155,0.0006652433455159693,0.0005093197499935973,8.225477901212567,8.622587812033322,8.269414291684438,8.534340480042719,-0.45761406499609253,-0.4023670296314639,-0.43623688079354667,-0.4113652715965881,0.9961975756943284,0.9934815214025272,0.9950304781298372,0.993963516841089,0.28514211720040006,0.23288550097318567,0.25164442491169425,0.23968424321130405,40.036885245901644,41.374468085106386,38.80915032679738,40.66666666666667,6.250511174950809,6.350283873942162,6.187826797777131,6.294364883041635,1675.0792405715304,1588.4952346461446,1641.4616156179252,1573.2321513002364,461.08094402266414,466.63622000905394,451.2539659959845,469.4591016548463
1,19,1246,2310,167,199,125,144,142.98796147672553,172.80979133226325,1.7780303231773802,1454,0.7877728891006504,39.830346128799995,1,0.5393939393939394,0.5624201044068683,52.03454339590911,56.22277118748239,14.7648230602334,5.5806189746222,5.0,32.537438920524295,32.051499506495034,24.47741699055594,166.8528137423857,0.8569463548830811,0.4739646486844685,0.04207908292286452,0.20206232469813656,0.06161501812481308,0.012183752353658091,0.008868932882983245,0.02489406520146413,0.043543147287576064,0.008652153577104143,0.014324618466990777,0.008698421276014981,0.013767102894743786,0.017480616990933246,0.006322076394298008,0.01172014027414553,0.00962127639576796,0.007519199376269111,0.005037280174338474,0.006429652074360003,0.009188299460523347,0.014696489861620957,0.01665099621211998,0.006691503147808278,0.008816806756990479,0.005976116124509567,0.00564558065615125,0.005573312550621691,0.002942286094993184,0.005994012230230445,0.0015048960463392284,1,7.325490430928767,124.4274546620436,0.027450980618596077,0.05882353335618973,3.559311043637663,0.20000000298023224,0.30980393290519714,0.0515879607811885,0.09986152059554061,0.10588235408067703,0.003921568859368563,0.003921568859368563,0.05495380949438688,0.07026682317929252,0.1568627506494522,140.99700588291503,169.85940306479137,0.0,142.98796147672553,172.80979133226325,0,142.0,175.0,0.0,19,19,0.0025487319110650795,0.0016368241767839998,0.0027274157110583628,0.0035375884641222315,119.89729225023336,214.9588785046729,102.31194295900177,178.5306324110672,0.811407894649801,0.6554618667427959,0.8374579715686611,0.7162245963036354,4.487156019325754,4.8395229277515925,4.337045054927099,4.773400189221203,0.0005258420089168553,0.00040694329199056687,0.0006540113108117983,0.00039240331437766533,9.67886372573078,9.975865941567877,9.596007941088327,9.70397419254122,-0.3346090001512587,-0.2861944981631705,-0.34604878758581586,-0.3330686609581504,0.9897177026636567,0.9819733473439786,0.9909416386536468,0.989598702983087,0.1636599113602042,0.12377369243699275,0.2023642799087031,0.15925932753846925,54.991596638655466,55.179439252336465,53.32442067736185,55.562252964426875,6.702202760263581,6.68376580963223,6.6908118030220205,6.654952294581188,1151.6012365730603,1032.8500445453737,1156.5863733274873,1079.7224091534008,317.8746322058237,311.95223076251204,314.724579071622,314.56326039111684
1,20,474,870,99,198,70,168,82.88607594936708,183.16455696202533,1.3067696350462072,516,0.6256693472589316,24.566553364370574,1,0.5448275862068965,0.765245819294416,28.425134728567887,30.675723300355934,10.295630140987,3.913776047612206,3.605551275463989,20.219614426862297,22.174117070116484,41.01474561802668,88.22539674441617,0.9186046511627907,0.6413555198772234,0.028193937448986406,0.1959666267190108,0.0536614254227991,0.01631356375935408,0.00980709177635291,0.03163590001816439,0.01723631864810197,0.032095030631600005,0.011800172107807531,0.010545648937154217,0.009244560632802327,0.02531077670932857,0.015376978082333357,0.014020209622703396,0.026578582767173436,0.010016080657243537,0.004018097315565142,0.0040370270508645134,0.004004883949647737,0.011858479900555116,0.007126482451379056,0.005918012865548674,0.011186947733662697,0.005316269961290184,0.006794706267582841,0.0054088872379148565,0.0029055054538071057,0.0016469125636282725,0.0051403243927580595,1,2.380392233841121,32.0784323848784,0.027450980618596077,0.03529411926865578,1.966641807732912,0.13725490868091583,0.16470588743686676,0.03400560334058744,0.06767601768961687,0.05882352963089943,0.007843137718737125,0.007843137718737125,0.029411552251430006,0.04490485767089942,0.10784313827753067,83.54266503208858,181.3107579501651,0.0,82.88607594936708,183.16455696202533,0,81.0,179.0,0.0,20,20,0.0033651823808665345,0.0031043556920040565,0.003205107024140734,0.0027726729208965638,54.966408268733844,89.19109947643982,47.68637532133675,105.56657223796034,0.7906249370521546,0.6660355357696265,0.8168913425799446,0.5971334880122703,3.9660081013587605,4.213591655045223,3.7992454158185116,4.358777548815198,0.0011692424939057304,0.0008520552917082621,0.001359793277396623,0.000757180792508691,8.52110098246563,8.703165698594523,8.605482790365192,8.72849598238583,-0.35740711591905483,-0.32507985743779017,-0.34228079268973416,-0.3187948853730793,0.9876626455877927,0.98280005043239,0.9855863819262565,0.9815766645189077,0.18890296962100245,0.17604857170588903,0.11985208522554068,0.09727962754782311,38.04651162790698,38.683246073298434,37.85604113110539,38.495750708215304,5.995296897697811,6.04044969150868,5.98796402406839,5.911941825070936,470.0856919656269,444.9441695677201,473.16693651244736,418.51060517298083,131.26302505859013,133.53381726104027,130.21332795844586,131.01929435273547
2,1,368,884,57,34,31,0,39.68478260869565,17.494565217391305,2.081837031749497,488,0.7398382603880206,21.646065519224038,1,0.416289592760181,0.48034499566934785,30.813938207580712,33.24154027718932,7.810249675906654,2.8533685681809176,2.23606797749979,24.25563103121842,20.731148369217415,21.194975930366496,98.11879502661796,0.7540983606557377,0.3593392967186378,0.022479419768986892,0.1684205848511695,0.03656938497946026,0.02119663776831898,0.035151554982444336,0.050689773599415844,0.03661559348992857,0.008333831846107764,0.006543927715585937,0.028591194372201652,0.023139153981061884,0.004812492716175057,0.020882483356616733,0.008740715423690775,0.006179587275714742,0.007554688499816995,0.011978832626593406,0.023125382851791856,0.001890519029951673,0.00703943613391494,0.0034187498987509287,0.0038394488797727634,0.004370442290753514,0.014468557016911862,0.005265843905265878,0.004189200090478038,0.01191774702003,0.0011706036577311264,0.0024869610178607886,1,7.686274690553546,46.51764817722142,0.062745101749897,0.054901957511901855,1.956186582119007,0.23529411852359772,0.23529411852359772,0.09373505720187252,0.12640665265549297,0.13725490868091583,0.01568627543747425,0.01568627543747425,0.07374983105167401,0.0656273689688176,0.18431372940540314,39.35567358206014,15.566262027369188,0.0,39.68478260869565,17.494565217391305,0,46.0,14.0,0.0,1,1,0.003526202724857256,0.002798148807404769,0.0028046433084162924,0.0032606272294887035,37.09022556390977,176.6566037735849,110.61855670103095,80.79741379310344,0.9223065201861675,0.5703721932676299,0.762112062548749,0.8346097482182109,3.6724425104663245,4.579816342286001,4.324051064736216,4.123597746217442,0.0012006316729602478,0.0004850382533433585,0.0005967984544592527,0.0007722922507182775,8.388351503193263,8.637078443845834,8.656306485423316,8.406367040339566,-0.4781113155455578,-0.41119239286838166,-0.44032958729434274,-0.48389112009691415,0.9974261971719589,0.9942636051663725,0.9962236307597994,0.9976610145206672,0.23106304204543832,0.059929020438021584,0.07944346346414315,0.09847269713569731,68.62406015037594,74.588679245283,69.79381443298969,68.24568965517241,6.192253210976385,6.1988295071729205,6.227653126013281,6.17034289919704,917.6932556956299,645.7138341046657,819.3870407765617,896.2542917657556,238.69587031488481,205.5926094695617,232.50139936939763,244.26292638971518
2,2,419,750,34,33,9,3,24.052505966587113,18.954653937947494,1.5529828569000657,470,0.4722254282454194,23.09734550211416,1,0.5586666666666666,0.6439221112821015,26.639752455998753,29.732137494637012,9.219544457292887,3.4438320580744732,3.0,24.0,23.482350886503017,-19.25093368557421,90.42640687119285,0.8914893617021277,0.5075092896008804,0.0381986606090205,0.19812986725017448,0.02243406873077555,0.019262073018401497,0.05527470126610991,0.01920937803959345,0.017730442933708547,0.013737332224258584,0.009803547124937882,0.03451384483100677,0.017402340653675605,0.02184601396959295,0.003344139135527836,0.007878514072675175,0.01844969220822903,0.012378591645312836,0.004918372802249257,0.01143798969569801,0.0074764294841372925,0.012630095861063121,0.010197692064406525,0.007848496382220472,0.013714554468978951,0.013849104430061706,0.0017734078980569407,0.009703156605429097,0.0014705925319614807,0.006098423649074131,0.005818765269959893,1,8.31764729693532,62.29411927424371,0.06176470872014761,0.06078431010246277,2.3488070103064023,0.4000000059604645,0.45490196347236633,0.10663650380686307,0.14867331569031914,0.15882353484630585,0.01568627543747425,0.01568627543747425,0.09919889099754012,0.09062654637733865,0.20392157137393951,24.319106067053198,16.621026127413867,0.0,24.052505966587113,18.954653937947494,0,18.0,15.0,0.0,2,2,0.002364554637281909,0.0022690419350479708,0.00216341104809914,0.0019138707142055148,200.26969696969698,324.4798657718121,274.02318840579716,517.7092651757189,0.7878500324491351,0.6281549421274704,0.689346645589431,0.4643929135955539,4.737221419991646,4.997609819988776,4.9537816999818265,5.328813137329928,0.00032847753127473436,0.00026958355354281136,0.00026006834789734333,0.00019609012197196148,8.907523341537004,8.901133495258076,9.032124499484194,9.099891770241477,-0.5037663306457302,-0.48578523435357135,-0.4798064013470343,-0.47988586144808915,0.998757546072185,0.9983443834737541,0.9983280816082172,0.998400155632203,0.10662455938252424,0.0859513273271367,0.08851989396741956,0.05293758473959639,78.4030303030303,77.69463087248322,80.0231884057971,85.96485623003194,6.756362274781351,6.565139152373733,6.727916423390107,6.679588319419068,1687.731505968778,1420.7624543939455,1490.150186935518,1415.4588288131963,472.00030073461994,436.3105800414389,441.0433438353291,483.29202349722846
2,3,453,1333,190,31,147,0,165.34657836644593,15.236203090507725,3.6366908275240633,684,0.9596864743852487,24.016192740836935,1,0.33983495873968494,0.27497525839468223,49.95192734614261,51.03920062069938,6.324555320336759,2.422116074530152,2.0,19.436590881344326,14.040123817740218,-51.46142486533473,143.88225099390854,0.6622807017543859,0.22141171353743902,0.02389114600863345,0.10183908752084292,0.05065382373954777,0.011359493938564986,0.014068156078467802,0.04188479314737531,0.04152244889474285,0.023314977712382928,0.0035326701249044157,0.01436748432535662,0.008234410448963196,0.026437370595522026,0.017994602387291794,0.021678976650180853,0.013405749262123798,0.0029306621538171566,0.010285081520674703,0.009762838051662438,0.0053089178439565884,0.015242188299401691,0.008239183267904073,0.01025990111177702,0.012613729475477987,0.008555711165490337,0.003517010909687946,0.008198685849284395,0.006534652632174997,0.007068960962990233,0.0035284841298055068,1,4.501960896886885,31.917647804133594,0.01568627543747425,0.007843137718737125,2.108212027458965,0.24705882370471954,0.2666666805744171,0.03783160417552004,0.07045838367358409,0.019607843831181526,0.007843137718737125,0.007843137718737125,0.04966837362089662,0.08183343750416595,0.11274509876966476,164.320555352842,17.07789653087118,0.0,165.34657836644593,15.236203090507725,0,163.0,18.0,0.0,3,3,0.01879842868888537,0.02068373645754598,0.01849635796045786,0.01192899408284024,179.06340057636885,125.9563492063492,124.22258064516129,430.2615384615385,0.812450377356407,0.8744960757998179,0.8759730354319055,0.5742836431305413,4.2906483949139105,3.8512561872667455,3.999689831993269,4.883866570746546,0.0011138295465401681,0.001557280010186061,0.0013788846727912645,0.0005892054401578906,7.252550794265906,6.950979314703948,7.178080831194484,7.656601079021012,-0.49235789504032523,-0.5524488074663635,-0.5114347687273213,-0.46232095556975816,0.9956079058546085,0.9975150406937904,0.996388989524515,0.9949820110678352,0.28569057735109493,0.3352675929055995,0.31028188896477327,0.19245040548733938,39.991354466858795,41.710317460317455,41.54516129032258,43.76307692307692,5.742867662969778,5.426918755981527,5.593291128800582,5.950783266173271,1730.4408474449576,1881.2533856135046,1878.9318314255984,1591.0915597633132,477.3760620053322,501.80243370496333,500.7886030176898,505.3382745562131
2,4,310,418,110,38,88,19,98.76129032258065,28.06451612903226,1.1849333316906348,331,0.6787206254572327,19.867165345562018,1,0.7416267942583732,0.8439293361536414,23.334169586548292,23.430749027719962,8.06225774829855,3.3498614034436938,3.0,16.675916973184766,17.13653395804947,-65.5108024098017,67.94112549695427,0.9365558912386707,0.7142482185661782,0.0575082825732567,0.16504189547247708,0.08204117964515456,0.02633216100303668,0.011455251083840289,0.030651863757444137,0.008910615548850963,0.01278730128329173,0.009981048292564283,0.016309095118609687,0.009050446180969141,0.02815150697450489,0.013777891942851807,0.009327555455200788,0.01360866469698529,0.0030988714074124697,0.008124013277929292,0.010696400644515297,0.008205744218217782,0.0205745014260009,0.003878460111929193,0.0016387251405219642,0.004127976595363254,0.014846731314968551,0.007566991961201903,0.00557478089772823,0.0011788032582531124,0.013515953336985671,0.0003050509440673754,1,4.419608011841774,38.76470698416233,0.08235294371843338,0.0156862735748291,0.9687618164670292,0.09019608050584793,0.40392157435417175,0.076200138135203,0.12504744188439462,0.0941176488995552,0.062745101749897,0.062745101749897,0.007394614623570403,0.07216217521024046,0.13725490868091583,99.72797168243953,28.12797166894708,0.0,98.76129032258065,28.06451612903226,0,101.0,27.0,0.0,4,4,0.00492849319852066,0.0037285775252128214,0.004005148266693763,0.004374735213394977,306.8207171314741,580.4644549763034,395.90534979423876,605.2532188841202,0.5981934389124285,0.2928907756912895,0.492094537080254,0.2466988244834382,4.743229378446758,5.165736752280822,4.989574205835,5.159743233078673,0.00045469686589928265,0.00028528314674718363,0.0003333641346505827,0.0003111889759179479,8.095998237495794,8.242240894786294,8.240541182721685,8.167714337895331,-0.4486379785528102,-0.44975198694257706,-0.4468295365370714,-0.45248682388954914,0.9953615940802215,0.9958033179169409,0.9956273192920215,0.9957780140674884,0.16864907806075866,0.0980292055266089,0.1196159509111549,0.12122886519331805,68.58964143426294,71.36492890995261,69.57613168724279,69.99141630901289,5.881083366809118,5.915131462003323,5.965436692763351,5.935254095001984,1220.3853907080838,1061.3312818669847,1163.067249233689,1001.682329753723,381.8015269598902,410.44893421082224,389.74314975698144,401.73388715946135
2,5,453,972,185,45,149,18,168.99116997792495,30.278145695364238,1.6068211135556218,549,0.7641146987559732,24.016192740836935,1,0.4660493827160494,0.6223468135710328,31.85255116733255,35.35533905932738,8.48528137423857,3.4775591336825644,2.8284271247461903,22.360679774997898,20.54745656360947,-68.90067974579662,95.63961030678928,0.825136612021858,0.46142201101202296,0.07988964265989008,0.16857284135639222,0.05082606431362936,0.05497106734398541,0.010167581881567082,0.011371879059870216,0.026441250681155586,0.034580015720176306,0.01326368527025245,0.014008601740829773,0.010104805364696474,0.009593322318126105,0.014017081726598875,0.018886492536687782,0.013665467038289419,0.011866105854337394,0.011217036767719863,0.01466208686683277,0.0025251775621903585,0.007896329691584998,0.006633542258953249,0.00614090294918549,0.0032215783263496458,0.014440988018597885,0.01029221260137628,0.005997901466905181,0.01217128203367218,0.0063795262620049715,0.004805985901239508,1,6.0549021465703845,66.4666685378179,0.054901961237192154,0.08235293626785278,0.7054652623662071,0.27843138575553894,0.4470588266849518,0.07863509281260239,0.14672553761107704,0.13725490868091583,0.007843137718737125,0.007843137718737125,0.07255252109440895,0.09839643924963476,0.21568627655506134,169.59873739254732,30.636674736160817,0.0,168.99116997792495,30.278145695364238,0,171.0,30.0,0.0,5,5,0.0018939257811096185,0.00246209846546133,0.0018335059641150734,0.0017428571428571432,295.0777479892762,352.4498480243161,409.1358381502889,838.8114285714286,0.7661128090878095,0.7146141434835956,0.6588758753783774,0.29119766310391987,5.071523314292316,5.130789758079235,5.218293510759892,5.71204405144715,0.000225076234142143,0.00022636876832763915,0.0002065025854193929,0.00011221172022684313,9.20512538589248,9.056884418183259,9.191032237708558,9.251911433254715,-0.5434354918232358,-0.5630076388481972,-0.5469415853649078,-0.5331810472060228,0.9994799790218843,0.9995860807277815,0.9995055381357983,0.9994001856908415,0.09684770924694339,0.09829926308498313,0.06601693622772564,0.05803496880940494,80.40214477211796,81.86626139817629,84.34971098265896,86.72,7.016789548798786,6.875254332233061,6.911224358654316,6.855227554106914,2228.170719260542,2117.5383449894207,1989.6146964482605,1528.0301714285715,630.8121168124542,617.4970482534352,599.687633649638,591.7103999999997
2,6,588,1015,71,51,36,22,53.37925170068027,35.642857142857146,1.3886774577555727,641,0.5739680301988843,27.361740666563517,1,0.5793103448275863,0.7201096225874032,30.947583581117307,34.058772731852805,10.816653826391969,4.224888530800067,3.605551275463989,25.45584412271571,25.34228630443533,69.22382270194552,101.29646455628166,0.9173166926677067,0.6442505156138363,0.07446821884487624,0.18352057765219645,0.041029428652213054,0.007579310543560311,0.0276307262646301,0.021376797611354616,0.011329059584637985,0.032965087582045895,0.023583618626045768,0.010723255389647138,0.012722839992330651,0.020302291352230436,0.01497649106825688,0.01173781078417521,0.021616708504242157,0.00982894932002702,0.00490729705018817,0.009515331697537186,0.007371739292621588,0.0009592733891585599,0.005234771872682808,0.009990523721658899,0.007220366612126572,0.00805198490321362,0.008646369635836215,0.006394529793829136,0.003949627846349838,0.00734275287834639,0.005335045343367204,1,2.60000008251518,69.90980593021959,0.03921568766236305,0.06666666641831398,0.34783568924793173,0.08627451211214066,0.43529412150382996,0.031707318079453414,0.11889422777248229,0.10196078568696976,0.0117647061124444,0.0117647061124444,0.017248827999677623,0.08853897401041416,0.1725490242242813,53.49049194816821,35.31328882815835,0.0,53.37925170068027,35.642857142857146,0,56.0,34.0,0.0,6,6,0.0016051332518531463,0.0013879757469501077,0.001566662113243632,0.0014799398774424798,255.35657370517922,512.4102564102564,329.3987603305785,444.9827956989248,0.7463005021902195,0.4864904706379494,0.6731065254646886,0.5733809226028359,4.99197740951258,5.41563604604506,5.128650369489446,5.3175864639947275,0.0002585688933832924,0.00016267087867362603,0.00022283422880114406,0.00019558081210285027,9.547329914551959,9.601615921483369,9.492669165012543,9.52069075004885,-0.4384280263759022,-0.4371579744746083,-0.4523666234682597,-0.4440029994761767,0.9976492032813965,0.9976737761314155,0.9980530797668355,0.9978136077877616,0.10639599868480178,0.041984094989882634,0.08611976674919197,0.06948201824826869,67.70318725099601,70.84188034188034,69.26239669421489,68.85806451612905,6.9783924009464195,6.9155430551024075,6.951259644694378,6.879586453720938,1757.7067229091608,1483.3083315070498,1685.9290818591617,1641.106736038847,503.2658241535846,498.92964697932644,503.83196054743553,521.5223829344429
2,7,696,1089,33,57,0,24,14.593390804597702,39.741379310344826,1.3068666384459338,761,0.36793741685177395,29.768686956862464,1,0.6391184573002755,0.7651890182070563,31.654402328955626,34.92849839314596,12.165525060596439,4.628659667895773,4.123105625617661,28.17445651649735,29.433863618821686,-10.863614375608055,106.91168824543142,0.9145860709592641,0.7155806488452521,0.03632981757871229,0.17209920527764283,0.020738661181887517,0.006127532582536369,0.034398807323236635,0.04593819996759194,0.003455491657493867,0.04740948764268891,0.01294358077393582,0.015122537569836838,0.015119810566332867,0.01144762285015409,0.010117338728568296,0.016686548958396177,0.0011561690122988966,0.009077295699296157,0.012491117468316092,0.002960433932634593,0.012356491654271124,0.008478457736474505,0.0031070176136340903,0.010686303487940434,0.0034091770447141315,0.009714748531402601,0.0020359495659678364,0.0062723616489943285,0.002623043284615852,0.006089407717585656,0.00905237885357703,1,2.3058824306353927,75.38431580271572,0.027450980618596077,0.05098039470613003,0.6331513846818163,0.07058823853731155,0.3450980484485626,0.0265043957544298,0.10831079856712028,0.07058823853731155,0.0117647061124444,0.0117647061124444,0.012457485972652577,0.08964197149307346,0.18431372940540314,14.249596829648993,39.20969671827182,0.0,14.593390804597702,39.741379310344826,0,13.0,40.0,0.0,7,7,0.0031677090084706047,0.0022529369785682964,0.002229648189386316,0.00153449329719247,242.80067001675042,409.7620751341682,268.754590984975,468.4919499105546,0.7711450504122853,0.6168258470444368,0.742057845281512,0.5530502285211342,4.863914352336098,5.236217743223795,4.986099547741007,5.374466166876932,0.0003940809100862889,0.0002840614067749663,0.00030205244720916843,0.0001913636359190372,9.190012881466538,9.392230267537856,9.383101474549168,9.599010098283133,-0.42887371977284866,-0.4047035291330807,-0.40878677809658986,-0.3858297228095571,0.9966830928550868,0.9957309116916346,0.9959628345951355,0.9949046903316108,0.16109556158309588,0.13236426513599076,0.09481198435611407,0.0690682885986476,61.60469011725292,63.86940966010734,62.130217028380635,64.94991055456171,6.796118260730083,6.845536300685859,6.819084814822474,6.915434253040679,1879.073210833622,1729.0151465209087,1815.0815410213459,1627.9044677916427,530.4684702125934,534.6943054137695,520.9590330015805,524.0991044255495
2,8,583,810,199,58,172,28,185.63636363636363,42.078902229845625,1.172171020240002,610,0.6862471596946037,27.245158369526866,1,0.7197530864197531,0.8531178324091736,32.1055007278867,32.55764119219941,11.313708498984761,4.4922074207054905,4.0,22.627416997969522,23.352527721714605,-42.54245362265098,92.66904755831214,0.9557377049180328,0.7002817496043395,0.01600690169698527,0.17892891074553408,0.08029607728449271,0.006581031040999208,0.011463520252949715,0.04570606432400838,0.006605132598198839,0.013965134831716594,0.004216955958358397,0.005278326376794101,0.006544376871021615,0.01189703727633528,0.02736595335695551,0.01912168130618806,0.010865995853544308,0.006148799426514591,0.006340614441998496,0.010332263938541933,0.0011278841340523135,0.006704463731966207,0.006975025191585746,0.004355717522429821,0.0052600930856121315,0.010280330898021875,0.0027892059610859893,0.0025968413396589124,0.0030195479906712963,0.0035649814750084888,0.0016437267851292829,1,2.8980393037199974,57.94117793813348,0.027450980618596077,0.05882353335618973,1.8340959593568529,0.21568627655506134,0.25882354378700256,0.04528186412062496,0.09938452476523753,0.08627451211214066,0.01568627543747425,0.01568627543747425,0.04871439265225489,0.07123872010761884,0.16078431904315948,183.8977326450761,41.494890017418776,0.0,185.63636363636363,42.078902229845625,0,186.0,40.0,0.0,8,8,0.004171002958881747,0.002724768243881838,0.0042459643497722264,0.002704799626214696,130.26262626262624,245.75336322869956,138.211155378486,250.2380952380952,0.8022664643388263,0.6256107571062944,0.7886808185425993,0.6103828912545484,4.476456297117458,4.952002885035093,4.514068072504591,4.913683137163564,0.0005720957774799835,0.00034988927131410046,0.0006560394722860778,0.0003841929088189237,8.801112738946303,9.010101230062808,8.859346224815283,9.107349079807113,-0.3795093970895907,-0.3581840397626392,-0.36572803451697167,-0.33923067246827493,0.9918636099507026,0.9901428066713028,0.9904725347501413,0.9878155132378248,0.17508576231480213,0.1139983081300876,0.15847025353002475,0.12088327455467994,55.28484848484848,57.399103139013455,54.936254980079674,57.6583850931677,6.425471485684735,6.42960815230597,6.330283564256706,6.488391378924325,1187.2946189164377,1067.0694162359991,1169.8684465325946,1034.2953075370037,329.3893112947658,328.20569486617444,327.01990047777076,321.133350693775
2,9,756,1326,144,61,105,27,123.11111111111111,42.90873015873016,1.3087174574039135,826,0.31594792545325023,31.025297674958463,1,0.5701357466063348,0.7641068699302656,32.54549589812189,38.63935817272331,13.45362404707371,4.923872851540466,4.242640687119285,29.064371744767385,30.878402742923726,-85.9457325010432,111.5035713374682,0.9152542372881356,0.6415776998266315,0.07844158405848183,0.1920558914180272,0.011369147019037016,0.0026454029553969714,0.018697151042941916,0.024027662222010106,0.008697565441012526,0.042619488882626726,0.023524708760391946,0.012694979479616068,0.018131717352841747,0.029265397713891472,0.006424718753431283,0.012974810686767401,0.009513211617947758,0.0022829063971301867,0.003094615955148355,0.0026770939137041967,0.005639786822162911,0.007959173295263038,0.0065415683984031804,0.005730381795754112,0.012400403848724425,0.011465127512584314,0.011568352810177497,0.005091247457966066,0.005888282142001074,0.005116596183570536,0.005785544815786328,1,1.678431436419487,69.81960987392813,0.019607843831181526,0.03921568673104048,1.8603908258371116,0.05098039284348488,0.3764705955982208,0.01824381996108138,0.09235398131471975,0.05098039284348488,0.007843137718737125,0.007843137718737125,0.010088533780997383,0.08371009709518945,0.16470588743686676,123.55745899443589,44.714783201115786,0.0,123.11111111111111,42.90873015873016,0,128.0,48.0,0.0,9,9,0.0034485678798599883,0.002488319999999997,0.0030533962209217677,0.0024229603241841804,216.61042944785277,383.2048,257.99221183800626,418.0015974440895,0.7679913534173161,0.5890524894075736,0.721575944624576,0.5573973088963272,4.645457423314253,5.102646053622895,4.852549835564179,5.242216394027489,0.000509941546288987,0.0003255142438091184,0.0003929195284275827,0.0002696529724138855,9.130601772070154,9.313539569111484,9.213483972012323,9.34439557488164,-0.3975571728022154,-0.3730100924704984,-0.3935909727608398,-0.36757015551563743,0.9945977820445514,0.9929881406391949,0.994512293392773,0.9925348975541797,0.1922810740866221,0.10976644577362299,0.17151230492629446,0.11570879292980416,52.73619631901841,53.71040000000001,53.68691588785046,54.15814696485623,6.58280150600345,6.690447207035084,6.630860996070268,6.660014846173441,1650.6512665136052,1481.77693184,1595.2399845692503,1470.8328170135455,466.8154239903647,466.24543296,463.30804910181394,472.2086036144083
2,10,683,1248,58,65,19,33,36.688140556368964,51.70424597364568,1.467410867609351,768,0.4658977518024483,29.489364337912,1,0.5472756410256411,0.6814723960911925,32.83592986123729,38.47076812334269,12.0,4.492916995578523,4.0,29.73226685450829,29.05449703574169,-82.35057144148028,112.22539674441617,0.8893229166666666,0.5802847342680382,0.03364574433044977,0.20550902884467856,0.02376012881819367,0.0029131990219611525,0.05021738266533264,0.008807437228708716,0.019009862260586506,0.028974648508327712,0.008503434539049993,0.028592069192898226,0.004364528420244819,0.030820253482872206,0.005551708156708324,0.012538392216660681,0.007035350863228391,0.0011087692031237,0.00985579332858025,0.0035159350733629975,0.01506361130895947,0.005585614018261945,0.013108893948721567,0.008644171387688918,0.005903454279248438,0.005092235500097705,0.001184854602037399,0.008852236103621089,0.006552037076270861,0.010967878360836293,0.0017057030140035128,1,2.180392232723534,69.8941194228828,0.0235294122248888,0.04705882631242275,0.6339168255855332,0.062745101749897,0.42352941632270813,0.023195662050250362,0.10233399622676836,0.062745101749897,0.0117647061124444,0.0117647061124444,0.011829325963015483,0.09002939442223304,0.1774509847164154,37.172361563306346,51.295124282457124,0.0,36.688140556368964,51.70424597364568,0,38.0,54.0,0.0,10,10,0.003682394550920816,0.0024072047807423644,0.0031008370112961293,0.0036594082364682637,233.49575551782684,459.5871559633028,297.3064798598949,466.61524500907433,0.7843596173121967,0.5745453711714016,0.7238764647608331,0.5772104143879236,4.823865328463469,5.325446005887635,5.0479932916012835,5.331995932330848,0.0003693895075789827,0.0002187441362316983,0.0002856003213064025,0.00021460052257659404,9.132718888550247,9.42420170668989,9.185576293326895,9.282057423652642,-0.417937022915312,-0.3980828709502549,-0.4257617203158415,-0.40479826900872834,0.9959795257310379,0.9953678433727942,0.9965174391051274,0.995491174514125,0.15584621427001027,0.12486254909578352,0.14846938847195684,0.1344413470604501,58.252971137521214,61.7302752293578,59.817863397548166,60.42286751361161,6.737311760184099,6.916193859554701,6.775953359918307,6.725310113900648,1932.1074826833778,1700.864863227001,1856.1244444717076,1740.7014008517758,541.400809550301,540.1130047975759,538.3577310829003,551.8291614652127
2,11,1430,2728,94,95,50,33,72.04335664335665,62.59090909090909,2.5698304692312517,1791,0.672197992952176,42.67004275802032,1,0.5241935483870968,0.3891307274830248,51.194290297328706,62.16912416947821,17.69180601295413,5.80675416352592,5.0,40.60783969008081,37.90279005047871,-8.553335893388246,214.89444430272832,0.7984366275823562,0.4710821601478093,0.019999894623298944,0.22211294359347916,0.03580293677175051,0.013525025115267047,0.0009088431389425526,0.0219934207470941,0.0181678146649838,0.014352229172078347,0.0013504567693340427,0.010555810638523233,0.01036049295844879,0.03722403677879377,0.0052262476996025225,0.0059363399177753415,0.006817480332058972,0.008979233530371103,0.009967294064296136,0.015685548766618866,0.0063904548377674356,0.0129639070118657,0.007686442010039108,0.005556782561984156,0.0016348504317623047,0.005084048957562318,0.004327263388458942,0.0021010127175328072,0.009450642346366757,0.00951913505699174,0.004466744955265523,1,2.964705997146666,147.46667086379603,0.019607843831181526,0.04313725512474775,2.042531990167762,0.08627451211214066,0.5058823823928833,0.01602543782241441,0.10312354605859862,0.054901961237192154,0.003921568859368563,0.003921568859368563,0.012159482507656546,0.10041269749180842,0.1764705926179886,73.0987926816731,60.84219765105358,0.0,72.04335664335665,62.59090909090909,0,71.0,65.0,0.0,11,11,0.0031869285997141875,0.0025256056023943672,0.003462985633309889,0.0021957995686612106,216.3443983402489,303.81465880370683,172.39781591263647,368.31780366056563,0.8386845853716672,0.7762608451769228,0.8711859091554036,0.7258225048136492,4.8167557734311846,4.96934591576476,4.617962066743273,5.125338582879246,0.00030441082638213126,0.00030664417043775615,0.0003957327139839466,0.0002637894300324741,9.659640250237398,9.73749038184056,9.60398781923881,9.888532896157551,-0.3940052363304472,-0.37401532496815715,-0.3795444450172048,-0.35501899702283773,0.995619675128315,0.9943154981151665,0.9944238863623655,0.9929723566399282,0.17423674655010962,0.15951466839450285,0.19269923721948023,0.1472169612833733,60.73941908713692,61.05981465880372,57.55226209048362,60.592346089850246,6.964899320903944,6.959641872411693,6.870313524899777,6.9802931224792655,2465.908861073329,2411.9787305469454,2504.294070545973,2318.392886509173,670.5633148533946,678.9483473376633,669.1729716146524,671.6776725424352
2,12,806,1462,120,87,86,44,100.26054590570719,64.39330024813896,1.5295750037613307,868,0.8355831277297132,32.03484154879717,1,0.5512995896032832,0.6537763741829794,44.62905977375738,44.94441010848846,12.041594578792296,4.560732176252664,4.123105625617661,27.39383175732493,24.517600099748,-28.663939392211795,124.46803743153546,0.9285714285714286,0.5072383988463767,0.06690469855861146,0.16484156607468245,0.08672541782616393,0.033318552538015835,0.02390837562727674,0.010605823180177441,0.04597485667736264,0.01782028259096959,0.017349834928306346,0.012734169600975969,0.01440269924365751,0.004057224693337895,0.009586201263311176,0.011949586341388901,0.014850655420626458,0.006384667903287671,0.015519080179875978,0.009841888586202186,0.002791506651654164,0.003972896574044687,0.0036829625223727515,0.010251517777154813,0.003332581137117668,0.011162347714932928,0.009934583021987837,0.006889752466581165,0.0074309547296210485,0.0037516782970716603,0.004488713797386261,1,2.9098040089011192,80.79608042072505,0.02549019642174244,0.05490196496248245,2.1962999864094552,0.12156862765550613,0.45098039507865906,0.02771241913239161,0.10024327595623456,0.07450980693101883,0.007843137718737125,0.007843137718737125,0.02317357280193772,0.08782943638064937,0.16862745583057404,101.94821142250535,62.98776877082777,0.0,100.26054590570719,64.39330024813896,0,102.0,56.0,0.0,12,12,0.004234949130428138,0.002450453820508997,0.002705817156781346,0.0023180209295167757,341.437223042836,603.9586645469,305.3210749646393,431.3640350877193,0.6731713284494122,0.4370423042226362,0.7044411461870441,0.5834552996712888,5.0422262804977365,5.479175285291389,4.999565028486674,5.1781924318796335,0.0003095932956726857,0.00018015944540409156,0.0002913976037410142,0.00027448687830652945,9.316172408771354,9.588730716431215,9.45796093249878,9.515937105333666,-0.4321337158689695,-0.39302144329545774,-0.4003272483687432,-0.3993963460185909,0.9970533925319947,0.9953972765809203,0.9955938731455541,0.9956603927762612,0.17875158304576771,0.10416002537298163,0.1346663688999923,0.14970636191342424,57.629246676514036,59.67567567567568,56.0,57.46345029239765,6.814458034696011,6.887525719290901,6.8491537661618604,6.7871151185545235,1747.958553789963,1541.7040347183433,1760.7383309759553,1639.7895997913893,522.3489442081999,536.4156748163103,516.5148514851485,517.788408719777
2,13,1378,2585,175,86,128,31,149.41872278664732,56.497822931785194,1.409652225045166,1480,0.7415063706137792,41.88703967392604,1,0.5330754352030947,0.7093948296133534,52.42720261951873,55.31726674375732,15.811388300841896,6.222206473761985,5.656854249492381,36.010455997896926,35.17581280206786,-37.9784672339454,156.23759005323595,0.9310810810810811,0.5561659530055975,0.07431899499862676,0.18545218500698407,0.07577439472239351,0.00541725468712249,0.014613193701139865,0.00967172093001958,0.03608457386509499,0.007692424982553148,0.02170709051373511,0.007645719427024455,0.02055170946649552,0.013273118400881433,0.015564467691118628,0.01214391654636702,0.013159630721154086,0.008086398420549286,0.007329983578226051,0.0097322237542072,0.007254436459268275,0.018830107114244515,0.011046001859436733,0.007924736961315649,0.0084071742448677,0.0037521635084514036,0.0039040421533211734,0.004152043797194536,0.0018192866810278498,0.0049544763596151556,0.00503452669641288,1,5.882353133521974,157.55686698947102,0.0470588244497776,0.05882353335618973,1.5694726351349144,0.20000000298023224,0.3137255012989044,0.04668534232953948,0.114337349048963,0.11372549086809158,0.007843137718737125,0.007843137718737125,0.04399850169930791,0.0716497738321395,0.16862745583057404,150.5470791702497,57.588719913182196,0.0,149.41872278664732,56.497822931785194,0,142.0,66.0,0.0,13,13,0.0012177086450910137,0.0009662487584565504,0.0014841311134235163,0.001472457174590968,161.3563218390804,228.8683982683983,94.03870967741936,210.1781045751634,0.7472088160042958,0.6429353561479592,0.8572903539471401,0.6726515380160843,4.684843771946891,4.923731535815584,4.284941952716498,4.886433019144138,0.000440067353214197,0.00029626812161150237,0.0006971525605932062,0.00035836169374551987,10.18861835531042,10.308653297933567,9.982095565802476,10.200675885882717,-0.2930572720473612,-0.2758332943048649,-0.3247843498258434,-0.2881078280540127,0.984762177953806,0.981354503241722,0.9895219719392301,0.9837308343430718,0.13482975250436235,0.06529801063551263,0.19545385979924332,0.1271759008333102,62.760262725779974,64.02857142857142,61.475806451612904,62.2483660130719,6.875266463114664,6.829440146321653,6.883853886648929,6.842962962456628,1115.2413766140608,1053.07537414966,1223.863930801249,1073.9464842581906,319.14942461328565,320.48594310451404,329.47566011966705,321.0311472083391
2,14,660,1221,136,93,99,60,120.85757575757576,76.22121212121212,1.672465680376551,783,0.4490268396625249,28.988585676524604,1,0.5405405405405406,0.5979195936474181,32.86103856567337,37.107950630558946,11.180339887498949,4.13476491714361,3.605551275463989,29.218948669073754,29.36193830089722,52.21775912229592,117.77564927611034,0.842911877394636,0.5223629676923347,0.08473062880596104,0.1804623059993786,0.0038095234147953066,0.033940202552500846,0.05141443056702517,0.00579189443254256,0.027569529852388794,0.02598481085064102,0.011731823401810192,0.027090231335090906,0.004327388946539745,0.00916404052037291,0.01752296124956666,0.015569929800257386,0.00779407653999682,0.010735104928944526,0.010726622162285707,0.009795430749949187,0.008300168602579282,0.0012473148391441051,0.009669850871686689,0.006853208426948497,0.0011926322710694686,0.006529661977404149,0.010406665544900918,0.0018071100786621482,0.00880548364440037,0.006544941795749734,0.003956900541371149,1,3.388235403224826,69.05882529262453,0.0235294122248888,0.05882353149354458,2.44907137609434,0.1568627506494522,0.37254902720451355,0.03289548935169734,0.10463458377670384,0.07450980693101883,0.007843137718737125,0.007843137718737125,0.03159654087407794,0.08980477758820223,0.18039216101169586,118.96910845222816,74.66183986230863,0.0,120.85757575757576,76.22121212121212,0,114.0,73.0,0.0,14,14,0.002939696453209963,0.001979298119103421,0.0029750183784919126,0.002810457516339869,247.97657657657658,308.69961240310084,245.1394927536232,464.1137254901961,0.7669615212812726,0.6930530428939755,0.7732744954191244,0.5693632840536342,4.890188394716628,5.086821914826409,4.815415441692551,5.349373495775475,0.0003792443203338479,0.0002785735344931198,0.0003975853068332983,0.0002014699875048058,9.230284979529891,9.419421993980162,9.192029460559372,9.286902101893146,-0.44349743000952124,-0.4187255815979782,-0.4525632060072271,-0.45142571572805973,0.9973989847187597,0.9965864889603927,0.9976855640665784,0.9977716457139981,0.13823095683474365,0.10447376608213833,0.16177381670544375,0.11190659321664294,59.454054054054055,59.76162790697675,59.45108695652174,63.925490196078435,6.798380060850183,6.833837163847937,6.813279583664746,6.909690370656236,1880.2262673484292,1702.7203105282124,1917.2947089634526,1691.3630757400988,532.0507109812515,502.8549807328286,540.6085504292689,538.8692003075739
2,15,1230,2538,189,101,135,54,164.1910569105691,78.07479674796748,1.8311802756582973,1441,0.8962854947001819,39.573787284315486,1,0.4846335697399527,0.5460958777750632,61.49984250935703,59.16924876994806,11.40175425099138,5.044528461707603,4.73606797749979,28.076827150012356,27.273797722745442,-53.153109045774364,168.23759005323592,0.8535739070090215,0.4473249471648814,0.08313058371898974,0.12727636770776155,0.08192048163210547,0.061004541507437816,0.03689184845333966,0.002936576233353521,0.039539357527784064,0.022668935858762417,0.016936319713828692,0.026760629911926268,0.009722277630049916,0.011850298459692668,0.0033320129196526857,0.008167144462920774,0.011499964844555533,0.004498897314643665,0.004046148874181653,0.006709009343306985,0.004771535801346742,0.002432800456274035,0.005749354449050027,0.003779779624145307,0.008826687724232759,0.007319762298241973,0.006501316873389187,0.005708887648764224,0.009553444341550034,0.006906639412660727,0.00233109609850597,1,8.129411994945258,139.98823914909735,0.04313725605607033,0.0627450980246067,1.221903243613554,0.2666666805744171,0.3686274588108063,0.05890878257206709,0.1138115765439816,0.11372549086809158,0.003921568859368563,0.003921568859368563,0.06142303592193199,0.07473218345437561,0.16862745583057404,165.392357902912,78.2982323372304,0.0,164.1910569105691,78.07479674796748,0,156.0,92.0,0.0,15,15,0.0014634609579818822,0.0017888336468691228,0.001487948018542599,0.0010259488755261165,191.47513812154693,261.6065573770492,149.04887218045116,276.27255985267027,0.7296952867607943,0.6333586004840042,0.7873094460195484,0.5903276211732205,4.791158602166174,4.954576207508359,4.60452958177145,5.062582474738243,0.00036073152576365905,0.00033297947339387695,0.00042867110395696504,0.0002650893495989102,10.074428582451075,10.038424308868967,10.050135820304284,10.315445652281399,-0.3248608753973129,-0.33513762740709513,-0.3287905177518198,-0.28694327454332014,0.9899035135683871,0.9911753359340991,0.9903693905585278,0.9840916482936631,0.12830421157305616,0.1480370725303501,0.14011637364028007,0.08549624773246174,61.47329650092082,62.85040983606558,61.51691729323308,62.972375690607734,6.876798957834367,6.870121258245153,6.909957239896839,6.855678152075815,1225.260336646893,1165.436639176296,1252.5072326021832,1072.4762166397045,354.18386869210985,356.7607991383363,350.3890261956582,337.1871941230937
2,16,1274,1802,66,96,13,62,38.496860282574566,79.7723704866562,1.3768500459829833,1369,0.7338742632304252,40.27539174226115,1,0.7069922308546059,0.7262955053947532,49.758181288103806,52.773099207835045,16.0,6.20267013549045,5.385164807134504,32.47598817551771,33.80000282410859,82.25722996618174,148.46803743153546,0.9306062819576333,0.5719217712623391,0.11423830294288884,0.16147179757191735,0.0517443288653673,0.04602440378946302,0.01397004559914442,0.011572237592205499,0.02879039032292172,0.019103329330218955,0.021714785469786883,0.002644100760154127,0.016069069566656876,0.007872313530939404,0.012529849340928016,0.01437961991840017,0.009024893588893171,0.014518284017470419,0.010787253120269784,0.008245885250803133,0.007750640937976295,0.006056985862078552,0.0062355289515301495,0.010041525746101414,0.01224130015306932,0.004328569938527788,0.005596252891283017,0.004936199906189149,0.0017810556909089907,0.0020972757972042826,0.008980727491268084,1,2.129411849193275,145.38431762577966,0.019607843831181526,0.05490196403115988,1.5004160683542835,0.03529411926865578,0.5568627715110779,0.01650706859839748,0.11411641885853976,0.06666667014360428,0.007843137718737125,0.003921568859368563,0.0058934774158282644,0.11548889000918944,0.18039216101169586,37.19094759990679,80.51118064050033,0.0,38.496860282574566,79.7723704866562,0,34.0,83.0,0.0,16,16,0.003163415317720914,0.002512445893291476,0.003975441706855781,0.002206255215851052,227.59965782720275,447.83500455788516,262.28175313059035,471.58231420508,0.8710728553325573,0.7517369224791616,0.8539151065642134,0.7380331300560986,4.78530416933906,5.260072963936465,4.859455748266891,5.352240541726485,0.00032273668444231745,0.00020949549020698107,0.0003188964391260042,0.00019018480085612413,9.611141486880985,9.84954973799715,9.556711422336438,9.918535514425745,-0.41243546745400295,-0.39166942521361264,-0.43373611255051603,-0.39449338443606946,0.996604247557688,0.9958651725052338,0.9974834194857924,0.9961721498029387,0.1692967068273782,0.15309624461272503,0.20119911836739554,0.13856737497312094,62.7339606501283,65.76390154968095,64.79874776386404,67.74788334901223,7.021809623436113,7.097954139441841,7.078256943606678,7.180539094648633,3303.071224775185,3159.9105291717106,3328.5310538880767,3128.7379423683315,882.6677206505964,901.9363834323997,897.7032017546665,900.080064143352
2,17,655,1520,127,120,87,82,105.88396946564886,95.30992366412214,2.407917093572432,905,0.3027660547507125,28.878571671769564,1,0.4309210526315789,0.4152966905170231,33.20109215258754,39.6232255123179,10.770329614269007,3.782782112339518,3.0,32.64659247149693,31.642795789651057,5.908462564572421,140.78174593052023,0.7237569060773481,0.4481335339834498,0.05013361993330907,0.1836414405762862,0.01076307223965354,0.04521664810724316,0.046348410692154056,0.024489368909828578,0.015439419536207187,0.010693464760519352,0.009138802902032171,0.03417211811619372,0.003130112171586553,0.011357918734173853,0.010412056385038025,0.0016928584266246226,0.017386877864800084,0.021150006906596273,0.012571655180809434,0.00611296940645934,0.010341606552928446,0.0027326963505899878,0.005113676325561342,0.007274588191853737,0.013304422061638057,0.007233420444480923,0.004125232097055552,0.0011595532558204777,0.0027531628874230656,0.006433787515589765,0.00747860609404739,1,5.321568790823221,75.86274692136794,0.0235294122248888,0.0705882366746664,2.441547356367319,0.21568627655506134,0.48627451062202454,0.044719065469102696,0.1158209876662106,0.08627451211214066,0.007843137718737125,0.007843137718737125,0.047681711929188034,0.1012032459515378,0.1921568661928177,107.7137761573138,96.92638924201808,0.0,105.88396946564886,95.30992366412214,0,105.0,99.0,0.0,17,17,0.0029142079296858832,0.0025535308963349807,0.0036372041420118357,0.003083132804370447,306.16728624535307,481.39641434262944,284.5173076923077,512.2177419354839,0.780253340518906,0.6591249565983518,0.7959236095478706,0.6247121439514687,4.867140987329144,5.217588600163314,4.878689060573258,5.19390296075534,0.0003304113541825021,0.00025974089300169814,0.0003102011834319524,0.00026924661810613935,9.162576257157955,9.214335205058305,9.041631130322711,9.188980140916156,-0.4854925281075728,-0.48130106126021893,-0.5114089743205363,-0.4881696530314926,0.9985936801457025,0.9985450342367165,0.9989974348095653,0.9986755044900272,0.11166618139886596,0.09902356119095634,0.1616965619966142,0.15134893108108158,64.92193308550185,65.69123505976094,67.4173076923077,69.90322580645162,6.854597123098957,6.872960214581722,6.833146143340913,6.87717607870292,2480.380522657233,2343.07797098459,2503.8239312130163,2217.5148283038498,696.6369522256468,706.1185963318044,697.0853097263314,682.4331425598336
2,18,438,754,133,121,107,92,120.9771689497717,108.11187214611873,1.6822690163830647,496,0.6696305779665608,23.615226456547084,1,0.5809018567639257,0.5944352480259274,28.978840065073253,31.064449134018133,9.486832980505138,3.5649445971184717,3.0,21.213203435596427,21.522420620644898,-33.04565565226377,96.22539674441617,0.8830645161290323,0.570524460087267,0.11176714713885764,0.1465243053644465,0.07186742467092164,0.017927299110512093,0.02565896872200981,0.024347108079175867,0.01641598060772611,0.028734683817122155,0.0189501650762845,0.019244649133281926,0.02246084115607401,0.0003866330963216063,0.013361659256343113,0.005654001216104266,0.016820341725790618,0.007637543944213417,0.011517419358258911,0.010760229785283869,0.007526972424351846,0.013022824797720264,0.007032424811931524,0.005909806782227306,0.008146181626597592,0.010085467100725887,0.006284080078639248,0.005574663971065084,0.009562238224163657,0.008107019128791687,0.008720142282900752,1,5.890196258202195,57.337256462313235,0.0941176488995552,0.039215683937072754,0.9943333838505797,0.19607843458652496,0.26274511218070984,0.0745594463063569,0.13090697822445943,0.13725490868091583,0.007843137718737125,0.007843137718737125,0.04643624707480392,0.05638025177831207,0.16862745583057404,120.18234048110052,108.70932221401527,0.0,120.9771689497717,108.11187214611873,0,116.0,106.0,0.0,18,18,0.002389142946281228,0.002669094693028096,0.0023939480992052078,0.0021020761245674744,125.26647564469914,175.80645161290323,129.11581920903956,203.97352941176473,0.6499034557894051,0.42596372688743717,0.6489494597120187,0.4649852726721132,4.474829462588286,4.691877927076831,4.420606273410028,4.740430531210395,0.0005515033470131619,0.0004442010016958976,0.0006016692914499004,0.0003902910645226951,8.916487049978347,8.75420831650175,8.909165322656293,9.015936708164709,-0.38594256134019184,-0.4004396371188974,-0.3981985817705404,-0.3777223160782409,0.9929428445213928,0.9937372145979294,0.9940221114197425,0.9924621214291236,0.10772862376177561,0.13299399840481113,0.09553625720222549,0.06707177675902648,71.85100286532952,73.49032258064517,71.78248587570621,71.94411764705882,6.181223412595978,6.063343290180779,6.188882671827236,6.184340353873138,590.3445620315097,436.72087408948937,606.480936193303,558.5233477508655,178.90275941905247,153.13183142559842,183.899188850585,190.62421929065795
2,19,1404,1978,69,136,23,93,42.98005698005698,112.58547008547009,1.5928552577677153,1566,0.648277297403478,42.28035383967556,1,0.7098078867542973,0.6278034335658571,49.33562389382243,60.207972893961475,18.0,6.466728140000039,5.830951894845301,38.499963790838954,37.56435739450895,-47.92750505662964,167.63961030678928,0.896551724137931,0.4924363701292961,0.057170245063661286,0.21904627819038294,0.027544679105440298,0.03411872073885017,0.004808830505084241,0.007892978350936932,0.01756802238353576,0.018666072658048555,0.01724773604450736,0.0030609751231808224,0.010834927839472661,0.0294091846067062,0.0007205113415701353,0.016515251463836093,0.0053497848419480545,0.02081634203860054,0.00600265336765054,0.016988757054494347,0.003182369183213646,0.004662641628852946,0.003556665386735877,0.005844761133519995,0.002683397494307736,0.005217246686010284,0.005082884194616826,0.0064598388011621434,0.003992965866068056,0.004614796876109486,0.0033405655012371128,1,3.1843138309195638,164.02745592128485,0.019607843831181526,0.0509803956374526,3.576080034747337,0.08235294371843338,0.42352941632270813,0.021228758872797092,0.11682867230860744,0.062745101749897,0.007843137718737125,0.007843137718737125,0.015523249157379956,0.11188758184621404,0.21568627655506134,39.42888563682015,113.00681377640664,0.0,42.98005698005698,112.58547008547009,0,42.0,114.0,0.0,19,19,0.004735548992504222,0.003937322236425645,0.005298833207420474,0.0029786698310569192,211.63571990558606,373.9673258813415,216.87480063795846,398.61211129296237,0.8733311792972166,0.7784893871032936,0.8690725892058382,0.7619303272594191,4.696225175851601,5.129037345204469,4.786717028108251,5.209812035417697,0.0004804234776653778,0.00029576140460390416,0.0003975586958419881,0.00027472328023207994,9.461381279091167,9.709651520097243,9.525061108400248,9.78844848467526,-0.4082947318770772,-0.395458577905022,-0.41385268775495837,-0.37141098863588323,0.9960936277730942,0.9958188785790317,0.9965241184160926,0.9942289674102767,0.2004458018309079,0.15602071651064398,0.1986166682632365,0.13824333515086187,64.26829268292683,68.98882201203784,65.51116427432217,66.52045826513911,6.838301574718285,6.983145061778997,6.975569874760229,6.919444094356026,3129.924085125981,3002.5510358436422,3096.0265898725347,2950.089188660697,835.3899512578917,844.1295904312458,828.225347627623,837.1753249884146
2,20,992,1786,116,159,78,112,94.81754032258064,134.4102822580645,5.402892896667497,1349,0.5322216661885398,35.539465786323824,1,0.555431131019037,0.18508603059979215,42.902698009962435,46.87216658103186,10.0,3.3373522579647767,2.8284271247461903,35.99382994335858,36.32164047343355,-5.432729212504698,259.5218613006978,0.7353595255744997,0.5675924124609136,0.051010205905990265,0.15595762839379695,0.029037418067654735,0.011653192295011418,0.01765439782021168,0.0031968894205722043,0.03121447361241938,0.03556797919408471,0.016920026254189653,0.012904985168674901,0.016250906919379658,0.000497604329668445,0.018742279735855037,0.028013736730073485,0.010193810538786666,0.007551533409022261,0.01774318412248343,0.007556430443316718,0.014223233657800021,0.0011682252418731335,0.005062048892661957,0.0143847902259732,0.008913973935202763,0.004503962927756666,0.005214315870186857,0.006902124046678978,0.007843806165714434,0.0063928631545625446,0.013953982811511612,1,6.305882574990392,70.4549040752463,0.0117647061124444,0.0117647061124444,5.580275626437397,0.10588235408067703,0.40784314274787903,0.028277500336279782,0.07102308878553056,0.019607843831181526,0.003921568859368563,0.003921568859368563,0.029832385951788935,0.08364081998583694,0.125490203499794,90.5140821539035,137.96270732517814,0.0,94.81754032258064,134.4102822580645,0,91.0,140.0,0.0,20,20,0.01759882161544212,0.010098900731731773,0.01552198753462604,0.016777452522247268,126.09649122807016,249.4465317919075,168.32500000000002,245.51131824234352,0.8768891609215728,0.764610911188608,0.8395242785866631,0.7672408638594176,3.890452753048414,4.449256106868041,4.08486321552943,4.4375429790953245,0.0011047011250527546,0.0007251564909211825,0.000943626296317235,0.0007740540464215979,7.781765587526801,8.1326285412889,7.864799918651458,8.019186588707703,-0.4512128823809743,-0.42434745935382856,-0.45635078214243513,-0.4391452144183549,0.9946176136411231,0.993720634985956,0.9952084825432195,0.9944987277789046,0.3709823176530599,0.2581690616027197,0.3333503729359988,0.3110868728536148,40.53007518796993,42.38294797687861,42.06184210526315,42.392809587217045,5.915086430686419,6.01756687829217,5.951425718380522,6.021551147905045,1922.4069902199105,1869.9935242574088,1929.5001229224379,1864.062744569602,512.1258703619951,529.860014012329,524.4562807306095,527.3935157029864
2,21,906,2200,92,165,42,121,62.6280353200883,144.47019867549668,5.177708794944822,1439,0.7660666352474724,33.96402549065787,1,0.4118181818181818,0.1931356203300454,49.06465339295681,55.47071299343465,10.198039027185569,3.2832061029548036,2.8284271247461903,37.42789145575168,31.536853589245542,47.53511297790906,242.79393923933998,0.6296038915913829,0.37489601154698,0.06251767458680019,0.14680368389454138,0.05301699068449183,0.04686127553552533,0.009331418081008559,0.023553705296822495,0.03144915672488202,0.0183327486561211,0.0067131039991805055,0.009843623824816655,0.0036966383452524706,0.0053952779409017935,0.011548561415184521,0.015438272945043376,0.013177116847593774,0.004345741338184128,0.024992273464485296,0.0016612657949341765,0.0025212626513411835,0.0003648426600519045,0.015520031826515653,0.0027324499469667035,0.00653189856079362,0.010102979723567489,0.005533432125548286,0.015667885665347842,0.005281868493996741,0.006843779763504142,0.0014146855599739844,1,4.4470589850097895,71.04313911078498,0.01568627543747425,0.023529413156211376,3.34965798288009,0.10196078568696976,0.501960813999176,0.0206839952791153,0.07841406082868099,0.0313725508749485,0.003921568859368563,0.003921568859368563,0.018176305709195123,0.09499976223424153,0.11764705926179886,59.538805482088456,143.17525944515273,0.0,62.6280353200883,144.47019867549668,0,61.0,145.0,0.0,21,21,0.010858766230481438,0.006910082798294477,0.00853203729418765,0.006774675273800389,257.0341394025604,437.28725038402456,227.51971830985917,463.2511556240371,0.8086305741721984,0.6838374051225727,0.8293487027570532,0.6672511204119156,4.702381558752421,5.099422842833793,4.558096357166108,5.171043413327462,0.00043997834830950336,0.0003216684671905405,0.0004984283612673057,0.00029144928060902136,8.626240461926063,8.908945645934221,8.579504762522156,8.85411795614753,-0.46699894725876306,-0.4478186843023787,-0.4737107299215594,-0.44816220875256724,0.9973875656418848,0.9970686936472692,0.9975643195498348,0.996989598634566,0.24870716731286496,0.2111831580665277,0.25721557667533046,0.18833178018071778,48.399715504978666,51.21966205837174,47.708450704225356,50.66563944530047,6.521992600665667,6.6317390228059185,6.508763514628999,6.63078937030768,2429.2271407440985,2328.930243203767,2438.967111684189,2321.1378178114473,671.5653200366647,691.5543733969483,666.621707498512,696.0972433588713
2,22,866,1334,52,179,23,133,37.60277136258661,153.48729792147807,1.8345723114415713,971,0.8714215863754137,33.20580439833751,1,0.6491754122938531,0.5450861728171508,48.310937875278185,45.89117562233506,11.045361017187261,4.488916013764579,4.0,23.14613946734947,23.698197666069127,17.22139442893013,141.29646455628165,0.8918640576725025,0.5226274670001683,0.08282052372259495,0.13773924270785481,0.09809329689194339,0.049541753509167834,0.039662681350187266,0.023228105886479007,0.02179483344333957,0.02525908414569216,0.00641093305775619,0.015352667442147805,0.013822397955680287,0.0022539653757703525,0.002083839110705417,0.011210796646414955,0.004989412155720949,0.015504725437551468,0.013917073902880288,0.0023314973055141024,0.002560012373948024,0.004670907392588482,0.008381814880383273,0.004168267372892683,0.009394697779563616,0.003004234919697159,0.011505171957056004,0.01140360521520451,0.00822585004378138,0.005993676220871977,0.005855827636637326,1,2.2196079110726714,72.7019629990682,0.01568627543747425,0.011764705181121826,1.05088671717319,0.03529411926865578,0.3843137323856354,0.018193507467808782,0.08395145842848523,0.027450980618596077,0.007843137718737125,0.007843137718737125,0.006718943048657894,0.10537809616675323,0.11764705926179886,37.24224607618302,152.50018880380432,0.0,37.60277136258661,153.48729792147807,0,39.0,155.0,0.0,22,22,0.011139759731044474,0.007331079912332282,0.011034906549599792,0.011106710199222707,361.0220385674931,433.4807417974323,244.3636363636364,714.4970414201184,0.774361137065501,0.732098009178346,0.8427653734008032,0.571084052361007,4.706104069872598,4.872492175045468,4.370281297950556,5.183094871094855,0.0006755394024023222,0.000573280562659106,0.0008195045663734972,0.0004980497353016354,8.181448097269213,8.582770982544094,8.114283571345776,8.393636546273733,-0.4420604281077133,-0.39148995553538324,-0.44075130116473993,-0.4207957894840105,0.9951735840209908,0.9923047868099036,0.9948968920921868,0.9942779597851336,0.2646915298921083,0.22457840332701803,0.2848217928209268,0.24202476911105236,49.0633608815427,50.73609129814551,47.607378129117265,51.68639053254438,6.2147379346562595,6.321609290260055,6.159658173795956,6.428898691569123,2838.9767016521346,2802.63363322419,2863.903819080997,2617.144252652218,799.9996850549069,809.0285937554055,777.0668638611587,832.9103235180842
2,23,760,1147,190,184,153,153,169.04342105263157,167.47368421052633,1.8134902582909316,857,0.6025548659566812,31.10726690017501,1,0.6625980819529207,0.5514228683767066,35.465835334684975,39.0,13.152946437965905,4.751204372184372,4.123105625617661,28.705485156129665,28.304483810721663,87.16293313119732,131.6040764008565,0.8868144690781797,0.6345270052000351,0.0713023693994474,0.19128194612738547,0.051163042372107184,0.016822833983445824,0.009553431222080296,0.03011840266920992,0.015205118103233592,0.010763674568830416,0.028508768285484414,0.015555393469573112,0.0066282087692756215,0.014191944838720527,0.015300451725821718,0.005156444415618006,0.010910635611173922,0.01346586869150762,0.00255528450339129,0.006549105147858699,0.0035443421301274156,0.0013140699222445231,0.008212795616271805,0.006064620586585221,0.003135960595096395,0.005284717310421153,0.00860902202697889,0.007501446617326467,0.007669828472335135,0.006011482901905237,0.0011461228154898988,1,2.156862811651081,72.58039411297068,0.01568627543747425,0.023529413156211376,2.6952850551778536,0.09803921729326248,0.5529412031173706,0.018755328796965922,0.09550051856969827,0.0313725508749485,0.003921568859368563,0.003921568859368563,0.019820046550696847,0.11149329996327338,0.16470588743686676,169.30770477296875,164.7913874999013,0.0,169.04342105263157,167.47368421052633,0,171.0,161.0,0.0,23,23,0.005869198673982622,0.0038571652516851936,0.008600406931607461,0.004961824950967218,388.6882716049382,851.2587064676616,408.26040061633284,480.4013050570963,0.7731397137276182,0.5185704433014151,0.7622765902483616,0.7162712225159041,4.999282116938813,5.5236454673278015,4.88938643027179,5.119020996499369,0.0002958243168100531,0.00019410986316474333,0.0003551680868340548,0.00025605218872704413,8.827386766736318,9.078821483970776,8.535613150959474,8.880155836632756,-0.4540657354852102,-0.4402339658498598,-0.4936887642993972,-0.4443930810157402,0.9971974781954187,0.9970220956539969,0.9981401463668567,0.9968652296714522,0.1739002593348043,0.14712029289691736,0.21155501150046174,0.15413900346364592,55.52469135802468,58.67827529021559,54.17719568567026,55.272430668841764,6.560078631262897,6.753389314999765,6.554810952235438,6.610952147753954,3037.9870446578275,2685.1203738081285,3026.490943753695,2905.9404634230073,856.6688290656909,884.0947700689478,858.6878360925076,846.585442120026
2,24,1002,1440,80,199,44,159,63.05189620758483,180.12774451097803,1.9349466797250519,1144,0.5083830518672686,35.71814698195629,1,0.6958333333333333,0.5168101066961163,39.4502107324554,41.593268686170845,14.7648230602334,5.15256640382573,4.182873156368473,35.0,33.97180109985429,1.1884648629105043,156.0893577750951,0.8758741258741258,0.7072147846587856,0.07507183271693663,0.16037946213524482,0.03405463007156844,0.008056739258757129,0.024384836381315448,0.03718828724874916,0.011734895784625058,0.016567568941798765,0.03026694707304939,0.0038069315360377393,0.004877118734207377,0.0011171685632557441,0.01814880475053675,0.006091453046443477,0.016810405533571795,0.005161395139888729,0.0069734298996324846,0.01207671038880109,0.008429991090563431,0.005034146243138829,0.008372575709397046,0.006397571756491468,0.0076736219317121,0.0041521799706570215,0.010881742359470613,0.003485134377482717,0.0028866103713841317,0.009553555198750811,0.012212112980678893,1,1.764705947600305,76.6980412863195,0.0117647061124444,0.01960784289985895,5.013111298071838,0.0313725508749485,0.3333333432674408,0.014464802849182829,0.07654495138355238,0.027450980618596077,0.007843137718737125,0.007843137718737125,0.007120024303027578,0.08344363126961674,0.14509804546833038,63.67358625475752,185.1021576795942,0.0,63.05189620758483,180.12774451097803,0,66.0,192.0,0.0,24,24,0.013830852919225934,0.008669353941377453,0.009551283686619606,0.008820729707967082,159.2237600922722,306.572472594397,161.67207415990728,253.43634116192825,0.8344622768004568,0.6879041521480765,0.8322393114444615,0.7453582497889945,4.329249240769638,4.778095341945255,4.388344765845087,4.707953356024381,0.0008989434898431699,0.0006148841672747648,0.0008112534994671091,0.0006098699938089315,8.355664980125425,8.718031021218422,8.51290578132015,8.721831306316012,-0.43445509493678863,-0.3855204237715946,-0.40521867556357344,-0.38232792897319773,0.995147624969585,0.9921933630326316,0.9933684832274831,0.9918666817958108,0.3071778680427063,0.2366965528436787,0.2655577436367682,0.2476514603206946,43.76355247981546,45.532277710109625,43.84588644264195,45.70333745364647,6.270990881900231,6.3966241962415635,6.328403349298924,6.384697022282347,1764.4919587755041,1658.0321493796364,1765.7410230554708,1737.0961693311187,480.92892971694425,491.15115549350867,481.85327430384444,497.63312762326177
3,1,504,961,75,31,44,0,56.89484126984127,10.494047619047619,1.9109144570002636,661,0.7355891504981795,25.332049473868512,1,0.5244536940686785,0.523309662730686,34.54057324551926,37.8021163428716,9.0,3.4693414694196765,3.0,26.047294263733775,23.398749068512114,-51.126225878536395,110.01219330881975,0.762481089258699,0.44906419212492793,0.10746570309531515,0.1241439747365259,0.055961685819126014,0.06436642790852869,0.01682347428351,0.004995401113031051,0.026398991947756172,0.02711681212659082,0.027542577900023655,0.01625114675276189,0.0021993259383664004,0.005496566483624052,0.014027497916589927,0.01930629972005232,0.019256921889831705,0.0038390088507000777,0.0038999910816935094,0.00896768673056683,0.006634085922415466,0.008744515771672609,0.013819882327247422,0.008907609708902257,0.006593183770569401,0.010376036589160491,0.008225452968789682,0.006888454956374814,0.012119335229197765,0.011907900271617295,0.004130521243887075,1,1.156862782780081,33.15294200228527,0.0117647061124444,0.01960784289985895,2.2791637808484726,0.0470588244497776,0.24705882370471954,0.015024191984156896,0.0657796468299311,0.027450980618596077,0.003921568859368563,0.003921568859368563,0.010695914900206641,0.06980104948898704,0.11372549086809158,55.67400047821288,8.56943459263746,0.0,56.89484126984127,10.494047619047619,0,56.0,7.0,0.0,1,1,0.007052349791790602,0.006035116442246653,0.008300404708245397,0.005744373588035114,156.16341463414636,359.45664739884387,171.9877750611247,285.7673796791443,0.771815523247467,0.5122871635407183,0.7540262822048319,0.6052524398774437,4.4494315302881216,4.948290314566439,4.469354650514245,4.895497289427828,0.000823490249479477,0.00050372306907598,0.0008118108877240999,0.0004696612423682404,8.211253481354941,8.318427739113561,8.18842598434448,8.446329942701105,-0.4521399129905888,-0.45066254451463206,-0.45105078148524697,-0.4285337225591136,0.995864709011831,0.9960355880180662,0.995746117173413,0.9949944825048658,0.23370200302438798,0.18686558965049022,0.24254614825036097,0.17574867093817986,38.90487804878049,42.95953757225433,38.73105134474328,41.082887700534755,6.224892704727138,6.29354740550769,6.184134891410391,6.255590672989355,1212.5836347412258,1114.5937385144844,1226.4362240780486,1162.0813649232177,342.1867623438429,368.51259647833206,349.60599978479337,361.9621861505906
3,2,1114,1480,115,37,75,0,95.45421903052065,18.58886894075404,1.2095552397313896,1165,0.5149959989661802,37.66150359232848,1,0.7527027027027027,0.8267501699402118,40.86002049256576,42.05948168962618,17.0,6.231243169767464,5.656854249492381,34.148167522324584,35.024906428771374,-57.871515304542775,130.12489168102786,0.9562231759656652,0.8003427819162574,0.05025068440708006,0.14058445243720807,0.047494329189824755,0.018900544093226845,0.02359653060486462,0.061301910794941517,0.015624903089904482,0.0035022744038895703,0.005998727304875882,0.0076395817913762374,0.010509322691012752,0.005825645443829287,0.013850769419734756,0.001781856952309627,0.014276587537065491,0.011165083595494152,0.007977567690644841,0.0017070808453654594,0.00525228347451674,0.010204873748941076,0.012740907860590242,0.0023664248262397036,0.003981991322132848,0.008780864685498324,0.004055933489125469,0.004513460404762229,0.0037482988708461185,0.002452099799326688,0.003346770850826625,1,1.1215686779469252,97.87451254110783,0.01568627543747425,0.03137254994362593,1.0306951998483216,0.019607843831181526,0.5490196347236633,0.01110464037571213,0.0878586288519819,0.03921568766236305,0.007843137718737125,0.007843137718737125,0.0036633824123833082,0.09896868236620657,0.1352941244840622,95.75831396705843,17.604054813843558,0.0,95.45421903052065,18.58886894075404,0,96.0,19.0,0.0,2,2,0.004014000000000004,0.0027025803531009526,0.004639637667361455,0.0029109232678685595,205.84100000000007,359.7819148936171,177.912209889001,345.92211838006233,0.8445375609462581,0.7350829824880728,0.8663684297716562,0.7424558940118742,4.713962321662363,5.171027642111386,4.575307154471353,5.1326978303500255,0.00032249504552084925,0.0002034819944627985,0.00037389042713708036,0.00021214531115566033,9.197955641215614,9.535372333644077,9.116050371216813,9.459132760779138,-0.3998392611440101,-0.36736372330157,-0.418342128492207,-0.3735368845901369,0.9949445286666246,0.9931318804794959,0.9959678121980307,0.9934918223403766,0.15627230907156772,0.12470583335936053,0.20036041250437428,0.12836518253183854,49.209,51.6436170212766,49.508577194752775,50.736240913811,6.661276056179425,6.789893011021096,6.686952403729154,6.727493120422784,2442.271319,2356.403842236306,2484.8150122036777,2340.391490334484,662.0280797499997,679.0464392824804,665.6818055231695,671.5784021786368
3,3,761,1116,154,55,123,19,138.46780551905388,36.13272010512483,1.4387168287856535,857,0.7120191495681983,31.127725479762553,1,0.681899641577061,0.6950638096337889,37.58967639463541,41.400483088968905,12.206555615733702,4.892051677184178,4.242640687119285,26.958429536546134,26.39396891841302,24.700454515686573,117.29646455628165,0.8879813302217037,0.5653064723124029,0.06688946191562851,0.20158194461702902,0.06308497329034465,0.013865181764672713,0.028136067178736696,0.0008269253821459659,0.024094599096681005,0.01882361927008201,0.01542804799843402,0.00512344791493797,0.0012947040840404654,0.030723310399693306,0.016103773914794135,0.0013422990149879969,0.00637975312853739,0.010820518572425863,0.009023632059349314,0.011831753329282439,0.005078072818953707,0.007331617346560408,0.012970933205590049,0.0024197385721070512,0.0037524666465195236,0.0009788811169846533,0.0029814221066145103,0.0021288306838227423,0.007907134244732113,0.010516285299384679,0.004582091362610963,1,1.0666667125187814,40.956864033360034,0.0117647061124444,0.01960784289985895,1.1152982677437135,0.0235294122248888,0.21568627655506134,0.010884354209375321,0.053819795050407404,0.027450980618596077,0.003921568859368563,0.003921568859368563,0.004286011408629384,0.053013616473644345,0.08627451211214066,139.23697816945483,36.940348522100926,0.0,138.46780551905388,36.13272010512483,0,141.0,40.0,0.0,3,3,0.01292850681741022,0.005903169044078452,0.007900921129561003,0.007467544310048286,99.60554699537752,154.05616224648986,71.71493212669684,164.8643216080402,0.7415521264293279,0.6001661850795393,0.8103505546525342,0.5836104014021286,4.312743874500365,4.626947021711392,4.083697523450459,4.612779291768574,0.0008783367413076174,0.0005999234087291465,0.0010635236517161674,0.0006585809306677646,8.218304337847119,8.659885941645632,8.417087116482483,8.691866560257719,-0.3673535180525537,-0.2934768307327535,-0.3316391324950958,-0.30615693742772415,0.9875397996240821,0.9742346128327843,0.9822353747486869,0.9781646685838504,0.22543837451489432,0.14779009203711654,0.2291540471377006,0.1927307117468621,30.95839753466872,31.310452418096723,30.70135746606335,32.77051926298157,5.960809549564395,6.004100972206611,5.95596577664172,6.0551062741115285,671.1924140730912,616.544804943524,684.5744627123386,627.0109901826272,192.69949026711714,192.65024179750333,189.07234870975896,197.96882794766685
3,4,980,1480,187,66,150,26,167.3704081632653,43.78673469387755,1.4886134852621107,1089,0.42975344313562325,35.32385530828224,1,0.6621621621621622,0.6717660493475397,38.04727099677696,44.204072210600685,16.0,5.723837228502474,5.0,34.09678446973581,34.35464167474227,-45.47257205930766,135.39696961967002,0.8999081726354453,0.6385745925488535,0.1356009608100789,0.1515916030848432,0.050181932305513384,0.009218190354795083,0.0204855601617999,0.009761357927598172,0.014770173559148897,0.0058003379799476925,0.02776374266302442,0.02551821890474164,0.014077311277108179,0.015682721916589232,0.004913567920878703,0.005370734529051126,0.00547405266375948,0.003910242151487636,0.0014437716343242706,0.005431865354500462,0.003940015199187139,0.011781202289162481,0.002926494090622804,0.014450284115204479,0.00858980930260141,0.007700544829474149,0.005594821598244816,0.008577217590170447,0.002464084085416768,0.0032523003425233626,0.0030570442532317295,1,1.2941177058964968,91.80784588865936,0.01568627543747425,0.02745098154991865,1.6559277321193593,0.019607843831181526,0.42352941632270813,0.01078431421580414,0.09368147539659118,0.03529411926865578,0.003921568859368563,0.003921568859368563,0.003659547257632637,0.10653135905855035,0.16078431904315948,167.9591217786296,42.238990227537364,0.0,167.3704081632653,43.78673469387755,0,166.0,39.0,0.0,4,4,0.0065147216927619826,0.00292364475345303,0.005381626576643117,0.005022893960801785,204.1718931475029,512.3092269326683,297.5611175785798,408.14891041162224,0.8678667485725625,0.6741378963274575,0.8073746002222889,0.7406079866989586,4.6850328174590885,5.398414781193715,4.885661738131202,5.175282889880559,0.00044443214193617167,0.00020900307445312404,0.0003977599871469845,0.00029274099835573705,8.978501720543745,9.403803061446915,8.986703658495752,9.197269157561935,-0.42803531940390416,-0.3950397425750496,-0.43068536553314746,-0.4032599669083545,0.9962305678615785,0.9951069585148332,0.996389802461311,0.9951864279160952,0.20806611649938267,0.12004011767478538,0.17724531328156606,0.17637976437671238,53.48664343786295,56.92768079800499,53.628637951105944,55.197336561743356,6.608053151755082,6.757362905971089,6.597073879634099,6.714024668202747,2886.2219470377872,2632.0222013544685,2791.9703556535537,2738.816990484789,772.5984600463231,786.0828570717846,772.3828683080332,786.7414752241033
3,5,1057,1440,84,69,48,29,66.73320719016083,46.450331125827816,1.3224012844343394,1130,0.45732680510072576,36.68534037984474,1,0.7340277777777777,0.7562001124550878,39.15332559815935,41.048751503547585,16.76305461424021,6.046606947400563,5.0990195135927845,33.71245188005028,34.819001896653575,16.74907839110296,132.53300858899107,0.9353982300884955,0.7732028300427686,0.07455995560625663,0.14904930696563734,0.028653367086557077,0.013886831701536895,0.022700870766771148,0.05684785813749007,0.011914226829710682,0.014198369537740469,0.021642205034524558,0.00842354105270105,0.011112181796012331,0.0060556211344913605,0.016919148022110603,0.0039412367431281735,0.01229910125267672,0.016164321898215785,0.00042358469755428735,0.005190265399205677,0.004589308662353429,0.00347186799276224,0.0015085605181657832,0.0037396366456101194,0.003881418508395506,0.009772467929706676,0.0019012609081930979,0.0070171054199939615,0.0009582421987997057,0.00440812204181951,0.005231016994905198,1,1.407843191176653,82.39608073607087,0.01568627543747425,0.015686274506151676,1.971419357363017,0.027450980618596077,0.4470588266849518,0.011930874501497058,0.07795277269259307,0.027450980618596077,0.003921568859368563,0.003921568859368563,0.004252996223716736,0.09303841433240126,0.125490203499794,65.76164866643373,48.165722718893036,0.0,66.73320719016083,46.450331125827816,0,63.0,51.0,0.0,5,5,0.007745155782014758,0.005295112623449286,0.00970969529085872,0.005328120452127617,175.517094017094,306.54120267260583,176.53789473684208,354.3788049605411,0.8527065714297453,0.7468057000896102,0.8507537785700579,0.7097099111860414,4.464781588725989,4.890306666178434,4.471989177988196,4.9624797508030065,0.0005616197501588413,0.0003699493306553629,0.0005610904387623117,0.00035926273962168595,8.601085319931604,8.917868401919549,8.437210766077111,8.908977034545162,-0.4008719424745356,-0.367805157822581,-0.41846851849011935,-0.36922919671875243,0.9932758293588244,0.9909753830870133,0.9942305582751532,0.9911108636787371,0.23740815845918553,0.1910303831650799,0.2504939392888828,0.16698142444504765,44.017094017094024,45.61247216035634,43.50421052631579,45.957158962795944,6.349586262582873,6.428123166108676,6.301259189040212,6.465583367634758,2207.713383008255,2114.8498221735017,2189.1889296398895,2087.170656190063,595.8076192563369,605.3477562115268,591.4317060941828,610.3873652876513
3,6,585,744,107,66,83,35,94.0991452991453,48.536752136752135,1.3822899910870419,639,0.5814749223652959,27.29185104880338,1,0.7862903225806451,0.7234371994646315,30.91726147635418,32.31098884280702,11.180339887498949,4.26326222012816,4.0,23.0,25.153181035066563,-2.9733604248809637,100.80508652763321,0.9154929577464789,0.6564235231769076,0.02215574364898376,0.19543819494991566,0.046502638294977146,0.003145319651803463,0.030483142955717843,0.03469504601874432,0.009415601919056705,0.015782824002735264,0.0088924305172524,0.003213114856279388,0.03171628295704182,0.028250559939818273,0.016481609202883097,0.015409368690931175,0.003713465121355239,0.005313251736637287,0.007098381535705072,0.014737493042228404,0.009467795002232654,0.011117262176992392,0.0031226559609168823,0.0022457227392875608,0.006833151971200181,0.012474422232745558,0.002540336047256211,0.0005230771546039653,0.0041766597030429686,0.0046256537945301825,0.008675185669667141,1,1.0901961233466864,39.839216846972704,0.0117647061124444,0.015686274506151676,1.578343338090118,0.0235294122248888,0.3137255012989044,0.012249394644344791,0.06810122537944052,0.0235294122248888,0.003921568859368563,0.003921568859368563,0.004431301521686182,0.07859171308124954,0.11372549086809158,95.67644452174311,48.59415296676205,0.0,94.0991452991453,48.536752136752135,0,94.0,48.0,0.0,6,6,0.008759576504517868,0.007481481481481478,0.011793608948552773,0.004991323582692933,220.52566735112936,356.1933333333334,201.48133595284867,415.7139737991265,0.7479527913307389,0.6045423883210064,0.7646532791376879,0.5344624803741943,4.600532364722711,4.904821506723659,4.614221697891725,5.116451191063781,0.000689771598213941,0.0005168724279835387,0.0006170180123277364,0.0003728070292077988,8.17259117345402,8.387323365709541,8.11356579295878,8.613311357476203,-0.4196580073354895,-0.4043514261662295,-0.4135042445449367,-0.3720761524280495,0.9934632679551624,0.9928483230333878,0.9926930292398031,0.9902015428798552,0.21552307507082386,0.18654574849470254,0.23620576182701797,0.1503943966343218,40.114989733059545,42.144444444444446,38.88408644400786,42.20742358078602,6.140644830128732,6.219280474674171,6.0429396629019605,6.271543696763912,1529.3502270532829,1445.23024691358,1510.7272320239608,1370.2386348467805,437.46897360110296,450.35589506172846,428.05214199420243,446.48815216147676
3,7,1247,1932,53,76,11,30,33.38091419406576,52.55172413793103,1.492243443105116,1361,0.4692130684751316,39.846326208130506,1,0.6454451345755694,0.6701319443690519,43.111695121493405,46.22769732530488,16.76305461424021,6.024743781081772,5.385164807134504,37.52082195977206,38.07129077735205,-26.6442842006598,152.9177848998413,0.9162380602498164,0.6612357551577615,0.013425567968607725,0.2055714336477938,0.02784461070770536,0.002038443569708043,0.033452140157272194,0.05141210835129142,0.006828427207354161,0.006895957170073303,0.0057660142994055185,0.015307565516754633,0.02061892253043838,0.023827512973069336,0.011569563123103139,0.00475309322329286,0.0033998405121026688,0.0009404210868682255,0.01263342870571388,0.013311101171335424,0.0021538752109291756,0.020270775281366463,0.002060779791131354,0.0021879891762495588,0.006313009925081927,0.009069187607874394,0.003832951786488334,0.006858849893266904,0.009463902082349509,0.003136321394468796,0.004690453941878134,1,1.035294164903462,76.9215708677657,0.007843137718737125,0.007843137253075838,2.2273254806334513,0.01568627543747425,0.5568627715110779,0.007726075857488522,0.06168530141761483,0.0117647061124444,0.003921568859368563,0.003921568859368563,0.002831950947315803,0.09799863728962728,0.05882352963089943,35.3097629292262,53.66551108055022,0.0,33.38091419406576,52.55172413793103,0,40.0,54.0,0.0,7,7,0.030880204528853192,0.022327437641723322,0.026965537492410326,0.019638723634397018,226.55135135135134,406.592380952381,225.27564674397863,396.3116279069767,0.8323371427547849,0.7094955656432854,0.832038040455191,0.7126695746360041,4.021028974879206,4.545419918326347,4.120670641477007,4.5221088993789555,0.0009017063713718406,0.0006022181614589205,0.0008061078038821963,0.0006209076539952799,7.309866441685139,7.745556763569105,7.419332135476988,7.750050367521001,-0.4640377786298793,-0.4076954529528307,-0.4342369112018432,-0.39011722352345923,0.9939455468386068,0.9904836110796653,0.9918054385112952,0.9882433510866879,0.3959301178241576,0.31117205773606343,0.37204652068432864,0.3077441660570652,34.83063063063064,36.59428571428572,34.57448706512043,35.82976744186047,5.712265583877832,5.914734716428388,5.676569285922133,5.822304800812409,2475.911854557259,2392.623967346939,2457.1846836129016,2362.2659045970795,675.6158014771528,699.80408707483,670.6150825892198,689.644383126014
3,8,322,676,91,85,65,59,79.15217391304348,70.47826086956522,2.321061151948334,428,0.6101189680081873,20.248040236149336,1,0.47633136094674555,0.43083742070327824,24.843082742450232,27.459060435491963,6.708203932499369,2.522173778461578,2.23606797749979,18.779091434170525,19.683418321978493,-41.10427703517184,96.91168824543142,0.7523364485981309,0.5252608540738751,0.010956231615897908,0.18677471755553984,0.03877715637154193,0.01996378605582813,0.020661600644608473,0.013610234727102946,0.010174032340541055,0.04185328365800217,0.0040613312172439716,0.01834217742921535,0.012745744636338898,0.020062163513804833,0.009536623110246738,0.034813622072271115,0.019700024846674786,0.005582034387335071,0.012300169076414152,0.01558200144323484,0.008300229803558807,0.0020970252780165123,0.008166269303587749,0.015008893561388641,0.015030065512638203,0.003987031734809404,0.004539366999953583,0.002020071159463163,0.009578757807191047,0.008366131175650706,0.014172457712383223,1,2.7921569580212235,16.0549024194479,0.0235294122248888,0.019607841968536377,2.648973044687263,0.07058823853731155,0.14901961386203766,0.03246694137233981,0.04985994540201211,0.03529411926865578,0.007843137718737125,0.007843137718737125,0.0187657881377675,0.0351216476627981,0.07058823853731155,81.79482168539825,70.29531021297139,0.0,79.15217391304348,70.47826086956522,0,85.0,71.0,0.0,8,8,0.00638269282450954,0.00583826429980276,0.008169242387960728,0.005732533087103725,37.95491803278689,61.64615384615386,33.69957081545064,61.15350877192982,0.7831734309624331,0.6449268672147712,0.8053700171383531,0.6292377883776162,3.667412157415572,3.8466016728758143,3.5086920999524778,3.947478244383671,0.0016613244550316886,0.0014201183431952669,0.0023563230020976784,0.0013845862450166742,7.664526993996861,7.729827062783174,7.553579493042854,7.760010069417053,-0.3908679003594014,-0.4045959872845446,-0.41500983853002404,-0.3562681015476661,0.9878518004370808,0.9900355909767461,0.9903803391410201,0.9825470205493363,0.21876887750035767,0.10970088075862004,0.29105959635433165,0.16912439010330624,27.668032786885245,29.328205128205127,27.84549356223176,27.179824561403507,5.5517458271593,5.57531917151244,5.4996935947721015,5.575702621292568,312.139797769417,285.5845890861277,312.5941535117612,268.72643505694066,87.52367895055099,86.80768573307031,86.57343108180291,82.46998595721763
3,9,1493,2400,199,104,149,56,176.66979236436705,79.05157401205626,1.4448779076323404,1603,0.772448077652463,43.59984679204272,1,0.6220833333333333,0.6921000000883516,55.44064210301605,59.64059020499378,16.97056274847714,6.506538739300293,5.830951894845301,35.128237978132006,35.20912779506078,46.41463994206042,164.64570696119915,0.9313786650031192,0.5344241327775087,0.07758328792032443,0.18786726568297882,0.05772362204916734,0.048634632185396764,0.013241931700538155,0.011695987808901461,0.03378682487978152,0.024397202513113208,0.014046166018781274,0.0028097527932853506,0.0030275705270213435,0.0047077961279477784,0.0027892437765342955,0.014429717323145,0.010497380890263914,0.020679173339913003,0.01354654043635968,0.008154426043802301,0.0013252948125254303,0.011045408754338081,0.0031717018002801385,0.005157390745985358,0.0035630908187200103,0.006347505161580009,0.0037710242853295625,0.009082295383459466,0.006562972834637334,0.004261260317846416,0.0015815655717933644,1,1.054902014322579,87.5843161419034,0.0117647061124444,0.015686274506151676,1.397339762043892,0.019607843831181526,0.3764705955982208,0.008507274309053056,0.05866330619015633,0.0235294122248888,0.003921568859368563,0.003921568859368563,0.0030588631140575175,0.07468927273402523,0.062745101749897,177.20157607617958,77.75938033677389,0.0,176.66979236436705,79.05157401205626,0,177.0,83.0,0.0,9,9,0.014769375196946877,0.02066948160102854,0.012021116347203598,0.005704483522766973,122.02144970414204,177.68590704647676,115.6275092936803,247.03843074459567,0.8408895165566548,0.7706580575975251,0.8492557561723877,0.6901021488302927,4.0026977032443405,4.160663822517076,4.033317319085757,4.640587362002323,0.0010411881861217727,0.0009764630844885478,0.0009093652728406777,0.0005761066586146683,8.088444707206179,8.039951127359469,8.196714747418692,8.743996126432426,-0.36847432715716755,-0.37871838940218494,-0.3512012655841592,-0.28495769121079983,0.9869647981744636,0.9882439596781373,0.9846604260039419,0.9722590132509901,0.3300943477999327,0.33409522318036544,0.277518870425475,0.18632208868653735,32.43417159763314,32.70089955022489,32.6639405204461,34.66853482786229,5.908931782590097,5.903912364704348,5.933330413691821,6.0792155355832005,1411.7737731303177,1371.84232302889,1418.4610417213694,1347.283245331253,383.44880570861494,387.38205751884186,383.5221377537624,398.5804190189623
3,10,264,361,71,88,52,69,60.5,78.25757575757575,1.0532895561996007,276,0.4010456884693721,18.333991376950163,1,0.7313019390581718,0.9494065464848278,19.254560628772214,18.681541692269406,8.06225774829855,3.255399323021942,2.8284271247461903,16.772831271209373,17.6382953135436,27.707111752883602,59.11269837220809,0.9565217391304348,0.9239807596244088,0.012695027699388293,0.05829010291350093,0.0349234934311456,0.005592016330996971,0.03276272704092992,0.033993517245868986,0.012804251386866333,0.029074370057810436,0.012073683311591598,0.01864888940302376,0.013548544882886157,0.01514621063077501,0.0049444677693822655,0.00963241129223564,0.013137259730168029,0.012284890884190167,0.012502668490348569,0.0016732024364066085,0.0018513992547268565,0.00530065935685407,0.00995212627205105,0.005798063361386127,0.003223215057071767,0.003936718157145114,0.007752752074501479,0.009997905545029178,0.0007001659113480148,0.014083481242269116,0.011582354354062185,1,3.1725491397082806,27.501961577683687,0.0784313753247261,0.023529410362243652,0.16962699389477479,0.07450980693101883,0.2078431397676468,0.06345098279416561,0.10417409688516548,0.09803921729326248,0.054901961237192154,0.054901961237192154,0.005301520999802188,0.035498932397449334,0.12941177189350128,60.40938258126868,78.40096962243841,0.0,60.5,78.25757575757575,0,60.0,79.0,0.0,10,10,0.0038857382902751513,0.004144975101856043,0.003885738290275151,0.003569776852815354,92.42512077294683,89.38297872340425,73.80676328502413,186.18817204301075,0.4367729846086646,0.4992092991994092,0.5477985365615119,-0.07090702466612112,4.158046184397881,4.199351180678992,3.9603448288617784,4.583030248278238,0.0008036403459867246,0.0008726304226195248,0.001030103127001537,0.0005445573526661897,8.173927174786115,8.095630274469421,8.166822464703897,8.217895975074896,-0.35325647854006914,-0.38361117478685197,-0.3562077681117571,-0.3590089425314098,0.9848911800548589,0.9892231188865709,0.9853789160210122,0.9861845413729506,0.08260733991156746,0.13338964842043033,0.07652537893866285,0.04996373035874535,57.169082125603865,57.1063829787234,57.18840579710145,58.2741935483871,5.619805743979483,5.678590169327704,5.697302574800576,5.482046871777296,235.77334360195073,267.5844273426892,252.6263390044105,161.5323447797432,82.04961609372504,89.24185151652341,81.60827557235905,86.93012920568833
3,11,1264,1974,42,113,0,66,21.435917721518987,87.96756329113924,1.3303867124893731,1380,0.39459304600787887,40.1170136543742,1,0.6403242147923,0.7516611452987492,42.36387934947382,46.389654018972806,17.88854381999832,6.403177947843833,5.656854249492381,38.69128103883866,38.92630424649658,81.48182532779437,145.36753236814712,0.9159420289855073,0.7441839014911373,0.039377128711357186,0.1709942980269624,0.025374469160220688,0.01827161198879057,0.03028722564941219,0.06255674742531199,0.007779264054156599,0.024210490755372214,0.01403327387388581,0.0008211546559571874,0.01488443676723854,0.005622066314343806,0.006999940884111546,0.0044703598929823314,0.013032345476828007,0.010299236000555989,0.007099768620232457,0.006771098751513755,0.004162406234504395,0.018409422762070436,0.0034523308023242266,0.0052383727083263444,0.012229726221951353,0.00478081379915785,0.008688588941089027,0.002446850132763779,0.0052683006361244475,0.005595753169601249,0.006817839269521467,1,0.8509804392233491,76.28235508687794,0.007843137718737125,0.0117647061124444,0.6953832345003542,0.01568627543747425,0.3490196168422699,0.00759803963592276,0.060349964467466724,0.019607843831181526,0.003921568859368563,0.003921568859368563,0.0027868598283824534,0.07563265751161388,0.0941176488995552,21.83199670857127,88.53912193103528,0.0,21.435917721518987,87.96756329113924,0,17.0,89.0,0.0,11,11,0.016016391278104735,0.009519077235726972,0.019940007562983527,0.01545450719636391,143.73847517730496,232.5875810936052,124.67957746478871,230.84770642201835,0.8168251494304508,0.7090862064076979,0.8410074076675189,0.7117457173228497,4.249886270699277,4.644602589954944,4.1615543698647,4.582175619159862,0.0008849564631781306,0.0006312265901503291,0.0009677171116597007,0.0006859213954015168,8.137130011160165,8.575192046812845,8.056674944461854,8.409983749018943,-0.38037184930084644,-0.3298386878786328,-0.3933742237170931,-0.3421033013900529,0.9889978300902671,0.9829499109642998,0.9902797868540774,0.9843305849833145,0.270741491025642,0.21053368160290648,0.30806722181120544,0.26493139498390317,34.0186170212766,35.364226135310474,33.74119718309859,34.884403669724776,5.982377651134158,6.112926212494335,5.981931392591251,6.063123036238009,1425.674298796589,1366.4261901101236,1443.6900633554849,1370.8471879471424,392.35319349347355,399.75344280093213,392.0924102050686,400.4237235922904
3,12,1753,3479,174,140,125,69,149.39703365658872,102.58984597832287,1.8485212886470523,2062,0.7367611671404977,47.24393000080264,1,0.5038804254096004,0.5409729420708528,58.98614555145113,70.00714249274856,18.384776310850235,6.599155573373084,5.830951894845301,42.347078478677695,39.88366377385978,11.630439707830611,201.79393923933998,0.8501454898157129,0.4554150014121077,0.02174434272065224,0.2177757524188805,0.043920064244652536,0.018281847609850965,0.0053741128190165615,0.02531200933470451,0.031675098321568874,0.018493142019413624,0.00536859511072458,0.010593709507421474,0.0048672231574313175,0.03194035405526981,0.005613833514426707,0.013784217142894748,0.011396106210659531,0.00847841644177719,0.013280562056229501,0.010151797644883467,0.0019930039160667708,0.012554746216044336,0.011636472492714097,0.0027974091170404965,0.010090712706650526,0.007093985213438228,0.006714101210001131,0.0032447980901821197,0.006370105501105477,0.001789190780534132,0.0022650989712787476,1,1.3294118344783783,87.13725754246116,0.007843137718737125,0.007843137718737125,1.0776097609949746,0.027450980618596077,0.3960784375667572,0.007344816765073914,0.049707505728728556,0.01568627543747425,0.003921568859368563,0.003921568859368563,0.003594618510611261,0.07401004888279937,0.04313725605607033,150.22425743180315,101.8992349280843,0.0,149.39703365658872,102.58984597832287,0,151.0,99.0,0.0,12,12,0.02153546129195484,0.021254614065356656,0.0265783627003175,0.013540894240822101,92.03766233766234,143.20104780615586,89.50467872738615,192.09861019192584,0.8811738071029425,0.8162908045573899,0.8814428543085658,0.7550204464855774,3.7539927316688155,3.9794907365518473,3.628330350315511,4.279125862642581,0.0011580211407201,0.001045302382929635,0.001357949617183923,0.0008158915043474227,7.695740318627179,7.818341841636569,7.481844003766692,8.080698793326846,-0.3825868783117422,-0.3545353382327307,-0.4021419910659045,-0.31936592259112073,0.9867963524525506,0.982639230407392,0.9883599836524845,0.9765398097149877,0.35212887575822416,0.3457169838144657,0.40663312311271144,0.2758344934860415,28.310389610389613,28.471512770137522,27.37242669993762,28.75909993381866,5.712769428080947,5.744558604134199,5.646425503867974,5.804584522804979,1457.0763855624896,1415.796012315325,1420.394673275195,1376.1841908510328,387.278511975038,389.7492650303702,377.4748380006454,392.0707002607396
3,13,669,1122,199,134,165,101,181.16890881913304,119.4439461883408,2.034313063670768,835,0.7793124693779409,29.185565874723483,1,0.5962566844919787,0.49156642498061426,39.78460777836361,42.638011210655684,11.704699910719626,4.215699273440403,3.605551275463989,27.076923076923077,24.930448387837874,-54.15165262334892,130.77564927611036,0.8011976047904191,0.4659166035503012,0.0973273448985231,0.14571971670207665,0.06368896951756285,0.061256166432888934,0.009096544207934678,7.537048494108876e-05,0.01804865380893931,0.02576030303057236,0.008733352145513528,0.014256714487742841,0.006552460861342724,0.006751629994648752,0.029376424287603554,0.011821977141510202,0.016527250167397076,0.009734684811566578,0.008973689196501307,0.01074896652872469,0.007186389414193576,0.014985322474294974,0.011145529251812801,0.012220519770971884,0.008112873171658614,0.0074048584706435105,0.006903618756117921,0.008749170069025331,0.004236048426635086,0.008090708039007716,0.0030851255583933556,1,1.121568672824651,41.149020785000175,0.0117647061124444,0.01568627543747425,0.5031901294660265,0.0313725508749485,0.3921568691730499,0.010481950213314495,0.06150825229446962,0.0235294122248888,0.003921568859368563,0.003921568859368563,0.00620114024114813,0.07303616832317604,0.0941176488995552,180.76155532309028,119.73935004013319,0.0,181.16890881913304,119.4439461883408,0,181.0,118.0,0.0,13,13,0.00588581704892288,0.004831366911230084,0.01094668924595673,0.005111357910585713,168.34697508896795,323.4471544715447,164.7717391304348,300.2046332046332,0.7736733381431077,0.5934563930280772,0.7847151253789585,0.6153411919339536,4.601793675903378,5.043082376802773,4.4046124695328315,4.942451254789702,0.0004602106392405122,0.0003015865018216797,0.0007013178156236709,0.0003605559295269482,8.529924326401346,8.678085003968171,8.124307733953707,8.658427436732861,-0.4008106472591593,-0.4087451563178488,-0.46356191636372235,-0.39385902789959076,0.9930250181003949,0.994191965977373,0.9962787224205055,0.9928167295795292,0.19772492303075423,0.15092544807342578,0.29137497680423474,0.16784215903268002,36.471530249110316,39.82520325203252,36.22463768115942,38.08880308880309,6.278387849563878,6.411347973056376,6.178942899939857,6.327000697331817,1319.2990115373411,1267.7580639830792,1365.9604074774204,1260.6832337025387,371.9114966565774,397.8013046136559,382.68303665196396,390.221966726793
3,14,693,930,69,138,39,107,53.33044733044733,122.21356421356421,1.3405659159774799,776,0.557555198847495,29.70446102021492,1,0.7451612903225806,0.7459536215873767,33.07610287349691,38.28837943815329,12.529964086141668,4.7057313708235435,4.123105625617661,27.456258919345764,27.457791669276585,-38.772308793927664,108.04772721475248,0.8930412371134021,0.601879266372079,0.05824825376444486,0.2112571117485712,0.03587323852492149,0.010936434435176695,0.010793143828214306,0.02516897896706244,0.0067097697793647515,0.027596459356963636,0.023125161958502467,0.008588485048900066,0.006140544901161871,0.03104855931498187,0.009448611897526953,0.019241528462217484,0.007139735196656162,0.006917538818031925,0.00849775868376025,0.007886077884628096,0.0047224199706959085,0.006008487336374806,0.005960856038674336,0.004634646112260608,0.00371699729786342,0.006813545668930302,0.008913580089419487,0.00842513004301467,0.0033253828964357555,0.010253161549832267,0.002759815684203336,1,1.533333386760205,46.43137385882437,0.007843137718737125,0.01568627543747425,4.92521104883883,0.062745101749897,0.3607843220233917,0.015972222778752137,0.06700053947882305,0.0235294122248888,0.003921568859368563,0.003921568859368563,0.01454426238736978,0.079208440401179,0.11764705926179886,49.3101351397631,125.05869931844761,0.0,53.33044733044733,122.21356421356421,0,47.0,126.0,0.0,14,14,0.015000353082409441,0.010988412467150504,0.018180725047818258,0.011559490044767775,161.53277310924375,312.2453874538745,167.9297658862876,289.1261101243339,0.8161393305290812,0.6618326086370778,0.8091315851358157,0.6815228698022502,4.36054386168283,4.689936864876612,4.413340910080819,4.655819369476405,0.0008078610440728083,0.0006478482292723285,0.0007480730983056745,0.000682768549388542,7.984818783796849,8.21162457491723,7.931335313004891,8.160551081998857,-0.4541037269261297,-0.4325472717184411,-0.4650830872248888,-0.4312348890707577,0.9954008873098836,0.9946063523648317,0.9959030788925287,0.9943539394061554,0.2687848580278751,0.2479527740854002,0.28788172489262775,0.21998869735006382,37.96638655462185,40.116236162361616,38.140468227424755,39.22202486678508,6.080617967606781,6.192557665846804,6.0740531402898625,6.119600303103532,1595.5887861026767,1534.445898748656,1591.7093656670504,1526.5528363972503,439.28038980298015,461.67282155063253,439.9097828883347,453.9197366303962
3,15,1072,1560,102,161,63,121,80.81623134328358,139.92723880597015,1.1886250238109124,1143,0.20943039167041688,36.94472617243352,1,0.6871794871794872,0.8413082174509906,37.547597292937915,41.10960958218893,17.11724276862369,6.149751870696468,5.385164807134504,35.35533905932738,36.71492518825946,23.594547586506362,126.53910524340094,0.9378827646544182,0.7681213718541994,0.04625051995682733,0.16649327888279272,0.008941602977857486,0.015144168628168154,0.021008212573187624,0.07497332192152027,0.004175066044937939,0.015120902719387295,0.010950565887099946,0.0050239594640075595,0.008583839566813268,0.005035197611372287,0.003280362009882609,0.004044751090445226,0.006588019520357034,0.01685901708708909,0.005447907910518813,0.004346308169507206,0.010178338609756298,0.020769364575484103,0.0024160590324831827,0.00252084003797194,0.000752821372953496,0.005647186611938673,0.0062984461436632905,0.003839790944804915,0.0009665726620743129,0.002310755362375343,0.009019780108403474,1,0.7254902352578938,80.26666868897155,0.0117647061124444,0.0117647061124444,0.29361367270683336,0.0117647061124444,0.501960813999176,0.006717502178313832,0.0748756237770257,0.019607843831181526,0.003921568859368563,0.003921568859368563,0.002329276234391424,0.09869815870209739,0.12156862765550613,80.53981825031528,139.82821966218424,0.0,80.81623134328358,139.92723880597015,0,77.0,135.0,0.0,15,15,0.010989041365500486,0.006994758223503107,0.009658569778542172,0.006719868906582623,270.57833859095695,417.95429815016314,232.44386149003148,468.25412541254127,0.7986803241057686,0.6942628665473024,0.8267754047027022,0.6590094732394122,4.501744477173252,4.949817881858974,4.466900162197609,5.066488028620958,0.0005731331200839921,0.0003837782601763955,0.0005545168683685983,0.00034753386241017726,8.323000350257912,8.690715657503603,8.352706280728821,8.715088598685574,-0.42058348690880953,-0.3724756460937804,-0.414558937138699,-0.3746415699608271,0.9940408873747678,0.9905934752250666,0.9936421905853658,0.990961258786607,0.2727088354387857,0.1859166626764388,0.24458123875062124,0.17692068170423925,42.538380651945324,43.80195865070729,42.48163693599161,44.24092409240924,6.242976335080492,6.349905815915008,6.213171198137502,6.351860517429802,2417.46829559012,2316.12182423768,2451.28429029001,2278.180679454084,672.0116585452695,683.5190305969611,670.9320379450103,686.6087012166563
3,16,1049,1785,199,164,148,129,176.06768350810296,146.98760724499525,2.0616141014427223,1273,0.8114347046445527,36.54624854109086,1,0.5876750700280112,0.4850568296463425,49.94365839964064,50.635955604688654,15.132745950421556,5.010671265636682,4.123105625617661,31.483837123197038,29.189225812383413,81.46660286458312,164.8528137423857,0.8240377062058131,0.5209158667812736,0.08810418654963714,0.15117900983334814,0.08929028795330402,0.03044790060433654,0.022032602464740793,0.017472269633833273,0.019223553272490417,0.028537463963337954,0.005165517900691336,0.02631578450179531,0.007510465043657463,0.0020122756826230375,0.018785564868398313,0.01916267053014364,0.012777393413844361,0.00908949376485944,0.012126966616582935,0.009722228211567067,0.0043230685782353765,0.0008780437529954945,0.009785208311322676,0.013754633563100417,0.008077071014077281,0.007791078749183879,0.006972216954894941,0.0019334395095127947,0.005395138411838122,0.0025096605766796163,0.004934031857704857,1,0.8470588671043515,43.61568763758987,0.003921568859368563,0.007843137253075838,4.985715568317015,0.01568627543747425,0.3490196168422699,0.006228374022826114,0.04157834855823629,0.0117647061124444,0.003921568859368563,0.003921568859368563,0.0034118108408830302,0.05909335142035705,0.05882352963089943,180.80291313617315,145.42717137716699,0.0,176.06768350810296,146.98760724499525,0,177.0,144.0,0.0,16,16,0.03980954907840881,0.03723842163959263,0.04079405772215223,0.03015553388522323,75.49406688241638,172.3211009174312,125.39120631341599,180.63463819691577,0.8458474658356956,0.6616001377501934,0.7509544189086544,0.6522057238406105,3.6398243236333605,4.246259986203885,3.9493901966854423,4.279590977606498,0.0014483768407934838,0.0009894312009734395,0.0012282176601352032,0.0009401875374950688,7.166752497457132,7.497782996272192,7.192944140601768,7.578765304783687,-0.40821152280511863,-0.3651402026310179,-0.4243084241584123,-0.3633777228968472,0.9872542521804422,0.9822870332622091,0.9895567605373624,0.9825742900259274,0.41043592737941453,0.34426082353933013,0.3848916053967735,0.3315569838638151,23.56526429341963,24.71559633027523,24.394588500563696,25.270462633451956,5.417827247272331,5.56230098583879,5.445971109416959,5.599225642387139,903.9782109064164,846.1255365709959,881.5827441091349,858.1095308654485,244.86806944720811,254.61165937210666,251.7434876056377,259.68604226559097
3,17,884,1763,65,178,24,135,46.160633484162894,150.0610859728507,2.007444861216336,1115,0.30616862213402746,33.549124542167775,1,0.5014180374361883,0.4981456872464668,37.055588557299906,46.51881339845203,13.416407864998739,4.752109232365313,4.0,36.396286282702164,35.27607904942573,-25.47873678190916,149.3319984622144,0.7928251121076233,0.4509900943879572,0.05653502909022313,0.20155125421803108,0.01212264681257893,0.03562549331460628,0.03424481674499036,0.02240565939848682,0.010008121303162244,0.014706660931252299,0.005946401347103335,0.028658940689581486,0.00757567828372352,0.01891377291825448,0.01876357006876553,0.013661495143806924,0.010076317578173994,0.013623521060485989,0.009680786190471408,0.008322807341184464,0.008124303555596391,0.007709920970588594,0.007699079459471299,0.011481589048502218,0.013039343980951435,0.005052028109580219,0.006861464798986213,0.0023803051990932433,0.0019251139542252643,0.00808986804395147,0.0025555066253196176,1,1.5372549630701542,66.14902129210532,0.0117647061124444,0.02745098154991865,2.2527554732452475,0.0470588244497776,0.33725491166114807,0.011916705140078714,0.07482920960645398,0.03529411926865578,0.003921568859368563,0.003921568859368563,0.009635620274840584,0.07970291171829393,0.12941177189350128,46.85113825283993,147.91676547752573,0.0,46.160633484162894,150.0610859728507,0,48.0,144.0,0.0,17,17,0.006213925984608427,0.0033318243549117273,0.00564448927678611,0.003730037392473617,143.1781914893617,269.64397163120566,148.65827814569536,266.52789699570815,0.8339559573417724,0.6955044435158827,0.8294835519993632,0.6998264140602709,4.5632867627732985,4.9329473225958225,4.552217713326259,4.833323386416856,0.000490782914733867,0.00038546753101684336,0.000545428558149488,0.0004724936705100382,8.793793470234819,9.181999572077508,8.829467887402362,9.077307097967482,-0.4195492872337439,-0.3688269703522564,-0.4047492948396509,-0.38581129823658106,0.9952973331822078,0.9921048217777833,0.9943197128070579,0.9934549697809513,0.18328050023592135,0.16854896838567981,0.1992273603765519,0.17247418401585196,43.82446808510638,45.780141843971634,43.28874172185431,46.01859799713877,6.52986695383634,6.609477068253399,6.467834316743668,6.5553345248618315,1581.4026991851513,1501.4424425330722,1594.965634840577,1509.297222068723,431.14522266862843,442.77160354106945,435.90597824656817,443.95627976610774
3,18,1788,2666,43,199,0,137,17.715324384787472,167.0771812080537,1.527632494510608,1947,0.6790784400700232,47.71322988424144,1,0.6706676669167292,0.6546077041391816,57.619027047365385,65.19202405202648,18.110770276274835,6.998901510134964,6.0,42.0,42.296152220158476,-6.40226072816281,185.2670273047588,0.9183359013867488,0.5350601945640003,0.1023742290284997,0.17516984701038382,0.030128464481079358,0.04520857422633648,0.020073321131025466,0.003023920045180606,0.02618927807544717,0.03560024957468779,0.01888548422752679,0.0047882412945173475,0.011387394161264303,0.0005676974626220715,0.01187216183410666,0.014814351651239479,0.009028715751320733,0.015259995259426465,0.013274906511877248,0.012541382782721254,0.004632935596350704,0.003135781228361983,0.0027934093474184505,0.011014507078053959,0.008165394900893786,0.012337588014318723,0.0036043977039879977,0.00641281085213668,0.00998615535049557,0.004184591893396781,0.004834797453656131,1,0.7803921974264085,90.16470866743475,0.007843137718737125,0.007843137253075838,6.909247362264494,0.019607843831181526,0.3529411852359772,0.006786019108055727,0.05042768941131698,0.0117647061124444,0.003921568859368563,0.003921568859368563,0.003983206766547079,0.0780104799460713,0.05098039284348488,16.93980515142348,160.2115953603899,0.0,17.715324384787472,167.0771812080537,0,20.0,156.0,0.0,18,18,0.05327927359227408,0.03346158268807033,0.04279326092790959,0.04904671263062962,105.83239524702935,204.05786736020804,102.18176328502415,181.03512132822476,0.8765628223467306,0.7677612498961648,0.8773423713226484,0.7917770467124146,3.6947343482767634,4.191078518070468,3.6358234819515305,3.9550208185798184,0.0016885037102544384,0.0011350893187801673,0.001625991789242999,0.0015068041273350484,7.003057116334854,7.551982901274351,7.17363526079453,7.217390062050346,-0.46935610614348844,-0.3777378037563937,-0.4293299429458627,-0.4341610736089235,0.9931571422536523,0.9850425142346109,0.9900468721927028,0.9908214612394385,0.45968173915294863,0.36513761754371665,0.44763189411163107,0.4348943727503031,28.097560975609753,29.078673602080627,27.492149758454104,28.588122605363985,5.447649590900021,5.617020205130297,5.474711689951137,5.518104412108096,1608.9248158147623,1553.2532382926843,1563.948006006558,1557.8233327461428,428.6893027654479,439.32777641322315,416.53244232289546,434.714613518592
3,19,1066,1320,140,199,100,166,118.9484052532833,182.3264540337711,1.1385420770965362,1101,0.5747865999468187,36.84119100528216,1,0.8075757575757576,0.878316243304911,40.872708966123305,40.162171256046406,16.492422502470642,6.165067051897258,5.385164807134504,32.0,33.4462744682727,79.83139956387814,123.49747468305833,0.9682107175295186,0.8319688986659183,0.04469034275595338,0.11628223623538356,0.06974067595966932,0.019193286733127233,0.01831513450884069,0.04946628412955724,0.020275223085657285,0.009026973929447393,0.011498530323775688,0.009205359197727955,0.0037444350341818266,0.006120588748924288,0.01003200555875128,0.005732408895597152,0.009367001735532246,0.007838352840524414,0.012212999929383694,0.009241714179181692,0.003194496661122832,0.004394673141471486,0.01280608815598885,0.005088100183466301,0.0019178383781309654,0.002322286859253159,0.0015669810904846964,0.005166675334902972,0.004891798093739544,0.005130624553216254,0.0013704204237843067,1,0.5254902243614197,43.81176604470238,0.007843137718737125,0.007843137718737125,0.6834900806565805,0.0117647061124444,0.27450981736183167,0.005473856503764789,0.041099217677957205,0.01568627543747425,0.003921568859368563,0.003921568859368563,0.0023664622125759345,0.05255411699183258,0.054901961237192154,119.15404582896659,181.67463301233303,0.0,118.9484052532833,182.3264540337711,0,121.0,181.0,0.0,19,19,0.017974759621811415,0.01251297812882067,0.02270921610169491,0.016951090529685856,61.26577042399174,128.1982378854626,58.77754237288134,87.33333333333331,0.8378723503606337,0.6728016458169931,0.8474270298606743,0.7797663225603308,3.7089987521715475,4.237203562281756,3.671918804723873,3.976724061836173,0.001593924235702656,0.001048839020122327,0.0016089731823294877,0.0012815686554226685,7.494264039328183,7.8345765418444415,7.3638250699114565,7.718508441760864,-0.35398239119062747,-0.31261356772444965,-0.38911035832232665,-0.3372465506787118,0.9798868219294506,0.9721823799149681,0.985641390554591,0.977919163028635,0.31125830850109515,0.24150374727469567,0.37095041540240475,0.3214693175319867,22.78800413650465,23.90308370044053,23.084745762711865,24.0,5.5087457106510005,5.631341758012052,5.5364564565576195,5.616424894256989,694.5062469989489,655.4135147198664,711.7068012065498,705.7636566332219,188.94300435573518,195.9029381513322,192.62108589485777,198.27424749163893
