ImageNumber,ObjectNumber,AreaShape_Area,AreaShape_BoundingBoxArea,AreaShape_BoundingBoxMaximum_X,AreaShape_BoundingBoxMaximum_Y,AreaShape_BoundingBoxMinimum_X,AreaShape_BoundingBoxMinimum_Y,AreaShape_Center_X,AreaShape_Center_Y,AreaShape_Compactness,AreaShape_ConvexArea,AreaShape_Eccentricity,AreaShape_EquivalentDiameter,AreaShape_EulerNumber,AreaShape_Extent,AreaShape_FormFactor,AreaShape_MajorAxisLength,AreaShape_MaxFeretDiameter,AreaShape_MaximumRadius,AreaShape_MeanRadius,AreaShape_MedianRadius,AreaShape_MinFeretDiameter,AreaShape_MinorAxisLength,AreaShape_Orientation,AreaShape_Perimeter,AreaShape_Solidity,AreaShape_Zernike_0_0,AreaShape_Zernike_1_1,AreaShape_Zernike_2_0,AreaShape_Zernike_2_2,AreaShape_Zernike_3_1,AreaShape_Zernike_3_3,AreaShape_Zernike_4_0,AreaShape_Zernike_4_2,AreaShape_Zernike_4_4,AreaShape_Zernike_5_1,AreaShape_Zernike_5_3,AreaShape_Zernike_5_5,AreaShape_Zernike_6_0,AreaShape_Zernike_6_2,AreaShape_Zernike_6_4,AreaShape_Zernike_6_6,AreaShape_Zernike_7_1,AreaShape_Zernike_7_3,AreaShape_Zernike_7_5,AreaShape_Zernike_7_7,AreaShape_Zernike_8_0,AreaShape_Zernike_8_2,AreaShape_Zernike_8_4,AreaShape_Zernike_8_6,AreaShape_Zernike_8_8,AreaShape_Zernike_9_1,AreaShape_Zernike_9_3,AreaShape_Zernike_9_5,AreaShape_Zernike_9_7,AreaShape_Zernike_9_9,Intensity_IntegratedIntensityEdge_CropBlue,Intensity_IntegratedIntensity_CropBlue,Intensity_LowerQuartileIntensity_CropBlue,Intensity_MADIntensity_CropBlue,Intensity_MassDisplacement_CropBlue,Intensity_MaxIntensityEdge_CropBlue,Intensity_MaxIntensity_CropBlue,Intensity_MeanIntensityEdge_CropBlue,Intensity_MeanIntensity_CropBlue,Intensity_MedianIntensity_CropBlue,Intensity_MinIntensityEdge_CropBlue,Intensity_MinIntensity_CropBlue,Intensity_StdIntensityEdge_CropBlue,Intensity_StdIntensity_CropBlue,Intensity_UpperQuartileIntensity_CropBlue,Location_CenterMassIntensity_X_CropBlue,Location_CenterMassIntensity_Y_CropBlue,Location_CenterMassIntensity_Z_CropBlue,Location_Center_X,Location_Center_Y,Location_MaxIntensity_X_CropBlue,Location_MaxIntensity_Y_CropBlue,Location_MaxIntensity_Z_CropBlue,Number_Object_Number,Parent_Cells,Parent_Nuclei,Texture_AngularSecondMoment_CropBlue_3_00_256,Texture_AngularSecondMoment_CropBlue_3_01_256,Texture_AngularSecondMoment_CropBlue_3_02_256,Texture_AngularSecondMoment_CropBlue_3_03_256,Texture_Contrast_CropBlue_3_00_256,Texture_Contrast_CropBlue_3_01_256,Texture_Contrast_CropBlue_3_02_256,Texture_Contrast_CropBlue_3_03_256,Texture_Correlation_CropBlue_3_00_256,Texture_Correlation_CropBlue_3_01_256,Texture_Correlation_CropBlue_3_02_256,Texture_Correlation_CropBlue_3_03_256,Texture_DifferenceEntropy_CropBlue_3_00_256,Texture_DifferenceEntropy_CropBlue_3_01_256,Texture_DifferenceEntropy_CropBlue_3_02_256,Texture_DifferenceEntropy_CropBlue_3_03_256,Texture_DifferenceVariance_CropBlue_3_00_256,Texture_DifferenceVariance_CropBlue_3_01_256,Texture_DifferenceVariance_CropBlue_3_02_256,Texture_DifferenceVariance_CropBlue_3_03_256,Texture_Entropy_CropBlue_3_00_256,Texture_Entropy_CropBlue_3_01_256,Texture_Entropy_CropBlue_3_02_256,Texture_Entropy_CropBlue_3_03_256,Texture_InfoMeas1_CropBlue_3_00_256,Texture_InfoMeas1_CropBlue_3_01_256,Texture_InfoMeas1_CropBlue_3_02_256,Texture_InfoMeas1_CropBlue_3_03_256,Texture_InfoMeas2_CropBlue_3_00_256,Texture_InfoMeas2_CropBlue_3_01_256,Texture_InfoMeas2_CropBlue_3_02_256,Texture_InfoMeas2_CropBlue_3_03_256,Texture_InverseDifferenceMoment_CropBlue_3_00_256,Texture_InverseDifferenceMoment_CropBlue_3_01_256,Texture_InverseDifferenceMoment_CropBlue_3_02_256,Texture_InverseDifferenceMoment_CropBlue_3_03_256,Texture_SumAverage_CropBlue_3_00_256,Texture_SumAverage_CropBlue_3_01_256,Texture_SumAverage_CropBlue_3_02_256,Texture_SumAverage_CropBlue_3_03_256,Texture_SumEntropy_CropBlue_3_00_256,Texture_SumEntropy_CropBlue_3_01_256,Texture_SumEntropy_CropBlue_3_02_256,Texture_SumEntropy_CropBlue_3_03_256,Texture_SumVariance_CropBlue_3_00_256,Texture_SumVariance_CropBlue_3_01_256,Texture_SumVariance_CropBlue_3_02_256,Texture_SumVariance_CropBlue_3_03_256,Texture_Variance_CropBlue_3_00_256,Texture_Variance_CropBlue_3_01_256,Texture_Variance_CropBlue_3_02_256,Texture_Variance_CropBlue_3_03_256
1,1,86,486,149,37,122,19,135.1046511627907,28.069767441860463,6.8436625529515,398,0.7218496863012288,10.464157913908982,0,0.17695473251028807,0.14612058853906015,35.253891301043375,26.30589287593181,1.0,1.0,1.0,16.941277890162954,24.397451091056446,-86.6073883870083,86.0,0.21608040201005024,0.15348026735706546,0.02118549144335179,0.050878412981207446,0.03111685526971803,0.021550188706823323,0.0018178492324215643,0.0019766437217783542,0.0318793760962361,0.006805469497453151,0.021924238895075773,0.016189613991118117,0.00881033691054366,0.006072696673069511,0.005493611271756772,0.013472324527586536,0.00797903574925404,0.008375499966003468,0.0021543603667272355,0.00749492734480489,0.008011394092501732,0.006163181087102837,0.0025739906916179417,0.0005755856238160889,0.01600477005439153,0.004815904186402644,0.010818458630643952,0.017188499925911125,0.002781313595914459,0.008609200918179185,0.0013236301030710748,5.819608028978109,5.819608028978109,0.05882352963089943,0.00784314051270485,0.2652152304619755,0.10196078568696976,0.10196078568696976,0.06766986080207103,0.06766986080207103,0.06666667014360428,0.04313725605607033,0.04313725605607033,0.013547620619022644,0.013547620619022644,0.07450980693101883,134.92722373722052,27.872641524932895,0.0,135.1046511627907,28.069767441860463,143.0,21.0,0.0,1,1,1,0.04687500000000001,0.10000000000000002,0.09722222222222222,0.1388888888888889,11.916666666666666,44.4,13.166666666666664,10.0,-0.062209842154106944,-0.21710526315789663,0.5267099350973494,0.31818181818181646,2.573934896284056,2.321928094887362,2.251629167387823,1.584962500721156,0.0063443072702331965,0.006035665294924557,0.006858710562414266,0.010973936899862825,4.736440501696144,3.3219280948873626,3.4182958340544896,2.918295834054489,-0.4115509080517813,-0.8631040918837464,-0.8286671302596034,-0.8710490642551529,0.9560747671949873,0.9967703685466505,0.9960250750381009,0.9944481592244027,0.315786965452079,0.1498246278154513,0.23929110105580692,0.24615384615384617,34.25,37.2,33.166666666666664,33.99999999999999,3.1735332098491886,2.321928094887362,2.251629167387823,1.9182958340544896,10.520833333333258,28.559999999999945,42.4722222222224,19.333333333333712,5.609375000000114,18.24000000000001,13.909722222222172,7.333333333333314
1,2,504,1178,48,59,10,28,32.29365079365079,45.53769841269841,3.8419059338280697,744,0.6501784335551659,25.332049473868512,0,0.42784380305602715,0.26028747637857996,35.93828913465734,37.05401462729781,7.280109889280518,2.640114756475149,2.23606797749979,24.421458664709238,27.30524904245603,-62.99636331054002,155.98885271170678,0.6774193548387096,0.42477347127587994,0.09230335465727782,0.09826407204197239,0.032139851988136514,0.05640701477059245,0.025543411801373702,0.04527591604339537,0.006106597425666228,0.0095033166138643,0.04248422174470611,0.002708979014910094,0.026534012299813798,0.024422413608866517,0.017376844664119952,0.002552371234216782,0.007600600567100858,0.0239716388333083,0.02256416061846551,0.013437152707749533,0.006454139349214521,0.0032790016405591584,0.013639290994325814,0.006342237544449673,0.0025530842850306473,0.007923839285910528,0.0018668340366984786,0.006310470146047588,0.00660646514011425,0.007894003633118749,0.003712130368849846,4.188235434237868,9.976470953784883,0.007843137718737125,0.003921568859368563,4.683855181943125,0.10196078568696976,0.10196078568696976,0.03102396617953976,0.019794585225763658,0.007843137718737125,0.003921568859368563,0.003921568859368563,0.03236789575511744,0.021597509177070703,0.0235294122248888,27.708726464552466,46.495283010453484,0.0,32.29365079365079,45.53769841269841,26.0,52.0,0.0,2,2,2,0.08576355555555555,0.06732577695071103,0.08380816326530613,0.06911960365533419,26.770666666666667,37.457413249211356,26.614285714285717,31.704142011834325,0.42229451719765754,0.24390725994525864,0.43617755620908966,0.41375652400792845,2.987086391702824,3.1914470791316947,2.801830582488036,3.0801431093150438,0.006120471879286695,0.005259166079790263,0.007114425687970664,0.00581365833645879,5.178137682035277,5.478528273600217,5.202876381600483,5.543951651404726,-0.3092882729635501,-0.2102422349191444,-0.3002474066821504,-0.2368002524331384,0.9217420293993825,0.8508441476430457,0.9169946201970577,0.8800166035812792,0.5000013830934573,0.46430673691873153,0.5338445019654887,0.4805035460245459,8.893333333333333,9.022082018927446,8.762857142857143,9.34319526627219,4.005647254842667,4.037810871945289,3.960442299937125,4.117465637795946,65.90862222222223,61.62411806267352,67.79233469387752,76.45618150624979,23.16982222222222,24.770382827971225,23.601655102040805,27.040080879521025
1,3,994,2106,103,86,64,32,80.28772635814889,58.27364185110664,5.613320409725876,1501,0.814402769525857,35.575273821388244,0,0.47198480531813863,0.17814767855890745,58.202515482975166,53.03772242470448,9.219544457292887,3.0278062130667993,2.8284271247461903,34.51643978432039,33.774921689996525,-11.243986599718827,264.79393923934,0.6622251832111925,0.4478543775542392,0.010523679688561733,0.08906991396962576,0.08807213237854343,0.05429557931029988,0.018137087525883187,0.0021141890658622955,0.018065705874908782,0.022172538384466197,0.02684722408058282,0.04253399043644048,0.013143452584758974,0.0075648393188365165,0.023199455188335893,0.015536814638544423,0.013349963388982797,0.004836562021657881,0.019903920776286138,0.014140714941849163,0.00258862121069206,0.0014753229645019913,0.006953164067828258,0.010223721744073324,0.009456783781386993,0.007135190736817436,0.006495961394442646,0.005188184503964029,0.011681913440607676,0.01014822253880257,0.005726765044823862,10.596078752540052,42.06274634366855,0.007843137718737125,0.007843137718737125,10.326013703742623,0.23137255012989044,0.23137255012989044,0.044709193048692204,0.04231664622099452,0.01568627543747425,0.003921568859368563,0.003921568859368563,0.0512570670017057,0.053216624294376694,0.05098039284348488,79.03971659552828,68.52396041407258,0.0,80.28772635814889,58.27364185110664,69.0,79.0,0.0,3,3,3,0.024965373961218826,0.01674177208658337,0.021984942774724677,0.018468312106993526,25.064473684210522,48.16129032258064,52.57366362451107,90.64830508474579,0.9327535720855955,0.874774732873672,0.8547792555573889,0.7401665914292437,3.1607175446752827,3.7096286383560697,3.618149531362778,3.9855522699463384,0.0025828524161280357,0.0015679665828658355,0.0018955587965929844,0.0014269127645312662,7.0381826547496145,7.348496923367906,7.1705290270525355,7.318953858393928,-0.3631074323809951,-0.3258920722605816,-0.3668912858731915,-0.3151649830591335,0.9777290271616687,0.9709731488396702,0.9798562399917784,0.9671148043636861,0.4136976144214881,0.296612044237106,0.37379845615421425,0.2539064281539868,21.130263157894735,22.24633431085044,21.488917861799216,20.936440677966104,5.216018958891476,5.3604268319761585,5.351452898947248,5.275819062318741,720.3869788781165,721.0331610495264,671.4780388550525,607.0934178397011,186.36286314058157,192.2986128430269,181.0129256198909,174.43543073111167
1,4,332,899,31,78,0,49,10.060240963855422,63.2710843373494,5.506430993971268,635,0.5386947278108933,20.56004690782767,0,0.3692992213570634,0.18160583526695476,35.81248181484222,34.9857113690718,4.47213595499958,1.8004731317306872,1.4142135623730951,25.45584412271571,30.17205291527886,-41.14227208256617,151.5685424949238,0.5228346456692914,0.3367956506730269,0.08268230394415374,0.0015561136784310369,0.007782377358370506,0.010146910519702743,0.03945349701009442,0.09796295578407443,0.01865818764692325,0.03713519073052468,0.031541048392589595,0.01357134818752581,0.004246398280560584,0.029638135486670113,0.008830515528245802,0.012566926521033773,0.007207707349430498,0.005758930515652312,0.0033677226051764576,0.008427458488968144,0.013191231332839008,0.0238808671862335,0.012623953813920844,0.009061076876819812,0.007483324534830904,0.005932634988630415,0.012770910577902304,0.005269933050120451,0.008467158930451248,0.003603379764948217,0.008177661284970857,6.2196080521680415,11.098039583768696,0.0117647061124444,0.0117647061124444,2.616146594541169,0.15294118225574493,0.15294118225574493,0.050980393870229845,0.03342783007159246,0.0235294122248888,0.003921568859368563,0.003921568859368563,0.03924781841946653,0.029296418005268356,0.04313725605607033,11.666077750360982,65.3363957470973,0.0,10.060240963855422,63.2710843373494,17.0,73.0,0.0,4,4,4,0.018219236887957378,0.010301768990634756,0.0157,0.01731341036546351,45.49246231155779,69.81290322580645,38.61500000000001,72.28220858895706,0.2880084021906561,0.12768931321828253,0.3265548458206918,0.44470583200760117,3.6127410705870506,3.9499578170128045,3.4370589629291457,3.9542987714309863,0.0022328823767076597,0.0015029916753381896,0.0027737500000000006,0.0014554320825021648,6.614776220721669,6.958576602147194,6.609631356592855,6.7488732024597375,-0.29557626128286396,-0.2784715136530826,-0.24618259983436105,-0.32631376636029186,0.9482410472885925,0.9459010285025765,0.9184977560000919,0.9633472713864807,0.2848837456341922,0.2235058379711508,0.2883137469516224,0.24090453391117678,14.346733668341708,16.161290322580648,13.895,16.846625766871167,4.668327954448175,4.749454577184533,4.518193415021248,4.93249430530628,82.29686119037399,90.2514047866805,76.063975,188.05623094583905,31.947330875482933,40.01607700312174,28.669743750000002,65.08460988369907
1,5,567,1200,68,81,28,51,48.742504409171076,67.8447971781305,3.344406052654224,810,0.8782578629460115,26.86869594648831,0,0.4725,0.29900675463924875,44.97414960382271,41.78516483155236,8.06225774829855,2.846080737174818,2.23606797749979,24.680678731285266,21.506068687410814,66.69727296261938,154.36753236814712,0.7,0.41347469751708893,0.040959711460073135,0.111098077024572,0.08877649958123501,0.02768936567971086,0.03343164168098517,0.008993583362913806,0.049426306273497145,0.024729013824943035,0.026770451234790306,0.03173154320465617,0.010468808486708257,0.001170144521738146,0.014683339010356353,0.003250894477163807,0.01421667324636328,0.014874538396728827,0.005426810291221806,0.002940914964019033,0.006072989131790065,0.0014889247424946122,0.014576701926999043,0.010128494259661773,0.0022526581795234354,0.008962442608531027,0.012416599165995298,0.003826526859447594,0.011553653346390061,0.0048953041142202605,0.002625909291237375,9.698039493523538,31.05882442323491,0.0117647061124444,0.0117647061124444,7.667707590802506,0.2823529541492462,0.2823529541492462,0.0729175901768687,0.054777468118580086,0.019607843831181526,0.003921568859368563,0.003921568859368563,0.07734174400564339,0.06511364416452259,0.07450980693101883,54.46515149507503,72.9482322985416,0.0,48.742504409171076,67.8447971781305,60.0,78.0,0.0,5,5,5,0.02764802423936369,0.011849799938442592,0.016888716742328884,0.023737672583826426,87.75730337078652,255.6015037593985,116.21718377088308,78.97692307692307,0.832658032694455,0.49610242639433666,0.7532016824767667,0.8391712968965814,3.805450234649811,4.697608140295548,4.110344799904672,3.791037891898199,0.0014982423187277995,0.0006562019412834661,0.0011062817407742165,0.0014540216292601642,7.079744672134804,7.691548726854014,7.3983030015167115,7.13653417443847,-0.45410001113379866,-0.34617933860123146,-0.3829165689511643,-0.4219879299782785,0.9921598326568042,0.9798189293678035,0.9848430443605091,0.9889405425761066,0.371219722879831,0.20223487916787908,0.2631363869127407,0.3499317310755784,26.98426966292135,27.51629072681704,25.973747016706447,25.941025641025643,5.518632329401629,5.683844809709564,5.474340438635136,5.406878384901194,961.0806514329,758.8963511535732,825.581649683016,903.1478040762656,262.2094887009216,253.6244637282429,235.4497083634748,245.53118178829723
1,6,154,560,146,91,118,71,133.19480519480518,82.08441558441558,4.939428133174577,347,0.7623274467126935,14.002817212590296,0,0.275,0.20245258621817394,28.254302531865623,28.160255680657446,3.0,1.4009383375027853,1.0,16.972155256597617,18.285945011493503,58.608387090917326,97.76955262170046,0.4438040345821326,0.24726215622851835,0.03382802201113343,0.061417682702837144,0.03412054280912465,0.022865106650770305,0.008154312837722576,0.009462401293764165,0.045751285349782664,0.018547575200713377,0.03873058160374652,0.008037142563914837,0.006343479858098496,0.006018657749786024,0.033919652145899204,0.012080019023800641,0.011410096101176648,0.011397323090199838,0.010426690269228552,0.007182281796439956,0.0030885005406849045,0.007896051168649951,0.013624237903778029,0.013983750462306198,0.006815836525872771,0.008581341340129334,0.005876649173641626,0.019509070803406053,0.00305754528357477,0.006141249453934066,0.0031387855180307314,4.470588386058807,6.341176684014499,0.01568627543747425,0.01568627543747425,2.2285817470794287,0.10196078568696976,0.10196078568696976,0.050802140750668266,0.041176471974120124,0.0313725508749485,0.007843137718737125,0.007843137718737125,0.03056508354929899,0.026960032694209383,0.06666667014360428,133.21273963498254,79.85590600192079,0.0,133.19480519480518,82.08441558441558,139.0,75.0,0.0,6,6,6,0.02026666666666667,0.01220703125,0.014565992865636146,0.01777777777777778,38.333333333333336,69.859375,77.77586206896552,67.6888888888889,0.4622985567781555,0.07462498322389112,-0.03726844739580805,0.18807975263887386,3.523833726411314,3.689802538352612,3.873608858406868,3.9142149083365423,0.0028620027434842236,0.00211856460048011,0.0015568702097085408,0.0014631915866483765,6.245206691386987,6.515319531114783,6.327724314055788,6.052855596281598,-0.3890082030178264,-0.4495953792637593,-0.436309051646642,-0.3768853932269793,0.9751958246271588,0.988507782994395,0.9852562504925495,0.9694591931480823,0.31826177107158315,0.10278085320012285,0.10025131992244551,0.2160238988073387,17.266666666666666,19.671875,19.948275862068968,18.799999999999997,4.646379513321201,4.644247562960808,4.50058347869308,4.552638373963221,104.24888888888898,81.126708984375,72.18697978596902,99.04888888888905,35.645555555555575,37.74652099609375,37.49071046373362,41.68444444444444
1,7,604,1840,46,104,0,64,14.690397350993377,88.05298013245033,5.465164797459652,1254,0.7566988351940145,27.73151068766428,0,0.3282608695652174,0.1829770989641201,51.46971307706384,49.658836071740545,8.94427190999916,2.831552576346622,2.23606797749979,32.03560232793761,33.64902601958399,-53.21426996482819,203.66904755831212,0.48165869218500795,0.30484971797739424,0.07800487309270096,0.037674688179433154,0.053078634386219375,0.06322099694187412,0.027123414596351012,0.048876144073800795,0.021066814105693537,0.0021571667470794,0.03109482882921059,0.021246422959999,0.01471301099667115,0.01987784254176033,0.007921946814537456,0.01565564176004158,0.010197763244025918,0.00656792975172924,0.012505236634978543,0.013505797628694399,0.008973691511099089,0.014675261205825607,0.0064508981156953995,0.0060164005757837894,0.0026409495750221107,0.010737642678541487,0.008556617134961064,0.008295481790133747,0.0045355808962333774,0.010774869437226683,0.001043558389197558,10.549019909929484,20.796079063322395,0.01568627543747425,0.0117647061124444,6.772593915985688,0.2235294133424759,0.2235294133424759,0.0624202361534289,0.03443059447569933,0.0235294122248888,0.003921568859368563,0.003921568859368563,0.041769541049951224,0.029845187716372474,0.04313725605607033,21.025645835954638,85.65868378808474,0.0,14.690397350993377,88.05298013245033,40.0,75.0,0.0,7,7,7,0.017729040103686085,0.018529466468275052,0.031227831552040525,0.016237777659687532,18.39722863741339,24.685567010309278,12.467312348668282,25.994845360824744,0.49372855234768265,0.7094481893637756,0.5783652494942801,0.6241511782468058,3.067086629422459,3.083337279418639,2.769647731942725,3.4104274904090555,0.0023312108824851308,0.002420235691559008,0.0032184523133032624,0.001794917306007391,6.627854404353407,6.510337015282978,6.049606764490191,6.895764220910963,-0.19243490699631766,-0.23918839867109665,-0.2861012958775215,-0.26862460928158866,0.8695705359869214,0.9107414324920712,0.9312936095336938,0.9393178445012753,0.3473128591141328,0.3430160997194911,0.47813163144127707,0.29565376497318563,13.685912240184757,14.654639175257731,12.52542372881356,16.061855670103093,4.546076095554688,4.518948853186157,4.415664999042155,4.8155388189425,54.280101765970244,145.23639600382614,46.67066114006647,112.33122542246792,18.169332600845905,42.48049075353384,14.78449337218369,34.58151769582315
1,8,1752,2860,136,123,81,71,101.7574200913242,97.08162100456622,2.507006450315416,2081,0.48072338504070455,47.23045291309417,0,0.6125874125874126,0.39888210095119064,53.97668220834365,59.481089431852205,16.97056274847714,6.015217820760401,5.0,46.68612850295679,47.33065736876069,-16.451333887339977,234.93607486307093,0.841902931283037,0.6012435186649836,0.08192734291337601,0.16178658980515626,0.016837554432451052,0.03585151866749066,0.03539526863714312,0.0323993055029044,0.015060087357012355,0.019128442978327165,0.02943058618557885,0.008502931044139645,0.013937854169440435,0.004450256071631465,0.021528218769540326,0.003093313796781358,0.007319160134747766,0.009829231186585364,0.0172634905566797,0.013094771012134639,0.011530181460468279,0.012638855494555186,0.014393004059848785,0.018470172482967246,0.0052830741559527356,0.0015410372244325761,0.011701450152174483,0.012889556963675964,0.007202788778548611,0.00401207457967461,0.006204234298584547,13.650980798527598,174.2196127353236,0.04313725605607033,0.05098039656877518,4.475839554955255,0.24313725531101227,0.27450981736183167,0.06964786121697754,0.09944041822792443,0.09803921729326248,0.0117647061124444,0.0117647061124444,0.053296225668124704,0.06043458506249507,0.14509804546833038,98.5380857905547,100.19112681443231,0.0,101.7574200913242,97.08162100456622,102.0,120.0,0.0,8,8,8,0.001442205841612665,0.0013123688577164156,0.0014347500271267367,0.0012222043931699178,77.9515190691661,98.8748280605227,51.31184895833333,116.5449628127113,0.8353169862699249,0.786929133171873,0.8891227049528759,0.7493014185871678,4.225012191750553,4.376351834272116,3.921742717065454,4.472324124088571,0.0006956175507029327,0.0006226270893783292,0.0008619811657903458,0.0005459847659471741,9.941272488822737,10.068993243872773,9.855869832372868,10.155872926949414,-0.2578386548348529,-0.23374156078798244,-0.2682297411532867,-0.2176993686367962,0.9732788321919443,0.9645728947021036,0.9761085253024537,0.9572559207225362,0.15176857710696906,0.1458030322916781,0.17061909001088282,0.12618074983912278,53.45507433742728,53.79642365887209,52.833984375,53.77552400270453,6.650662195110038,6.6331719834475305,6.6312048227032925,6.587218904246888,868.7340838180035,829.2185291630158,874.2491315205889,813.2166828728182,236.67140072179268,232.02333930588452,231.3902451197307,232.44041142138224
1,9,1279,2340,84,117,24,78,61.33385457388585,98.408913213448,3.6146273851385176,1817,0.6535055043310036,40.35434769286047,0,0.5465811965811965,0.27665368887301744,53.81994426428125,59.841457201508724,14.560219778561036,4.880566578799465,4.0,37.90507737112469,40.737487115072604,-85.25931506849602,241.03048327204937,0.7039075399009356,0.4419281313799432,0.11599253381691897,0.10783417159702081,0.06213734131700896,0.05402598133606756,0.007401459606474081,0.0008895681923268935,0.023393065100445386,0.01046986120294753,0.01573007623013753,0.0197119885852939,0.015394170333594227,0.019728413178281324,0.017466853928168907,0.0022384543301107365,0.006327155082841135,0.01852070746210156,0.02244654543479343,0.00896464466458382,0.012380745247026148,0.010186750871584356,0.010021629413053932,0.004747708471754869,0.0036332543004851635,0.004063519459860147,0.007933904493268975,0.006693503936012527,0.002705478147383534,0.00510059498234103,0.009480661240296295,22.231373203918338,179.04314232245088,0.054901961237192154,0.07450981065630913,3.742582330428578,0.2823529541492462,0.38823530077934265,0.10340173583217832,0.13998681964226026,0.12941177189350128,0.01568627543747425,0.01568627543747425,0.06722492319634966,0.0908401529127968,0.2078431397676468,65.05819606613451,98.77797005073897,0.0,61.33385457388585,98.408913213448,66.0,102.0,0.0,9,9,9,0.0010566513907982516,0.0008730020158410194,0.0009889883473363698,0.0009681641133185649,180.47053320860624,353.11454183266915,210.2114832535884,324.6150049358341,0.8386982251963458,0.6833002162934434,0.8123612680500726,0.7148197122434955,4.76891384949959,5.243807462119275,4.897132732314803,5.17242563188279,0.0003652503891889903,0.00022174092474722595,0.00030124539273368206,0.00024583972035795257,10.220190869513164,10.370182955799702,10.323333768237369,10.34272630440773,-0.36588855522121944,-0.34461154371510505,-0.3475120309247073,-0.34618959541665456,0.9948425045844111,0.9933119733303392,0.9934729170994768,0.9933947676681019,0.12558159102252292,0.07340403208814142,0.10216083296119052,0.10456600339363721,76.16931711880262,77.0906374501992,74.99043062200957,75.23889437314907,7.119452986221475,7.098593176846986,7.151078532776213,7.144243179740414,2057.2051951370404,1876.8493545737383,2030.3865112978174,1951.9449038121393,559.4189320864123,557.4909741016029,560.1494986378516,569.1399771869933
1,10,300,792,173,120,149,87,158.24,102.54666666666667,5.30866766783134,518,0.7976581321440489,19.544100476116796,0,0.3787878787878788,0.1883711813530254,38.25630503165071,34.17601498127012,4.242640687119285,1.7126077376424351,1.4142135623730951,21.313284532445383,23.072754803321285,-18.658754199253202,141.46803743153546,0.5791505791505791,0.32703070498334663,0.043738283696435495,0.03591364591255473,0.0624809977268836,0.022020634445347256,0.01946418210426293,0.03111977303378779,0.03361792825481149,0.03307154945688561,0.050370990755989796,0.019876355057035413,0.004182627842916769,0.01489591639750186,0.02927201686054728,0.01984102977342821,0.020230010461490762,0.017298780842948152,0.00953991470058206,0.01230414236992866,0.006709755784031785,0.010094123323059147,0.00561954405189045,0.009928313944867173,0.005692486730887991,0.009671634944769806,0.009703081917958817,0.007206503949162321,0.013719718945904609,0.010500815730626587,0.0033292533324853985,5.356862892396748,10.105882654432207,0.0117647061124444,0.011764707043766975,1.7705489021213514,0.11764705926179886,0.11764705926179886,0.04355173083249389,0.033686275514774024,0.0235294122248888,0.007843137718737125,0.003921568859368563,0.03535893293120578,0.02705462748430403,0.0470588244497776,159.81412493922718,101.73612728421436,0.0,158.24,102.54666666666667,164.0,110.0,0.0,10,10,10,0.016891891891891893,0.01149519890260631,0.01414396490154066,0.012235939643347049,72.4391891891892,66.92592592592592,39.40909090909091,84.56296296296296,0.0799471292633841,0.1706221158596145,0.32482345375776495,0.22858996279997307,4.044329139661264,3.8720767246742627,3.5801939828698215,4.158706199979218,0.001392320970744347,0.0018958303892978427,0.0025699770914667016,0.0011807545009842,6.67119654833105,7.008690990396107,6.9299931894824836,6.892018554127931,-0.30751102996637075,-0.29363126035746656,-0.25779195072604993,-0.29682187372639135,0.9546995010085736,0.9541350107202717,0.9334738387297483,0.9536681603914496,0.21470832364091125,0.2619602968307343,0.2752784962057678,0.19408941305042077,15.425675675675675,17.16296296296296,15.015151515151516,16.9037037037037,4.765904904856395,4.920314163725703,4.794262491450629,4.883778570194809,85.02825967859752,94.46233196159125,77.32805325987144,134.67961591220853,39.36686221694668,40.34706447187932,29.184286042240565,54.81064471879289
1,11,1104,2394,152,145,110,88,132.53442028985506,118.64311594202898,4.296669532402434,1547,0.7727178307720745,37.492085263260826,0,0.46115288220551376,0.2327384017920646,57.7972103807302,59.23681287847955,11.40175425099138,3.743508246242216,2.8284271247461903,35.11317635281117,36.68676069147835,-28.340498786001188,244.14927829866735,0.713639301874596,0.3991178445211885,0.09177834590124144,0.09194576356911086,0.06383841375635972,0.043288551384480296,0.03251477626933646,0.009866238599442426,0.02391171713868567,0.010110320866572682,0.03771325211898568,0.008577817153532804,0.000974871098107897,0.00856069811730214,0.015154868186289675,0.006616774758601128,0.0178455144322976,0.02759378479649942,0.023139909855534314,0.0008454671901142068,0.010910127381226315,0.0026184305602112577,0.010981590493703619,0.0064545552256414385,0.008127148354517742,0.008336621790802185,0.013844614692068236,0.013393244784858952,0.01176480593925787,0.0032027450560369215,0.005553817251992946,13.133333700709045,85.01961004268378,0.027450980618596077,0.03137254901230335,6.440283703808165,0.23137255012989044,0.29411765933036804,0.06599665176235701,0.07701051634301068,0.054901961237192154,0.007843137718737125,0.007843137718737125,0.059214513324455646,0.06454239379987421,0.10980392247438431,128.5822878289842,123.72818262765541,0.0,132.53442028985506,118.64311594202898,116.0,127.0,0.0,11,11,11,0.0025913674021996016,0.0023727416992187517,0.0024913840148278526,0.0019457274219341824,94.54524361948958,168.41145833333331,84.69179600886918,144.03899082568807,0.8265375930949664,0.6966126876357835,0.8440387702773227,0.7303867464462032,4.310129987382705,4.7069875467709315,4.197431339145206,4.569067654524028,0.0006602482360461964,0.0004691220533301111,0.0007689096294247611,0.000545862481263293,9.229150105340175,9.383180336746658,9.278279338797473,9.50912811111434,-0.3335114625352801,-0.3219719544244842,-0.312048004094548,-0.2819530941972301,0.9874858852760128,0.9862545829341337,0.9836816505112995,0.977697764091114,0.1601542216807188,0.15456660794618088,0.17504744367626174,0.1467128440431933,41.09744779582366,42.307291666666664,39.80044345898004,41.01605504587157,6.453655776691522,6.442892737426199,6.369909266226058,6.433652815078098,995.549668660268,941.7961968315974,1001.3703767434774,924.4469899419237,272.5237280699393,277.55191379123244,271.515543188087,267.12149519190285
1,12,440,1054,34,134,0,103,14.338636363636363,114.75227272727273,5.7341600396379,824,0.5890226215993919,23.66908109081279,0,0.4174573055028463,0.17439345834218256,39.304383432094134,36.76955262170047,5.830951894845301,2.0288489234245404,2.0,30.0,31.762522565393635,57.101155806335505,178.05992052357226,0.5339805825242718,0.3921696775085213,0.016184282207133673,0.040304985401337715,0.036273772287662,0.06945500171516651,0.03149701012463433,0.06592921453822424,0.026668850132715447,0.023292611912688745,0.038654992711092365,0.026105452198387977,0.012770028567213905,0.028274082236792977,0.01915558722055545,0.014767594176800973,0.010680592220513797,0.013324108071274331,0.008409555238230872,0.01584836618080788,0.008263185549405486,0.009231880872704105,0.010257149699246678,0.006595343401941676,0.01587055502576807,0.007643943108107627,0.010473033920816055,0.019386623599431694,0.00483873880290296,0.011982561365290537,0.0029606058502111283,5.8470590291544795,13.20392201654613,0.01568627543747425,0.0117647061124444,2.330296563308017,0.10196078568696976,0.10196078568696976,0.038722245226188605,0.030008913673968476,0.0235294122248888,0.003921568859368563,0.003921568859368563,0.027189302650521743,0.02030816932308948,0.03921568766236305,16.58806056924441,115.36085535616527,0.0,14.338636363636363,114.75227272727273,24.0,108.0,0.0,12,12,12,0.01550596729230097,0.010346680999731255,0.011553132182502812,0.014879578331794397,27.46236559139785,42.83196721311476,30.923076923076927,28.635964912280702,0.40738385383544473,0.18813733104593597,0.33011391896165115,0.4102693362929237,3.342169652340715,3.6239990548757475,3.4445140528035765,3.323822143234641,0.0037712202509674274,0.002515106305405609,0.003118199440395761,0.003745216951844632,6.765452891124227,7.042081197715109,7.019339765759492,6.670476861426296,-0.25360233253908104,-0.22960822429979288,-0.19315017175771615,-0.2502233087562301,0.9272690489483743,0.9159933991775668,0.8814931369577899,0.9228179322327932,0.33494939162331383,0.1857273976613295,0.28986835882301737,0.3295027605600577,14.222222222222221,15.241803278688526,14.286713286713287,14.12719298245614,4.681607110140078,4.731520664340966,4.718890910319411,4.621552426620164,65.2194344882517,62.68333445310401,61.400312973739574,68.47943598030159,23.170450019912394,26.37882541655469,23.080847474204127,24.27885022314556
1,13,316,841,180,133,151,104,164.22784810126583,122.14240506329114,4.26133704193255,569,0.5649124190997716,20.0585068271871,0,0.375743162901308,0.23466813118975732,30.887865682020504,30.479501308256342,6.082762530298219,2.1709608110325296,2.0,22.688742871403175,25.487149249041494,-74.95646745757338,130.08326112068522,0.5553602811950791,0.38898856800188897,0.0891738806477988,0.046554467951574946,0.02667747366301393,0.06055173400618586,0.05086647893824994,0.043749563825852586,0.019059411258907925,0.027929047587161256,0.03882717620636156,0.02274351792197275,0.015400877323536082,0.006269781092888198,0.013036817428276892,0.01695134873549625,0.01037011461024488,0.00825714372156283,0.01152738491290535,0.009945550309342834,0.009010268334993379,0.012836180269219908,0.009936203180335163,0.005863837171659087,0.010858521980846265,0.008888158167044446,0.006724500196582785,0.007831349233152724,0.0016806800307905196,0.0028696492888971377,0.0024106703416293626,5.486274683848023,8.929412056226283,0.007843137718737125,0.007843137718737125,4.686928424376267,0.13725490868091583,0.13725490868091583,0.04649385325294935,0.02825763308932368,0.01568627543747425,0.007843137718737125,0.003921568859368563,0.03493885545020347,0.027514402599953604,0.04313725605607033,167.5603864662165,118.84672818268555,0.0,164.22784810126583,122.14240506329114,166.0,111.0,0.0,13,13,13,0.0681768545706035,0.06417691767650562,0.051424199307363964,0.035200617283950617,18.635467980295566,23.87845303867403,30.466321243523318,63.19444444444444,0.5582144349788539,0.5864359719639114,0.33978323220217677,0.33346734518985605,2.9212785953778897,3.0149904374039025,3.2451955693115853,3.9111402500105625,0.004591975293662627,0.0043386379318076556,0.0033992751151824784,0.0016769547325102884,5.411169093461342,5.643968873434645,5.800408096867055,6.066937281305651,-0.32933761002271533,-0.36999963837972244,-0.2606827721149051,-0.26868373312758914,0.9389179447284142,0.9606622974550959,0.9078818545042237,0.9208019922083357,0.4780168477710265,0.4700082295905437,0.40764413098113206,0.28490737844869884,9.985221674876847,11.49171270718232,10.642487046632125,12.972222222222221,4.076461318665906,4.330363290353528,4.227254243428726,4.422427457462954,65.72884564051543,91.59799761912029,61.82555236382183,126.4270061728395,21.09107840520275,28.86911266444858,23.072968401836285,47.40536265432099
1,14,1157,2478,85,153,26,111,57.438202247191015,128.9896283491789,4.883269430227987,1836,0.8104339556890638,38.381481905452574,0,0.466908797417272,0.20478083675045403,63.31104322211639,58.54912467321779,11.704699910719626,3.555314331910796,2.8284271247461903,37.052956902275696,37.089509237900685,-77.96219932568422,266.4568901432422,0.6301742919389978,0.4258811003418903,0.04570890874553521,0.08472957622301168,0.08246163978665498,0.04584002936474387,0.021841899892496935,0.008899016126235773,0.030592154625454695,0.018450691683577845,0.03458429710573992,0.029863744525256312,0.006586707921622144,0.009407023577000337,0.03364616041498235,0.013822314701764246,0.00191780938715218,0.015357112630840102,0.02077533160763369,0.018126323629727145,0.007193931716240042,0.0016895429606763645,0.003371109526615622,0.012015947969844561,0.0034631649261556595,0.006515591081678352,0.011501979394311421,0.00782455831342061,0.006627906850454126,0.002707466761963334,0.010714667965292142,18.141177044715732,98.8901988696307,0.0313725508749485,0.04313725791871548,7.276293296654962,0.3607843220233917,0.3607843220233917,0.08062745353206992,0.0854712176919885,0.06666667014360428,0.003921568859368563,0.003921568859368563,0.07889338662570722,0.07014115409283059,0.12156862765550613,64.62406310458952,127.84601658067794,0.0,57.438202247191015,128.9896283491789,78.0,138.0,0.0,14,14,14,0.002422271349909669,0.0017769405693279301,0.0018662209088187872,0.0018359861591695475,62.97471022128557,153.86043689320383,109.05327413984459,143.37647058823524,0.9057565484411004,0.7404282354243342,0.8137430391516923,0.7555989659353897,4.030061974210849,4.662971073680578,4.424089489573486,4.586215704844719,0.000730278385063243,0.00038880787075975815,0.0004894461461024588,0.00044774614422292587,9.373284491331697,9.668286545567232,9.541137982287106,9.559333528144595,-0.3756928214316168,-0.32660418815304665,-0.3295313111426634,-0.3192647568431626,0.9934338741946193,0.9884533866005156,0.9883405420504162,0.9866755817957542,0.22235003658825972,0.1207675007278476,0.14697587955045857,0.12974556230494694,46.10010537407798,47.14199029126213,44.118756936736965,43.296470588235294,6.684655602562614,6.616665358442097,6.612223421924302,6.573474631975349,1273.451517375619,1031.6339649707793,1061.9448313071796,1029.9121051903114,334.1065568992259,296.3736004659961,292.74952636175607,293.3221439446369
1,15,686,1591,175,164,132,127,151.6530612244898,143.90233236151605,3.6114635839098006,955,0.6465282364850921,29.554057719513263,0,0.43117536140791957,0.27689604969445425,40.567018522213345,42.1070065428546,9.433981132056603,3.1170208252583627,2.23606797749979,28.882216813065988,30.948175082250163,63.4822252036077,176.44469683442247,0.7183246073298429,0.4926352666036783,0.03448070290734341,0.12611577530991067,0.050187502448774374,0.05412329210744836,0.006954989871297378,0.047503473208633386,0.03354395282590613,0.028125924665311677,0.03508894788229444,0.021138290529107786,0.0035273024452156195,0.014162019453222246,0.03285476635274111,0.014385008546909661,0.01796113048634833,0.011368451997339664,0.017022989308114824,0.0032910621204082567,0.003445941039864672,0.013870653632456296,0.01814584079348404,0.013294300929168917,0.012487366421557152,0.007558064556144556,0.005338265987262798,0.0013342121108539781,0.0042252374269351545,0.004528891041857637,0.0012448094991565678,9.552941478788853,53.52157012373209,0.0313725508749485,0.027450980618596077,5.344810298052207,0.23137255012989044,0.27450981736183167,0.06498599645434594,0.07801978152147535,0.05098039284348488,0.007843137718737125,0.007843137718737125,0.05605228072054557,0.06756757286599473,0.10196078568696976,146.94929662059593,141.3643024812112,0.0,151.6530612244898,143.90233236151605,143.0,136.0,0.0,15,15,15,0.0027361940126471376,0.0022133853541416583,0.003056442943875001,0.0022039999999999985,118.37476459510358,202.85504201680672,110.37937743190659,232.0920000000001,0.8122298265292472,0.6538485150347217,0.8260350835691882,0.6624630735544867,4.401835675192633,4.758875276435737,4.377851800122885,4.888370182895428,0.0006396708399967591,0.0005060509331566742,0.0006921307024439588,0.00039351398532037337,9.006086938296662,9.118771597363784,8.87626493410412,9.156472829822532,-0.35575168907936916,-0.3344714760329252,-0.37360923917694344,-0.34637356035077393,0.9897979881045156,0.9870819672129254,0.9914936200560652,0.9891500197415146,0.15592888655500128,0.13733615377790417,0.1782497029734521,0.1139074491659572,42.21280602636536,41.75000000000001,42.009727626459146,44.408,6.296602891680521,6.2998375489258684,6.299511833462765,6.400530521409368,1142.4726043672702,969.204306722688,1158.6049637390415,1143.117536,315.21184224059385,293.01483718487384,317.246085292737,343.80238399999985
1,16,978,2254,83,188,37,139,59.87321063394683,160.14417177914112,5.703885454349105,1689,0.6660056307242275,35.28779214899948,0,0.4338952972493345,0.17531908871653779,60.22810464551363,55.80322571321482,7.810249675906654,2.586508592428278,2.23606797749979,41.10960958218893,44.926956739313006,-31.92453022412626,264.76450198781714,0.5790408525754884,0.3998806277299259,0.06909872529025914,0.013497368900698274,0.04189796298936584,0.03865404776861172,0.0208292951426244,0.08405649796114845,0.02626808596846675,0.02348327170861474,0.06164574971986665,0.014144273740007,0.001984580131580259,0.00048275405168262916,0.009434782863819347,0.0076462589264219595,0.014945470102452882,0.014956438439343786,0.007336525437602659,0.009033778907887409,0.004472101932233937,0.006697463744751619,0.02046497996703536,0.010131867686204346,0.003811366911856112,0.00759409453241363,0.01241344367473673,0.00863403016179681,0.007982609663044569,0.004361947051070589,0.002376588524718939,14.301961241289973,52.909805526956916,0.01568627543747425,0.019607841968536377,12.087347936071332,0.3803921639919281,0.3803921639919281,0.06356427218351099,0.05410000565128519,0.0313725508749485,0.003921568859368563,0.003921568859368563,0.07750440739902409,0.06801830976849105,0.05882352963089943,68.16016895616809,151.34472282517726,0.0,59.87321063394683,160.14417177914112,78.0,139.0,0.0,16,16,16,0.007179583411521857,0.008158079833333741,0.00883850497519257,0.004511237634556036,58.01506849315068,37.65366614664586,66.74083769633509,169.0569715142429,0.9110252464632487,0.9202744954328592,0.8714823246612307,0.6987069651905545,3.966673350147998,3.602278706601905,3.9182317774005764,4.532197096153709,0.000732270573756212,0.0009832614213563173,0.000866573513514494,0.0005204535157045277,7.98070769656954,7.95723662768455,7.935704700854981,8.457434295491328,-0.37216765763040266,-0.3442989167164091,-0.3488965138631883,-0.28645795485651343,0.9869086370917983,0.9815604919518527,0.9823690213985292,0.9699751577811339,0.19795660178408686,0.2883860960741696,0.27510612516374944,0.1726768704861507,28.732876712328768,25.87207488299532,26.267015706806284,28.190404797601197,5.760657733348896,5.5974653849872436,5.652813758673069,5.771039864455284,1246.0642615875395,906.929032980352,971.8841999945176,953.1526515602768,326.0198325201726,236.14567478174942,259.65625942271316,280.55240576862997
1,17,1908,3465,132,183,77,120,102.87106918238993,147.53301886792454,3.258005748937841,2584,0.531409502600835,49.28834599938094,0,0.5506493506493506,0.30693622941764764,60.7123140689647,64.81512169239521,16.0,5.380846590022993,4.73606797749979,52.6758379377018,51.430316136683224,33.308708361098155,279.49242404917493,0.7383900928792569,0.5600238671783949,0.08491746802724083,0.12560295441069957,0.023272830013957038,0.05894658486648601,0.030115154934616042,0.02405576462640772,0.025152420864617577,0.008949832374214189,0.032715742191203455,0.03827348848843457,0.0053039180249418,0.009357502281496233,0.028761143920070092,0.010382123269276136,0.0045721382140080655,0.007834704200887615,0.011775627945873994,0.006422129187966729,0.01695855302304692,0.0015138879515976798,0.017998304370788726,0.011030388118446238,0.007489719416993232,0.00489892918390594,0.008856095876452013,0.0038649080600730475,0.002385594519417699,0.006861569424391924,0.010238718679971013,21.78823586832732,216.3921625725925,0.0470588244497776,0.062745101749897,3.865730090303602,0.2235294133424759,0.3529411852359772,0.09232303334037,0.11341308310932521,0.10980392247438431,0.0117647061124444,0.0117647061124444,0.06147061517309715,0.07103590064450827,0.1725490242242813,106.30808262673919,145.7636100077565,0.0,102.87106918238993,147.53301886792454,119.0,147.0,0.0,17,17,17,0.0015813954518409776,0.0010042377740078065,0.0012710680157147591,0.0013701619943738458,89.59234507897938,164.04137492043276,110.73225030084234,174.59016393442622,0.8661267251860586,0.7460155231877692,0.8341469537098464,0.7412364884846708,4.300231112103907,4.7227449110756226,4.4016117939263895,4.735448724376922,0.0005576091988575906,0.0003770916674117011,0.0005273370997951252,0.0003867448014271357,10.02424346511189,10.360024779490624,10.119161287217654,10.225847848512498,-0.2963227517781665,-0.25243717547026934,-0.2812276319747759,-0.26053279995034245,0.9845858459074727,0.9746100680080054,0.9815984958989807,0.9763514474967854,0.15661466409079342,0.1092511715965863,0.13388179192253433,0.1346219752959543,59.444106925880924,61.64926798217695,59.9921780986763,59.24590163934427,6.8058465866938525,6.83406607425936,6.806289189783345,6.7532888678768295,1248.872635381033,1127.7019393113815,1224.5733443533595,1174.8285613875514,334.6162451150034,322.93582855795376,333.8263986635503,337.3546813304945
1,18,589,1344,190,189,158,147,172.3056027164686,172.73684210526315,4.822237109816159,951,0.622386842190012,27.384997568906428,0,0.4382440476190476,0.20737263167014272,41.90225489293397,41.773197148410844,7.0,2.5337133570393133,2.0,29.907678458369695,32.79730521629205,11.49976068934408,188.92388155425118,0.619348054679285,0.42571196174546544,0.09932086687978081,0.03724101192084876,0.06081831653648265,0.02452794442880121,0.007337741072482996,0.10020218880361226,0.015000528666695632,0.01941268260484502,0.004972476003427602,0.014904958169796414,0.009738752319883935,0.057751916530495,0.017892880778805444,0.004846855448909455,0.006403256270755973,0.01114440921923226,0.006219174619467138,0.01066523963914911,0.0075624769500086605,0.009960185787797384,0.007800816038060679,0.0019657767728844047,0.00408715870099559,0.0032154447034718767,0.007472620788361342,0.00761033312993689,0.0005522849994611605,0.002186119532072112,0.007220596695398362,5.494117829948664,12.55686317756772,0.003921568859368563,0.007843137253075838,5.105281142852092,0.10196078568696976,0.10196078568696976,0.03350071847529673,0.02131895276327287,0.0117647061124444,0.0,0.0,0.032503961658170995,0.022130044201243728,0.027450980618596077,172.13866333746796,167.63429109706146,0.0,172.3056027164686,172.73684210526315,164.0,162.0,0.0,18,18,18,0.06348727328151196,0.03837063865378564,0.04360574216550947,0.04104916897506925,26.533333333333335,35.5595567867036,28.43607305936073,32.1921052631579,0.42731876338234004,0.37766364934186514,0.44267838107033874,0.35713016857676294,3.0588052433883135,3.3619415102445767,3.173218454326125,3.3415703158589873,0.005656770930357275,0.00408799590762533,0.004784880513771347,0.003937070855609893,5.7793006708114545,6.184097963528943,5.933314493149594,6.184938650620361,-0.3092938455526678,-0.20688857066176708,-0.2773622588300019,-0.23828358334441205,0.9377136096861192,0.8717690201984973,0.9230469086550567,0.9012972669058816,0.4821151771353135,0.40078457456278077,0.4043436809474858,0.399217983446327,9.264197530864198,9.853185595567869,9.536529680365296,9.818421052631578,4.247805700712345,4.366074895973339,4.314362173790863,4.382303468362682,66.13019966468526,78.71805771901687,73.60939617605972,67.9591343490305,23.165883249504667,28.56940362643012,25.511367308855103,25.037809903047084
1,19,925,2310,167,199,125,144,143.20324324324324,170.58162162162162,4.489630137477758,1454,0.8131395524503557,34.318312587888485,0,0.4004329004329004,0.22273549699614964,57.4804950353327,56.22277118748239,10.0,3.2395457389811475,2.8284271247461903,32.537438920524295,33.45760179627937,28.459130580958554,228.44469683442247,0.6361760660247593,0.35185979135885503,0.00409880907756902,0.1192683124050664,0.05744677307069176,0.04127385233756528,0.004814623273268456,0.008225754176518569,0.04162969012001288,0.01019175663559204,0.05028727993205136,0.004940406461981408,0.013188492908469693,0.01997822513485007,0.023083549375649208,0.01567286898608238,0.009486336650924741,0.017898808653375592,0.006367722326195204,0.00477814429848422,0.009039190648503953,0.01123558656273846,0.02172015553032069,0.0054833306133908665,0.008815467976510984,0.005900255789588526,0.0020015075308069084,0.006918209563511775,0.0013696876429622733,0.005490232299069153,0.0015453500006078042,12.643137679435313,72.5411787298508,0.019607843831181526,0.0509803956374526,7.8757515124415916,0.20000000298023224,0.26274511218070984,0.06321568839717656,0.07842289592416303,0.062745101749897,0.003921568859368563,0.003921568859368563,0.05308413686835115,0.06370203112289054,0.13725490868091583,139.94037192401868,163.41355824021184,0.0,143.20324324324324,170.58162162162162,145.0,161.0,0.0,19,19,19,0.00491948568467677,0.0033098000200801397,0.005397187728268813,0.007798646589155463,79.88401697312585,103.31570996978854,43.74054054054054,105.26006191950464,0.8588028820432303,0.8148167806475373,0.9197180026601968,0.8100566149811573,4.1864851591148735,4.282784755442954,3.7818241295919073,4.355707950278003,0.0007943657635124825,0.0007984819662011284,0.0011654884099474006,0.0006811385137401869,8.915139016110821,9.117928081043505,8.734190015154045,8.782176714282027,-0.3845128522739136,-0.35554746131969983,-0.40469699426988787,-0.4053513762665883,0.9927983350856349,0.9902553963812899,0.9940331954387108,0.9942296643032486,0.2020361229921002,0.17256398435607606,0.26681172330092484,0.21507001941202317,44.0,44.62688821752266,41.45675675675676,44.05882352941177,6.390700270752865,6.396309736848823,6.382317045715429,6.386227143104044,1051.640735502122,1012.5058027035168,1045.9319138056976,1003.0708431979601,282.8811881188119,278.9553781683265,272.41811358655946,277.08272627936617
1,20,294,870,99,198,70,168,82.39795918367346,184.64625850340136,4.824236306606361,516,0.6599601086943022,19.347672370394786,0,0.33793103448275863,0.20728669502167407,32.880860237163525,30.675723300355934,4.123105625617661,1.7626698051628562,1.4142135623730951,20.219614426862297,24.703411411439447,46.36866899323833,133.5035713374682,0.5697674418604651,0.3978027908099233,0.05781389207157628,0.023481025302095913,0.045593435087780125,0.05065881498025602,0.004267252113761837,0.10921344992610546,0.012468150579552757,0.029778725609337496,0.007961091390745724,0.006092543723393926,0.009685771044006058,0.03572371636629787,0.027760627502519564,0.009363717458838464,0.026250693302697786,0.012863012615929297,0.008545675182232973,0.0039201293357686825,0.0040294510662816285,0.024353722435650746,0.01250152689699696,0.013169060917959715,0.010006451518934627,0.005309758529895376,0.007520094144126123,0.007292185728462581,0.001670969848405937,0.0016690912184408537,0.005119477850128982,5.50980410259217,11.105882693082094,0.019607843831181526,0.01568627543747425,2.475647329463149,0.13725490868091583,0.13725490868091583,0.048331614935019036,0.037775111200959506,0.0313725508749485,0.007843137718737125,0.007843137718737125,0.030758068116938198,0.02349417919280042,0.05098039284348488,83.29625705570886,182.3393361741985,0.0,82.39795918367346,184.64625850340136,89.0,176.0,0.0,20,20,20,0.00973370064279155,0.011205648875049337,0.009462940943321443,0.00860677783754707,21.309090909090912,34.89403973509934,24.488505747126435,41.55944055944056,0.4559623391725115,0.598225893561188,0.36093236259637096,-0.002366595210786644,3.3196538656537005,3.5856670928953696,3.2121505194953723,3.664722484202904,0.002259718396082033,0.0019122442106448661,0.002942374598141541,0.0018677525961908253,6.948254605887797,6.977347517968049,7.050618356312949,7.142770134163882,-0.24209266794426443,-0.3447454206142435,-0.2431178566990354,-0.21929595980680597,0.923297291864109,0.9722794446798902,0.9262372704375462,0.9098525326755356,0.24692765795553479,0.2771437879105736,0.12995981230847287,0.13678662262627603,16.78787878787879,18.523178807947023,17.293103448275865,18.020979020979023,4.712772255020527,4.882907347946421,4.609763533799686,4.495975375791971,57.02773186409547,138.80575413359048,52.14972255251672,41.36319624431508,19.584205693296582,43.4249484671725,19.15955707491078,20.730659200938902
2,1,175,884,57,34,31,0,40.02857142857143,19.114285714285714,7.212523273740316,488,0.7020475425976584,14.927053303604616,0,0.19796380090497737,0.13864773284556955,37.472188083232574,33.24154027718932,3.0,1.2932282896639498,1.0,24.25563103121842,26.685072220972458,17.33930171336276,125.94112549695427,0.35860655737704916,0.16985163478777143,0.02639105464598756,0.0256329147311669,0.02581550373143061,0.020879509914126005,0.02973472450860244,0.027391869428168805,0.016229966524831097,0.01001304505361255,0.003911600530602787,0.01579546081560552,0.021784052238323096,0.021871912467035216,0.0028095862361072,0.01305237604454676,0.005487853325985392,0.016196811812846535,0.005691351537943253,0.018437819158692425,0.001982749681110069,0.007273868329197307,0.00849282177814494,0.00832504792058858,0.0017082054974398011,0.01422300829848369,0.007271094271598031,0.008241873186168041,0.004224190544753036,0.0018320039963841753,0.0026006031207834557,12.262745385989547,14.670588599517941,0.0313725508749485,0.03333333507180214,3.5193743356018468,0.23529411852359772,0.23529411852359772,0.10480978962384228,0.08383193485438824,0.060784315690398216,0.01568627543747425,0.01568627543747425,0.0701710563529087,0.06546158151868363,0.13333334028720856,39.683507082203285,15.611868504563482,0.0,40.02857142857143,19.114285714285714,46.0,14.0,0.0,1,1,1,0.015502958579881657,0.009958382877526756,0.0115966796875,0.01691657054978854,36.769230769230774,227.89655172413794,109.3125,50.78431372549019,0.527118757571883,0.6694759170158832,0.735252901170402,0.448867192389536,3.3223710313793164,4.4224916681244455,4.190774219659049,3.665277734587176,0.001807111087081318,0.0005694453276563489,0.0007318313709352321,0.001262822342842317,6.352986659115733,6.702808581334468,6.597579882778696,6.074194459533713,-0.46121474268641555,-0.6808371417691842,-0.6114105771908205,-0.5276044863215151,0.9888450417413505,0.9995053764307169,0.9985001123202354,0.9935460015868001,0.3540492365006258,0.07350480647730918,0.09230264469754602,0.11004831066154122,24.892307692307696,59.58620689655172,36.15625,25.05882352941176,4.729458581992951,5.370659227774289,5.21305425036562,4.684885577724431,118.74224852070995,1151.1046373365039,716.4755859375,133.50634371395643,38.87786982248517,344.7502972651604,206.447021484375,46.07266435986165
2,2,192,750,34,33,9,3,22.901041666666668,21.229166666666668,6.51659542423225,470,0.27083310008152195,15.635280380893438,0,0.256,0.15345436303770763,30.461579100258703,29.732137494637012,3.1622776601683795,1.4111918547058273,1.0,24.0,29.323117789776838,23.986595806550582,125.39087296526012,0.4085106382978723,0.23190017778413433,0.05331580727433355,0.010510223421951436,0.013529393484997994,0.027517359211931967,0.044561057446091526,0.060552342154848636,0.008535311084694087,0.018622207305509002,0.014917523361703329,0.014272214180753263,0.01432472392541952,0.02952899178390332,0.003707608552344874,0.01605190589334872,0.016033315518854275,0.01750580843018387,0.01606460816116857,0.004919972085005719,0.00870819751603178,0.008575709170145248,0.00578197955866012,0.00438419799084243,0.0070396528941108994,0.012737187081011285,0.003065316480043633,0.015166152196952004,0.003983347968565826,0.008491759424360422,0.0050381913713299625,14.341176878660917,17.6470593418926,0.0313725508749485,0.03137254901230335,4.630924569679224,0.43529412150382996,0.43529412150382996,0.12579979718123613,0.09191176740569063,0.054901961237192154,0.01568627543747425,0.01568627543747425,0.10303625185784451,0.0899859264119106,0.11372549086809158,23.551999992998244,16.644222214719807,0.0,22.901041666666668,21.229166666666668,18.0,14.0,0.0,2,2,2,0.011235955056179773,0.010820637119113574,0.010782272456870908,0.008944318468127991,77.75280898876403,61.93421052631578,147.0731707317073,682.2222222222222,0.3343018102736375,0.4476542071875735,0.6219698759395134,0.6186447123138885,3.847405829686961,3.795855009117158,4.301839504248711,4.939437415797469,0.0007217216279896633,0.000773565139352139,0.00043018118163386715,0.0002509684429327287,6.715854886212569,6.704971427831869,6.767502273090596,6.85029579651579,-0.4393439273162547,-0.4524378124864021,-0.5489759352665254,-0.6734812496906234,0.9885365420897242,0.9900344198760979,0.9970098823961554,0.9995233740341758,0.1905749846241968,0.1745578763317483,0.05624446184543592,0.03979711265915642,25.348314606741575,26.434210526315788,34.65853658536585,64.63492063492063,5.021799830783728,4.8288686788124755,5.228242749323843,5.5483981773308075,155.84496906956178,162.32461911357348,631.029744199881,2895.6603678508445,58.39944451458146,56.06470740997227,194.52572873289716,894.4706475182663
2,3,358,1333,190,31,147,0,165.75698324022346,14.73463687150838,6.141887619415107,684,0.9638546266479292,21.349935761383176,0,0.2685671417854464,0.1628163948879335,55.583690082775426,51.03920062069938,5.385164807134504,1.8852015738754884,1.4142135623730951,19.436590881344326,14.809090968581655,-51.605048096893476,166.22539674441617,0.5233918128654971,0.17497879347991868,0.015463484187598147,0.06111714926233588,0.04879526005946485,0.008704312641839474,0.013717453805248733,0.010912035110789134,0.03693808254837691,0.023227976815667795,0.015109160527823936,0.01341195162479748,0.008229309856629329,0.006556981544942274,0.011652241215657064,0.021316082111122618,0.013404244978661555,0.015189093789965906,0.008251705867636789,0.00977161297744119,0.005310554989142447,0.0050898000234696405,0.0007834579897022096,0.009583158336954608,0.012599474091177862,0.008556179510014849,0.01498268757711802,0.004644325973109326,0.006548029890014073,0.007081741402166692,0.003528722116279403,7.592157022096217,12.22352973651141,0.0117647061124444,0.00392156932502985,2.1353350887885236,0.24705882370471954,0.24705882370471954,0.05309200714752599,0.034143937811484386,0.01568627543747425,0.007843137718737125,0.007843137718737125,0.059772535009326715,0.042190898347379525,0.03529411926865578,165.146615340529,16.780879029326965,0.0,165.75698324022346,14.73463687150838,167.0,22.0,0.0,3,3,3,0.04252944943623979,0.04563434460734504,0.040749553837001795,0.030060708091011114,39.92070484581498,12.759036144578314,20.44878048780488,123.43434343434345,0.4334144023797392,0.7438126008280468,0.6720753475728094,0.5348892642916844,3.230330284753152,2.6305280907480912,2.893897616273805,3.8574195530607036,0.0024664082892036526,0.0034290612185186513,0.002966373949657942,0.0015501597014972966,5.584827078778911,5.4435469408855734,5.619023963092161,6.024579186298565,-0.3124806301848664,-0.3356296030037389,-0.3166351689414792,-0.340197073325567,0.9346656294765563,0.9427039851118327,0.9376707845241626,0.956756653474641,0.4088469595793992,0.4771008602388,0.4347863338403489,0.2942468110217986,12.607929515418501,12.566265060240962,12.702439024390245,17.353535353535353,4.224468503740173,4.02171464702568,4.189234976568335,4.520196632243791,100.99606047080292,86.84801858034552,104.26755502676977,407.33965921844714,35.22919132915448,24.90176368123094,31.17908387864366,132.69350066319765
2,4,82,418,110,38,88,19,98.97560975609755,27.71951219512195,6.432454867808525,331,0.6473777087839592,10.217907939900583,0,0.19617224880382775,0.15546164264665727,30.140762520422044,23.430749027719962,1.4142135623730951,1.0050513849069889,1.0,16.675916973184766,22.972365064109987,-63.964234448225234,81.41421356237309,0.24773413897280966,0.1872301155464739,0.014042061219432557,0.05702416608172293,0.03033573053997523,0.029346279785412568,0.005495397833827597,0.026200527408670002,0.04214085681236102,0.007653548158454456,0.024573116279949035,0.014153104391120622,0.007372615885584254,0.0017680948419714156,0.005179138419500207,0.013934842092309406,0.010927883015280635,0.007502318913265903,0.01639348309646746,0.0041807829473575345,0.005480334738681759,0.026179602502611598,0.011778151477643026,0.004664275534889137,0.008785699803856807,0.01200193580746836,0.007573767546781998,0.00760520936450873,0.007110269980456254,0.010797182424594992,0.001298792401668042,6.25882375985384,6.337255135178566,0.07058823853731155,0.003921568393707275,0.11313413895244975,0.09803921729326248,0.09803921729326248,0.07726942913399802,0.07728359920949471,0.0784313753247261,0.062745101749897,0.062745101749897,0.007457078801997477,0.0074125664716141945,0.08235294371843338,98.93440594456634,27.824876227466067,0.0,98.97560975609755,27.71951219512195,108.0,30.0,0.0,4,4,4,0.0586734693877551,0.21875,0.06611570247933884,0.07291666666666666,3.8571428571428568,2.75,10.818181818181818,5.083333333333333,0.33097345132743416,0.5906976744186047,-0.36853110297956004,0.11540785498491409,2.1820058147602133,1.5,2.2221915755066783,2.188721875540867,0.007547397657287765,0.012943786982248521,0.009010220548682089,0.007601906640368179,4.164497779200461,2.25,4.004886164091843,4.001629167387822,-0.4623738436671994,-1.0,-0.5186616292781968,-0.42609294883873544,0.9582745931255454,0.9944299892208389,0.9692578847158635,0.9409788286711411,0.4327731092436975,0.525,0.22534759358288775,0.4198717948717949,39.57142857142857,37.75,38.09090909090909,41.416666666666664,2.8073549220576037,1.5,2.663532754804255,2.918295834054489,7.673469387755176,10.6875,4.991735537189925,6.409722222222399,2.8826530612245165,3.359375,3.9524793388431476,2.873263888888971
2,5,214,972,185,45,149,18,168.7570093457944,29.10747663551402,6.524670589087139,549,0.8300777775791627,16.50676414605009,0,0.22016460905349794,0.15326444244902626,41.68207002657797,35.35533905932738,3.605551275463989,1.4489558117194852,1.0,22.360679774997898,23.243907710490603,-71.89471058624785,132.4619407771256,0.38979963570127507,0.21797861005865984,0.028821010285712528,0.011763511083389966,0.05383172077099087,0.008406474277158803,0.009359405555438556,0.04270013843542555,0.030692348879239207,0.032727210498361387,0.029904186649576805,0.014647796050834036,0.00767627354260791,0.00868285402867312,0.008360468644031307,0.017711288213180774,0.014624026556260074,0.010340954054498482,0.014438518892762361,0.00967109052721678,0.0024505926516927273,0.013556217963982358,0.009211413126664255,0.008602056977885882,0.0034588067540818365,0.014383349364249568,0.009691660611800561,0.008640080651983049,0.011611836878881081,0.005068176388767236,0.004636515175095806,12.117647427134216,15.694118133746088,0.027450980618596077,0.027450980618596077,1.371168314236161,0.30588236451148987,0.30588236451148987,0.0993249789109362,0.07333700062498172,0.05098039284348488,0.007843137718737125,0.007843137718737125,0.07362215353857007,0.06433686432011218,0.10196078568696976,169.81059470212776,29.98500751410754,0.0,168.7570093457944,29.10747663551402,178.0,33.0,0.0,5,5,5,0.011090991398822995,0.01612124139596667,0.010495112962666238,0.007993129871845684,100.9787234042553,83.32967032967034,135.7721518987342,518.0804597701149,0.16374119922920657,0.5579605353135179,0.25212002033524866,0.3459531995595712,4.264138748983677,3.7632667713985883,4.058244717118889,4.954172881220316,0.0006162246201302171,0.0011436538655514202,0.0007545042075779001,0.00030636268426296044,6.740447096220395,6.712580047049243,6.740118406240637,7.121104415388959,-0.44303692520683685,-0.5580864166087011,-0.4776158066125871,-0.6123271360146233,0.9891514437003543,0.9972272342477536,0.9926908243060514,0.9990671111195383,0.16162558122995452,0.2794500586621375,0.12778645362124272,0.10128091354773297,21.659574468085104,28.230769230769234,25.49367088607595,48.81609195402299,4.997378251199498,5.142103091024683,4.946079723288731,5.7675999613411015,140.52240832956102,293.693998309383,227.31325108155738,1066.1500858766021,60.37528293345409,94.25591715976327,90.77135074507285,396.05763641167937
2,6,297,1015,71,51,36,22,53.75084175084175,35.794612794612796,6.8790655456680385,641,0.5799784558924026,19.44613444328572,0,0.29261083743842364,0.14536858143904896,38.151304967054635,34.058772731852805,3.1622776601683795,1.5110963486107165,1.4142135623730951,25.45584412271571,31.07926673243333,66.62497817614396,160.23149339882607,0.46333853354134164,0.3254122502335194,0.04243385883870827,0.024690251655016225,0.03458184305527965,0.03289080499752966,0.02747988803946512,0.08974581291537852,0.003383374523967897,0.03275219094735285,0.032352997849886975,0.007199679291602876,0.012177683818700215,0.0046202627206394335,0.024837793218098765,0.013699485861864964,0.021438833789602547,0.01818330183000672,0.007642016020491694,0.008873739718119264,0.007373352726131939,0.02654657026249258,0.007900141483605011,0.013076861947978703,0.006820072229176692,0.00802619757166538,0.025123578481351806,0.00432314577862855,0.003210577342396065,0.007205938384758156,0.005363870031920545,7.8078433414921165,14.058823912404478,0.0235294122248888,0.019607843831181526,1.010687969700564,0.13333334028720856,0.13333334028720856,0.056171534830878535,0.047336107449173326,0.04313725605607033,0.0117647061124444,0.0117647061124444,0.033617044574114886,0.027321006007601137,0.06568627804517746,52.81617851664883,35.41004185090347,0.0,53.75084175084175,35.794612794612796,62.0,31.0,0.0,6,6,6,0.00720164609053498,0.008009967960128159,0.00794766435986159,0.00653076171875,74.74074074074073,109.74528301886792,84.27941176470588,85.0546875,0.1306157726078032,-0.025249650898227345,0.1352188592534892,0.08225055196906009,4.107133570440384,4.189119012906767,4.1205155810476715,4.1309323972176895,0.0012391092696795228,0.0011213228616473291,0.0013061401031000631,0.001265844228316327,7.548610438271142,7.152264322406087,7.219718220159569,7.419807324168044,-0.2928964236660802,-0.4156955895844747,-0.3654383690091819,-0.31787220981558345,0.9617707484274182,0.9882100682067954,0.9799857220088126,0.9692510637489105,0.20152315697382459,0.061790787909023884,0.2088840666780687,0.1362215472469748,23.54320987654321,25.21698113207547,23.338235294117645,22.7734375,5.077720782173122,4.964468776718029,5.07109443832581,4.955876104300875,97.19875019051972,104.33971164115349,110.63559688581324,100.30023193359375,42.98487273281512,53.5212486650054,48.72875216262972,46.33872985839844
2,7,411,1089,33,57,0,24,14.637469586374696,40.14355231143552,5.656578358511441,761,0.42068758710470755,22.875783109789968,0,0.3774104683195592,0.17678531731029629,38.1264029947965,34.92849839314596,4.123105625617661,1.807731740179918,1.4142135623730951,28.17445651649735,34.58848532520335,-9.74682467385251,170.92388155425118,0.5400788436268068,0.42256271074051527,0.029231683232305974,0.03359146967894716,0.02372922643773994,0.017684009669261255,0.03350044060847816,0.12987409142959971,0.008263132616985707,0.046854736267567317,0.015732484574322504,0.012663772437661331,0.015414601314838263,0.004330022658580027,0.007287665721349418,0.014557613637542008,0.0012172295600274446,0.013356374367145261,0.01621580617022273,0.0035012640193945958,0.012330733378207663,0.044409732920854914,0.0031853651884571083,0.014884595156287934,0.0027548521092839763,0.009715670834457454,0.007070513480236682,0.009435482919920359,0.001684184065101314,0.006211980968359845,0.009037028649514616,7.537255099974573,17.133333838544786,0.019607843831181526,0.011764707043766975,0.5201981940538437,0.13725490868091583,0.13725490868091583,0.054224856834349446,0.04168694364609437,0.0313725508749485,0.0117647061124444,0.0117647061124444,0.038575471879181755,0.027876228606092575,0.054901961237192154,14.687571528680182,39.6257724774577,0.0,14.637469586374696,40.14355231143552,5.0,42.0,0.0,7,7,7,0.013431981327343993,0.01087429317094389,0.009062421264802216,0.006493339173902961,68.2375478927203,72.63157894736841,88.1626984126984,101.248730964467,0.2524984739320572,0.246800358008542,0.057521454633358615,0.0367373974743216,3.870190741996363,3.911451666874995,4.162098006750252,4.2504688000807445,0.001996753326189182,0.0018083370146242653,0.0012151465524481396,0.001150200141306155,7.006506921270734,7.197543195444385,7.330438039618519,7.541535373261914,-0.25684562696738816,-0.22089763465300313,-0.23521746359459467,-0.233048722688255,0.9344250871734836,0.9124654602439445,0.9264462428190301,0.9290942612923673,0.28726331013767503,0.25937046187003365,0.15784005948032184,0.13585534327955495,20.122605363984675,20.60287081339713,20.908730158730158,22.182741116751266,5.000573842337455,4.938591499597063,4.948014682497428,5.087555792558022,114.33745834617804,120.2298482177606,98.92420949861423,108.97168182638063,45.64375155972458,48.21535679128223,46.771726977828166,52.5551031977118
2,8,344,810,199,58,172,28,187.25581395348837,42.5406976744186,4.890377711214533,610,0.7367065746459743,20.928315827817965,0,0.4246913580246914,0.20448318290565096,38.174604696353384,32.55764119219941,4.123105625617661,1.8329322275828086,2.0,22.627416997969522,25.814147071937636,-39.48758306370692,145.39696961967,0.5639344262295082,0.4132022673480151,0.034705116802996816,0.0065452399522876025,0.07463363130993868,0.056695293516679554,0.007153518235462628,0.10893156679700089,0.006430194949005812,0.015142521658282651,0.023273899880259786,0.0034411883237442636,0.0063720089973333185,0.007875067752697465,0.03733551764807516,0.017929341623543295,0.0106166716893165,0.02090468457904237,0.01130267906469438,0.009570098267594975,0.0015042475865165454,0.017588074216306527,0.004577464408340686,0.003884014191934991,0.007139516568621228,0.010100661944313626,0.017357617192696954,0.005859769489946789,0.0019371931985087182,0.0044430863163355564,0.0015400408752706516,8.18431393802166,16.38431418314576,0.0235294122248888,0.0078431386500597,2.290603277438492,0.21568627655506134,0.21568627655506134,0.07179222752650578,0.04762882029984233,0.0313725508749485,0.01568627543747425,0.01568627543747425,0.05002175515294986,0.0358388412444545,0.062745101749897,185.09765435471246,41.773097178832934,0.0,187.25581395348837,42.5406976744186,179.0,34.0,0.0,8,8,8,0.01820489207340356,0.012470156106519744,0.017938304856493566,0.012242826002568012,62.95734597156398,93.46666666666667,73.61926605504587,127.29508196721312,0.24600571254257633,0.030625267140619025,0.12696502190209363,0.43361594841064116,3.7502724066694064,4.110070958626851,3.967270251295413,4.20366419201187,0.0015442079271006713,0.0010709952024887091,0.0013254044358253353,0.0012173411647199422,6.604697811363992,6.910765355194513,6.817340475195708,7.11684295621924,-0.25415998247191296,-0.22488887157185017,-0.21006273732456307,-0.331489753737551,0.9240326488208823,0.909070092756629,0.8933814492011946,0.9699798940447181,0.30088812980655566,0.21850045974954996,0.23591704364242239,0.22362621125216625,20.644549763033176,21.903030303030302,20.9954128440367,26.606557377049178,4.731363627934535,4.698377997552124,4.536699546201577,5.010862423914505,104.03953190629142,99.3724150596878,95.0320890497432,322.2058586401506,41.74921946946385,48.20977043158864,42.16283877619726,112.37523515184091
2,9,479,1326,144,61,105,27,122.99164926931107,42.01670146137787,5.123705017832787,826,0.3665798645584206,24.695783889727878,0,0.361236802413273,0.19517126698737583,38.24740270522647,38.63935817272331,4.242640687119285,1.9646308967850958,2.0,29.064371744767385,35.58487049805106,-82.0521327929991,175.61626970967632,0.5799031476997578,0.406502272773752,0.0362282800555613,0.0303211545230004,0.014688771906014647,0.05646220212458468,0.01702806269479065,0.092397607990169,0.01950130096419207,0.0417160941305727,0.04929977417328892,0.016443133638004603,0.018160828549443814,0.03875491059130725,0.009403910304897324,0.009991805848478323,0.00954165185086238,0.008644992243709114,0.006342700469356758,0.002109634513082299,0.0057159246907448474,0.012170553924060124,0.01471190382276974,0.006973123573562778,0.012137514566516629,0.01152724830006041,0.02892134130156606,0.00337755435112445,0.00562238421311676,0.004800026575965427,0.005770526793830292,7.113725658506155,17.200000488199294,0.01568627543747425,0.0117647061124444,1.708150845885892,0.125490203499794,0.125490203499794,0.04806571390882537,0.035908142981626916,0.0235294122248888,0.007843137718737125,0.007843137718737125,0.04011714777501316,0.028014919100734108,0.0470588244497776,122.67578658070376,43.69539442742212,0.0,122.99164926931107,42.01670146137787,115.0,39.0,0.0,9,9,9,0.011805980143826241,0.00947444148970337,0.010546677348625402,0.009576982075980154,59.984423676012455,81.36917562724014,66.20779220779221,93.66542750929366,0.32640857988808947,0.1298801779403337,0.2982442967801677,0.1106819607256542,3.7587433013429967,4.018754467662561,3.9518317449962774,4.107762927158047,0.0024704921678853505,0.001756565079702804,0.001736883082809882,0.001420588783696234,7.267052896241152,7.342529845864103,7.43526903190692,7.359654835238598,-0.23781645238403507,-0.2281517089138109,-0.22740458633455013,-0.20868922356220312,0.927009621215218,0.9214482898775033,0.9228123750547844,0.905539867761173,0.28786418072254527,0.17958921240700368,0.2735601634458527,0.18207616809717572,17.517133956386292,17.770609318996417,18.272727272727273,17.724907063197023,4.995668550261833,4.976943619942398,5.045717467302346,4.934112415918988,118.11886530604323,105.66064156421419,122.48406139315233,116.9800859579056,44.525822245513936,46.75745429786362,47.1729634002361,52.66137836679978
2,10,416,1248,58,65,19,33,36.31971153846154,52.24278846153846,5.897263520037128,768,0.49179192657280135,23.014509567006368,0,0.3333333333333333,0.1695701737937097,39.167226111783194,38.47076812334269,4.47213595499958,1.8184036204765581,1.4142135623730951,29.73226685450829,34.10340333636293,-82.11864643263738,175.58073580374355,0.5416666666666666,0.35277221730832276,0.02630688884595748,0.03259347731198026,0.023835597839946744,0.019154949086238545,0.04920571996080234,0.10005020041892145,0.01617724036278057,0.028768329406432237,0.018996643931526527,0.026079682655941544,0.004533821960081235,0.05024049494583584,0.006999662158301523,0.01166929337078713,0.006948371056462664,0.0025187725378209517,0.013599294603340873,0.0030459046343364626,0.015020445927245458,0.012988805070114504,0.01661882195186186,0.010605027878763315,0.005503018712892445,0.005070139499266726,0.011098868631427927,0.011957950522613973,0.005225620912301563,0.01075842772649824,0.0017103709484716917,7.360784501768649,16.12941225990653,0.01568627543747425,0.011764705181121826,1.296044897329718,0.16470588743686676,0.16470588743686676,0.04973503041735573,0.03877262562477531,0.027450980618596077,0.0117647061124444,0.0117647061124444,0.03824456664035731,0.02844677040282123,0.054901961237192154,36.57573548054434,50.97228300425983,0.0,36.31971153846154,52.24278846153846,46.0,56.0,0.0,10,10,10,0.015149602322939026,0.01215942891136228,0.013145283891863306,0.01790617283950617,69.31835205992509,97.74146341463415,76.58943089430896,86.24444444444444,0.25928961511100485,0.09258781640719707,0.2311134804052288,0.22047270031970234,3.8180955453186054,4.229651724776158,3.988679336038378,4.060380765456525,0.002062719575142311,0.0010645238402416345,0.0015735416360350206,0.001464335076017066,6.965678209306569,7.218935886984875,7.078220301696824,7.143014978855054,-0.2526231418902917,-0.2861253643645467,-0.2740184103084832,-0.249307654627841,0.9308914490008205,0.9540525790309738,0.9456933060263034,0.9323313208330845,0.27693146589074297,0.2360329379031508,0.27747400196561645,0.2813930854980442,18.262172284644194,20.121951219512194,19.077235772357724,19.391111111111112,4.839797557579139,5.04754757686283,4.974440972760169,4.849914994305599,117.84886868941913,117.68756692444981,122.63224601758213,135.0292543209876,46.79180518733605,53.85725758477098,49.80541922797278,55.31842469135802
2,11,865,2728,94,95,50,33,70.96878612716763,64.3364161849711,8.489175316417048,1791,0.6902330282781001,33.186626918021,0,0.31708211143695014,0.1177970724748869,60.54534670305435,62.16912416947821,5.830951894845301,2.1938588708408813,2.0,40.60783969008081,43.80983499334578,-7.900634468514144,303.770598642227,0.48297040759352317,0.28495529267682174,0.020137224728701882,0.07622471508999831,0.03151494356747486,0.027872293655402964,0.002066306324727326,0.06311412505565883,0.011084134946209133,0.01389489083441423,0.021861988734808116,0.012285016823194137,0.010244689470840174,0.06717770393286826,0.01298055785312071,0.0045536185729112425,0.006745702743476654,0.009736368932227681,0.010862668499102253,0.015305541895329906,0.006361390284906601,0.010205225529915176,0.009147318995764459,0.007297399468484756,0.0019828003803659617,0.005081040390940592,0.009466389373576448,0.0037077128266348944,0.008470556922793202,0.00939872925787666,0.004460766824326629,10.38431400153786,27.890196905005723,0.01568627543747425,0.0117647061124444,2.3596540491782294,0.13333334028720856,0.13333334028720856,0.03993966923668407,0.03224300220231875,0.0235294122248888,0.003921568859368563,0.003921568859368563,0.03967837119055397,0.026869833123055957,0.03921568766236305,71.69488188470243,62.09125423475611,0.0,70.96878612716763,64.3364161849711,80.0,73.0,0.0,11,11,11,0.013617977234155965,0.011445118587975728,0.012664683075498633,0.009521663985581984,53.98734177215191,54.293436293436294,45.41459627329192,66.50844277673548,0.3409494509949606,0.38023268131457694,0.3849225717954983,0.2426904815017305,3.7091907668092947,3.5699067232191366,3.563798848725687,3.8331517593321176,0.002433040604709849,0.002868983552932806,0.0028383219342287265,0.0022423728809906575,7.12329667306979,7.164028195134273,7.25057805594161,7.478034254627852,-0.23795283759553376,-0.20495881873005162,-0.19692692709350237,-0.1743545561688117,0.9241022217381162,0.8973514795498673,0.8915165064340264,0.8719493286689527,0.3321875298102765,0.2974704194255619,0.32628964081846445,0.26761577048421414,16.345388788426764,16.212355212355213,15.59472049689441,16.75984990619137,4.986510605831022,4.92875249174719,4.932346694893617,5.012745869616775,109.84634853781279,120.91243422131453,102.25655597777853,109.13557371105532,40.95842257749116,43.80146762868773,36.91778806276761,43.9110041219477
2,12,479,1462,120,87,86,44,98.38622129436325,65.1482254697286,6.404183522021412,868,0.8612188143742326,24.695783889727878,0,0.3276333789329685,0.15614792995256963,53.02148621269006,44.94441010848846,5.656854249492381,1.9353072463892596,2.0,27.39383175732493,26.94734054211009,-24.7824108550494,196.33809511662426,0.5518433179723502,0.3011924902466684,0.013308075579086838,0.03705373477753735,0.07684895873243772,0.028113730065602187,0.016868386810494043,0.03280360560618521,0.04130376837770714,0.020086732300969665,0.031041317638498406,0.014093606304692254,0.013501109737525564,0.00250888390199735,0.02675505117256131,0.016139778065766858,0.014976262540153256,0.016655134483547322,0.019480476979110584,0.008787804078562948,0.0027299644349123788,0.008124192495500388,0.010585264792113844,0.012280080942272257,0.0035580549819267766,0.01123209778975767,0.014767379990767843,0.006942943283857165,0.008904063577727508,0.003633928099848453,0.004506673251727207,8.83921592310071,18.878431919030845,0.01568627543747425,0.017647058703005314,2.2121029473980025,0.13725490868091583,0.13725490868091583,0.05199538778294535,0.03941217519630657,0.0313725508749485,0.007843137718737125,0.007843137718737125,0.03754770197061536,0.028683968806792175,0.054901961237192154,100.32841710887385,64.08932279809893,0.0,98.38622129436325,65.1482254697286,100.0,54.0,0.0,12,12,12,0.019974964868152235,0.013840797168359491,0.010607428111140222,0.009730602532506159,53.53608247422681,95.51315789473684,58.875389408099686,62.041811846689896,0.4332467501619724,0.05704060399921839,0.3406769935892773,0.43346668384266723,3.7001820364426843,4.244575536435901,3.9113776006147525,3.9034362195595933,0.00257002095445784,0.0010890102937656041,0.0017087993021116733,0.0018133076704363654,7.006968575851888,7.284912389219507,7.469442395507172,7.528647771240397,-0.3462598608695582,-0.28086125307210663,-0.24709359910231304,-0.25790144251381997,0.9730512195182062,0.9526169087603512,0.9371520801308177,0.9446554436390072,0.3530432299752564,0.20952840973425918,0.22609217260217127,0.27391705429959623,18.429553264604813,18.653508771929825,18.451713395638627,19.470383275261323,5.05397538243801,5.056501035660469,5.129520892358228,5.187021908249025,135.3859307282625,107.06854032009846,119.71807338826295,156.98083016668892,47.230503300622345,50.64542455370881,44.64836569909066,54.755660503344714
2,13,571,2585,175,86,128,31,146.87215411558668,54.32399299474606,8.818325052035764,1480,0.7444011508002067,26.963304323539017,0,0.22088974854932303,0.11340021989426936,62.97058546491463,55.31726674375732,5.385164807134504,1.9513733978020695,1.4142135623730951,36.010455997896926,42.04751754598048,-32.435758367128734,251.5452018978108,0.3858108108108108,0.23022120059055232,0.03917151173086826,0.00825853707891278,0.043378312118726094,0.0398248628340636,0.01339469491492678,0.03652525065714291,0.021594098920351145,0.015207186074368023,0.01495325324508908,0.02592164664499123,0.02244774104700784,0.016251498295103556,0.02372275049353428,0.01839024191483263,0.015433016486267761,0.021810697042380176,0.012454270173335644,0.012744768385870152,0.007988956565612057,0.012325252839072756,0.006949354154549813,0.010246860360095953,0.009158227185174811,0.0046099699373943655,0.007908916161547385,0.0030611404755077035,0.003811135033924794,0.005081296761403136,0.004545567617078285,15.376471034251153,26.917647869326174,0.019607843831181526,0.019607843831181526,3.4868733068560687,0.20000000298023224,0.20000000298023224,0.06773775786013723,0.04714123970109663,0.03529411926865578,0.007843137718737125,0.007843137718737125,0.04306657694803259,0.03509390394860869,0.07058823853731155,149.85154430156723,56.13548949701929,0.0,146.87215411558668,54.32399299474606,158.0,68.0,0.0,13,13,13,0.008907827271270633,0.006851182277318642,0.009207825141891076,0.012246153846153842,59.908227848101276,86.91666666666666,37.590659340659336,81.6553846153846,0.35467917511024505,0.2617100920866068,0.5426082242619371,0.5121318652725183,3.90906889285252,4.195486654591027,3.5140269262133645,4.065791263212464,0.0013218442841715745,0.000822167343146364,0.002036636229366575,0.0012281747837960858,7.4974376666945055,7.5566362869976835,7.497329076998353,7.570767702900393,-0.2691248103316237,-0.27206411777353223,-0.2509644889891577,-0.3252355000860122,0.9501829825303229,0.9525814825778902,0.9400508208573334,0.9732205135536733,0.25201336150409975,0.10751580313615292,0.3059631819152585,0.28347973247809033,19.857594936708864,20.477272727272727,19.063186813186814,22.369230769230768,5.137455043422234,5.139999743619537,5.146401562237912,5.395979562701719,125.76136636756922,148.53736225895312,126.77897445960627,253.08828402366873,46.41739855391761,58.86350723140497,41.09240845006644,83.68591715976328
2,14,390,1221,136,93,99,60,122.32564102564102,76.98974358974358,5.860047401410494,783,0.4422455954548911,22.283703068536735,0,0.3194103194103194,0.17064708380333293,38.65154184200383,37.107950630558946,5.0,1.8470553316670166,1.4142135623730951,29.218948669073754,34.666335668573176,45.57799897576549,169.46803743153544,0.49808429118773945,0.30801950070611833,0.05917297429437274,0.027670436684416665,0.008172720925463724,0.03509024927007003,0.04953390681646798,0.06524050121992594,0.03511394773824805,0.025074128332136753,0.03485087315335444,0.023723015909664955,0.00461810750311631,0.022962541672693505,0.01894717437239661,0.012721748057313744,0.007980715670544718,0.010730943211937408,0.00979823039810886,0.009492277106196408,0.008457036405004954,0.003953962959235468,0.018708811479075237,0.009452986629435207,0.002429056761919201,0.006414477466479937,0.0028245316809679915,0.003351471817165367,0.007972767794590448,0.006622804608617939,0.003886213090771024,8.658823756501079,15.843137719668448,0.01568627543747425,0.011764707043766975,2.9776297481370455,0.21960784494876862,0.21960784494876862,0.056226128288968044,0.04062343005043192,0.027450980618596077,0.007843137718737125,0.007843137718737125,0.046699291178335586,0.034772836031025184,0.054901961237192154,119.91287129499553,75.24480200221936,0.0,122.32564102564102,76.98974358974358,114.0,68.0,0.0,14,14,14,0.012836261995050651,0.008063198674414802,0.012900387819592076,0.015427319211102998,56.679324894514764,78.4927536231884,53.690677966101696,110.63243243243244,0.3189352861224143,0.17773480379333745,0.3555583212245518,0.4921013295671019,3.729838890017372,4.035520816983996,3.6839545174121646,4.2361340086230985,0.0016146694350565548,0.001155941389405692,0.0017472284358769831,0.0009598817953987528,7.020546055448017,7.46345494106226,6.9932140751551675,6.9987570371323935,-0.2928763510459646,-0.2517769049199296,-0.3011797463508588,-0.4037060480967166,0.9539845774090145,0.9399400453256422,0.9571964041197155,0.9853865647613099,0.24424525255740107,0.1863777955465099,0.29629830186701717,0.25104404235410793,17.61603375527426,18.589371980676326,17.01271186440678,22.28648648648649,5.012877884539805,5.0631613895528655,4.984993022121632,5.280939194929447,109.76396232797453,112.42558752829711,112.93627908646943,325.0152227903578,41.61082180562234,47.72958528787137,41.65673926314278,108.91191380569757
2,15,495,2538,189,101,135,54,161.2969696969697,79.6020202020202,9.914518514285835,1441,0.9041425196965742,25.104851615652017,0,0.1950354609929078,0.10086218494212296,79.1228481971841,59.16924876994806,5.656854249492381,1.8391696330957321,1.4142135623730951,28.076827150012356,33.80373140201676,-53.06762065951283,248.3380951166243,0.3435114503816794,0.1800210153224523,0.03443125319832696,0.023483513149721035,0.06251472713515883,0.015653440985321516,0.020426381451646124,0.03244611903700902,0.0190191213654502,0.021474726413993856,0.0186137022244664,0.003423335364134383,0.006909000743965676,0.017647422084104317,0.015123442264702748,0.010724240833332323,0.013048071345749673,0.009034110981667334,0.018941402938637154,0.009823484817338364,0.0038739308273081333,0.004386967801847484,0.009465097940141397,0.005070373688531008,0.013555120402356412,0.0077011788290937385,0.00845465222646327,0.0030620082947580623,0.012942320997415793,0.004932361428899051,0.002642036323653092,17.38431416032836,25.745098738465458,0.01568627543747425,0.023529413156211376,5.026191666471942,0.2666666805744171,0.2666666805744171,0.07866205502411022,0.0520103004817484,0.03529411926865578,0.003921568859368563,0.003921568859368563,0.05941162709039577,0.04854581472967333,0.07450980693101883,165.98461537837161,77.78857579048008,0.0,161.2969696969697,79.6020202020202,175.0,84.0,0.0,15,15,15,0.012806611570247936,0.02164732852058155,0.013023630504833518,0.00683379168336535,69.40727272727273,56.62780269058296,56.1203007518797,143.79553903345723,0.373647435315704,0.45516035951115313,0.3732621603790561,0.6338347313431235,3.938555713962497,3.586024558204083,3.7684822101088717,4.4838257052714425,0.0011630586670971618,0.0016350328505346711,0.0012942110762026184,0.0005981062052347571,7.2175660809098385,6.820358193756302,7.225766240012941,7.871676711160321,-0.3064546202902578,-0.3783756829091586,-0.2838830615279963,-0.39636488796746905,0.962610954279872,0.9790458951665166,0.9531133568423854,0.9897372274409706,0.2682950768555368,0.3807144297598533,0.2661327146830339,0.11694940850778293,18.112727272727273,17.757847533632287,17.428571428571427,28.86617100371747,5.0900336545008225,5.071695079497448,5.054197430148109,5.71794145709285,152.21638347107438,151.24181061352527,122.96670247046188,641.617777532096,55.405914049586784,51.96740332602708,44.77175080558541,196.3533291413883
2,16,741,1802,66,96,13,62,38.98110661268556,79.58434547908232,6.08134956889165,1369,0.7633845976804267,30.71596494738128,0,0.41120976692563815,0.16443718432424434,60.67415691346317,52.773099207835045,6.0,2.214845362285518,2.0,32.47598817551771,39.19212193253646,81.31602136156684,237.96551211459382,0.5412710007304602,0.33264837716278906,0.06777859158472227,0.0009319743306341167,0.05151214111398334,0.024377776750983373,0.013777659292432059,0.07636212234029144,0.034309687104615835,0.018667986995180266,0.0505870440290651,0.0038630720412883984,0.01641970848172517,0.0033677467233288886,0.013427220135603974,0.012129263369392403,0.00914678201514474,0.014448841021873882,0.013883386205117441,0.009567851464568898,0.007710322264468503,0.012533605281538445,0.01501353593595558,0.010763371729330007,0.012636921132146576,0.004302472222175333,0.015047155757783138,0.009398830713534664,0.003804078646630681,0.00223979868863481,0.00899596175746729,9.623529653064907,24.894118372816592,0.01568627543747425,0.0117647061124444,2.043442620261465,0.14901961386203766,0.14901961386203766,0.04717416496600444,0.03359530144779567,0.0235294122248888,0.007843137718737125,0.003921568859368563,0.04190313235679762,0.028143450661118626,0.03921568766236305,36.94234405183288,79.4461247759786,0.0,38.98110661268556,79.58434547908232,26.0,88.0,0.0,16,16,16,0.012262021528092143,0.012453157512584731,0.018223496395219425,0.011446845308955324,54.51241134751773,80.61589403973511,62.52610441767068,87.12559241706161,0.34292500038509005,0.21844474533867234,0.2738122589341134,0.19025720546493902,3.627894615874184,3.9462317000586014,3.6731415130573106,3.9885103413993055,0.00253896036446442,0.0017889492237783316,0.0026305327454316367,0.0018432303611467114,7.2466426447903,7.309846583455657,6.91666068715614,7.390538093374351,-0.20948770518788856,-0.2028666355772819,-0.27377253970353077,-0.21635539944837226,0.9036197025726614,0.8988947880916093,0.94261324130748,0.912978518738738,0.3031913678390694,0.29733424170859873,0.37121486263193326,0.2892043037060772,16.22517730496454,16.483443708609272,15.78714859437751,17.54739336492891,4.996452724281758,5.009542818706771,4.957530546792793,5.118204956571727,111.4120611387757,125.68018946537438,109.67758584538959,128.06765908223082,41.48111812157339,51.57402087627733,43.0509225657651,53.798312874823125
2,17,373,1520,127,120,87,82,103.90616621983914,94.67828418230563,7.103214116178029,905,0.4331252964829556,21.792621462004423,0,0.24539473684210528,0.14078133977721935,40.27610662550045,39.6232255123179,5.656854249492381,1.8714192303052142,1.4142135623730951,32.64659247149693,36.30221307304187,14.509623795530317,182.4680374315355,0.4121546961325967,0.2551966537035523,0.03786071910117547,0.04238122363927682,0.015876242703078313,0.04305966257852867,0.04284016714014578,0.04832247719231374,0.026285217410254413,0.010918446075233906,0.018647645852051295,0.027814033946877443,0.0032622403372386164,0.0353076223024525,0.019905274006544137,0.0036223671643018478,0.017469337595841124,0.014363354139799432,0.00986643222532055,0.006042973668882959,0.010143438628733485,0.0010890026257193667,0.01044433828783798,0.010722467029091772,0.013579527449990707,0.007067704888685019,0.007045074136615939,0.004583938843127144,0.003085463961979817,0.005505229408588087,0.0074949269793693615,10.619608130306005,16.91372598428279,0.01568627543747425,0.011764707043766975,3.6139071337550868,0.2235294133424759,0.2235294133424759,0.06475370811162198,0.04534510987743376,0.027450980618596077,0.007843137718737125,0.007843137718737125,0.05643066842212361,0.04329027703724398,0.062745101749897,107.25063758816677,96.04753070424483,0.0,103.90616621983914,94.67828418230563,113.0,102.0,0.0,17,17,17,0.013375450887179164,0.012681615856219028,0.019500000000000003,0.015498614958448752,45.74885844748859,57.005291005291,37.834999999999994,83.64736842105265,0.3582741825359555,0.36483330151707455,0.4914608672013597,0.7619763701047642,3.678306379267457,3.765490995667758,3.5393890783835698,3.7543036458074526,0.00158033797823395,0.001541216791076809,0.0017768727705112966,0.0017659691502992418,6.9016989902236805,6.889657285892946,6.500264127272258,7.023683068611706,-0.28611738554645905,-0.2898764653408751,-0.37207887744230705,-0.4468614510721903,0.9487764370841318,0.9503973874937082,0.9740477418024207,0.9911767544091458,0.1968487514286913,0.17922584891201154,0.32895236826420093,0.30829535111124473,16.908675799086758,17.460317460317462,16.965,26.0578947368421,4.8001725656211445,4.901087579490902,4.843534047432322,5.320680385783426,96.83184253872935,122.4918115394305,110.963775,619.2019113573409,35.64517524655449,44.874275636180414,37.19969375000001,175.71231994459842
2,18,140,754,133,121,107,92,122.37857142857143,105.1,8.017292971936167,496,0.7605903888817134,13.351162356249091,0,0.1856763925729443,0.12473038012960394,38.61374175342612,31.064449134018133,2.8284271247461903,1.1629125491819177,1.0,21.213203435596427,25.069278883088835,-30.34071896788125,118.7634559672906,0.28225806451612906,0.1814711669385128,0.010552010253237591,0.01583154596971191,0.04019858153008584,0.04800380699240762,0.024669821484122556,0.00588593537020936,0.005771506322603399,0.017605300092361924,0.008953976508962652,0.01914660373319898,0.013719790449243499,0.022164904212827644,0.003482589978123941,0.01539748651202296,0.012194938327626395,0.007388444692871918,0.0071529999207763486,0.016910788223801473,0.007996245339908633,0.012771794696401674,0.007141587985506137,0.007687521987791181,0.01062819600193108,0.00763665054006737,0.001025716176555849,0.008073766056402053,0.006369909404014576,0.007591899238149751,0.0061681908890756695,10.035294415429235,10.61960815731436,0.0235294122248888,0.027450978755950928,3.2774103372653167,0.19607843458652496,0.19607843458652496,0.08726342969938465,0.07585434398081686,0.0784313753247261,0.007843137718737125,0.007843137718737125,0.04679335148106918,0.04941081323932856,0.09803921729326248,119.98449038792383,107.33825702045704,0.0,122.37857142857143,105.1,113.0,104.0,0.0,18,18,18,0.0246875,0.03993055555555555,0.02527700831024931,0.012,27.975,128.83333333333331,92.23684210526315,151.68,0.8408451280154886,0.47196447885239395,0.4761939407763688,0.732741304577651,3.081932560975427,2.903107168362811,3.5117651857847143,4.193269689515109,0.0024096501345636295,0.003223920287069076,0.001760989008063167,0.0008233756247597077,5.628055907333276,4.970175521464345,5.583067973799101,6.443856189774726,-0.6227358868386024,-0.738124782983861,-0.6163919207407642,-0.6442327082045525,0.9969146885113572,0.9985069538319915,0.9965379140246673,0.998904533438328,0.2829833118149635,0.4611564224759362,0.2431103393984635,0.0688750600814366,24.075000000000003,28.166666666666664,23.289473684210524,42.6,4.2628148954723555,4.220175521464345,4.306494947369445,5.1985629396449164,323.5693749999998,359.138888888889,259.9425207756234,983.4000000000001,87.88609374999999,121.99305555555557,88.04484072022163,283.77
2,19,827,1978,69,136,23,93,45.703748488512694,112.07738814993954,6.292507923777629,1566,0.6886410636374413,32.44948541188257,0,0.41809908998988876,0.15891914831307236,58.363625512439405,60.207972893961475,7.280109889280518,2.460897425061541,2.0,38.499963790838954,42.319604730003626,-42.49874737327436,255.7228714274745,0.5280970625798213,0.2897717584569681,0.028268811668979082,0.07744406709422262,0.03241339307448334,0.02892511317368468,0.0034868371668504293,0.05594136249582463,0.02751091511975065,0.0192760758655412,0.04718596749003429,0.004793469456818352,0.010772102798966234,0.04395259980089802,0.009250155360506893,0.017973559007579548,0.0055606911100551945,0.020646031886174438,0.007395272127144247,0.01681294595116677,0.0033241513502120616,0.007051525216609182,0.005070818915815398,0.007414453816730338,0.003199337062911808,0.005166443810932747,0.018213266566111976,0.007317199703276876,0.003576467447349054,0.005286404223809317,0.003385059627646498,10.090196345932782,27.066667485050857,0.01568627543747425,0.0117647061124444,3.736282133293552,0.1411764770746231,0.1411764770746231,0.045045519401485636,0.032728739401512524,0.0235294122248888,0.007843137718737125,0.007843137718737125,0.03733402388078464,0.025627830744161455,0.04313725605607033,41.99623299813681,112.54013329382707,0.0,45.703748488512694,112.07738814993954,27.0,121.0,0.0,19,19,19,0.018433279999999996,0.020372127788228965,0.022523412381434994,0.013735667989577344,30.980800000000002,47.42213114754098,39.89001692047377,57.48794063079778,0.5153447804642765,0.4046928352472489,0.4471607191984592,0.22501124795921934,3.3015243896069943,3.5588066354081382,3.5645611909308395,3.8140127618439483,0.0035791268371073797,0.002864230644424502,0.002656033314845391,0.0020608903353296305,6.896460715339412,6.920615476381642,6.853263901285408,7.143961728938309,-0.22732857945554344,-0.2317062558636179,-0.27062716844597107,-0.16767800683869138,0.9107495815767734,0.9148471093412859,0.9396393377052323,0.8541112077151963,0.35335539995482035,0.3326774135212159,0.3581419290787723,0.2615809176620443,15.035200000000001,15.778688524590164,15.663282571912012,15.380333951762523,4.807750267092693,4.817299428336396,4.893671175791894,4.776465258115461,96.86596096000002,111.89774254232734,104.41961629747968,90.8701883856933,31.961690240000003,39.82996842246707,36.07740830448834,37.089532254122766
2,20,698,1786,116,159,78,112,97.49570200573066,132.53295128939828,9.280355542624443,1349,0.6796411229825584,29.811427376513585,0,0.3908174692049272,0.10775449231519468,48.25144583846102,46.87216658103186,8.48528137423857,2.4078866485444714,2.0,35.99382994335858,35.39459621192064,13.35219977339208,285.3086578651014,0.5174203113417346,0.3990346657300968,0.08809620950435493,0.03933663708630104,0.030635608785718572,0.06348092710377032,0.021413360926574598,0.05788404305480956,0.011712519134554095,0.03524493155498761,0.016619049154479138,0.005778120906886495,0.01720911581398254,0.018800249733958174,0.008072499113321654,0.02283930685239242,0.009764007696870906,0.0052571812864443375,0.009392732641605969,0.007169519404202774,0.014146748661348043,0.01118555625244648,0.006116285919396588,0.013464839606009988,0.007760230204674365,0.004377772413885012,0.004224985692614342,0.003320975059545818,0.008648693272984145,0.006853976237274933,0.013915767713063288,9.611764984205365,17.494118216913193,0.0117647061124444,0.00392156932502985,3.58429403464447,0.13333334028720856,0.13333334028720856,0.037693196016491626,0.025063206614488815,0.01568627543747425,0.003921568859368563,0.003921568859368563,0.037658083125667575,0.026534435452665876,0.0235294122248888,94.5171486460368,134.5267876944838,0.0,97.49570200573066,132.53295128939828,97.0,143.0,0.0,20,20,20,0.046876067208524,0.02720600247380335,0.04398841722133966,0.049156915627853626,18.210743801652892,28.65942028985507,15.83408071748879,28.53456221198157,0.5979010808472216,0.47938958311771995,0.5853928422209915,0.5131457255806797,2.533593962639989,3.022650910139342,2.5809844331374707,2.890333786209213,0.006409467960396375,0.004731727599672511,0.006182176785934871,0.005372561987482672,5.452370865902905,5.997921177441256,5.41756352957168,5.570604396953907,-0.2536895356987581,-0.2013692777591122,-0.2644226551996453,-0.27285662249642173,0.891559342765873,0.8596182224943427,0.898943528098737,0.9099302671805918,0.5395169769931558,0.4077429258457678,0.5254473629394699,0.5013929251079052,10.301652892561984,11.442028985507246,10.067264573991032,10.898617511520737,4.044288737064035,4.239486041240532,3.985522131214202,4.146132133148958,72.3676832183594,81.43987607645454,60.547044983812256,88.685574125592,22.64460675500308,27.524824091577386,19.09528142532525,29.305034084393387
2,21,660,2200,92,165,42,121,63.85909090909091,144.9212121212121,10.470974935805197,1439,0.7731381014845916,28.988585676524604,0,0.3,0.09550209088749978,55.54927663925358,55.47071299343465,5.0,1.8030793765231783,1.4142135623730951,37.42789145575168,35.231446150019195,46.97607862138058,294.6934341759516,0.4586518415566366,0.2731030547693232,0.03309409667178238,0.07305932341756476,0.04488577373238078,0.005364249349373423,0.011465860945699902,0.011781813606746256,0.01909421557274173,0.017305956840246935,0.030058705992608355,0.016082077557689613,0.004048456190839048,0.0015663628332588187,0.02481349328987279,0.012926683506053008,0.013119112828584476,0.022507092218108052,0.02982912570749948,0.00219554401500347,0.002559208822442105,0.00309529065092832,0.0221180260111225,0.006470031837507823,0.006239807504801384,0.010118216238721023,0.008023899884373084,0.018788378833452347,0.00412612233464902,0.006997476907812303,0.0014041264891691634,9.06666692532599,19.419608447235078,0.0117647061124444,0.007843137718737125,4.400333783580645,0.125490203499794,0.125490203499794,0.0343434353232045,0.02942364916247739,0.019607843831181526,0.003921568859368563,0.003921568859368563,0.033417535088633196,0.02595400299407371,0.03529411926865578,60.04987885983678,142.7182956519064,0.0,63.85909090909091,144.9212121212121,52.0,147.0,0.0,21,21,21,0.032368749999999995,0.023079185045158573,0.022473253242484004,0.022630475932936725,48.3875,59.23478260869565,31.81818181818182,55.854651162790695,0.4081329127677587,0.3854251401757386,0.5311954358272888,0.3465876647564695,3.4777833988639566,3.612920891659666,3.287066210231253,3.6483195835720803,0.0033881657483930223,0.0030587365318418772,0.0038443344228468214,0.002763077453327712,6.586288562906013,6.879432443591657,6.7216840803356845,6.749145514906946,-0.2943109254401027,-0.27963701484435727,-0.2969594717550038,-0.2805729325545535,0.9470931002073073,0.9450723702966916,0.950825246124751,0.9431264234158218,0.394481966653714,0.3764367348520331,0.40379671573209985,0.34279894630652424,14.2775,15.571014492753623,14.56876456876457,14.953488372093023,4.7690590402702995,4.893332325535259,4.8474979505543505,4.822839872482103,115.12049374999998,133.53191346355808,103.92359311240432,115.10830178474853,40.876998437500006,48.191674018063416,33.93544373264653,42.740738236884816
2,22,663,1334,52,179,23,133,37.796380090497735,153.93815987933635,4.804224133784019,971,0.8744566349315536,29.054394128245264,0,0.4970014992503748,0.2081501553950931,53.86696247821312,45.89117562233506,6.082762530298219,2.339676119640642,2.0,23.14613946734947,26.13106246562554,16.77503510391941,200.06601717798213,0.6828012358393409,0.4001177951744937,0.06296814872203127,0.040400775289052504,0.09549242623858167,0.023021821530246494,0.03845222785075832,0.035833671545870215,0.020201709704482203,0.02478049264901756,0.03361943582945422,0.010677007090260846,0.013589121071412188,0.0216577179381168,0.00844419798509471,0.01361612302995051,0.004991970681184592,0.03724383247960087,0.019058724022444823,0.002554449206224361,0.002605843049543692,0.007367945962004284,0.005459698754294842,0.008437964175757855,0.010036945342138186,0.003025682416300814,0.02145660921740701,0.01833307665242713,0.010697079819371604,0.006278890276794612,0.005869827119052772,7.176470777951181,20.027451596222818,0.01568627543747425,0.00784313678741455,1.7034288846504522,0.15294118225574493,0.15294118225574493,0.042214533987948125,0.030207317641361715,0.019607843831181526,0.007843137718737125,0.007843137718737125,0.040270237480806576,0.025138664619548428,0.0313725508749485,37.25024476859108,152.3246524652761,0.0,37.796380090497735,153.93815987933635,35.0,160.0,0.0,22,22,22,0.026570396105826392,0.017558944079214357,0.023808885535824383,0.03243436139068602,50.775862068965516,54.8490990990991,42.14090019569471,71.08226221079691,0.28549168721594437,0.34334602128606373,0.33563545168069175,0.14306180099215718,3.387284970947549,3.531059229003881,3.2538311428785773,3.5072335620082127,0.003346044515457789,0.0029007385764142496,0.0034948333339716057,0.0032678833407127905,6.310467703818359,6.897523398606772,6.415305839863451,6.23245303228342,-0.22393247537033695,-0.17093894674410004,-0.2319005881904156,-0.21454511620569974,0.8923772447444177,0.8511884360291379,0.9023050276697056,0.881125541553255,0.39519198413668594,0.3412886302078799,0.39421978868054836,0.40815813012651675,14.46551724137931,16.0472972972973,14.71624266144814,14.701799485861182,4.484957175478278,4.651813249194887,4.562712452940016,4.487149038877072,91.35225921521996,112.20722242512778,84.71987316225051,94.8159607721334,35.532030321046356,41.764080381056715,31.71519333948629,41.47455574573259
2,23,518,1147,190,184,153,153,168.91505791505793,168.65830115830116,5.181099551421097,857,0.6611423326641096,25.68147355921802,0,0.45161290322580644,0.1930092232498631,41.250028332981785,39.0,5.0,2.1275609126899546,2.0,28.705485156129665,30.94826682986347,87.00127636459332,183.64570696119915,0.6044340723453909,0.43194714338155427,0.06673042287008207,0.035679134763363825,0.05130820958846648,0.04360059659122223,0.009975208076972697,0.11589872867795968,0.010512173703712704,0.010624681700854132,0.04126581573357128,0.01695207959019684,0.006761606892743074,0.0390050016695141,0.014925463050661338,0.005634062350444134,0.010965763995999118,0.012635635807015301,0.004369628591422422,0.006974574764086621,0.003552974873739786,0.009211423163556502,0.009119394349155534,0.008423875398984324,0.002796453163882088,0.0052837745460920195,0.014986264161538221,0.004846115948524584,0.006992585854516944,0.006074811926563941,0.0011415286529479064,6.764706039335579,15.925490671303123,0.0117647061124444,0.00784313678741455,1.6098116649261693,0.14901961386203766,0.14901961386203766,0.042279412745847365,0.030744190485141164,0.01568627543747425,0.003921568859368563,0.003921568859368563,0.04226086628877889,0.02888734375594378,0.03529411926865578,168.8581630290033,167.0494952133615,0.0,168.91505791505793,168.65830115830116,177.0,170.0,0.0,23,23,23,0.018104563817699787,0.014436532398058598,0.025711082567989957,0.015901991042192025,65.54775280898876,88.82474226804123,50.48501362397819,70.29447852760737,0.26809207302092697,0.09718943835097252,0.3882286639067673,0.28277826676682,3.847998694778882,4.044748751845057,3.58964247336101,3.89558613279213,0.0018848709075758895,0.0015296296925179243,0.002550497793956085,0.0019077019485245373,6.857541922471727,6.947650891433339,6.422528249964248,6.921051987727754,-0.20294863059099583,-0.20013753947648746,-0.299013146747895,-0.1929777848063156,0.8874226563786132,0.8869667048105926,0.9462776393347427,0.8786137257602035,0.27922122709713393,0.26213784742003254,0.34422547637314416,0.26464213307963047,15.17696629213483,15.745704467353953,14.277929155313352,15.349693251533743,4.673647651580727,4.795820911996429,4.715890580943857,4.749811699394668,113.56699753818964,107.94907948654361,114.56035756446329,125.72434039670293,44.77868758679459,49.19345543864624,41.26134279711037,49.00470473107757
2,24,718,1440,80,199,44,159,62.816155988857936,177.949860724234,5.475699398527376,1144,0.41768209860585764,30.23550881198871,0,0.4986111111111111,0.1826250725649655,42.02309398843454,41.593268686170845,6.324555320336759,2.3951123861145214,2.0,35.0,38.18189886116521,-1.9726602287003803,222.2731239591687,0.6276223776223776,0.5065664341661831,0.06323676683754846,0.038788353281106885,0.017697372470972094,0.06184555910199699,0.028521060433867516,0.0746951548309995,0.029467682468982504,0.015007458371733519,0.0539937619071356,0.010489327584706122,0.005615675711438633,0.0030063272191592745,0.02856217556092547,0.005214748857905535,0.01747108786459002,0.007546005233823163,0.005265825566744258,0.01309738847285466,0.008892007910529277,0.01275875906056443,0.015849353078922844,0.004047502255023831,0.007074891780058374,0.004276294455483461,0.012272533569426952,0.013543239725307082,0.0035079249331992066,0.011076891026367847,0.012242013939449427,7.42352959420532,20.52156925573945,0.0117647061124444,0.007843137718737125,4.792556456593624,0.1411764770746231,0.1411764770746231,0.04194084516500181,0.028581572779581406,0.019607843831181526,0.007843137718737125,0.007843137718737125,0.04227722206081612,0.026896598144510956,0.0313725508749485,62.804892035509084,182.74240394396526,0.0,62.816155988857936,177.949860724234,70.0,192.0,0.0,24,24,24,0.03677948213795197,0.02683278349429492,0.02556977439198695,0.027465141541956634,45.51901140684411,60.00656455142232,46.95375722543352,52.03340757238307,0.434420781400419,0.3232867049737436,0.3791067682359893,0.38736876045770574,3.25690643208362,3.5646312874308204,3.37637188711029,3.43145426308726,0.004208676347187077,0.0030233187267760158,0.00359860408100703,0.003355614565447421,6.251472497698963,6.536270748647181,6.491414037113835,6.5484537335138375,-0.32065787917718985,-0.24364813696411736,-0.24748768129518747,-0.2247683859595963,0.9529567938723669,0.9148298156815208,0.9165882431732079,0.8997373097881025,0.46630332531307844,0.3812234747970441,0.39587189085805274,0.40743489498337604,13.633079847908744,13.927789934354486,13.435452793834298,13.47661469933185,4.635690471826858,4.66292373142476,4.6487600675096274,4.618876465578452,115.44521751073458,117.34051874799493,104.29207643274262,117.83519923016246,40.24105722939466,44.33677082485432,37.81145841454406,42.46715170063642
3,1,367,961,75,31,44,0,57.520435967302454,11.307901907356948,5.068018701044814,661,0.7700052229209574,21.616635097022034,0,0.38189386056191466,0.19731576755899535,39.49704550115336,37.8021163428716,5.0,1.8902596896454076,1.4142135623730951,26.047294263733775,25.200599427200853,-51.29622529930428,152.88225099390854,0.5552193645990923,0.3269971399004932,0.06626977361487849,0.0489863155696277,0.05853791567643726,0.011738948282992125,0.017613857672008966,0.02523360546847711,0.04202888920697259,0.028511333798518074,0.03579303207447235,0.014795712072706906,0.002608026903607951,0.012264866971946802,0.03635805898631757,0.0206842021328904,0.019476233279890082,0.006654784814429703,0.005871558466005239,0.007576174122203509,0.006753853281634823,0.013698377529426037,0.021485464705103232,0.011221265600219386,0.007268313208134899,0.01030085373724773,0.010851391238793272,0.008991648240286143,0.010631616951775473,0.012226811205275565,0.004141775456840111,4.31372561538592,9.960784629452974,0.0117647061124444,0.0117647061124444,2.242942033719378,0.12156862765550613,0.12156862765550613,0.037187289787809656,0.02714110253256941,0.019607843831181526,0.003921568859368563,0.003921568859368563,0.033732576836480656,0.024067078320323336,0.03529411926865578,56.9031495993405,9.151574820258713,0.0,57.520435967302454,11.307901907356948,60.0,12.0,0.0,1,1,1,0.01955636034404708,0.022959087658549423,0.02347687924611001,0.01869848855002819,43.30212765957447,50.650306748466264,41.542735042735046,54.78756476683938,0.2681014330320277,0.3236514522821576,0.3818203806155259,0.32853065761012973,3.5575694056734024,3.4276874462275915,3.3912098676341405,3.73964930257483,0.0028017308454051613,0.003477641647690916,0.0038060184043757763,0.0024052396960321087,6.451100293621575,6.221761319723795,6.402842502163383,6.624289980658757,-0.3004994868151741,-0.3209289511970007,-0.30298515599437004,-0.2948475727360893,0.9475498551805154,0.9525231464509756,0.9478190750436654,0.9480629348866279,0.3432722191661355,0.3662217275419531,0.400511483467599,0.319759350146234,12.817021276595744,13.288343558282207,12.431623931623932,13.33678756476684,4.665648751404844,4.616406585943576,4.651865920653337,4.653088278612711,75.02609325486648,99.12544694945242,92.86070932865803,108.39952750409404,29.582055228610223,37.443938424479654,33.60086109284827,40.79677306773336
3,2,711,1480,115,37,75,0,94.90717299578058,19.310829817158933,4.8679525007186655,1165,0.5264397564134752,30.087760240780646,0,0.4804054054054054,0.20542517616027847,47.6842231224055,42.05948168962618,5.656854249492381,2.275654761693786,2.23606797749979,34.148167522324584,40.541719402592136,-59.47158171987795,208.55129855222071,0.6103004291845494,0.5102904967433691,0.019614531469293615,0.05492676443447345,0.04344741298516482,0.0588309812499602,0.02223717661006338,0.13554651917473567,0.024851677184390745,0.002586740498934614,0.016403760078148883,0.009540417822399403,0.010377938110168412,0.009193095266874993,0.01690996812657055,0.0035889502060428066,0.01431830192341132,0.02707807337270369,0.007146605110174843,0.0019344221585930023,0.00531859405549042,0.031200998651910773,0.017060009179493258,0.003208246359245629,0.004138244398811992,0.008707750782918555,0.013584865262455913,0.009261044267143973,0.004532195332634925,0.0021485398575844905,0.003385076683508612,6.125490410253406,19.396079058758914,0.0117647061124444,0.007843137718737125,1.1390785211560264,0.10196078568696976,0.10196078568696976,0.036679583294930575,0.027279998676172874,0.019607843831181526,0.007843137718737125,0.007843137718737125,0.03258793528390897,0.02056653557600843,0.03529411926865578,95.04185200468345,18.179741207933315,0.0,94.90717299578058,19.310829817158933,105.0,9.0,0.0,2,2,2,0.013228879706152434,0.010750922624632512,0.01557877218934911,0.010825855499360354,29.753787878787872,46.85616438356164,27.91730769230769,42.447537473233396,0.33640015033814075,0.11027998236015127,0.4160686477718956,0.14959217616876122,3.4631061630079403,3.820351793016318,3.4198717237240013,3.756729261886939,0.003012908263329137,0.0018380417628417732,0.0032272059480036677,0.0020592390890415667,7.010701802257767,7.196598756855044,6.860124215785229,7.217061753238516,-0.14166588364611682,-0.12104800540721732,-0.18984804676190417,-0.11535383641423501,0.8103150564500119,0.7774070992091863,0.8734008984741156,0.7659338008017805,0.2712928616656482,0.2313842262309871,0.3178743962375109,0.24676002966224483,13.564393939393938,14.029680365296802,13.648076923076925,13.886509635974305,4.61914227065804,4.677829239809304,4.693955047929455,4.635793119804193,59.92009584481178,58.4717218156419,67.70115014792896,57.38112421992858,22.4184709308999,26.331971549800855,23.90461446005915,24.957165423290483
3,3,562,1116,154,55,123,19,138.1779359430605,35.686832740213525,4.477458044734342,857,0.7186344423805554,26.749964937194992,0,0.503584229390681,0.22334100956591593,42.140649159882415,41.400483088968905,6.324555320336759,2.2682244553528292,2.0,26.958429536546134,29.304103788714638,26.911751186133802,177.82337649086284,0.6557759626604434,0.41747994407302297,0.059416762350929665,0.07971605106080482,0.06160059175544095,0.01430426041684931,0.028195691706865738,0.07929620065670778,0.014076354581913352,0.019036136901968564,0.027855477093658026,0.00786044900110368,0.0013819807851868403,0.06832011947290356,0.023702846962319665,0.0027702248431072233,0.006429583988549185,0.018247200232320567,0.01352327479682265,0.011588441764027799,0.005056042595617838,0.0140440076050512,0.02603963322012508,0.0036742201496922427,0.0037061391158601234,0.0009865722938808168,0.0005597021453284032,0.007372754505566186,0.0077220334807589055,0.010385573162980204,0.004579685131318581,4.862745282705873,14.580392662901431,0.0117647061124444,0.0117647061124444,1.4632141623077566,0.10588235408067703,0.10588235408067703,0.03263587438057633,0.02594375918665735,0.019607843831181526,0.003921568859368563,0.003921568859368563,0.030979471859396503,0.020901424928163468,0.03529411926865578,138.9542764993817,36.92711134818388,0.0,138.1779359430605,35.686832740213525,137.0,27.0,0.0,3,3,3,0.03444509128014601,0.01650741375236295,0.018596148746621837,0.02295415675193337,31.953964194373405,46.97826086956522,27.389548693586704,44.743902439024396,0.38385884670084164,0.13883871526649777,0.4429436957913565,0.22293250269260895,3.5158605927140947,3.7909772404934508,3.4045767305737,3.725484295720966,0.0029081826214306457,0.0019999168145519086,0.0032318715932612924,0.002417285325790043,6.328281813271946,6.882424622342783,6.869289245815972,6.851824422469808,-0.27489289006729833,-0.1524835834988144,-0.17986073467477245,-0.1798797261974194,0.9310851812429946,0.8239675863403523,0.8618142933231548,0.8613215864155922,0.34119301097051286,0.22190268918285558,0.3264477667558585,0.3055553678581348,12.77749360613811,13.065217391304348,13.327790973871736,13.439024390243903,4.524514761819892,4.571483460516104,4.649801310323175,4.652211951109594,71.76890522694114,62.12618147448018,70.94718490642683,70.41701368233194,25.930717355328653,27.276110586011328,24.584183400003376,28.790229030339063
3,4,645,1480,187,66,150,26,166.93798449612405,44.69612403100775,5.316239224301688,1089,0.41985535068427254,28.65727667372076,0,0.4358108108108108,0.1881028971436767,43.75877192375762,44.204072210600685,5.0,2.1550805763957976,2.0,34.09678446973581,39.71506904491063,-40.72946532632341,207.58073580374355,0.5922865013774105,0.4202863389734801,0.07065434663441837,0.020970798689776658,0.03002794046717936,0.075460382161922,0.027169413206701236,0.03020878724976106,0.040577817792249844,0.008477891196874598,0.05644004801942272,0.03555078608856037,0.014581090431449758,0.021509957806027522,0.011078566518569744,0.006973481258512556,0.0057517792751698256,0.010407122415251845,0.005111345884749469,0.004068240813049717,0.0036793428563340253,0.02026696093835417,0.014908787977979268,0.016165854642788854,0.00950574770953038,0.007848522251954709,0.00834002211885932,0.01806301353256048,0.002718933463531693,0.002608542910382404,0.0029689862585079788,5.988235512748361,16.600000558421016,0.0117647061124444,0.007843137718737125,2.1301203937549875,0.10980392247438431,0.10980392247438431,0.0330841741035821,0.02573643497429615,0.01568627543747425,0.003921568859368563,0.003921568859368563,0.032317740895596796,0.021083099637114234,0.0313725508749485,167.2560831539598,42.589888969155915,0.0,166.93798449612405,44.69612403100775,164.0,51.0,0.0,4,4,4,0.020912798177858804,0.011380506441331465,0.017988165680473372,0.019154960186901215,29.54371002132196,52.57824933687003,35.1120879120879,43.72235872235872,0.3962216468351373,0.11337015950546475,0.266921088337407,0.21517090021771781,3.396404325476562,3.9009824848221286,3.547461554551985,3.653250965295567,0.0033435610499344755,0.0016740498735849725,0.0028652556365509284,0.002673489606969407,6.756422933210399,7.160152967300704,6.696947577495705,6.8313552919626925,-0.18067461164309123,-0.139359812142695,-0.1858974439006871,-0.15439269981910184,0.8594545961028552,0.8110939579257432,0.8640210765674424,0.8253003208861264,0.3491069173847551,0.23018889342364776,0.29718507898674185,0.331511875378076,12.844349680170575,13.830238726790451,12.646153846153846,12.906633906633907,4.593636800588613,4.641024535547577,4.574709388744124,4.618800291543158,68.31905656002658,66.0242315079962,60.681386306001684,67.69644247776924,24.465691645337117,29.650620211216598,23.948368554522425,27.854700300031993
3,5,747,1440,84,69,48,29,67.17001338688085,45.75502008032129,4.316861699166319,1130,0.477552407385264,30.8400703617415,0,0.51875,0.23164976542869603,44.542925793424175,41.048751503547585,5.830951894845301,2.519380010024067,2.23606797749979,33.71245188005028,39.13556005837712,15.795119372191795,201.30256121069152,0.6610619469026549,0.5464356802667437,0.07146230486628506,0.024110601153474978,0.0283373413341091,0.024361267809217848,0.023543205997384783,0.14932611564601275,0.007857692953388735,0.01412828189485028,0.024447933441328864,0.008886144476076687,0.010968149867868636,0.014524946904085921,0.022433822777835833,0.004649060628000063,0.012255616883716536,0.01852932881311069,0.0029792415569167186,0.005577796939096584,0.004609590244844891,0.022159670300345786,0.003248002232153809,0.0021335872331769744,0.004048669642455561,0.009789134696576928,0.009456043618134357,0.006273694477893987,0.0018868003290863397,0.004531375602152733,0.005239289364482826,5.6980394050478935,18.80000063404441,0.0117647061124444,0.007843137718737125,1.2509645902506545,0.10980392247438431,0.10980392247438431,0.032375223892317576,0.0251673368594972,0.019607843831181526,0.003921568859368563,0.003921568859368563,0.030297845345867144,0.018850201014675123,0.0313725508749485,66.76095119120892,46.93721318050968,0.0,67.17001338688085,45.75502008032129,73.0,56.0,0.0,5,5,5,0.02024950503612232,0.015488273740868894,0.025609063794382592,0.016546711233539374,22.82425307557118,32.34117647058823,21.96707105719237,35.23770491803279,0.4127566362561838,0.23507359877523715,0.38179849114699244,0.20979845813837206,3.187119191008269,3.497871350212599,3.2034104225164612,3.5531278325773608,0.0041713217344772815,0.0028923934405545105,0.003957837718031878,0.002787090559382569,6.570086106694505,6.83037705829977,6.291431814919635,6.712135495560868,-0.16130331294644557,-0.1210717180142409,-0.19162506718651426,-0.12680567809797424,0.8271832009298942,0.7650632203547381,0.8581413522932592,0.7726410054318326,0.36694326510314124,0.3132905755533022,0.3727316242606485,0.2789033161241994,12.609841827768012,13.023529411764706,12.220103986135182,12.864754098360656,4.465972552171838,4.465634095457517,4.375540865018095,4.44273122739694,54.909288024190744,52.21905420991925,49.10060102904822,53.948921660843865,19.433385274940505,21.14005767012688,17.76691802156013,22.296656644719157
3,6,433,744,107,66,83,35,93.42032332563511,48.50346420323326,4.176332380931416,639,0.6143441045622862,23.480049464818542,0,0.581989247311828,0.2394445433907197,34.937037016711336,32.31098884280702,5.0,2.080388597766801,2.0,23.0,27.566657689444572,-3.7082511548877233,150.7462120245875,0.6776212832550861,0.48586561630017255,0.03432489464062166,0.056999049628169034,0.0473191629977457,0.019164788390962993,0.031055948326846494,0.12201927248684098,0.012977463077279728,0.01592502967072868,0.01522869549880216,0.004638405829565786,0.03163229896231921,0.06457901998151452,0.015624873443821833,0.01599355841703119,0.0037367040077211896,0.01092718194802334,0.004399034034955304,0.014364221579398885,0.009479907253546136,0.010276447753792719,0.0025283144700168347,0.0011891317625443848,0.006633173875087555,0.01247296282807527,0.005845863170593177,0.002968382481371744,0.004947606750372253,0.004692282631072995,0.008676715564769934,4.584313848987222,11.282353278249502,0.0117647061124444,0.00392156932502985,1.2976654719894487,0.12156862765550613,0.12156862765550613,0.035537316658815675,0.026056243136834877,0.01568627543747425,0.003921568859368563,0.003921568859368563,0.03614931251669453,0.02384371673183426,0.027450980618596077,94.69586373616016,48.26485921939768,0.0,93.42032332563511,48.50346420323326,101.0,54.0,0.0,6,6,6,0.023016747982735977,0.02251576587474395,0.02984400989898169,0.014999024453694068,49.89041095890411,53.28915662650603,47.847133757961785,74.875,0.2586639396287342,0.23756099806700756,0.22262371023258326,0.05596108153274199,3.468957858134516,3.6821567298603424,3.5355196420977597,3.88096994384742,0.0035051061995684018,0.002557150665916678,0.0030550412161750987,0.0024205742715920913,6.378108536414856,6.51565912495208,6.341213564075772,6.83137883770825,-0.20480611769793522,-0.20768532290794822,-0.19223318736069128,-0.16394069611111534,0.875597155397949,0.8826620457310805,0.8604654106373528,0.8394951395298111,0.33098471131543566,0.29545022688221423,0.36731580341488657,0.2679817379034255,12.815068493150685,13.546184738955823,12.433121019108281,13.899193548387096,4.472102967120195,4.460200393371632,4.416466607776593,4.633602719398617,84.70552636517166,86.49686295382332,75.25189662866646,83.7519348335068,33.64898433101896,34.946504895082356,30.774757596657082,39.65673370837669
3,7,995,1932,53,76,11,30,32.89949748743719,52.267336683417085,3.740866089196819,1361,0.4879746531602036,35.593164329846914,0,0.5150103519668737,0.2673177751237561,47.3969363221095,46.22769732530488,7.211102550927978,2.9940869750708363,2.8284271247461903,37.52082195977206,41.37078553369709,-26.93844285280762,216.2731239591687,0.7310800881704629,0.5275026810809108,0.011748498879953993,0.09252732690131266,0.028934103112746683,0.019178580946382327,0.03347010184034739,0.13021767793995084,0.008578677100964563,0.006897297451211615,0.02478423972315351,0.015350829700993256,0.0205591943479151,0.06581478473527218,0.009325409545210234,0.0043170367805561325,0.003377212568231885,0.012497135402014782,0.01236425787108145,0.013119500567751404,0.002162431336256135,0.007702837092285244,0.0037084739930740205,0.002622482101601825,0.006184489971244526,0.009066510990997406,0.0033625259257668684,0.006578554995201908,0.010047031620094208,0.0030845477268495983,0.004689882975200065,5.200000160373747,17.69803983764723,0.007843137718737125,0.003921568393707275,1.3922633622162852,0.12156862765550613,0.12156862765550613,0.027807487488629663,0.017786974711203246,0.0117647061124444,0.003921568859368563,0.003921568859368563,0.0333391370170859,0.01853753757836755,0.019607843831181526,33.94903609679359,53.18214047507955,0.0,32.89949748743719,52.267336683417085,44.0,57.0,0.0,7,7,7,0.05888023084433554,0.04659885229388604,0.050758402649704534,0.040017777777777784,18.198254364089777,25.537292817679557,18.300613496932513,25.432000000000002,0.4630923986011641,0.36462818282226656,0.45479936209723437,0.37100848372395684,2.7127220476366984,3.066171303991093,2.776788826100953,3.065407143016849,0.0064916163359525145,0.0047028276285064575,0.006010292481369263,0.004809437499999999,5.429652601394128,5.796968775305444,5.6086398202435745,5.8486586584190015,-0.2809190062560713,-0.2017783458308257,-0.2231034168003346,-0.1642763049655395,0.9112844145773961,0.8530699643020058,0.8691778963229005,0.8055633669124076,0.5298457644991363,0.44094196123558294,0.5088261822732252,0.4350113871874438,8.527431421446384,9.037292817679557,8.57791411042945,8.893333333333334,4.098624667668506,4.205691823461242,4.091785392578533,4.141008253372246,49.59089340240422,54.8480567595617,48.83288644661067,55.43395555555553,16.947286941623503,20.09633739431031,16.783374985885803,20.216488888888886
3,8,249,676,91,85,65,59,77.6867469879518,70.53815261044177,4.1719582741971095,428,0.6952267756893366,17.805522925178455,0,0.3683431952662722,0.23969559000262275,26.827511172928197,27.459060435491963,4.242640687119285,1.8040836114552259,1.4142135623730951,18.779091434170525,19.28335918953396,-27.94234692448624,114.25483399593904,0.5817757009345794,0.4061799772186177,0.03469825268243608,0.11623331916343628,0.04348682455062238,0.04072022885580746,0.018534733800492264,0.0037203527285907443,0.01936045711842092,0.04163752551030951,0.035508388877150084,0.005367861004858139,0.014405883393042785,0.014109752655669985,0.0252950206690461,0.03347928034284492,0.01873087223597807,0.015458757979611574,0.004836216307011722,0.012713098965967354,0.007768077983616043,0.002783628140714744,0.014992525831983482,0.014211009131542782,0.01217170464368555,0.004309738217513087,0.007214727505237308,0.0019463999063664245,0.009847509901104529,0.008451215765730402,0.014094916489060088,4.137255043722689,8.396078698337078,0.019607843831181526,0.011764705181121826,1.8397064085742476,0.09019608050584793,0.09019608050584793,0.039402428987835136,0.03371919155958666,0.027450980618596077,0.007843137718737125,0.007843137718737125,0.022881724241888515,0.01798263450250472,0.04313725605607033,79.48808968324624,70.16440916386574,0.0,77.6867469879518,70.53815261044177,87.0,74.0,0.0,8,8,8,0.013605878081079926,0.014013971887888225,0.017377777777777777,0.011634452993056857,13.372549019607844,21.59633027522936,9.606666666666666,19.321917808219176,0.5247134202814928,0.3313754716587784,0.6294267558511227,0.40835878912548634,3.0193069112624444,3.149145270168251,2.7292325640300623,3.1885601355413407,0.004068280362253834,0.0038224838444201304,0.006086111111111112,0.0035689805258439164,6.447222327463175,6.427696857451654,6.331375608340553,6.637655878041165,-0.2544935522742645,-0.27916932032439634,-0.28000907141101794,-0.24070822739812553,0.9205487348272512,0.935819343679544,0.9342009621686304,0.915085016087623,0.29007373951195736,0.15966700963789415,0.39597285100162216,0.23144146608005828,15.738562091503267,16.36697247706422,16.18,16.650684931506845,4.457644087136963,4.401776891635182,4.462062949667127,4.5221518871075235,42.89897048143877,43.002945879976494,42.24093333333332,45.9944173390881,14.067879875261639,16.149819038801454,12.9619,16.3290837868268
3,9,1175,2400,199,104,149,56,176.6059574468085,79.68085106382979,3.7986017769015747,1603,0.7804523372455636,38.678889139475245,0,0.4895833333333333,0.263254760233297,61.27134023911789,59.64059020499378,9.219544457292887,3.2838518920797313,3.0,35.128237978132006,38.3077782877564,47.09870512763193,236.82947314527274,0.7330006238303182,0.4205950140747305,0.0546720732389668,0.0976656748789388,0.061000979302691286,0.012500308883565818,0.01253687349181637,0.06595536703069987,0.040269041872945395,0.024643869489235762,0.048583478834494286,0.0007728153161441752,0.0031271444075216498,0.026235258985830505,0.007619048215960431,0.015478247487071752,0.010480158216904064,0.04215993936680329,0.016201660765497377,0.008030349739689902,0.001322693382184504,0.008386008194056419,0.00771146987162346,0.004262569409984882,0.003469962957142767,0.006345018013758398,0.009676866047091202,0.012148308970045606,0.005465824069309675,0.004264231473930312,0.0015824719374977684,5.658823744393885,27.321569606661797,0.007843137718737125,0.0117647061124444,1.7700078547721518,0.10588235408067703,0.10588235408067703,0.030588236456183162,0.023252399665244082,0.019607843831181526,0.003921568859368563,0.003921568859368563,0.032265512128469426,0.017671290414263477,0.0313725508749485,178.37577148029078,79.65465768977623,0.0,176.6059574468085,79.68085106382979,186.0,75.0,0.0,9,9,9,0.02842012966308852,0.04150053873186608,0.022987116734342936,0.012367600129083153,14.838144329896908,14.714285714285714,15.821096173733197,30.579640718562874,0.5549458658173847,0.5745779009596668,0.5308336692664929,0.1450499375054379,2.8524153253094275,2.8598868258815497,3.0053991663628836,3.4723364087356416,0.005613866228816956,0.005549725698127008,0.0045038861956193605,0.003015838663623503,6.42736947707455,6.257357219697431,6.588520471440612,7.04891895046269,-0.2119198744957625,-0.24591772947544993,-0.17903793530058668,-0.10132184055702068,0.8843395746409933,0.9094017216406582,0.8522084089590328,0.7271378071867908,0.4439082734555418,0.46113666207561177,0.3650151739102036,0.2577736829090942,11.669072164948453,11.5501066098081,11.907962771458118,12.52694610778443,4.492143831536296,4.442073806135671,4.522361087066248,4.4780975648378,51.84203315974071,54.460708943858265,51.6223461082314,40.95586073362256,16.67004437240942,17.293748664535997,16.860860570491155,17.883875363046357
3,10,72,361,71,88,52,69,60.68055555555556,78.15277777777777,5.729577951308232,276,0.32322778698548255,9.574614729634384,0,0.1994459833795014,0.17453292519943295,24.778171677644405,18.681541692269406,1.0,1.0,1.0,16.772831271209373,23.448108948302252,35.532313004721054,72.0,0.2608695652173913,0.24943967275031567,0.0052209904606356685,0.14976429881240863,0.008778284883747132,0.00761353231476802,0.014733467895981841,0.033955267382061595,0.026286413397991773,0.011890252517014591,0.006748852400384836,0.0296298992462328,0.011608336034227904,0.02715195323323265,0.012251145072333984,0.02670872694995535,0.012843102631513986,0.01739604178249682,0.020960209596318547,0.004631485203169688,0.0015864038235755822,0.03152230451203677,0.014141675974043843,0.011414886253103058,0.00592566253761838,0.0023718410187872777,0.012793289495495212,0.009124257706440762,0.007076434573626175,0.014537610617824276,0.010294517303551791,4.84705900773406,4.84705900773406,0.062745101749897,0.003921568393707275,0.08405957383096396,0.09019608050584793,0.09019608050584793,0.06732026399630639,0.06732026399630639,0.06666667014360428,0.054901961237192154,0.054901961237192154,0.008318903856959853,0.008318903856959853,0.07058823853731155,60.720873791364276,78.22653719625376,0.0,60.68055555555556,78.15277777777777,66.0,84.0,0.0,10,10,10,0.12499999999999999,0.06500000000000002,0.0859375,0.05500000000000001,1.8333333333333333,9.3,9.875,19.200000000000003,0.34975369458131056,-0.013623978201634777,0.029930928626247123,-0.21673003802281865,1.4591479170272448,2.3709505944546687,2.1556390622295662,2.3219280948873626,0.014467592592592586,0.007430555555555555,0.008680555555555554,0.008263888888888887,3.0849625007211556,4.021928094887363,3.625,4.221928094887364,-0.4984986036303133,-0.515178659804406,-0.6069570685447452,-0.6418969579762054,0.9333064753606288,0.9688320256671319,0.9785326801063483,0.9907155827801347,0.4833333333333333,0.40654885654885653,0.5155390118625413,0.17282621988504343,33.166666666666664,33.5,34.625,35.800000000000004,2.251629167387823,3.1219280948873624,2.5,3.1219280948873624,3.8055555555556566,9.050000000000182,10.484375,12.359999999999673,1.4097222222222285,4.587500000000034,5.08984375,7.889999999999986
3,11,936,1974,42,113,0,66,20.992521367521366,87.75747863247864,4.116271946635503,1380,0.4080675659718344,34.52176435050956,0,0.47416413373860183,0.24293827350677477,47.58908709606611,46.389654018972806,6.708203932499369,2.7515157631760645,2.8284271247461903,38.69128103883866,43.44653940108027,79.01368680920977,220.03657992645924,0.6782608695652174,0.550766849439558,0.040368767041734616,0.016412682520222967,0.026415040887399946,0.014589353748749244,0.02980715265691336,0.15555514080853103,0.013011808372901727,0.023751276599722076,0.01660966034519509,0.0023697014155194956,0.015001138153665538,0.03791797686641246,0.003658657312939022,0.004248272641494971,0.013057364451192063,0.009817261946417084,0.01072356839123939,0.00700885728918028,0.004163672584384518,0.02666451054452245,0.005577705544755737,0.008979747764085052,0.012371180743709131,0.004777973680666113,0.011627094002755299,0.0031761610548998137,0.004292250098430337,0.005598749696977408,0.006814135552483349,5.705882557667792,19.529412450268865,0.007843137718737125,0.00392156932502985,0.6462969275794946,0.13333334028720856,0.13333334028720856,0.03298198010212596,0.02086475689131289,0.0117647061124444,0.003921568859368563,0.003921568859368563,0.03599597109272959,0.02053523613817187,0.0235294122248888,21.386144584947488,88.27008031146711,0.0,20.992521367521366,87.75747863247864,34.0,87.0,0.0,11,11,11,0.037351788193542165,0.024660919487773936,0.04650109569028488,0.03935094543207942,25.02997275204359,34.743202416918436,24.76621621621622,33.200589970501476,0.4105001161946696,0.26651026336453354,0.4142476542715423,0.3351248307837367,3.10894970460943,3.401164065899702,3.0605358731640435,3.2806561435769437,0.0041418681676503154,0.0031209452045072644,0.004440273698960957,0.0036600404643544852,6.045580618774599,6.485067378448393,5.9533943783001035,6.27156356712956,-0.20307094287847088,-0.13006647272226862,-0.21884744566490985,-0.15256275821652288,0.8631235333643142,0.770913536052556,0.8766140117810298,0.8031594475451795,0.3911530136076322,0.31643248096748744,0.43772744977793254,0.4113344795541133,10.185286103542232,10.688821752265861,9.90945945945946,10.427728613569322,4.278033856228619,4.355843157854583,4.268708604978102,4.34657508680675,59.88937478190502,59.99078139118848,59.79585646457264,66.6695556077653,21.229836883487152,23.683495952026732,21.14051817019721,24.967536394566704
3,12,1448,3479,174,140,125,69,149.16298342541435,102.75690607734806,4.030311038430717,2062,0.7436300572403168,42.937755656025104,0,0.41621155504455304,0.24811980774301984,64.20329674911201,70.00714249274856,9.0,3.406821760685705,3.1622776601683795,42.347078478677695,42.925766191521916,11.472097786662207,270.8061325481597,0.7022308438409312,0.37617850658569996,0.015140604950122677,0.1460486767314765,0.043859329939687365,0.006459302399128945,0.0053813339885065035,0.03296492321136374,0.03160882816417944,0.018483359883937144,0.015657387648198604,0.010578860501482358,0.00486583497171456,0.07353220667215216,0.006227122647584221,0.013736783591036483,0.011395957976128702,0.02165548874047759,0.013195135174764757,0.010138258667234902,0.0019932175318017557,0.03734337375830083,0.012263491597578639,0.0030081745988999125,0.010089982436849257,0.007093901370911969,0.01555939349023648,0.0030089835156610965,0.00632021893282279,0.0017904324961433235,0.0022651133748812545,5.607843343168497,28.207844141870737,0.007843137718737125,0.00392156932502985,0.3266506865306976,0.10588235408067703,0.10588235408067703,0.02356236698810293,0.01948055534659581,0.0117647061124444,0.003921568859368563,0.003921568859368563,0.02980078203727941,0.017154959413365416,0.027450980618596077,148.84762965210865,102.84206867872233,0.0,149.16298342541435,102.75690607734806,159.0,107.0,0.0,12,12,12,0.0369517613190797,0.037554556557599234,0.04440528916043125,0.024500842942720633,13.544757033248082,14.81500872600349,9.811793214862682,17.928507596067913,0.556022081515867,0.562508791742112,0.6722429408723685,0.4603652147500674,2.8120178443639094,2.8786129194912515,2.5840252743194454,3.0761732247831266,0.005690977788498547,0.005417961022297131,0.006955037790103576,0.0043969404061605264,6.157486958640442,6.231388957135974,5.968647770592921,6.498270966711122,-0.222359177294466,-0.19968375824126247,-0.2505222223271878,-0.1439705934351163,0.8864045450152674,0.8654505172636114,0.9050003903248256,0.7969312871184481,0.4437820864777016,0.44502936409052124,0.5121755803691184,0.36666812406088944,9.972719522591644,10.087260034904013,9.693861066235865,10.073279714030384,4.3746197371929805,4.380502202867274,4.332492521800747,4.424349083395957,47.47069652576555,52.91210645419687,50.06056005177979,48.518311942314114,15.253863389753384,16.93177879505009,14.968088316660637,16.61170488459551
3,13,493,1122,199,134,165,101,181.24137931034483,119.34279918864097,5.374596185281299,835,0.7922097043560286,25.05408341078227,0,0.4393939393939394,0.18606049003989705,45.40382176262511,42.638011210655684,5.0,2.028345640305105,2.0,27.076923076923077,27.70763468117945,-54.15294507048447,182.47413408594534,0.5904191616766467,0.34279149510457596,0.06976199195675171,0.0502251287860184,0.061014103377426465,0.022907245699131294,0.007476612357700462,0.055018860922285806,0.02539387750082787,0.026060467588249363,0.026950596168377538,0.015426088214933862,0.006501728241844121,0.014116698480275306,0.0417424032620175,0.013281038876806225,0.016597189362070705,0.028505643171630637,0.013376638122912534,0.010150028120774073,0.007217048934600329,0.011563475150663484,0.017061234966053662,0.012370392321706235,0.008340583681159334,0.00739906994800457,0.01032046182313541,0.0075349881856310716,0.003440705060266611,0.008174388012810683,0.0030884956336819495,4.607843284029514,11.99215725203976,0.007843137718737125,0.007843137718737125,1.7077067877149426,0.11764705926179886,0.11764705926179886,0.030515518437281546,0.024324862580202354,0.01568627543747425,0.003921568859368563,0.003921568859368563,0.032785026642770033,0.022991448482718335,0.0313725508749485,179.98855461486164,120.50327010822282,0.0,181.24137931034483,119.34279918864097,188.0,115.0,0.0,13,13,13,0.014909169550173008,0.015818088081363556,0.029004572506895056,0.014945718617047288,39.74117647058824,58.92490118577074,31.364457831325304,43.45804195804196,0.3261383648241554,0.14212319575670176,0.4297938939853027,0.3297038686015974,3.627173559415999,3.889692431980377,3.1844652973536642,3.665331191260286,0.0024497621782384993,0.0018627388327886825,0.0045966182345318456,0.002298960653821195,6.891816721359924,6.810702904060964,6.234142274736152,6.907663274576693,-0.22675914664872124,-0.2563940099372886,-0.33972940254437634,-0.2255524324527025,0.9101685399783593,0.9300916235755929,0.9602184726428781,0.9095494687768888,0.30095504635074266,0.2618150798675692,0.45420058288839654,0.2790792272380837,12.605882352941176,12.92490118577075,11.466867469879519,12.56993006993007,4.734460452105436,4.778783681120325,4.587828462806629,4.735576347244045,78.20937716262978,78.4489056226468,78.64649259689358,86.21014475035454,29.487638408304512,34.343451702104375,27.50273760705474,32.41704667709913
3,14,500,930,69,138,39,107,55.046,121.0,3.8811649390056178,776,0.4874046360144099,25.2313252202016,0,0.5376344086021505,0.2576546000274359,34.6579325050025,38.28837943815329,7.0710678118654755,2.53142085684359,2.118033988749895,27.456258919345764,30.262482688614476,-24.44134992585036,156.16042558696057,0.6443298969072165,0.43425632494377997,0.08733605394199029,0.08558108004922062,0.028573125406350788,0.044986329434901315,0.01225588687865949,0.09233351053992454,0.009784829201151053,0.027494397090810682,0.02495786473272346,0.006066590879611185,0.006096016734260634,0.05307408919839657,0.019574313591808938,0.01906757057146842,0.0073149749308498,0.01571158920214465,0.0054685711751777605,0.008451079917746015,0.004701091154167479,0.003020126377240684,0.005647278899967037,0.004310755205512798,0.0035441462012740918,0.006857023780808526,0.009264216872665319,0.007961589949574783,0.0038758758332808237,0.010526249534578695,0.002749054174995183,5.156862895470113,11.643137628212571,0.007843137718737125,0.00392156932502985,4.6726296819501645,0.13725490868091583,0.13725490868091583,0.03736857170630516,0.023286275256425144,0.0117647061124444,0.003921568859368563,0.003921568859368563,0.03596406336810502,0.024504676404514817,0.027450980618596077,51.366790192247656,123.88043110231449,0.0,55.046,121.0,52.0,133.0,0.0,14,14,14,0.039494368303775826,0.03449625843111376,0.049116512345679,0.0343603515625,36.60220994475138,39.5551839464883,37.894444444444446,38.353125000000006,0.37020084244582413,0.36712566498351673,0.39054137367203073,0.4029875703737807,3.154029109872549,3.211391214548058,3.1643934157986013,3.201866796630098,0.0045760475889542,0.004121765630538835,0.0044191529492455415,0.004320083429783951,5.93355691120729,5.975458243414378,5.774465328298075,5.982955987295734,-0.2741988663556474,-0.24081609494592704,-0.3080665776488144,-0.23561710120569465,0.9210008349106965,0.8973498456983051,0.9369573081446494,0.8931330408219093,0.4234658222321992,0.41072664157835903,0.46374502877476653,0.36378723328211937,10.375690607734807,10.297658862876254,10.3,10.415625,4.326155351078556,4.319440811028398,4.328409772812753,4.281768452640625,79.63233723024325,85.44651625820741,86.46,90.13038085937501,29.058636793748658,31.250425051173924,31.088611111111113,32.120876464843754
3,15,774,1560,102,161,63,121,80.71834625322997,139.8953488372093,3.8886611163278566,1143,0.22828642266522678,31.39247374172695,0,0.49615384615384617,0.2571579189045716,42.54368566913172,41.10960958218893,5.0,2.5091668772654705,2.23606797749979,35.35533905932738,41.42027781305025,18.565182390052797,194.4802307403552,0.6771653543307087,0.5545950949768194,0.03100954399169931,0.0009476490983990173,0.00862174724827392,0.035488972646048514,0.02033860093658309,0.16721548520819293,0.007979904938333008,0.015096055696666413,0.023519943698291017,0.005721548046448273,0.00846992788817505,0.019903441541192227,0.0026093411694775633,0.0044485515329331805,0.006605226183026859,0.01752322442074485,0.008817627622690432,0.004875536461142662,0.010205575545219307,0.03506615853378933,0.002574019275082246,0.0036978425989563977,0.0007392903761816582,0.005650889651243676,0.004012332009492172,0.0019650462100031948,0.0012115949684800423,0.002458324017781511,0.009022427134488063,5.145098213572055,16.352941740769893,0.007843137718737125,0.00392156932502985,0.4792083177981406,0.10980392247438431,0.10980392247438431,0.030994567551638885,0.02112783170642105,0.0117647061124444,0.003921568859368563,0.003921568859368563,0.034530493443272484,0.020074362011970687,0.0235294122248888,80.5381295093161,139.45131895413834,0.0,80.71834625322997,139.8953488372093,86.0,132.0,0.0,15,15,15,0.027324219629746398,0.019465030066673314,0.024087281971612175,0.019047004132231406,24.380872483221474,36.0834879406308,25.542857142857144,37.265151515151516,0.396548593998922,0.22904504830745118,0.37803971165417055,0.22067940663503616,3.156382644504951,3.5172915828077764,3.1919606601096118,3.557401271956702,0.004336086563143427,0.0030885101288017306,0.004191136061335073,0.0028932000526287614,6.273317459606407,6.6135358377509705,6.3292236810665585,6.5846944452865666,-0.1969115528117483,-0.124009322109358,-0.181135660312802,-0.14118143543812336,0.8636792368359059,0.7634583508961186,0.8464760480667762,0.7951166771681762,0.39846321432307963,0.2946921102028492,0.3571014116030415,0.28361392367871996,10.414429530201343,10.699443413729128,10.450420168067229,10.84469696969697,4.4025137963435235,4.42128334791958,4.374069899776261,4.389919267609108,56.42388574838971,57.523765923978004,56.59376032766045,58.36982036271806,20.201189557902797,23.40181346615219,20.534154367629437,23.90874296946742
3,16,844,1785,199,164,148,129,174.7760663507109,147.36848341232226,4.645352680864411,1273,0.8145936712668653,32.78130832893156,0,0.47282913165266105,0.2152689082401208,53.891882546688485,50.635955604688654,6.082762530298219,2.637925821533585,2.23606797749979,31.483837123197038,31.25901779743295,79.66658472227235,221.96551211459376,0.6630007855459544,0.419116293196754,0.06303850228285492,0.08291778821124236,0.0770581026693394,0.03930718454054284,0.022824767897804493,0.009276986640016117,0.005252782564991375,0.026574498996561526,0.03201065854930513,0.0373019073276447,0.007954495477797835,0.0003992855280779984,0.036427307204658844,0.01837126021642761,0.012461220803278316,0.02112696301402881,0.02212740611206994,0.012258759527940716,0.004506644519782184,0.00044286969724761986,0.019036324072522325,0.013209906269588836,0.008038346245278336,0.007755259231772112,0.011022496014085103,0.004160564426257135,0.007316545494787513,0.003187458773346672,0.00498116924408362,4.427451153285801,14.2901966040954,0.003921568859368563,0.003921568859368563,5.045746372610272,0.0941176488995552,0.0941176488995552,0.024062234528727182,0.016931512564094076,0.007843137718737125,0.003921568859368563,0.003921568859368563,0.03063061856021795,0.019325587511882434,0.019607843831181526,179.7458836170618,146.4964324987913,0.0,174.7760663507109,147.36848341232226,173.0,143.0,0.0,16,16,16,0.07402041402354659,0.07862887439737809,0.08091479370359854,0.06556379551582801,19.743362831858402,29.767558528428093,21.1671974522293,27.717047451669597,0.5122663897953129,0.3376597732767602,0.46407243955000976,0.35176480799180754,2.8051905307342113,3.157864028460292,2.9019417201739537,3.1364806977158812,0.007298286649089372,0.005806404850057605,0.006944362854476855,0.005461134602376441,5.50612536818999,5.623808270393429,5.356452460130976,5.691543987937026,-0.28122816058576006,-0.23133677557391258,-0.31368116008823316,-0.21953239172176736,0.9137862365677395,0.8776908178127546,0.929344907541588,0.8684896723475468,0.5260302587977503,0.482715256458184,0.5224557581767625,0.46481880090654004,8.300884955752213,8.379598662207359,8.189490445859873,8.374340949033392,4.069575321768351,4.054331582271438,4.01466915189463,4.110766564550655,61.216252904168925,60.11844666167042,57.825558339080686,57.79835743032666,20.239903934006847,22.471501297524632,19.748188947827487,21.378851220499072
3,17,602,1763,65,178,24,135,45.71594684385382,151.1079734219269,6.200943074098716,1115,0.25263187730639913,27.685559519911603,0,0.34146341463414637,0.16126579264644292,42.140201312344225,46.51881339845203,5.0990195135927845,2.0540011818749297,2.0,36.396286282702164,40.773277294552344,-21.766067287092856,216.58683245815342,0.5399103139013453,0.3067959825768416,0.026682786473769492,0.09186652190624275,0.004790852132257807,0.017913754519547107,0.03343334268255773,0.03847920354124188,0.01536740855815881,0.014131850114309294,0.03932567510636587,0.028629711598528982,0.007447533767633265,0.04101626892279846,0.027758612224827093,0.012260931199248813,0.010005197529722818,0.0275033526685374,0.014921328109843325,0.007862793474606555,0.008112635993939212,0.012216419684946522,0.009239769194624657,0.011797467878607026,0.0127995892201935,0.005060119423908091,0.006238365011368672,0.004144526641402426,0.0015941324602010874,0.008027464055854902,0.0025461581265375484,5.717647258192301,15.505882861092687,0.007843137718737125,0.007843137718737125,2.616734582764788,0.10196078568696976,0.10196078568696976,0.031243974088482517,0.025757280500153964,0.01568627543747425,0.003921568859368563,0.003921568859368563,0.03157787196406391,0.0222571531010569,0.03529411926865578,46.7683358589822,148.71219020187667,0.0,45.71594684385382,151.1079734219269,56.0,143.0,0.0,17,17,17,0.01938480117924947,0.01194480124391563,0.01772130167356338,0.01305608065532451,33.01216545012165,44.697674418604656,28.14111922141119,39.6840579710145,0.40857564299504884,0.2953792728424674,0.4484086951739045,0.36495621851557747,3.570359403480758,3.7291896468731798,3.440226885037937,3.5882818384603365,0.002634732972188547,0.0024065764981775657,0.0031491088572998646,0.00292458530083679,6.759420856596487,7.131964392775863,6.723691153441703,7.037303082967954,-0.2779112512240128,-0.1924765762602553,-0.24473786769057185,-0.21486994091716066,0.9418851689387389,0.883770562738118,0.9201316020762864,0.9034586958804953,0.3015263467212427,0.29167335951852497,0.3174484095410197,0.28974562890360406,13.036496350364963,13.191860465116278,12.087591240875913,13.278260869565218,4.801455692877468,4.847802981651743,4.6967924847883955,4.827178508834438,78.6239721526631,82.1724918875068,73.89500417354859,85.29648393194708,27.90903440069622,31.71754157652783,25.509030848739954,31.245135475740376
3,18,1435,2666,43,199,0,137,17.822299651567945,169.13519163763067,3.7160789247352524,1947,0.64972098130418,42.744575640599805,0,0.5382595648912228,0.26910085072298184,60.61335381088736,65.19202405202648,10.63014581273465,3.816403337142209,3.1622776601683795,42.0,46.07662131274073,-8.448024879317995,258.86500705120545,0.7370313302516692,0.42930641590717383,0.08612799403464434,0.10279739573606822,0.022143967661764644,0.043145735629136504,0.01961291342956457,0.03275679049948355,0.020319707355344597,0.03439357949075187,0.05029492837463145,0.011610181934612097,0.011297232795773235,0.0036773247339853847,0.023620236220540092,0.011505080211298462,0.009051569190553032,0.025988245125096027,0.023202650829927746,0.013549559880182775,0.004650358846117457,0.00498840338123274,0.01268522384878547,0.01600896602193845,0.008259067472033164,0.0123315761365069,0.006241236286017652,0.011869889961177028,0.011858841620283379,0.004266520067549516,0.00483908075542332,5.576470778789371,23.09019693080336,0.003921568859368563,0.003921568859368563,6.326925122985861,0.11764705926179886,0.11764705926179886,0.03150548462592865,0.016090729568504082,0.007843137718737125,0.003921568859368563,0.003921568859368563,0.03481176162222069,0.017716755614242033,0.019607843831181526,16.19650137330758,163.0207201584041,0.0,17.822299651567945,169.13519163763067,20.0,170.0,0.0,18,18,18,0.09812723187055204,0.06576676883301015,0.07579112377665688,0.09498399526348453,15.20390824129142,21.38721461187215,14.174577634754623,18.116548042704625,0.5237396962434006,0.3902257828428979,0.542336557469099,0.4669224667339403,2.5377356850755435,2.880116442436368,2.56158949104017,2.6277971423101967,0.008156929666152795,0.00581474529220444,0.00743562824842071,0.007733603877022972,5.004588911887906,5.544595710006313,5.328999360427673,5.104364127539468,-0.36024846269067257,-0.2118649253191496,-0.293455848212239,-0.3255588271088814,0.9429127463071219,0.8551182327496961,0.9165289926463541,0.9287631536958005,0.6100315741768059,0.5059847613809446,0.5816881327463188,0.5952504215087597,7.421410365335599,7.68310502283105,7.666130329847144,7.490213523131673,3.875063257734959,4.005464688335275,3.9848030575315905,3.895309745169542,48.64314397518569,48.76076478805697,47.76865976418869,49.853107071845585,15.961763054119272,17.53699484998228,15.48580934973583,16.99241377863755
3,19,870,1320,140,199,100,166,118.85402298850575,182.57931034482758,2.991723296740816,1101,0.5938468656187603,33.282403818227905,0,0.6590909090909091,0.33425551122638925,44.678854646683476,40.162171256046406,7.0710678118654755,3.0509075345804115,3.0,32.0,35.947627459681094,77.96232782586044,180.8528137423857,0.7901907356948229,0.6788553736532235,0.04430997258649244,0.010877375122821923,0.0717860400426791,0.024558028891742252,0.01817133654103638,0.1342018753170593,0.02130019077776677,0.008835587915990522,0.004360079842800025,0.010065780858157874,0.0037117798905648017,0.03412296656126295,0.012386825704202435,0.005500971014710793,0.009369327724107358,0.012455854184706634,0.012903307910643948,0.009294777207553107,0.0031936123926122498,0.0020311132100181845,0.020527832996378143,0.006481353674586772,0.0020378901957124698,0.002323626748056875,0.002188251163082434,0.0026570718123903195,0.004999507355498591,0.005145488957765562,0.0013719492119713822,4.117647219449282,16.65490257134661,0.007843137718737125,0.00392156932502985,0.45520801473918066,0.0941176488995552,0.0941176488995552,0.028794735800344626,0.01914356617396162,0.0117647061124444,0.003921568859368563,0.003921568859368563,0.033744506751198916,0.019177982290611024,0.0235294122248888,118.40475630724296,182.5060042346463,0.0,118.85402298850575,182.57931034482758,126.0,184.0,0.0,19,19,19,0.03209394290123456,0.025257620974202855,0.04104678459520139,0.03211349970975302,19.424999999999997,31.28481012658228,19.04291845493562,23.44822256568779,0.4750286833677338,0.24809847963815052,0.5093131802942104,0.46020920801331944,2.9469944141018374,3.3266725721005117,2.8773924256054695,3.0766547894106235,0.006225308641975304,0.00438281525396571,0.006622578341018542,0.005642749200327752,6.00312974588902,6.222593349365159,5.844363777574993,6.233279394790053,-0.21432145055958998,-0.15902618009308306,-0.2652937254032674,-0.18521618504408863,0.8736783410616382,0.8116120031145293,0.9124895677226801,0.8484236320844238,0.3979383987671917,0.32514995753141285,0.4817523628910472,0.4352341221763557,9.261111111111111,9.503164556962025,9.263233190271817,9.729520865533228,4.270033314896484,4.298822946673189,4.313047395698792,4.359344745863751,54.579043209876545,51.930369732414704,58.57448511157364,63.43070502545339,18.501010802469118,20.80379496474923,19.40435089162731,21.719731897785284
