ImageNumber,ObjectNumber,AreaShape_Area,AreaShape_BoundingBoxArea,AreaShape_BoundingBoxMaximum_X,AreaShape_BoundingBoxMaximum_Y,AreaShape_BoundingBoxMinimum_X,AreaShape_BoundingBoxMinimum_Y,AreaShape_Center_X,AreaShape_Center_Y,AreaShape_Compactness,AreaShape_ConvexArea,AreaShape_Eccentricity,AreaShape_EquivalentDiameter,AreaShape_EulerNumber,AreaShape_Extent,AreaShape_FormFactor,AreaShape_MajorAxisLength,AreaShape_MaxFeretDiameter,AreaShape_MaximumRadius,AreaShape_MeanRadius,AreaShape_MedianRadius,AreaShape_MinFeretDiameter,AreaShape_MinorAxisLength,AreaShape_Orientation,AreaShape_Perimeter,AreaShape_Solidity,AreaShape_Zernike_0_0,AreaShape_Zernike_1_1,AreaShape_Zernike_2_0,AreaShape_Zernike_2_2,AreaShape_Zernike_3_1,AreaShape_Zernike_3_3,AreaShape_Zernike_4_0,AreaShape_Zernike_4_2,AreaShape_Zernike_4_4,AreaShape_Zernike_5_1,AreaShape_Zernike_5_3,AreaShape_Zernike_5_5,AreaShape_Zernike_6_0,AreaShape_Zernike_6_2,AreaShape_Zernike_6_4,AreaShape_Zernike_6_6,AreaShape_Zernike_7_1,AreaShape_Zernike_7_3,AreaShape_Zernike_7_5,AreaShape_Zernike_7_7,AreaShape_Zernike_8_0,AreaShape_Zernike_8_2,AreaShape_Zernike_8_4,AreaShape_Zernike_8_6,AreaShape_Zernike_8_8,AreaShape_Zernike_9_1,AreaShape_Zernike_9_3,AreaShape_Zernike_9_5,AreaShape_Zernike_9_7,AreaShape_Zernike_9_9,Children_Cells_Count,Children_Cytoplasm_Count,Classify_Large,Classify_Medium,Classify_Small,Correlation_Correlation_CropBlue_CropGreen,Correlation_Costes_CropBlue_CropGreen,Correlation_Costes_CropGreen_CropBlue,Correlation_K_CropBlue_CropGreen,Correlation_K_CropGreen_CropBlue,Correlation_Manders_CropBlue_CropGreen,Correlation_Manders_CropGreen_CropBlue,Correlation_Overlap_CropBlue_CropGreen,Correlation_RWC_CropBlue_CropGreen,Correlation_RWC_CropGreen_CropBlue,Intensity_IntegratedIntensityEdge_CropBlue,Intensity_IntegratedIntensity_CropBlue,Intensity_LowerQuartileIntensity_CropBlue,Intensity_MADIntensity_CropBlue,Intensity_MassDisplacement_CropBlue,Intensity_MaxIntensityEdge_CropBlue,Intensity_MaxIntensity_CropBlue,Intensity_MeanIntensityEdge_CropBlue,Intensity_MeanIntensity_CropBlue,Intensity_MedianIntensity_CropBlue,Intensity_MinIntensityEdge_CropBlue,Intensity_MinIntensity_CropBlue,Intensity_StdIntensityEdge_CropBlue,Intensity_StdIntensity_CropBlue,Intensity_UpperQuartileIntensity_CropBlue,Location_CenterMassIntensity_X_CropBlue,Location_CenterMassIntensity_Y_CropBlue,Location_CenterMassIntensity_Z_CropBlue,Location_Center_X,Location_Center_Y,Location_Center_Z,Location_MaxIntensity_X_CropBlue,Location_MaxIntensity_Y_CropBlue,Location_MaxIntensity_Z_CropBlue,Math_Ratio,Neighbors_AngleBetweenNeighbors_4,Neighbors_FirstClosestDistance_4,Neighbors_FirstClosestObjectNumber_4,Neighbors_NumberOfNeighbors_4,Neighbors_PercentTouching_4,Neighbors_SecondClosestDistance_4,Neighbors_SecondClosestObjectNumber_4,Number_Object_Number,Texture_AngularSecondMoment_CropBlue_3_00_256,Texture_AngularSecondMoment_CropBlue_3_01_256,Texture_AngularSecondMoment_CropBlue_3_02_256,Texture_AngularSecondMoment_CropBlue_3_03_256,Texture_Contrast_CropBlue_3_00_256,Texture_Contrast_CropBlue_3_01_256,Texture_Contrast_CropBlue_3_02_256,Texture_Contrast_CropBlue_3_03_256,Texture_Correlation_CropBlue_3_00_256,Texture_Correlation_CropBlue_3_01_256,Texture_Correlation_CropBlue_3_02_256,Texture_Correlation_CropBlue_3_03_256,Texture_DifferenceEntropy_CropBlue_3_00_256,Texture_DifferenceEntropy_CropBlue_3_01_256,Texture_DifferenceEntropy_CropBlue_3_02_256,Texture_DifferenceEntropy_CropBlue_3_03_256,Texture_DifferenceVariance_CropBlue_3_00_256,Texture_DifferenceVariance_CropBlue_3_01_256,Texture_DifferenceVariance_CropBlue_3_02_256,Texture_DifferenceVariance_CropBlue_3_03_256,Texture_Entropy_CropBlue_3_00_256,Texture_Entropy_CropBlue_3_01_256,Texture_Entropy_CropBlue_3_02_256,Texture_Entropy_CropBlue_3_03_256,Texture_InfoMeas1_CropBlue_3_00_256,Texture_InfoMeas1_CropBlue_3_01_256,Texture_InfoMeas1_CropBlue_3_02_256,Texture_InfoMeas1_CropBlue_3_03_256,Texture_InfoMeas2_CropBlue_3_00_256,Texture_InfoMeas2_CropBlue_3_01_256,Texture_InfoMeas2_CropBlue_3_02_256,Texture_InfoMeas2_CropBlue_3_03_256,Texture_InverseDifferenceMoment_CropBlue_3_00_256,Texture_InverseDifferenceMoment_CropBlue_3_01_256,Texture_InverseDifferenceMoment_CropBlue_3_02_256,Texture_InverseDifferenceMoment_CropBlue_3_03_256,Texture_SumAverage_CropBlue_3_00_256,Texture_SumAverage_CropBlue_3_01_256,Texture_SumAverage_CropBlue_3_02_256,Texture_SumAverage_CropBlue_3_03_256,Texture_SumEntropy_CropBlue_3_00_256,Texture_SumEntropy_CropBlue_3_01_256,Texture_SumEntropy_CropBlue_3_02_256,Texture_SumEntropy_CropBlue_3_03_256,Texture_SumVariance_CropBlue_3_00_256,Texture_SumVariance_CropBlue_3_01_256,Texture_SumVariance_CropBlue_3_02_256,Texture_SumVariance_CropBlue_3_03_256,Texture_Variance_CropBlue_3_00_256,Texture_Variance_CropBlue_3_01_256,Texture_Variance_CropBlue_3_02_256,Texture_Variance_CropBlue_3_03_256
1,1,377,486,149,37,122,19,135.3713527851459,28.151193633952253,1.164776285793416,398,0.762848540643162,21.909160375631842,1,0.7757201646090535,0.8585339624414017,27.524880746363767,26.30589287593181,8.246211251235321,3.60922767436547,3.1622776601683795,16.941277890162954,17.796960929490115,-86.2100120890721,74.2842712474619,0.9472361809045227,0.6789244767794895,0.08874694011974683,0.14112105713035414,0.09444891508973334,0.03190898088242707,0.010752337392966889,0.015185626361209698,0.011164686108068372,0.019102118980364104,0.025088774409336198,0.013491443380821063,0.016496394647253266,0.0012279718447277708,0.006573147925594251,0.004522412914950433,0.015168929487246073,0.011623491546816501,0.017916760416118803,0.006003725292316171,0.013576298116901635,0.0020844497506656346,0.002064894516933078,0.004527869964969654,0.008644172263175171,0.009201296007807436,0.005753276482267727,0.004736600383177377,0.0032439214471164813,0.0023584482954175884,0.003981466562917876,1,1,0,0,1,0.12282608419564187,0.7789010982895953,1.0,0.27150718048084,3.0543092600941493,1.0,1.0,0.9106409256807445,0.7185000575326453,0.7825099401881008,4.133333470672369,53.529413025826216,0.09019608050584793,0.05098039656877518,0.5219110245799332,0.08627451211214066,0.27843138575553894,0.06262626470715711,0.14198783295975123,0.1411764770746231,0.04313725605607033,0.04313725605607033,0.009458433882065779,0.060418677573027206,0.1921568661928177,134.95128205303706,27.841465208386193,0.0,135.3713527851459,28.151193633952253,0,133.0,28.0,0.0,0.00037662555161737727,65.82043544306256,49.91828291674974,6,0.0,0.0,51.926218616685844,3,1,0.0022576588934613622,0.0023709307901326653,0.002151433528122717,0.0022320273277780666,126.12037037037037,390.6094890510949,249.1722972972973,239.37769784172662,0.7151704298312811,0.1379789742330045,0.44571108802393433,0.46075338517048886,4.442786184512956,5.02956093081598,4.894542513635725,4.813887655121186,0.0005421874206167761,0.00027921294898535735,0.00032450806662518355,0.000377146324507141,8.938186529158031,8.822448962506781,8.944217639262982,8.877933878478906,-0.4270309970881469,-0.451609371102522,-0.43370030569275947,-0.44378522095803496,0.9960902574390006,0.9970855246287131,0.99646341169911,0.9968330839771729,0.10713890148188507,0.033715538532281125,0.07128367981017095,0.06851487696109804,77.54012345679013,80.85766423357663,79.64527027027027,80.83812949640287,6.41125401207157,6.199511578419351,6.403401554270629,6.356535039591754,759.4644394909301,515.6549230113505,649.8978154674933,648.445020961648,221.39620246532513,226.5661030156109,224.76752819119793,221.9556797008447
1,2,205,289,34,56,17,39,24.478048780487804,46.482926829268294,1.0611539452979353,214,0.6445414152880863,16.15593100600236,1,0.7093425605536332,0.9423703360205994,18.523805977536462,18.027756377319946,7.0710678118654755,2.9244140485882815,2.8284271247461903,13.435028842544403,14.162735180314797,-42.36050140039976,52.2842712474619,0.9579439252336449,0.7901031827122851,0.021315070190550647,0.14236580078552707,0.0778126108529762,0.00950168478457112,0.02291417859924247,0.05515563988988185,0.01811284643776861,0.009253999267959324,0.010425847129816871,0.00862290859030212,0.005420425918505516,0.0011970060999327435,0.014259616565488747,0.013451630830113134,0.007157444384091061,0.008333946337524071,0.00842679160060592,0.009348106597127996,0.0037766457639193925,0.014150227346780241,0.012791832131009335,0.004969432953518648,0.005076766190119361,0.0027520095123549364,0.005514552581590235,0.005016967400986199,0.0034702541259303194,0.0016138124924296945,0.004940659889345527,1,1,0,0,0,0.05631300545015301,1.0,1.0,0.7518065879764412,1.162952948371772,1.0,1.0,0.9350484950485318,0.9041269055561482,0.9066312347568084,2.756862834095955,24.05098109692335,0.0833333358168602,0.027450986206531525,0.3511634692637675,0.08235294371843338,0.24705882370471954,0.06265597350218079,0.1173218590093822,0.11764705926179886,0.04313725605607033,0.04313725605607033,0.012043304600223426,0.04287612048522277,0.1411764770746231,24.299690209224863,46.785423113877556,0.0,24.478048780487804,46.482926829268294,0,21.0,51.0,0.0,0.000572301751265279,66.86506222272433,22.110071261151226,4,1.0,14.285714285714286,29.570474222107137,5,2,0.004308012486992716,0.005157470703125,0.004663872452333989,0.004851367419738404,187.14193548387098,301.6953125,159.94871794871796,158.51724137931035,0.15033102163865428,-0.2619936251523725,0.2755087150867925,0.23802411312769778,4.535343247591846,4.955640457882087,4.469537259210081,4.4303758038725665,0.0005278416850936526,0.0003509521484375,0.0006149261895956609,0.0006231304808263973,7.980805453591547,7.720664941389348,7.920017603477634,7.817772710674751,-0.4388855775403409,-0.4954263476270924,-0.4526439868225834,-0.4646078611580627,0.9943590756524727,0.9968992775988922,0.9951284948077931,0.995582731752813,0.07090521171665079,0.0793418200550385,0.09786676791950047,0.12529389411704953,65.06451612903226,64.9921875,64.7948717948718,64.00689655172414,5.593663602442927,5.4144612075164655,5.639681031018748,5.659951787422186,253.36357960457917,176.42962646484375,281.5989480604858,257.55167657550464,110.1263787721125,119.53123474121094,110.38691650230112,104.01722948870383
1,3,339,483,98,60,77,37,87.25073746312684,47.663716814159294,1.206730788859054,372,0.7034753269662654,20.775663783985824,1,0.7018633540372671,0.8286852454850225,24.94741196939209,25.0,8.54400374531753,3.3871019149868444,3.0,18.19017187772497,17.730616665937756,-37.55908636287512,71.69848480983498,0.9112903225806451,0.6906051290643522,0.07147665302643601,0.15827121298868563,0.08002097879021654,0.013180397489245285,0.005764223866003933,0.019986258134469956,0.003562213164078814,0.04156400973933455,0.025568141350721163,0.015630940975966134,0.015388447818884154,0.012534753034621088,0.010698962437030024,0.009649912692698178,0.005086784812406304,0.0038306888701377458,0.00485522575646212,0.007405290698622302,0.004855516643947612,0.001688956071956982,0.0029680311778854523,0.006892005122835639,0.019696594739746373,0.0036252766344025025,0.01132826058463882,0.003802929512653102,0.010083746135218749,0.00955762228690355,0.0027266177819491267,1,1,0,0,0,-0.42665533529124255,1.0,1.0,0.3811868683167138,2.144806039669731,1.0,0.9752066116902199,0.9041968244848454,0.7180941952758589,0.7690113989000223,3.886274628341198,53.75294263660908,0.09313725680112839,0.06078431010246277,0.5244657106713901,0.09019608050584793,0.3333333432674408,0.061686898862558695,0.15856325261536602,0.15882353484630585,0.03921568766236305,0.03921568766236305,0.012045743581091221,0.07195017239623558,0.21176470816135406,87.64755234837668,47.32078500094535,0.0,87.25073746312684,47.663716814159294,0,91.0,43.0,0.0,0.00046773820830491454,175.5073074896067,50.52552068647044,5,0.0,0.0,51.926218616685844,1,3,0.0021056241426611793,0.0024038018751496608,0.002122043372496249,0.0022222222222222227,382.8740740740741,782.9270386266094,375.6474820143884,343.3294117647059,0.387046617628089,-0.22431337988208286,0.3960584073529941,0.44420353009881197,5.194179407444205,5.640523015178596,5.166174408918325,5.031989296523093,0.0002377142280593595,0.00012759717012773055,0.00024304029312744756,0.00027375791937576927,8.944390087783555,8.749358301297356,8.948042601484925,8.86590289763469,-0.48738354804058726,-0.515296924150953,-0.48784804230356393,-0.49464859422171714,0.9984294755839205,0.998847546891481,0.9984445268173975,0.9985248038917188,0.06246235184169885,0.07051007062444647,0.05859571013749429,0.05979663464263061,88.71851851851851,90.72103004291846,88.31654676258992,89.39215686274508,6.530276364308738,6.10646262358406,6.544662490423251,6.5170175192665,866.4022496570642,496.03805559137254,868.3386470679561,892.1207227989262,312.319080932785,319.741273554494,310.99653227058616,308.8625336409066
1,4,329,462,24,78,3,56,13.29483282674772,65.55623100303951,1.07832871602465,344,0.15063498413064438,20.466944330257718,1,0.7121212121212122,0.9273610033187141,20.679722974892087,21.213203435596427,9.219544457292887,3.617513459178602,3.1622776601683795,19.091883092036785,20.443755971362936,-82.75749237856455,66.76955262170047,0.9563953488372093,0.8701894915545774,0.04322662536867605,0.10160936826533613,0.00303161049431141,0.022692320122408016,0.030246498570575844,0.05868846778185927,0.004590408342363396,0.011457551646665511,0.005110177992099644,0.018385195147778744,0.01766365148487063,0.01915320787498078,0.006362884844378534,0.00624616741626728,0.017729267551320038,0.012452144688138659,0.010231715225969083,0.003397036673229963,0.014356274516501365,0.005097220878542084,0.0034724338457738577,0.006972466996619117,0.006574643856016454,0.008165756812692746,0.013061714761748083,0.005782164642080189,0.0054578574399918815,0.00667962358950775,0.0014551567172930646,1,1,0,0,0,-0.434789482263729,1.0,1.0,0.5267356151514967,1.4987590414889242,1.0,0.9310265808412038,0.8885098568291384,0.7732982735608659,0.7533379948351452,3.7490197345614433,52.52156988158822,0.10196078568696976,0.04117646813392639,0.47861877084538723,0.14509804546833038,0.3490196168422699,0.06694678097431149,0.15964003003522256,0.17450980842113495,0.03529411926865578,0.03529411926865578,0.022623275963107023,0.06490126542269245,0.2078431397676468,13.765773175419495,65.4708429722714,0.0,13.29483282674772,65.55623100303951,0,19.0,61.0,0.0,0.00048522805481830564,113.0867130701908,22.110071261151226,2,2.0,42.68292682926829,22.406486397092685,7,4,0.002596992653810835,0.0027491291578444106,0.002565153485216802,0.0025239483548521453,303.6212121212121,475.2768595041322,331.47744360902254,425.7673469387755,0.33733361851028076,0.040035517919566735,0.2925266770161278,0.0918827398189608,4.946464234227697,5.31073609351116,5.046340563638662,5.253769163648345,0.00032515814712784385,0.00021501432220190044,0.00025216899112163587,0.00020511001074655105,8.701480009460798,8.638803578138987,8.731525234453201,8.71823069408695,-0.45211002664435135,-0.46912840820431567,-0.4480709061165022,-0.44523133287874567,0.9968947965883136,0.9974876375743746,0.9967640626224599,0.9966022409281565,0.10145506710408625,0.06331943702176109,0.05859902894847547,0.05645931606131243,89.03787878787878,89.24380165289256,88.96616541353383,88.69795918367348,6.283483264910668,6.0309652797876945,6.148391120742649,6.096252660234676,612.7409894398534,514.9198995970237,605.5965995816605,511.9250978758846,229.09055039026634,247.5491897752886,234.2685107976713,234.42311120366617
1,5,135,224,49,80,35,64,42.05925925925926,70.25925925925925,1.1559934462599202,144,0.6297824567653042,13.110581167104948,1,0.6026785714285714,0.8650568074026557,15.209320718738507,15.811388300841896,5.385164807134504,2.362657201143211,2.23606797749979,10.606601717798213,11.814167788340713,41.34868189735841,44.2842712474619,0.9375,0.6797449479860801,0.11608366338566764,0.14119224079915135,0.06362677031288692,0.03521878556715117,0.02776408471010438,0.005519284571063304,0.014283266559273124,0.008054350012586536,0.028361511065320116,0.019229557818559066,0.023264639221602733,0.012528677216047479,0.014807629039394024,0.005089982053766356,0.010545915599984499,0.010357324499810729,0.004224565324560943,0.004931461538972697,0.008987957845919952,0.007332128206178327,0.0156314062926466,0.00892534647087846,0.009117244980210685,0.01166092943266108,0.005304752292061009,0.009097063698178484,0.007316357289016295,0.007229643007120846,0.007918116930668493,1,1,0,0,0,0.04655184648084962,1.0,1.0,0.8775233373229865,0.9957618869124212,1.0,1.0,0.9347749965539417,0.9095352689068802,0.895244264695871,3.2352942042052746,16.145098466426134,0.09019608050584793,0.027450986206531525,0.47350279565945397,0.239215686917305,0.239215686917305,0.08986928345014651,0.11959332197352691,0.11764705926179886,0.04313725605607033,0.04313725605607033,0.04935722569420689,0.04172337815522503,0.14509804546833038,41.782122904859065,70.64318677659435,0.0,42.05925925925926,70.25925925925925,0,40.0,74.0,0.0,0.0008858764590631623,46.53539075421973,20.370181017563183,7,2.0,52.72727272727273,28.349439603675016,9,5,0.00654320987654321,0.00640771568238869,0.007168458781362007,0.007787577406642897,129.4111111111111,261.94252873563215,99.38709677419357,138.71232876712327,0.3333505046949361,-0.11513838108209055,0.45925623741673033,0.29758468061491977,4.409195424845615,4.61754119756741,4.170234554797899,4.13175838137964,0.0005881219408794849,0.00046650248858610407,0.000718897206091325,0.0008082627228275417,7.314075318551897,7.3280009671130975,7.227330854118785,7.052838257510155,-0.5515159120690175,-0.5764429444028633,-0.5600583054673517,-0.6003700594734593,0.9980924160743107,0.998676082733911,0.9981897890639582,0.9988211022294485,0.12118987307134169,0.05953782129117689,0.08431194188373392,0.04943076495410987,65.36666666666667,66.816091954023,64.50537634408602,64.02739726027397,5.366472957272517,5.3491674556639985,5.346751789714686,5.179215825855122,258.8322222222214,207.85123530188775,268.2069603422369,256.2458247325949,97.06083333333322,117.44844100938076,91.8985142791073,98.73953837492945
1,6,196,240,142,86,126,71,133.53571428571428,78.03571428571429,0.9833255769601815,200,0.5874583371746767,15.797308339337176,1,0.8166666666666667,1.0169571741349037,17.560592013602164,17.204650534085253,7.0710678118654755,2.9498359133181924,2.8284271247461903,13.435028842544403,14.210986550695797,50.17011257437415,49.21320343559643,0.98,0.8201893507184955,0.03882156406057202,0.13399738413881748,0.05781196845346907,0.012387512833932161,0.0069034938517682125,0.06934264485681836,0.01810067594958338,0.014513984425164212,0.010743005957500712,0.009385450264933086,0.003604233073803563,0.01848157829745288,0.009381039971410815,0.0102505562483665,0.0031445196021584266,0.013871873528133809,0.008853489185315852,0.005502224111653933,0.00454949301745633,0.00333022088354795,0.01567148812386181,0.005216759973619799,0.003944490424588757,0.005228235443015708,0.003964250644531365,0.0063021300517312326,0.005695742441096522,0.0030757609608083394,0.0036718527947477726,1,1,0,0,0,-0.2055281648390203,1.0,1.0,0.5439448855179783,1.5454545292052633,1.0,1.0,0.9168653592331854,0.863050490913199,0.8808611174225783,2.8588236309587955,23.286275196820498,0.09019608050584793,0.027450978755950928,0.19574009955980806,0.09803921729326248,0.21960784494876862,0.06648427048741384,0.11880752651439029,0.11764705926179886,0.04313725605607033,0.04313725605607033,0.012196176920476637,0.039580969593779845,0.1411764770746231,133.3433816152068,78.07207814732364,0.0,133.53571428571428,78.03571428571429,0,130.0,78.0,0.0,0.0006061608495632158,58.01009151520732,19.622924440353852,8,0.0,0.0,27.793190083025607,11,6,0.0046050611815271255,0.0048118512110726635,0.004337107377647919,0.005038968019349638,147.15231788079473,145.38970588235296,151.9189189189189,224.64754098360658,0.23454649568477082,0.26447609134558486,0.21064007848927108,-0.16548557832488422,4.465785916366301,4.4725537968322495,4.542928073584035,4.665294798562974,0.0006286139005447987,0.0006027939392583932,0.000570046725620582,0.00048666081201343737,7.877412851879203,7.796949789747935,7.934082504127847,7.7216408211339775,-0.4413398052814266,-0.4593319750919844,-0.42926444172016803,-0.4748185941875739,0.9942080030365352,0.9952035684639461,0.9934379524298302,0.9959087018198759,0.10246643770542097,0.09964537635731173,0.11280890377185344,0.06053467504628006,64.88741721854305,65.65441176470588,65.59459459459461,65.15573770491804,5.585337919293143,5.596095103151234,5.563136245326324,5.412724095649942,237.3316959782469,249.9467452422141,232.99780861942781,160.8527949475938,96.12100346476018,98.83411278114136,96.22918188458743,96.3750839828001
1,7,622,952,45,98,11,70,26.631832797427652,83.56109324758843,1.2763694295033863,668,0.6432748029807671,28.14169498849121,1,0.6533613445378151,0.7834722274640212,32.669679438150126,33.54101966249684,12.083045973594572,4.457264444274516,4.061552812808831,24.748737341529164,25.013062276263376,-73.06424626793424,99.88225099390857,0.9311377245508982,0.701696460209601,0.07498018359215602,0.16057229449028645,0.0677060714798325,0.009878198132063226,0.0237710442450992,0.031567958580533816,0.01103808638029258,0.02495658936349581,0.017536608077855686,0.02210834357974487,0.0063358032279523255,0.007942436036486162,0.01880505657835654,0.0063125258247907585,0.014678270228068805,0.004422500708152445,0.00413521748139949,0.006203740695855584,0.00635772802788259,0.0022955864485814585,0.010400839221887693,0.013324507520376694,0.0065360646010860345,0.011834013488761619,0.0021421122146455885,0.00663211515412317,0.004850153459562004,0.006104827471776712,0.0016950020325684106,1,1,1,0,0,-0.3088242254922325,1.0,1.0,0.7139576484222049,0.9159394959755592,1.0,0.8344225773579516,0.808666809411472,0.7214960146105343,0.6165136035468272,6.13333347812295,98.45098307728767,0.08039215952157974,0.05882353335618973,0.6201638895011439,0.2235294133424759,0.42352941632270813,0.07666666847653687,0.1582813232753821,0.13725490868091583,0.04313725605607033,0.03921568766236305,0.03614922793769396,0.093397147093143,0.21176470816135406,26.026966736026093,83.69798845424576,0.0,26.631832797427652,83.56109324758843,0,27.0,83.0,0.0,0.0002544715808285886,87.58323821964413,20.370181017563183,5,3.0,69.04761904761905,20.594324690320548,9,7,0.0012838654991293129,0.0012858748719310111,0.0012943786982248509,0.0012452875895168736,339.56308851224105,532.6496945010183,254.92499999999998,506.54474708171205,0.7090413063314461,0.554630536011787,0.7834267760534708,0.583575381181643,5.146684342838396,5.420041323979971,4.956793847906287,5.482159438573909,0.00021501450522233353,0.00015508311993437575,0.00025321867892099574,0.00015196472448792634,9.720582716500683,9.69667766134831,9.711263125507646,9.751676446055782,-0.44774151399389,-0.4596560189482383,-0.45123802759662546,-0.44414960228271566,0.9981635840483672,0.9984655382940325,0.9982551828334882,0.9980884206324763,0.04337387852228215,0.03814810978608721,0.07272181714943157,0.06618068630062482,87.03954802259886,89.81466395112017,87.75961538461539,86.9727626459144,7.017306408841994,6.9698909703259675,7.030561643402633,6.990031058000925,1994.5351591177514,1859.295589449187,2099.244138313611,1926.2833048191496,583.5245619074979,597.9863209875514,588.5422845784037,608.207012975216
1,8,250,342,128,101,110,82,118.24,90.328,1.0170929605430366,257,0.4958729383121708,17.841241161527712,1,0.7309941520467836,0.9831942986470869,19.16674469518368,18.973665961010276,8.48528137423857,3.279331068862925,2.8284271247461903,15.556349186104045,16.64430694831264,40.32094687827388,56.526911934581186,0.9727626459143969,0.878096237748388,0.059648813974496014,0.0895197918958054,0.050651596028502555,0.027697175088874357,0.009328424553902705,0.04443959316957983,0.021033755803454474,0.006359223076695425,0.006517938324411853,0.013986984469275512,0.016303079494275435,0.009808730991328117,0.004457246704675086,0.0026086578784701394,0.011176532330668766,0.014586528684068916,0.013235386101001336,0.007807203010638928,0.006376723895236667,0.004688051120095164,0.005560364740772435,0.005280756871560947,0.012405506030524078,0.012312654267969922,0.00950943598194547,0.004704990538161982,0.007404645834127203,0.001536701789655929,0.01045013475730261,1,1,0,0,0,-0.5796714623578887,1.0,1.0,1.2763788568749106,0.6347160446655007,1.0,0.991887557787644,0.9000767409117494,0.8074188875647874,0.7676148047897119,2.8509804755449295,27.37254973500967,0.08235294371843338,0.019607849419116974,0.6221640499941921,0.08627451211214066,0.2980392277240753,0.060659159054147434,0.10949019894003868,0.10588235408067703,0.04313725605607033,0.04313725605607033,0.010066604958686049,0.043114719460860026,0.125490203499794,118.75988540699872,90.6697707838522,0.0,118.24,90.328,0,122.0,94.0,0.0,0.00043796079576015475,78.25971431160136,19.622924440353852,6,1.0,17.391304347826086,24.076230744793932,11,8,0.0043786982248520704,0.0045023045694575865,0.00441222407330279,0.0051041103299080594,200.72820512820513,208.26519337016575,179.1683673469388,226.80813953488374,0.18956687157133995,0.010743396402590196,0.28374741477142157,0.16035789351051996,4.531245227578237,4.54076578185105,4.50228750767441,4.632938089911157,0.000598092106583615,0.000524670594443927,0.0005818364740783431,0.0005135244251860462,8.04638632408164,7.984463497496773,8.035478594048978,7.8623477869131975,-0.375001355241706,-0.3713850709373254,-0.38510105448223464,-0.4284075683568462,0.9877315869694733,0.9868066295114927,0.9891119635735075,0.993099473958531,0.14422676712324922,0.14124686399520348,0.14549931627391882,0.10796588640463273,59.93846153846154,58.34254143646409,59.95408163265305,59.866279069767444,5.537882415416856,5.504013551136301,5.518263437722297,5.406322362961461,294.63211045364915,212.78874271237146,321.125442523949,313.44142103839886,123.84007889546353,105.26348402063422,125.07345246772161,135.06239014332084
1,9,485,810,55,113,28,83,40.725773195876286,98.57731958762886,1.2771315608492833,510,0.7544690414221888,24.849973424463737,1,0.5987654320987654,0.7830046885185479,31.172786877153005,31.38470965295043,9.219544457292887,3.9271521479665243,3.605551275463989,18.384776310850235,20.45981086414642,-38.647097613207805,88.22539674441619,0.9509803921568627,0.6224566269254888,0.06600400660085946,0.17269854941194646,0.0815715908916488,0.026920931029605764,0.021292050576536898,0.013485676877702586,0.026924708756243188,0.02792448918696391,0.01655782385533027,0.006978945224529895,0.011695372606513888,0.010137959927359197,0.010167962096922967,0.01147837827791622,0.014663110771473819,0.012616370584437219,0.015276436558157875,0.019292279292580355,0.00638748851481948,0.0018617218048254441,0.009807826365427456,0.004503786474382321,0.0027838099344773552,0.004951088998115987,0.0035114952503344844,0.0023596057512199013,0.002728444979894876,0.006615576497146295,0.0066599442076848495,1,1,0,1,0,-0.07162124033708202,1.0,1.0,1.1289228813387853,0.7327140005186896,1.0,1.0,0.9094930459672727,0.859930954734498,0.8002891969723521,5.356862902641296,68.09804100170732,0.0990196093916893,0.035294122993946075,0.744188826236903,0.16078431904315948,0.27843138575553894,0.07652661289487567,0.1404083319622831,0.14901961386203766,0.04313725605607033,0.04313725605607033,0.03229554743659455,0.04884047129527973,0.1764705926179886,40.93936078691231,97.86443996942444,0.0,40.725773195876286,98.57731958762886,0,42.0,89.0,0.0,0.00028950171538615077,85.94255473290153,20.594324690320548,7,4.0,71.42857142857143,28.002675915964158,12,9,0.0022368210222720713,0.0022087266279060638,0.0020240816948635873,0.0020719295112955564,128.16708860759493,228.39215686274503,136.30617283950616,145.16625310173697,0.5168393597730787,0.10608396051241041,0.4825713516563934,0.49822651254457895,4.492220761790033,4.853194722389902,4.519697564462886,4.531455303065227,0.0005155856532171761,0.0003503443861204612,0.0004981350234550965,0.0005682942656814689,9.009398139238606,8.992627874678302,9.117276755864161,9.117902126483802,-0.33679579346856686,-0.3187579071348125,-0.3146857797591685,-0.3295103433116711,0.9869027122617151,0.9833397026373604,0.9832530068513442,0.9862030192276482,0.07673420964608282,0.09614788817540612,0.09039191489286716,0.11613208251463024,76.63291139240506,77.59103641456582,76.44938271604939,74.92803970223325,6.087950954582185,5.93517088108299,6.104487942206163,6.097348562006929,402.3690434225291,282.6002557885913,390.55361073007225,433.4464346187715,132.6340330075309,127.74810316283401,131.71494589239455,144.65317193012697
1,10,245,345,169,114,154,91,160.81632653061226,101.5265306122449,1.1125903058210638,254,0.75791896422369,17.66192765414112,1,0.7101449275362319,0.8988034452286775,21.952721568162517,22.20360331117452,7.280109889280518,3.039644401981753,2.8284271247461903,13.914021704740868,14.32082966717757,8.939263614094378,58.526911934581186,0.9645669291338582,0.6262865658827381,0.04973747368750103,0.18904452281226636,0.08039684738422631,0.018481203269367502,0.02487683545558508,0.01770831612354038,0.016062438858795717,0.025792220924498833,0.02009253622427939,0.0038750846582578475,0.0037549727039791103,0.023228454963041833,0.020331095494514197,0.004844282448770407,0.01424887999721875,0.00837829182528184,0.012826832620453275,0.009482899861918708,0.004656432581731691,0.001916150626357941,0.007571088185116672,0.0034502185532619286,0.006531378307022835,0.008703797001205812,0.010140092084446087,0.0023910674047225087,0.0030013930644954907,0.01006785749609998,0.003710705738139265,1,1,0,0,0,0.1616440935076921,1.0,1.0,0.9906678089627909,0.8973329828583413,1.0,1.0,0.9428461698698885,0.9010351399701062,0.8934126370547485,3.376470685005188,26.874510437250137,0.08627451211214066,0.019607841968536377,0.61200577326909,0.11764705926179886,0.2666666805744171,0.06890756500010588,0.10969187933571485,0.10588235408067703,0.0470588244497776,0.0470588244497776,0.017537788225345786,0.039257921545968806,0.12156862765550613,160.99066102306634,100.93988033204768,0.0,160.81632653061226,101.5265306122449,0,161.0,95.0,0.0,0.00044772195647230554,111.69656121473008,18.242922787117834,13,1.0,30.985915492957748,24.34026875866976,11,10,0.005049867440979673,0.005112098633432458,0.005412500000000001,0.004833432480666269,181.81460674157302,180.46242774566474,117.38,206.6768292682927,0.14777632903689378,0.12859396543907858,0.40855116702559346,-0.06581684270085204,4.510441316182765,4.5017391530473745,4.13691245975209,4.650843296568332,0.0005995855788789747,0.0005652248373380255,0.0009327137156059648,0.0004893798649821994,7.88620704349703,7.8433900050058325,7.825514737272733,7.814749870418975,-0.38152048066778677,-0.39371455758918056,-0.3888021935254585,-0.3928519883560691,0.9877840846843347,0.9892486447461157,0.9884856667441095,0.9889806700659767,0.11950977764737972,0.12389757868850516,0.163017273508665,0.09529797285203925,59.94943820224719,58.75144508670519,58.42,58.615853658536594,5.355018668457545,5.400659857453277,5.477163686631186,5.199549482762514,244.86823002146275,233.72434762270814,279.54359999999997,181.15121207614493,106.67070919075877,103.54669384209319,99.2308999999999,96.95701033610953
1,11,423,598,149,120,126,94,136.82505910165486,105.63356973995272,1.098845547304689,437,0.7310683731011381,23.207333483685147,1,0.7073578595317725,0.9100460046026095,28.222658645626485,27.459060435491963,9.433981132056603,3.909685458771001,3.605551275463989,18.384776310850235,19.256438787882267,-37.93596911438042,76.42640687119285,0.9679633867276888,0.7142975164760925,0.09810975250374306,0.13441537440619972,0.0883907704886338,0.017252283464573727,0.018765594176467358,0.016780665056071262,0.003594459656053152,0.024443941183229068,0.0301930275413946,0.018454130838579545,0.003766366867453796,7.276395088649244e-05,0.0035113041249392697,0.010259153492792446,0.010679548774092744,0.002972204323334126,0.015991453220255337,0.011481238512181333,0.0028261150861501054,0.003617870039694276,0.007455205419341917,0.003953242534970438,0.009981954913877517,0.0060565120652027295,0.004222014578572826,0.010891904779322562,0.004464793369062103,0.0059622299483767,0.0025012771496282743,1,1,0,0,1,-0.20184973939218992,1.0,1.0,0.9550332888245172,0.7287019758171606,1.0,0.9700248033051818,0.8342269742327844,0.773153163869857,0.7165364654400235,3.8862746357917786,57.2352957688272,0.0784313753247261,0.039215683937072754,1.1772097401606967,0.0784313753247261,0.35686275362968445,0.06072304118424654,0.13530802782228651,0.10980392247438431,0.0470588244497776,0.0470588244497776,0.007170689700879143,0.07527118683380878,0.16960784792900085,135.8328879802875,106.26714628485779,0.0,136.82505910165486,105.63356973995272,0,133.0,105.0,0.0,0.0003198771343316466,130.81288430978924,24.076230744793932,8,0.0,0.0,24.34026875866976,10,11,0.00211751144375021,0.002307716792751115,0.002094704586804556,0.002150234260114224,255.92196531791905,440.6677524429968,225.87853107344637,398.62573099415204,0.6664451946384435,0.46894118123772893,0.7046298854228832,0.48850411605950506,4.901077815317022,5.238283188627945,4.884040807672587,5.20025202862438,0.0003314673650133923,0.0002348720973427568,0.0003268146443371501,0.0002403798134387916,9.032016197221118,8.935047197181555,9.080207342491416,9.016861387729714,-0.45584689572639414,-0.4830563600159629,-0.4468734172181554,-0.45645064070325175,0.9975814581014188,0.9983097254214695,0.9973067477331887,0.9975819142353369,0.05311143850941738,0.0779003472199491,0.11137016007975013,0.04927176132985102,75.58092485549133,77.35830618892508,74.95197740112994,75.39766081871345,6.438094351506468,6.469020159577102,6.604179758696885,6.5094051191156534,1278.5902719770102,1218.913961951851,1303.5824395927093,1160.0406962826164,383.62805932373294,414.895428598712,382.36524266653873,389.6666068191919
1,12,334,440,30,127,8,107,19.00299401197605,116.24850299401197,1.035991948461516,346,0.46802287341283333,20.62188177498708,1,0.759090909090909,0.9652584670035657,21.969104585378606,21.37755832643195,9.433981132056603,3.7038066191530508,3.1622776601683795,18.335757415498275,19.41445695058297,-70.73903585580007,65.94112549695427,0.9653179190751445,0.9175056469066738,0.04184355275603242,0.06292627593662384,0.0507988062366288,0.023217077014929033,0.014917783160130194,0.03362205316963163,0.028793622168475357,0.015293988749477443,0.007719009873001583,0.003221349479512726,0.021611212905452724,0.007557184784568917,0.0122104475288092,0.008535607015497639,0.0014131051944952088,0.011426951673496713,0.0025426517378225252,0.017877226796817476,0.0010870636788104819,0.007186516091296025,0.00767167627319183,0.006666022286099419,0.0035802050860634285,0.005029046645911493,0.011572505817178514,0.001265414956983987,0.011004289028186428,0.0054688950053686305,0.004862636209964339,1,1,0,0,0,-0.09208987868331572,1.0,1.0,0.6392341354907656,1.1845697282553669,1.0,0.9736215786798167,0.8701823982188164,0.8019055460562482,0.7903487002164384,3.294117748737335,50.188236601650715,0.09215686470270157,0.05490196496248245,0.5968580563952688,0.0784313753247261,0.3333333432674408,0.058823531227452416,0.15026418144206802,0.14509804546833038,0.04313725605607033,0.04313725605607033,0.008482356205620363,0.06878054168309533,0.20392157137393951,19.028988923781547,115.65221128348418,0.0,19.00299401197605,116.24850299401197,0,23.0,113.0,0.0,0.0004498927588085869,67.14991493361856,27.63363940335756,14,1.0,13.75,28.002675915964158,9,12,0.002370930790132665,0.00231570179092045,0.0022415905546892393,0.0023679999999999994,299.17883211678827,499.30204081632655,352.23880597014926,421.49600000000004,0.47355483875541865,0.17461771863902883,0.38272568848025235,0.2673397827419864,5.026757191257633,5.38597538652482,5.093943498083414,5.167892859176858,0.000279875037607465,0.00018733180626694877,0.000283450827038174,0.00025400108166576536,8.826993168703265,8.80194406145155,8.878534479612654,8.794764734653432,-0.5016749007436515,-0.5084422964079154,-0.4900063540255208,-0.5051612971107611,0.9986443088282443,0.9987608654176107,0.9984268683258792,0.9986885789542398,0.07307385815093603,0.06183061174964083,0.07348121431979529,0.07889885159873727,84.14233576642334,84.60000000000001,84.16417910447761,84.31200000000001,6.489200668022287,6.420374066173629,6.4123538738019334,6.415521913300628,837.4213463690139,710.5665306122428,789.0327467141897,729.0946559999984,284.1500446214502,302.4671428571428,285.3178881710851,287.64766399999985
1,13,250,361,180,126,161,107,170.324,117.096,1.0749597686512138,262,0.5613963426366735,17.841241161527712,1,0.6925207756232687,0.9302673729406002,19.68242191678374,19.313207915827967,8.06225774829855,3.202163175170921,2.8284271247461903,15.531605494306415,16.288130509352854,59.126623341742224,58.11269837220809,0.9541984732824428,0.8241510065579173,0.03307088531632356,0.12511466976850796,0.06395104794736077,0.008196277501818663,0.020013938362597978,0.05557572387045411,0.02101785656151596,0.009387747069340176,0.009816046598618896,0.01984480356152178,0.02411590166619985,0.003579238824459524,0.00570520021926982,0.011213865849715298,0.010219151578139535,0.00923882393426519,0.01092286026939531,0.015746356945643924,0.012284033242075807,0.01703253720498,0.00771329159743372,0.008740717608677463,0.0006368520390972898,0.0033295598816167255,0.003207216608482781,0.001866858535214092,0.012608152767775887,0.005685790988161719,0.006338377987466063,1,1,0,0,0,0.5262468531100927,1.0,1.0,1.1178884484502898,0.7760975287617097,0.9957294392896142,1.0,0.9314453619367761,0.8808432617786403,0.8455868683256254,3.313725583255291,28.466667406260967,0.08235294371843338,0.027450986206531525,0.5977488204551579,0.12156862765550613,0.23137255012989044,0.06762705271949573,0.11386666962504387,0.10588235408067703,0.0470588244497776,0.0470588244497776,0.01711263371032657,0.042598184101088656,0.1411764770746231,169.8918583864564,116.68301419128565,0.0,170.324,117.096,0,168.0,116.0,0.0,0.0004554666785001755,129.49196570870703,18.242922787117834,10,1.0,33.80281690140845,28.650937207130262,15,13,0.004190962099125364,0.003556057507402094,0.003637681548497947,0.0045328719723183395,99.74489795918367,165.7237569060773,124.09844559585491,206.08235294117648,0.5770362869265385,0.30803028962858053,0.47766249672517946,0.19761430982985598,4.349499446229245,4.59334681363832,4.415453923411144,4.6902416202725,0.0006523902077837943,0.0005072002957446013,0.0005710145835384099,0.00045693963860053845,8.192918851956751,8.252581315248047,8.284116234136853,8.04986496273321,-0.42472141933164687,-0.4149274138658694,-0.4102661807512692,-0.45813621699100715,0.993951918214964,0.993331729511587,0.993025221427922,0.9958088724145538,0.12931287327998844,0.06421220951677006,0.10674167120730677,0.0920788536478867,62.5204081632653,62.795580110497234,62.730569948186535,63.23529411764706,5.808976362356292,5.811032199633292,5.8289762092017146,5.717455040515198,371.9026447313622,313.2676047739701,351.0673038202358,307.5916955017301,117.91188567263646,119.74784042001204,118.79143735402295,128.4185121107264
1,14,476,728,59,142,31,116,43.39705882352941,129.2310924369748,1.1723311183210612,504,0.40219966206479496,24.61832697999475,1,0.6538461538461539,0.8530013273315964,25.94571315649664,27.459060435491963,11.313708498984761,4.20858399423625,3.605551275463989,22.7788601687669,23.754649106121075,-75.06617439382993,83.74011537017762,0.9444444444444444,0.7992155243563752,0.07935004839738881,0.13266640888629416,0.031020451083270832,0.029195307184509703,0.01857800167247223,0.049822417613477665,0.01607520708095642,0.02540228161921157,0.008982850863636082,0.020618443590723408,0.009688218144835515,0.0016603473133928516,0.006620115297081538,0.006521932747302133,0.001243196513235423,0.010866764753338554,0.01926944249715138,0.008505247305992178,0.008926179009315919,0.00808993475607588,0.005019187966192636,0.004897436536575409,0.0022926624351865235,0.010337683966100134,0.0028550550777563305,0.006758058726567948,0.008096484390770813,0.001924264619638613,0.0032152813422039487,1,1,0,1,0,-0.04397837193103085,1.0,1.0,0.8651007197285056,0.9383310159723115,1.0,0.9501588982007342,0.9009721623120364,0.8568037540135266,0.786571727977261,4.9803923182189465,73.28235480561852,0.11764705926179886,0.03529411554336548,0.5806885231259338,0.14509804546833038,0.3686274588108063,0.0732410635032198,0.15395452690255992,0.16078431904315948,0.04313725605607033,0.04313725605607033,0.028330300765417846,0.059159041967554754,0.1921568661928177,43.48595279932857,128.65724836237194,0.0,43.39705882352941,129.2310924369748,0,40.0,124.0,0.0,0.0003234338800473948,56.99757808716561,27.63363940335756,12,1.0,37.86407766990291,30.769945674371993,9,14,0.0018468750000000006,0.001976750836455145,0.0018323200538689147,0.0020161290322580653,248.6125,407.355614973262,292.0,329.6693548387097,0.3954282670995734,-0.0016723905378776768,0.26832996239303986,0.22597843136577966,4.883319047625605,5.2259673129062945,5.014505350786704,5.109318646944871,0.0003145914127423825,0.00024033475157933697,0.00028537582684466965,0.00026222428481155957,9.228709564709824,9.131040649692501,9.221289700665828,9.099511297609011,-0.3588676809978572,-0.36678599662808775,-0.3521478585640904,-0.38608842378159114,0.9911275052463523,0.9916897714083496,0.9902399249231727,0.9935494034539979,0.07716940327562025,0.080822755963945,0.07370975437361202,0.07625064626862782,84.0575,84.63903743315507,84.87022900763361,84.17473118279571,6.319382835822529,6.097868043575609,6.306299247905529,6.275930297434019,573.8291937499998,405.9953744745353,506.17399918419414,522.1657055728974,205.6104234375,203.33774736195005,199.54349979604945,212.9587651029019
1,15,241,306,170,154,153,136,160.95020746887965,144.1701244813278,1.0154714881092792,250,0.5356956443924578,17.517155313611116,1,0.7875816993464052,0.9847642318957809,19.071989117681035,18.601075237738275,8.06225774829855,3.212594091629526,2.8284271247461903,15.556349186104045,16.104600109324508,-39.748143504602886,55.45584412271571,0.964,0.8656811879600128,0.038507761823654195,0.10333280608545725,0.0574055051332639,0.020862847813588412,0.020693645899453307,0.05665966511658947,0.029471885133903176,0.006666623111106631,0.0058677448436007616,0.014864300187537387,0.0023805213551116497,0.014707381048799041,0.009613739350284776,0.006717459482008444,0.0061700386527706475,0.006877270195404859,0.0110675383328568,0.010711857121162141,0.004581375134625436,0.009329625321923624,0.00850623640829355,0.005109245313347013,0.007559379401102626,0.007824961822046641,0.005018034567851829,0.00488784544531188,0.011149811956027034,0.003940324220646562,0.005061805769138848,1,1,0,0,0,-0.36156771542804417,1.0,1.0,1.088096754044032,0.7587938431437046,1.0,1.0,0.9086479613762753,0.884793257488524,0.8441988488233896,2.9254902973771095,27.19607924669981,0.08235294371843338,0.027450978755950928,0.3819794816382639,0.0784313753247261,0.2549019753932953,0.06094771452868978,0.11284680185352618,0.11372549086809158,0.0470588244497776,0.0470588244497776,0.00742161214945047,0.039813122161885046,0.13725490868091583,161.25767843630956,143.94347512972857,0.0,160.95020746887965,144.1701244813278,0,165.0,141.0,0.0,0.00046824399109346963,131.66442094445372,24.490985141539035,18,1.0,15.151515151515152,28.650937207130262,13,15,0.00417512654065029,0.004511718750000001,0.004030470914127423,0.004326663061114117,153.91978609625664,248.66875,125.90526315789475,152.8313953488372,0.19742555090107888,-0.18010236395122156,0.36159884713110024,0.16545255418607258,4.495884512803434,4.876713695100138,4.379417045639595,4.4267512868604095,0.0005889054403452867,0.0003693899219467403,0.0006493034093134821,0.0006492850229022116,8.104250409027651,7.951523954221798,8.123148750536595,8.01336039418667,-0.3810534719167885,-0.41854530797810735,-0.3828861034481185,-0.38883229348132164,0.9889199255438382,0.9925406435981692,0.9892668971994433,0.9894928543068126,0.12069506956669716,0.08458781145202604,0.09814600838564942,0.09728607965227434,62.19786096256685,63.11875,61.94736842105264,61.92441860465116,5.631089386217808,5.392729720819963,5.635384132492204,5.530575441918978,229.6453430181009,172.7671484374996,268.53407202215976,213.4303339643052,95.89128227858942,105.35897460937508,98.60983379501374,91.56543232828585
1,16,665,945,74,182,47,147,59.64962406015037,163.57593984962406,1.14317886149071,690,0.6831099243308945,29.098183744847088,1,0.7037037037037037,0.8747537534905045,34.11967407226947,34.713109915419565,12.529964086141668,4.873532021855016,4.242640687119285,24.66576574931336,24.918129206535504,13.377697601104282,97.74011537017762,0.9637681159420289,0.7026591678413967,0.018204853866973566,0.18126252129951398,0.0793891534401183,0.0035884156673660498,0.006687674580184107,0.045750367457207945,0.007737895769711917,0.026810036726334828,0.005651386133122401,0.006153506010709993,0.00367849360538096,0.020734899391954203,0.023344289256358286,0.01210643605716765,0.01419856391827823,0.0029098774793511425,0.002782914397804296,0.007663590181843251,0.001727651201725886,0.01666746670083313,0.007638526161141236,0.004088890189641239,0.007566765441949949,0.007864170765785284,0.002618319241992324,0.0030454196942645696,0.0031356196435930834,0.0030697150961270063,0.0016580465119503886,1,1,1,0,0,-0.2439418307780579,1.0,1.0,0.8136850071997532,0.8201135492617787,1.0,0.9583191824201777,0.8168929545758646,0.7364208841763755,0.6640538831303776,4.929411917924881,118.39608182758093,0.10196078568696976,0.07058823853731155,0.540052707664632,0.08235294371843338,0.38823530077934265,0.06011477948688879,0.17803922079335477,0.16470588743686676,0.04313725605607033,0.04313725605607033,0.007376224425676576,0.08891846480209646,0.24705882370471954,59.3567950650807,164.0297108344858,0.0,59.64962406015037,163.57593984962406,0,57.0,165.0,0.0,0.00026772815156895455,150.69688838498226,29.550317005654094,20,0.0,0.0,37.99624219010061,14,16,0.0012388392857142854,0.0011438016528925621,0.0012143414600053574,0.0011432338789995646,303.4732142857143,373.76363636363635,230.0733788395904,508.0131086142322,0.678000999869942,0.6182608445745377,0.7582256138453441,0.4813699686833025,5.042249500103363,5.1656700237964355,4.876932960501499,5.454170802674991,0.0002463010204081631,0.00022813223140495838,0.0002978497128679422,0.00016252296988315162,9.779650896374488,9.851897512945687,9.814110693968392,9.846717162948805,-0.4302568847688598,-0.4212058661788678,-0.42514154970436124,-0.4237595343960834,0.9976493299715956,0.9973905330770804,0.9974979372992001,0.9974870826069681,0.060770035660745625,0.0576788916697618,0.055952380317366046,0.05366486555696919,99.85535714285716,99.64363636363636,97.80375426621161,100.75093632958801,6.953676292535347,6.993154883500026,7.014182393723526,6.948290212014978,1581.459435586734,1584.4511867768597,1673.1338425607737,1451.0447088611145,471.2331624681128,489.5537057851234,475.8018053500932,489.76445436883887
1,17,551,930,114,181,83,151,97.63157894736842,165.8747731397459,1.1667731262748489,576,0.4831994008550165,26.486883341553696,1,0.5924731182795699,0.8570646490570926,28.72742781267783,30.4138126514911,11.40175425099138,4.34694214624744,3.605551275463989,23.574758339572238,25.151159821992284,-59.77154712062509,89.88225099390857,0.9565972222222222,0.7505996049357477,0.012280006571705155,0.16534866771546197,0.038913561125574606,0.000811321132222995,0.03119938456195512,0.05892535749631644,0.008696851300870532,0.04131694586322769,0.004763293697154833,0.006897427728357612,0.009121056814318337,0.006986797229849465,0.013754241831873713,0.00812447454500552,0.016389309751222544,0.0020760535828093707,0.011673459189167434,0.004699947764140238,0.012529502314943082,0.01958516572742994,0.003386363308141807,0.009391207474865338,0.0037940836837959337,0.006896596168762725,0.0017622473304788834,0.00614327198108191,0.0020844216766386483,0.0044964266624960775,0.007441895755726121,1,1,0,1,0,-0.4206492375319031,1.0,1.0,1.008540847795985,0.7675767393045881,1.0,1.0,0.8798479956257937,0.8069509632344037,0.7681279390332031,5.560784447938204,84.88235536590219,0.10882353037595749,0.043137259781360626,0.5520374293922148,0.19607843458652496,0.2980392277240753,0.07943977782768863,0.1540514616441056,0.14901961386203766,0.0470588244497776,0.0470588244497776,0.04109067190407462,0.06238237237645124,0.19607843458652496,97.2527604457035,166.2763224720157,0.0,97.63157894736842,165.8747731397459,0,92.0,169.0,0.0,0.0002795852298441118,162.90370559254876,20.30021604782138,20,3.0,66.66666666666667,37.15433717657492,16,17,0.001683728448275862,0.0015160123966942132,0.0016709254209492578,0.0016040318504171476,161.89655172413794,348.81818181818187,186.70960698689953,184.3020134228188,0.650100755564843,0.25142660389891136,0.5917053039367723,0.628420579898358,4.632483176574602,5.150886033896285,4.741485407544842,4.715694176624076,0.0004480661870982608,0.0002708566522025791,0.00040823813922437823,0.0004527751224547969,9.35191733666179,9.476168321444792,9.380560447428905,9.411404231425745,-0.3878517984126634,-0.362153242792382,-0.3805499477566891,-0.38779748066808634,0.9944287730060674,0.9924029563690171,0.9938953987502531,0.9945821320871726,0.06694324587848124,0.06809926405342316,0.07709236801236527,0.09397673278701932,84.125,85.49545454545455,84.67903930131006,82.82102908277403,6.508559693278001,6.337684864383074,6.50824660498564,6.592181991964965,763.4929956896558,583.1363429752064,727.872966762644,807.6905644890894,231.34738685344746,232.98863119834687,228.6456434373872,247.99814447797667
1,18,355,484,184,177,162,155,172.91267605633803,165.54084507042253,1.042134456132841,367,0.23011211596410838,21.260292528114064,1,0.7334710743801653,0.9595690787451805,21.580162276902968,21.840329667841555,10.0,3.817577161082952,3.605551275463989,19.79898987322333,21.001039738446032,16.596235279875724,68.18376618407356,0.9673024523160763,0.9448508910648632,0.008346490458019004,0.04959648159718743,0.011452168110707626,0.007147219381187053,0.007048787831771804,0.03978571900645831,0.00871079464776309,0.028146587418841084,0.005579391756160995,0.004661059410080638,0.009467440833293502,0.027902617797237392,0.006390791981977794,0.0182772252947842,0.008023977922110782,0.004239767698635544,0.002041058060487938,0.007537986345472029,0.00317081006230628,0.0163578087792077,0.00558751998654127,0.009006587204755933,0.004829038608750763,0.001916293123398441,0.0037766308394754215,0.001566485411226846,0.007374218655447437,0.0013407885949389814,0.003930261626994445,1,1,0,0,1,-0.41387323547507127,1.0,1.0,0.4576672771051052,1.6615558601257472,1.0,0.9149621921700134,0.8720319640138093,0.7532207161924961,0.7504725245664463,3.494117747992277,52.792158383876085,0.0941176488995552,0.0470588281750679,0.5763903910552055,0.09019608050584793,0.3764705955982208,0.061300311368285565,0.14871030530669319,0.13725490868091583,0.04313725605607033,0.04313725605607033,0.011744774206885881,0.07102988645049438,0.1921568661928177,172.4819491831947,165.92385974853937,0.0,172.91267605633803,165.54084507042253,0,172.0,172.0,0.0,0.0004189022684695583,84.62125604774299,24.490985141539035,15,0.0,0.0,33.5299753743965,19,18,0.002244944385244428,0.0021998217865894397,0.002125624402168138,0.0022712709149163386,317.5017301038062,426.72388059701484,311.5567010309279,521.0150943396227,0.4998563207768223,0.3631597731122053,0.5082271139817447,0.2105740695473252,5.078235063587751,5.245166311959043,4.9688032470890935,5.366870724039461,0.00025821751636591887,0.00021121883156429583,0.0002775729459875919,0.00019275758373637775,8.903197914289667,8.894447399412991,8.952040677952393,8.858320672083911,-0.4843651917032716,-0.4962885067216092,-0.4778647481645962,-0.5007082729791268,0.9983097070787152,0.9985891042643057,0.9981876190111258,0.9986520621058887,0.05236134790362348,0.08630063164010589,0.054073351108168126,0.06820398645357115,83.25259515570934,83.71641791044775,83.00687285223368,84.23018867924529,6.532537881755733,6.501916351274541,6.4243576067413795,6.342531182634333,952.140347936449,913.4046558253522,955.5188531075446,798.9696546813802,317.4105195100633,335.0321341055917,316.7688885346181,329.99618725525056
1,19,415,552,154,191,130,168,142.24819277108435,179.10361445783133,1.2509426334072482,451,0.5447486183063188,22.98683125324351,1,0.7518115942028986,0.7993971692181082,25.322389697193806,25.80697580112788,9.899494936611665,3.863987922330993,3.605551275463989,21.768891000338428,21.235340643166538,-50.838370924404195,80.76955262170046,0.9201773835920177,0.7896293329526136,0.03304836717833721,0.14247736694360147,0.05698668060320635,0.0173343421316291,0.03061938430688684,0.05400806352505411,0.010771635920229491,0.012537700906726696,0.006629273398920722,0.004686498454181127,0.014665555946728364,0.004706245707165918,0.01437518825422281,0.003594340366588087,0.017435010279474326,0.0034517577453748705,0.007022961668876149,0.01522863996831386,0.016800516611367843,0.020333456315423683,0.00994117152302301,0.002501291446540423,0.015469078001262793,0.014952668768929185,0.002089321128691781,0.0038442482091359024,0.005551435429516437,0.0003293418558344876,0.004429243989421497,1,1,0,0,1,0.0011500299162949552,1.0,1.0,1.1007649288175094,0.7600363384568058,1.0,1.0,0.9146700749451281,0.8388078220353417,0.7975293780992758,5.827451162040234,60.20784482732415,0.10882353037595749,0.03529411554336548,0.43127455671184056,0.16862745583057404,0.30980393290519714,0.08324930231486048,0.14507914416222686,0.1411764770746231,0.0470588244497776,0.0470588244497776,0.035145479945255534,0.05507784412969349,0.1764705926179886,142.3096463155361,178.67674069998094,0.0,142.24819277108435,179.10361445783133,0,142.0,175.0,0.0,0.00034958829918608884,87.46024922122481,33.5299753743965,18,1.0,36.170212765957444,33.98699475794742,15,19,0.0021464305029745816,0.002034473920287069,0.0020867155691931074,0.0020398518575672243,171.53779069767444,329.8627450980392,206.51020408163268,274.13043478260863,0.5311610642364848,0.11505409462239725,0.4558577464543443,0.27880872540014096,4.6472524908694055,5.0675386344858495,4.831853509877416,4.97569316779184,0.0004073992698756087,0.00025384867999487387,0.00035172286844767077,0.00029271030245746707,8.992954725556864,9.022894746280356,9.07429738274673,9.027330270965045,-0.40509806513339586,-0.39594511023167855,-0.39572841188631047,-0.404142021064058,0.9947988993211019,0.9941695005629341,0.9942985642542803,0.9948191919460696,0.10028817431947748,0.0549146102774898,0.09311238540764806,0.07491424034318063,79.24127906976744,80.0718954248366,78.31778425655978,79.85714285714285,6.30691766327644,6.041214154916833,6.323524144162095,6.155462532270839,560.2179472011885,415.6353539237043,552.5200044199264,486.0851818988467,182.938934474716,186.3745247554357,189.75755212538934,190.05390417036415
1,20,255,400,95,191,75,171,83.74509803921569,180.68235294117648,1.1303389125159238,272,0.6487624283570091,18.01877032173579,1,0.6375,0.8846904135806368,20.826194189505326,20.0,7.615773105863909,3.1324041351195784,2.8284271247461903,14.849242404917497,15.84854647206756,41.57671169833558,60.18376618407356,0.9375,0.7989657688701947,0.04696059131600046,0.12014708281723188,0.08816187647593317,0.0059047963644002855,0.030073653465125035,0.03185769482015137,0.018251424517688495,0.0021821653880003595,0.01614752485026218,0.021487896327444175,0.019863829494841716,0.008557554468622348,0.008571612256480704,0.010178813993246685,0.006825307677710519,0.0059096123612591605,0.011634893966429699,0.018859661451738872,0.00769324530280249,0.012082523255352591,0.004684500525438255,0.007413554906208879,0.0030836719095149725,0.007911025079557092,0.012262012517017995,0.006816326660882307,0.010516171789097375,0.007261507483673491,0.007176021588636337,1,1,0,0,0,-0.1962924485944245,1.0,1.0,1.2083152146086207,0.7369940484209497,1.0,1.0,0.9436742667801407,0.8931374868790953,0.8604848188043114,3.2078432217240334,26.200000822544098,0.07450980693101883,0.027450986206531525,0.10326753833430832,0.13725490868091583,0.16470588743686676,0.06546618819844965,0.10274510126487882,0.10588235408067703,0.0470588244497776,0.0470588244497776,0.019247658560814965,0.03099815201670096,0.13333334028720856,83.83580301825081,180.63298907532436,0.0,83.74509803921569,180.68235294117648,0,81.0,180.0,0.0,0.0004029219657446228,97.78881731551411,20.30021604782138,17,1.0,41.333333333333336,29.550317005654094,16,20,0.0052842565597667635,0.004185213179922174,0.004667891031527397,0.004705882352941176,69.36224489795919,94.8095238095238,53.7929292929293,100.88235294117646,0.3660127974231461,0.16152346295914138,0.5144141805285353,0.17081236782200235,4.041774414870821,4.224731693121758,3.877454639788871,4.293158463355484,0.0010694457803209366,0.0008204925835219345,0.0011557192015097192,0.0008191091790007134,7.854206527656219,8.040923244258211,7.950046047029017,7.873981818439738,-0.33244183668400484,-0.2929554048959209,-0.31749433722080644,-0.32973391969513144,0.9779326760625832,0.9678334494657026,0.974798860855793,0.9774193341425994,0.1853321984551594,0.14774081619531157,0.12703024480426262,0.1001495570838372,56.61734693877551,56.756613756613746,56.32828282828283,56.56470588235294,5.250256677451986,5.274427116564139,5.3658989403732935,5.25143476367789,149.45051541024532,131.33758853335667,167.76596775839243,142.44581314878906,54.70319007705143,56.5367780857199,55.389724262829986,60.83204152249141
2,1,273,437,51,26,32,3,39.43956043956044,15.732600732600732,1.2450581432353292,283,0.7893980432939307,18.643883600599406,1,0.6247139588100686,0.8031753419976544,24.87018373516003,23.853720883753127,7.0710678118654755,2.9515600042019035,2.8284271247461903,15.556349186104045,15.267350420460836,31.4091237413752,65.35533905932738,0.9646643109540636,0.5903154231927769,0.09583227716196112,0.13231598625740523,0.10259174834505357,0.02600117612566428,0.02519184706381545,0.023774072620081695,0.030193254712550698,0.02302653968104395,0.010523961229802667,0.015564100891961467,0.028197715501900995,0.0022504339955664344,0.012001432548452325,0.010172010961685555,0.015589483095630711,0.00942309836447431,0.012565053372867754,0.005119515698133824,0.009612521623677449,0.00788608734396853,0.0057156015266531714,0.008044860415942564,0.0020660610877217805,0.009537253522058897,0.009687478219783163,0.005171203522648176,0.006728743413609117,0.006154018649466674,0.01357980029352636,1,1,0,0,0,-0.21977130138751289,0.9922804466051854,0.9824865081735896,0.8229276584970976,1.0810946157485943,1.0,1.0,0.9432193068167181,0.9051406666281445,0.9105192245679278,7.545098222792149,43.18039317429066,0.125490203499794,0.0313725471496582,0.657844750159976,0.23529411852359772,0.23529411852359772,0.13718360405076635,0.15816993836736504,0.1725490242242813,0.06666667014360428,0.06666667014360428,0.0568362635760039,0.0428119515022697,0.1921568661928177,39.24330215458928,15.104713480864227,0.0,39.43956043956044,15.732600732600732,0,34.0,11.0,0.0,0.0005793770636167218,120.0562016713514,14.588629911470461,2,2.0,52.5,23.96312785010187,6,1,0.00447352766210589,0.0037001784651992864,0.003783007544581617,0.004309018159433671,35.234146341463415,134.41463414634146,98.71759259259257,68.66666666666666,0.8312895519704576,0.28905273169620743,0.4792684766823853,0.6631791582875869,3.6152009608442537,4.399557824528578,4.2304538456443606,4.017678932996007,0.001208517792403231,0.0005921789620817006,0.0006813551086795029,0.0008385033950546053,8.006827158092854,8.253216304455425,8.230333046034774,7.989404196134492,-0.4296909748001911,-0.3510542631874064,-0.37495689623357675,-0.4272797781175897,0.9937294915867557,0.9850010644892733,0.9887295825973643,0.9934679238593569,0.1988838909121681,0.07072177883742696,0.0842987137724883,0.10895907384493023,82.00487804878048,85.74146341463414,83.91203703703702,83.05263157894737,5.681789008255249,5.622279813241526,5.56665689046502,5.604856823356328,382.45363474122587,243.71364663890563,280.43207733196414,339.06740535549307,104.42194527067204,94.5320701963119,94.78741748113907,101.93351800554024
2,2,312,504,34,28,13,4,24.89423076923077,16.85576923076923,1.2354603402833053,331,0.5734380237145942,19.931149940667517,1,0.6190476190476191,0.8094148936992089,22.94729060886926,23.769728648009426,8.54400374531753,3.257043189869681,2.8284271247461903,18.384776310850235,18.799543608965475,-22.95908849200648,69.59797974644667,0.9425981873111783,0.6654272248997045,0.09649804868274835,0.14699539555940908,0.05856173672430908,0.0059214310584489865,0.05495831383527637,0.000587007448442944,0.01735321564001742,0.003537382452250586,0.023543737951120317,0.021288822788505784,0.02142638256870075,0.011446138942949623,0.013955500308504428,0.013084289504101308,0.02380935361169777,0.007341581310647491,0.005300245728507289,0.0048133119097691695,0.01379303477889039,0.006726890485857002,0.004331478537703234,0.008067374748895599,0.004086613153171065,0.00835642090585008,0.003508426847916457,0.012371382703110228,0.0036854891773806147,0.0024257665112270813,0.01196354519871327,1,1,0,0,0,-0.4940278262177203,0.997711670419979,0.9694656482677163,0.5158631688691201,1.6470733332202971,1.0,0.9694656482677163,0.9217724605534962,0.7938713465846743,0.8172458534349947,8.741176720708609,58.631374057382345,0.14901961386203766,0.03529411554336548,0.84098932789826,0.4000000059604645,0.45490196347236633,0.15070994346049324,0.18792107069673827,0.18039216101169586,0.05882352963089943,0.05882352963089943,0.08572915346718807,0.07033044680835598,0.21568627655506134,24.47368068287475,16.127483109451028,0.0,24.89423076923077,16.85576923076923,0,18.0,15.0,0.0,0.0006023111240280073,119.22303449457755,14.588629911470461,1,1.0,36.470588235294116,24.603233830765422,7,2,0.0029166666666666664,0.0028772309356408857,0.0028094792146156414,0.002582491082045184,223.42499999999998,370.02790697674413,277.2828685258964,463.5474137931035,0.576085091827675,0.22550861522015828,0.4566134951951848,0.2730554297807505,4.77005088850677,4.983881349337529,4.857668238892531,5.124626085584886,0.0003115640295127477,0.0002625423823299321,0.0002914795565624468,0.00024263408246151627,8.557830439313442,8.52256598910422,8.632742358662691,8.67043886148823,-0.4787338657806538,-0.4659038979966223,-0.4621606588048666,-0.48156267572697553,0.9977077060705201,0.9971723996819449,0.9972065447500937,0.9979535972876566,0.07680844538935915,0.06698416427847964,0.10359603122711994,0.06202825331191229,98.11666666666666,96.82790697674419,98.33466135458167,102.07327586206898,6.2803201180973165,6.066599801896155,6.175640743907371,6.20301711075996,830.6780555555579,585.5099188750683,743.2903922159967,811.7834237514835,263.5257638888893,238.88445646295258,255.14331518547397,318.83270938614714
2,3,150,224,172,27,158,11,163.87333333333333,17.346666666666668,1.0484714254752916,158,0.46868951209587495,13.81976597885342,1,0.6696428571428571,0.9537694358686805,14.882070618136888,15.524174696260024,6.324555320336759,2.564603045334794,2.23606797749979,12.020815280171307,13.146270138759176,-35.04132344002654,44.4558441227157,0.9493670886075949,0.7924727456857859,0.1184579430474311,0.10877592708417357,0.04577246869051815,0.04387797486420069,0.03501029725133489,0.009362696890370118,0.032547525933446515,0.004402094321315799,0.01348697639447693,0.01181489973698603,0.006407804215819604,0.02540717425606596,0.01996967488672426,0.005194409774573592,0.01828187672730354,0.006796786890088559,0.015199208741101512,0.00235302783325497,0.00913557674661654,0.019872294890116833,0.01470961414009685,0.010793631476474167,0.0032754578118632744,0.0013587936311011766,0.016037770607794852,0.010580136033470628,0.00710532236892255,0.004281672415630474,0.01066751589489592,1,1,0,0,0,-0.18230547232020267,0.45240625381505584,0.9514192136041476,0.4176918104396979,1.9626232561486445,1.0,1.0,0.9054124259539309,0.7740465726606613,0.8200690941243048,3.8588236197829247,26.074510350823402,0.11372549086809158,0.054901957511901855,0.29551133109707695,0.24705882370471954,0.2666666805744171,0.10429253026440337,0.17383006900548936,0.18431372940540314,0.05882352963089943,0.05882352963089943,0.05490543860854914,0.06346886011424671,0.23333333432674408,163.97698901933072,17.6234020015395,0.0,163.87333333333333,17.346666666666668,0,163.0,18.0,0.0,0.0011588671267032625,17.591136901670502,14.953715033603357,5,1.0,47.27272727272727,30.85687242367264,8,3,0.005759637188208619,0.007322307789420527,0.005701303155006858,0.006564670138888888,346.18095238095236,307.69662921348316,308.787037037037,629.6145833333333,0.23042582864201083,0.3443066406552124,0.301980832677066,-0.2971901354112446,4.890616618489629,4.762862959349831,4.839320003006403,5.117587277381383,0.0003354923149684156,0.00041021554984223686,0.0003590342658932359,0.00025543915844010364,7.5165799224074235,7.194834554561903,7.541924539200503,7.345379167387822,-0.5725200793999746,-0.6449224434990813,-0.5741080963664577,-0.6027880152155197,0.9987957541368048,0.9994693251629426,0.9988474679932305,0.9991156180431717,0.06233024129053959,0.07233801771445784,0.06795196677760819,0.05507010077262403,97.51428571428572,96.03370786516854,96.75,97.65625,5.856730279406049,5.486530059985412,5.7231914095471526,5.613251953688403,553.4878911564629,630.8415604090405,575.9652777777774,341.1214192708321,224.9172108843536,234.6345474056302,221.18807870370347,242.6840006510406
2,4,310,418,110,38,88,19,98.76129032258065,28.06451612903226,1.1849333316906348,331,0.6787206254572327,19.867165345562018,1,0.7416267942583732,0.8439293361536414,23.334169586548292,23.430749027719962,8.06225774829855,3.3498614034436938,3.0,16.675916973184766,17.13653395804947,-65.5108024098017,67.94112549695427,0.9365558912386707,0.7142482185661782,0.0575082825732567,0.16504189547247708,0.08204117964515456,0.02633216100303668,0.011455251083840289,0.030651863757444137,0.008910615548850963,0.01278730128329173,0.009981048292564283,0.016309095118609687,0.009050446180969141,0.02815150697450489,0.013777891942851807,0.009327555455200788,0.01360866469698529,0.0030988714074124697,0.008124013277929292,0.010696400644515297,0.008205744218217782,0.0205745014260009,0.003878460111929193,0.0016387251405219642,0.004127976595363254,0.014846731314968551,0.007566991961201903,0.00557478089772823,0.0011788032582531124,0.013515953336985671,0.0003050509440673754,1,1,0,0,0,-0.05298529558033972,0.0,nan,0.2798133104173719,2.6139445952115317,1.0,1.0,0.8552289111306609,0.7704469616174139,0.8557452706312056,4.419608011841774,38.76470698416233,0.08235294371843338,0.0156862735748291,0.9687618164670292,0.09019608050584793,0.40392157435417175,0.076200138135203,0.12504744188439462,0.0941176488995552,0.062745101749897,0.062745101749897,0.007394614623570403,0.07216217521024046,0.13725490868091583,99.72797168243953,28.12797166894708,0.0,98.76129032258065,28.06451612903226,0,101.0,27.0,0.0,0.00040337884478836976,49.628009855687154,29.52784034389841,9,0.0,0.0,35.60122198369583,12,4,0.00492849319852066,0.0037285775252128214,0.004005148266693763,0.004374735213394977,306.8207171314741,580.4644549763034,395.90534979423876,605.2532188841202,0.5981934389124285,0.2928907756912895,0.492094537080254,0.2466988244834382,4.743229378446758,5.165736752280822,4.989574205835,5.159743233078673,0.00045469686589928265,0.00028528314674718363,0.0003333641346505827,0.0003111889759179479,8.095998237495794,8.242240894786294,8.240541182721685,8.167714337895331,-0.4486379785528102,-0.44975198694257706,-0.4468295365370714,-0.45248682388954914,0.9953615940802215,0.9958033179169409,0.9956273192920215,0.9957780140674884,0.16864907806075866,0.0980292055266089,0.1196159509111549,0.12122886519331805,68.58964143426294,71.36492890995261,69.57613168724279,69.99141630901289,5.881083366809118,5.915131462003323,5.965436692763351,5.935254095001984,1220.3853907080838,1061.3312818669847,1163.067249233689,1001.682329753723,381.8015269598902,410.44893421082224,389.74314975698144,401.73388715946135
2,5,331,600,182,44,158,19,169.2688821752266,31.293051359516618,1.1774547496296575,347,0.5545839503927904,20.529059630371258,1,0.5516666666666666,0.8492895377206878,22.87807090456214,24.186773244895647,8.48528137423857,3.4506627562632386,2.8284271247461903,16.884087129307442,19.037478348633037,-45.24512766379868,69.9827560572969,0.9538904899135446,0.7138437671984873,0.018522405526722734,0.1804172066429788,0.04761082332490263,0.0055636363970384935,0.0078119581572345265,0.05532796249141179,0.011298727737218848,0.03666913969228422,0.004664840490404139,0.0007683497246971477,0.01602549457263083,0.00942606872896475,0.022688970263140245,0.015238066929663039,0.01610457250089318,0.005348705642194388,0.0021358491924903665,0.005084617968761338,0.005471268400384606,0.010861218329154139,0.0034760591800439655,0.013251358981271924,0.0018397228293781324,0.005438008196930384,0.001654938192854555,0.0015136708405758456,0.007193208074787441,0.0030895086331636863,0.009186445133542059,1,1,0,0,0,-0.2707568773476559,0.5084968958185282,0.9666944211815476,0.39534624912052074,1.9977703405861333,1.0,0.9768078176042517,0.8887131206159573,0.7335788246166695,0.7845486449796665,6.396078646183014,62.72549196332693,0.13235294818878174,0.05294117331504822,0.5497582258619574,0.27843138575553894,0.4470588266849518,0.12068072917326442,0.1895029968680572,0.17843137681484222,0.062745101749897,0.062745101749897,0.059583897243518744,0.07993360752477503,0.239215686917305,169.56611441653104,30.830572060918264,0.0,169.2688821752266,31.293051359516618,0,171.0,30.0,0.0,0.0005725166068521365,147.1813326892252,14.953715033603357,3,3.0,85.8695652173913,17.206546461804244,8,5,0.0023076923076923075,0.002288095075472988,0.0022263313609467454,0.0021407968271137555,344.9923076923077,380.2685950413223,502.80384615384617,842.174418604651,0.5664457923761836,0.5472752306611779,0.37193111833409237,-0.006557061827536659,5.150333535025645,5.10758737627188,5.314336875105459,5.68024960519976,0.00020197760651446855,0.00022194192991197394,0.00018576973411930524,0.00011668176931983767,8.831945601473347,8.811425220745672,8.869464399558591,8.90657609263256,-0.5532736747139014,-0.5595946126326281,-0.5443586827150771,-0.5405216328082525,0.9994174431213861,0.9994682427250918,0.9993421634126816,0.999317640199184,0.08794404155073553,0.04013245686695336,0.05083681214968046,0.05569178805975755,104.17692307692309,101.7809917355372,103.6423076923077,103.53875968992249,6.5703428406320805,6.55231807284499,6.51480991025613,6.452860736823654,1246.4686982248513,1299.6421180247235,1098.306671597631,831.2019860585278,397.8652514792898,419.97767826651216,400.27762943787,418.34410116579556
2,6,373,460,65,46,42,26,53.002680965147455,35.48793565683646,1.0364013693566607,383,0.5353308896217079,21.792621462004423,1,0.8108695652173913,0.9648771504622224,23.727437242618656,23.08679276123039,9.848857801796104,3.886971445740412,3.605551275463989,19.0,20.04120030731145,79.04906097189448,69.698484809835,0.9738903394255874,0.8910287995989038,0.0009539569314810625,0.08472009516077274,0.06742861622674778,0.001419101979180008,0.0028230666082805834,0.047692516882518084,0.03691382568824612,0.009198751984050155,0.0027990731292086703,0.00117010159832658,0.00531089089160897,0.013805939860941467,0.010967146623552148,0.008046224396304057,0.005059182185700639,0.002195490060861985,0.003116977655260764,0.005809968828669234,0.0075674400356801515,0.005686609485379292,0.007976973343538134,0.0123497123839467,0.0020104283911229863,0.007388121421214266,0.001048472736252364,0.0032476867546450375,0.00458255675117726,0.0023609058166037243,0.0032821231970391555,1,1,0,0,1,-0.6025539615933487,0.30270951520259826,0.9151248837586683,0.396011442922442,1.7719592980264773,1.0,0.9703115453846753,0.8376849995143179,0.7552712691975604,0.8129902958736612,4.764706041663885,62.7882371135056,0.11372549086809158,0.043137259781360626,0.6591014977343486,0.10980392247438431,0.43529412150382996,0.07810993510924402,0.1683330753713287,0.16078431904315948,0.05882352963089943,0.05882352963089943,0.011824450526623329,0.07457421468724389,0.20392157137393951,53.63225282137895,35.29286115271844,0.0,53.002680965147455,35.48793565683646,0,56.0,34.0,0.0,0.00045129510823412516,99.7647038138254,21.927618638854796,10,2.0,30.48780487804878,23.96312785010187,1,6,0.0020057365084873795,0.0020706424690670076,0.0020559210526315793,0.0023068201071302892,287.0958466453674,572.626334519573,365.5197368421052,453.4945848375452,0.5979571446495211,0.22898507347953614,0.49016371451523033,0.3840159544609027,5.045484526199223,5.393132790689595,5.121662887494027,5.258266638820752,0.0002435424895442769,0.0001757186494676138,0.0002186210356718864,0.00019432022848237947,9.050339773422543,8.970725252605266,9.010214807830131,8.853743790566682,-0.47359208817592346,-0.4916547495304141,-0.4765907174211635,-0.5072789800084079,0.9981787951487424,0.9985563133144333,0.9982177058007865,0.998781534955343,0.07154426811601088,0.04861357384126247,0.05125707960337527,0.05567654815811235,92.00319488817891,94.64056939501779,92.72368421052632,93.76895306859205,6.636291884711507,6.511760053906787,6.53637025953823,6.375039258869852,1141.0894466616974,912.7569306366422,1068.3512811634337,1018.9285667739714,357.046323326766,371.3458162890538,358.46775450138557,368.105787902879
2,7,371,506,27,51,4,29,14.571428571428571,39.18867924528302,1.0389855152786824,383,0.3375826615887743,21.73411767467788,1,0.733201581027668,0.9624773255205338,22.447126405664658,22.80350850198276,10.295630140987,3.8831600457361057,3.605551275463989,20.506096654409877,21.129387757181565,-87.41459923815917,69.59797974644667,0.9686684073107049,0.9010618316587305,0.03543911287043091,0.08260989117172214,0.019799247676865556,0.023072808820204654,0.021377469242902118,0.05633404031213197,0.013135974452615362,0.016800957983361557,0.008711213086964289,0.0066095769801309484,0.007652683921821931,0.029429928365606567,0.008017323335280298,0.00784240768328598,0.009592294606533448,0.0024111083475808837,0.0047621214490847575,0.002221934184114491,0.004024299524753653,0.009525226057641624,0.004595693963830428,0.006462618056980798,0.008800506801707778,0.0017206997460009995,0.007587315698791893,0.008290305299934398,0.0032251602296902602,0.00394745293944284,0.006357735456881055,1,1,0,0,1,-0.24013800174480462,0.9877749142985409,0.9434720710841689,0.608683554867373,1.3416963958640415,1.0,1.0,0.903697146054621,0.8253434595814239,0.8610305582423098,4.490196231752634,65.8627468906343,0.125490203499794,0.047058820724487305,0.35717241967931285,0.10980392247438431,0.3450980484485626,0.07741717640952818,0.1775276196513054,0.1764705926179886,0.054901961237192154,0.054901961237192154,0.013219903304394006,0.06851812858376999,0.21960784494876862,14.21762428044124,39.13974397110858,0.0,14.571428571428571,39.18867924528302,0,13.0,40.0,0.0,0.00047851110418141614,92.23167709276336,24.603233830765422,2,0.0,0.0,25.50908320246422,10,7,0.0021038916655987012,0.002260609668063981,0.0021270996886101476,0.002045313509200745,319.1274509803922,407.2846975088968,329.1258278145696,450.00355871886126,0.4127894632541295,0.2968906917411002,0.4037833754161257,0.21632057131287188,5.089953654673073,5.23205880491933,5.058190427814109,5.299609782442602,0.0002747802886193718,0.00023874647159890616,0.0002605883088924472,0.0001966264035066934,8.982013128619156,8.891491578204944,8.982496750864337,8.984960128050105,-0.4631962158847528,-0.48374177021898385,-0.4648795098708878,-0.47082825740398226,0.9977715107465267,0.9982804770116316,0.9978286101787829,0.9980207786839838,0.07078678386549275,0.08655130649756174,0.06317394787601864,0.048239867827893974,97.91176470588235,97.95373665480426,98.21192052980133,98.25978647686831,6.458378174008762,6.44393097263344,6.453942283144684,6.439658643255464,767.7994040753565,751.2398525854533,774.9219771062653,698.4342903458673,271.731713763937,289.6311375235873,276.01195123021034,287.10946226618216
2,8,321,484,194,53,172,31,183.18380062305295,41.414330218068535,1.1132501666696544,337,0.5610767666243153,20.216574731145414,1,0.6632231404958677,0.8982706941707019,22.30469602367846,21.95449840010015,8.94427190999916,3.564335076625347,3.0,16.97056274847714,18.46301931008405,-44.19995179554211,67.01219330881975,0.9525222551928784,0.845262995604546,0.02409493888790884,0.11109717439204196,0.06775970114324595,0.003858167726135054,0.014542398056822985,0.050776918411373384,0.025020148795062966,0.009339183051643702,0.009625412392995976,0.015130019792983958,0.020323488016650657,0.004662071309947361,0.002320996880002111,0.011770944538816656,0.012741406687104497,0.008707935688469014,0.00801245897744296,0.011018652188947877,0.003073326590573865,0.015007470179643618,0.006681004749334649,0.008841730343624862,0.008609907263970594,0.01156693359017149,0.002290159757340054,0.007498292987206733,0.010509806331347616,0.007721567177164102,0.009827757955103955,1,1,0,0,0,-0.054644434740915036,0.8409843811247729,0.9699873185863362,0.5884556215756429,1.4870488571718232,1.0,1.0,0.9354476252363865,0.857888640861331,0.8756985428362889,5.215686433017254,49.9686286970973,0.125490203499794,0.03529411554336548,0.14006235797988836,0.21568627655506134,0.25882354378700256,0.09483066241849553,0.1556655099598047,0.1568627506494522,0.062745101749897,0.062745101749897,0.03294704075903522,0.04558715291726195,0.1921568661928177,183.22508239217763,41.28048971724452,0.0,183.18380062305295,41.414330218068535,0,186.0,40.0,0.0,0.00048493928336387754,15.227530409104322,17.206546461804244,5,1.0,36.58536585365854,30.85687242367264,3,8,0.0027504062253097014,0.002981686672822407,0.00301361083984375,0.002776125322228834,136.76833976833979,195.73684210526315,103.6640625,173.65040650406507,0.40847817748065157,0.21260112572400358,0.5559673475875657,0.27515315854449446,4.524456695286942,4.771032222160913,4.335031641503694,4.668070987421795,0.00048722363157219396,0.00041175683303963634,0.0006608765437040543,0.00043722891575312617,8.644108191111343,8.495084970267134,8.527191015557392,8.591845145556759,-0.34991905704003357,-0.3938522540375487,-0.3781951369501019,-0.36667454989461157,0.9871300595653418,0.992214553744421,0.9905845907198685,0.9893850324840846,0.09663501123947142,0.06680937121300551,0.11225571260354184,0.08166839633347778,84.68339768339769,85.14035087719296,84.28125,84.90243902439025,5.956049279231768,5.812525982322685,5.944150809545999,5.887804536985767,325.66038073373966,301.43644198215225,363.2568359375,305.4864168153872,115.60718012552002,124.29332102185276,116.730224609375,119.78420582986314
2,9,357,441,134,56,113,35,123.29131652661064,44.50140056022409,1.0393534872316406,369,0.2861261938153743,21.320096563347295,1,0.8095238095238095,0.9621365707479752,21.86286774179031,22.47220505424423,9.848857801796104,3.802029062041814,3.1622776601683795,20.0,20.94882373911314,56.832160554210155,68.2842712474619,0.967479674796748,0.8823987371870662,0.037801432013809526,0.09519934957697988,0.013223362450034502,0.02246761516741979,0.030686124679580158,0.060365592924640867,0.003190935696668521,0.019702905587299615,0.006962295663569403,0.011887098342943662,0.010348477577314805,0.026907907065263654,0.005759021955456549,0.014658550672219143,0.010578133595524838,0.007204537316212776,0.0032227187046618123,0.0028454406014921975,0.00630023526147808,0.004669171043235464,0.008529810060494279,0.008248336991860833,0.003216211116760401,0.003554627540308303,0.008770344141204908,0.0046724682361023355,0.0015196197751410868,0.004329706998914198,0.005847201862379324,1,1,0,0,1,-0.010723929623480436,0.8120628221119461,0.9386540328772436,0.5501749063030184,1.5187352904570814,1.0,0.995931566806592,0.9140952062702835,0.8227233420522146,0.8470265906846753,4.937255039811134,59.784315437078476,0.1225490216165781,0.03529411554336548,0.6646692131971087,0.10588235408067703,0.3764705955982208,0.08228758399685224,0.1674630684512002,0.16862745583057404,0.054901961237192154,0.054901961237192154,0.013593985284811616,0.06280292436971874,0.1921568661928177,123.770875695731,44.96162677230318,0.0,123.29131652661064,44.50140056022409,0,128.0,48.0,0.0,0.000469084225353502,76.58873938433354,27.883341066474383,12,1.0,10.0,29.52784034389841,4,9,0.0026262205562497106,0.0024968789013732834,0.0026782821972326344,0.002709632305809684,253.03061224489792,395.3520599250936,315.5170068027211,463.8854961832061,0.45919310903107524,0.1550176559820374,0.3450014477585876,0.06836332072600151,4.804309490447785,5.140698477017319,4.98858033990812,5.1885135526848964,0.0003502868478930415,0.00025279154208954647,0.0003121202382377481,0.00023704099755487558,8.773963108455163,8.760005997173907,8.728077989422264,8.696633570401847,-0.43131900837777676,-0.4361627823461644,-0.4512105463697713,-0.45711658796886373,0.9959782992027116,0.9962186803869542,0.996902371358676,0.9971053050246345,0.11660168364067616,0.07146145308773791,0.09572353056071137,0.09055729971975607,91.0986394557823,91.1498127340824,90.74829931972789,92.20610687022901,6.177877726969538,6.138571369227595,6.18560396872161,6.090486470176552,682.7215627747701,540.4120130735464,647.8958304410207,531.9651535458306,233.938043754918,233.94101824965992,240.85320931093702,248.96266243225864
2,10,349,462,49,61,27,40,37.29226361031519,50.78510028653295,1.0525195782925407,362,0.31861547047636246,21.079862454783044,1,0.7554112554112554,0.9501010913471641,21.73180000390565,21.840329667841555,9.848857801796104,3.7512494924569926,3.1622776601683795,20.0,20.599226713015593,70.43918833875998,67.94112549695427,0.9640883977900553,0.9151224748924763,0.018751905736279398,0.06991609748827861,0.024054524555022615,0.01189250387674147,0.04227987048635737,0.04554571437296368,0.017732315552153766,0.01213282532478966,0.004085186219950531,0.023757879033794647,0.001821117012546549,0.020217645466361955,0.011621190365174143,0.007198939903779325,0.01048967033285277,0.0015039160960340033,0.007944024395259002,0.00486869984943112,0.009301545733171114,0.0014450497743267818,0.006950917466856085,0.0056968931450385625,0.007516168760083585,0.0017183228934593414,0.0034033251731460687,0.0018859300946238342,0.007518242282119552,0.004815638012725956,0.00497800807721404,1,1,0,0,0,-0.5337891077880645,0.5750357930967203,0.9262367486436437,0.46834256043404854,1.5551102475469791,1.0,0.961720382731368,0.8534191907224604,0.7747886959522594,0.8060327148382922,4.482353091239929,60.92549166828394,0.1147058829665184,0.05098038911819458,0.5289159503866797,0.10980392247438431,0.42352941632270813,0.07728194984896429,0.17457160936471042,0.1764705926179886,0.054901961237192154,0.054901961237192154,0.012422635334849346,0.07084905656604687,0.21960784494876862,37.33554326423997,51.31224253880419,0.0,37.29226361031519,50.78510028653295,0,38.0,54.0,0.0,0.0005002051844261044,108.7243829274823,21.927618638854796,6,1.0,18.29268292682927,25.50908320246422,7,10,0.002121130617634114,0.002334082001145021,0.002291201038844286,0.002366863905325444,287.8706293706294,398.4980842911877,380.16254416961124,555.2923076923078,0.5189630324475952,0.36132291790675686,0.36407445826048757,0.12519312618982126,5.014064575484779,5.181516605230065,5.23267845379957,5.398567435822335,0.0002444634000688419,0.00022922469680538858,0.00019820135100962692,0.00017450416830810868,8.950938163693902,8.826719119158671,8.87783924988373,8.805965264926567,-0.4597541707225354,-0.4837873292560318,-0.47200123585404447,-0.4822099208403556,0.9976078277264562,0.9982091103373572,0.9979230719140014,0.9981408213314434,0.06732186190079892,0.08189754899301199,0.0653813961466487,0.05203529550287625,96.35314685314685,96.31417624521072,96.65017667844523,97.41538461538462,6.563712980799673,6.527644169738375,6.4438350795955515,6.34411276729195,909.0046579294831,849.3878833252602,815.4571289440482,714.2274556212997,299.2188218250276,311.9714919041121,298.90491827841424,317.37994082840214
2,11,683,957,89,77,60,44,73.70571010248902,59.90190336749634,1.0865276572231204,703,0.4745232257592819,29.489364337912,1,0.7136886102403344,0.9203631342028952,31.481658519607187,32.2490309931942,13.601470508735444,5.114633697607738,4.47213595499958,27.577164466275352,27.711508988889747,11.318232999398772,96.5685424949238,0.9715504978662873,0.8337270480429289,0.016086623891772702,0.1308649165210042,0.042282624962882445,0.005561286514409478,0.013416108333905982,0.07668645858786322,0.017596062558509748,0.01780834373522971,0.005669694208835509,0.003211896038517154,0.005954995814697402,0.02662811372600093,0.0031201473704617014,0.006724863396587907,0.003727319504020907,0.007742491413047138,0.0073182118924956735,0.003239456972632611,0.005821251759647267,0.003383651834122485,0.011693386780377615,0.0019553538256642774,0.005523449007486504,0.0016221919604611783,0.003312020082945241,0.006108957537118979,0.0005712722530059681,0.004210252798910275,0.002633602028132834,1,1,1,0,0,-0.04820183747891248,0.5083976390482886,0.9742658834241178,0.39622848591326065,2.0793851821893643,1.0,0.961442547588691,0.9076957873480307,0.7355872898729755,0.7686260397829531,6.5294119566679,130.19608207792044,0.13333334028720856,0.05294117331504822,0.6386039713098565,0.12156862765550613,0.5058823823928833,0.08161764945834875,0.1906238390599128,0.18039216101169586,0.054901961237192154,0.054901961237192154,0.012433502092341467,0.07911091934225845,0.239215686917305,73.444156627822,60.48448796398197,0.0,73.70571010248902,59.90190336749634,0,71.0,65.0,0.0,0.0002790978609954799,137.2141854067846,29.328218175021977,12,0.0,0.0,32.01026764709656,6,11,0.0011590117531945618,0.0012433353453045626,0.0011577051710830973,0.0011942020763967,320.72525597269623,349.2269503546099,259.1939799331103,535.1292639138239,0.5755122971601269,0.5571372878563299,0.661639128966328,0.32010643401825434,5.099355574844068,5.217880673422651,4.991580927591214,5.467938132882195,0.00019946678084356294,0.00017718665705920654,0.00023272842413567886,0.0001470399391548085,9.871746252860572,9.771591556276498,9.8702410136268,9.826148732756574,-0.39211201394823286,-0.4150009405821639,-0.3933256044581969,-0.4042948976480792,0.9959373293784395,0.9969985050346907,0.9960092005029343,0.9965542571660657,0.045707000859086314,0.0713630366839976,0.0667529032489642,0.07158553712919899,104.1825938566553,104.02482269503545,103.18394648829431,104.98563734290843,6.798006434652002,6.836886233845743,6.852532451294657,6.779428877274523,1190.3915741592773,1227.9071852522502,1272.8624847596784,1039.0267236961263,377.77920753299395,394.28353390171515,383.0141161731967,393.53899690248863
2,12,429,676,116,77,90,51,102.82051282051282,63.43356643356643,1.285735875874614,471,0.7400612048659789,23.371344948277684,1,0.6346153846153846,0.7777647172828214,29.22667759259584,29.068883707497267,10.0,3.7061620139720253,3.1622776601683795,19.79898987322333,19.65609587338544,-42.997341685756254,83.25483399593904,0.910828025477707,0.646029610034699,0.07214828523816148,0.15597231548601262,0.09240528472320808,0.015075415490757065,0.02591543524209811,0.002188754792464033,0.009253570192444454,0.030747425055789316,0.02159127978147976,0.02487570273615778,0.015293526480687217,0.0118775431683794,0.018836325131814838,0.009167106415714178,0.015256444169489406,0.005498613749579616,0.005032861505688039,0.010963949573697085,0.004105693576392732,0.006986535878200229,0.003243757893896172,0.012800903020001421,0.008244850457892555,0.008108496416939222,0.0012301071773168338,0.011426548496685987,0.0037219427749770897,0.0010356852910023261,0.003506937168324738,1,1,0,0,1,-0.5171163388309791,0.39020838140512343,0.9716771879043234,0.4048800060179317,1.692780781757101,1.0,0.9680118628866525,0.8278726309673814,0.7615968002940054,0.8202307427963846,5.431372717022896,70.65490364283323,0.10196078568696976,0.054901957511901855,0.7587631270799803,0.12156862765550613,0.45098039507865906,0.0775910388146128,0.16469674508818935,0.16078431904315948,0.054901961237192154,0.054901961237192154,0.012522606197681056,0.0736172831317509,0.20392157137393951,102.42409946267802,62.786590442708714,0.0,102.82051282051282,63.43356643356643,0,102.0,56.0,0.0,0.0003839084967090661,78.956537610756,19.673524465360064,14,1.0,24.50980392156863,27.883341066474383,9,12,0.0018831015982013126,0.001974766274238228,0.001888326040016091,0.002056188228856743,484.00569800569804,533.9934210526316,462.39828080229233,550.6286549707602,0.30235058652053914,0.17366646681542228,0.3313250731567975,0.21494252319425572,5.338023875479095,5.3523691105278575,5.277878244295066,5.387207365910137,0.00018591166928175843,0.0001792224313325712,0.00019541423979803856,0.0001960291978413349,9.164673231675911,9.051365383502258,9.173360231903118,9.060296337941038,-0.445056321772839,-0.4535852818654344,-0.4400603338053089,-0.4583782928542723,0.9973628521745083,0.9975254477192045,0.9971696553011905,0.9977115741894417,0.062496070810591345,0.060813655277525594,0.07094701591086167,0.08105565690519317,90.30199430199431,90.48026315789473,91.0057306590258,89.63450292397661,6.488453007118861,6.46532956214977,6.570072521944056,6.413787741928948,903.527033059795,758.446978878118,920.6303396523817,852.1441896651959,346.8831827663737,323.11009998268696,345.75715511366843,350.69321115898856
2,13,964,1554,170,78,133,36,151.28215767634856,57.946058091286304,1.3836881814223658,1056,0.8042654182928786,35.03431062722223,1,0.6203346203346203,0.7227061800672803,46.45977475287309,45.18849411078001,12.041594578792296,4.9976869623742575,4.73606797749979,27.299366011235218,27.609662227174894,-43.94134528148019,129.46803743153546,0.9128787878787878,0.5997950659982598,0.05547162346789082,0.16148794816260487,0.09791598051280259,0.03344452818422362,0.024036172416379613,0.011827111674981393,0.03336340659257696,0.023121526333267372,0.003065285115940025,0.0030223045173962066,0.007600896773639538,0.009296715087425463,0.010240735470781172,0.0161677954404574,0.012224910172868544,0.0059471470112265916,0.024340189753012418,0.007083797199396494,0.0032962606044871245,0.006049285700910825,0.0030686729292333324,0.011800204453056854,0.004192239527368902,0.0038897563937909862,0.004596420612977711,0.0077683021648463895,0.004264661751037799,0.007482379930895675,0.0044399198061150814,1,1,0,0,0,-0.13957274011971685,0.9327767422482105,0.9817971144661228,0.6633515789241862,1.257160661405588,1.0,1.0,0.9132028852915276,0.8676536152145782,0.8887705386315308,9.850980717688799,145.51372936740518,0.10980392247438431,0.039215683937072754,0.40959738241831456,0.20000000298023224,0.3137255012989044,0.08955437016080726,0.15094785204087674,0.14509804546833038,0.05882352963089943,0.05882352963089943,0.0251965943504154,0.0526556363187122,0.18431372940540314,150.88166333913517,57.86018433776438,0.0,151.28215767634856,57.946058091286304,0,142.0,66.0,0.0,0.0001565849087560962,153.4858837387747,24.18231455870766,15,3.0,53.503184713375795,31.052310773876545,9,13,0.0012225095550834181,0.0011438085327783567,0.0014519449710784717,0.0012407713498622597,158.99999999999997,231.92516129032254,99.93537015276146,195.7115151515152,0.5531913974094743,0.3471994340910019,0.7146002048061405,0.4547081704212734,4.675321625832776,4.925792532735693,4.357481325486322,4.8018957839021,0.0004277349940774391,0.0002993975214750043,0.0006118662628564683,0.00039321560788077803,9.89942478154174,9.95735510912355,9.708877620813787,9.881893544291312,-0.24543834219250538,-0.2375177628661545,-0.27536154587700395,-0.24957010474851885,0.9681485412942704,0.9652434202587731,0.9772228405607949,0.9696730474679011,0.10514587690837225,0.06319804829442859,0.16303381175675574,0.08090976117106544,80.15274463007161,81.97935483870967,80.13278495887192,79.81575757575757,6.44095608494998,6.326840016403933,6.473368934433662,6.390255167996488,552.7141392450476,478.62925119667034,600.3830732075758,522.1115092745658,177.92853481126258,177.63860312174893,175.07961084008548,179.45575610651963
2,14,354,484,130,86,108,64,118.69774011299435,75.05084745762711,1.0631126162538127,370,0.3186639631106834,21.23032733700184,1,0.731404958677686,0.9406341197640863,21.9013862349967,21.587033144922902,9.899494936611665,3.765330684448817,3.1622776601683795,20.18005160445881,20.75961777475682,-65.58985437225832,68.76955262170047,0.9567567567567568,0.9150454018630337,0.02704597759083957,0.06829244052926269,0.024531690942916785,0.01539363052713205,0.03682417907081707,0.04282910763449222,0.012299916889701152,0.015063466602367464,0.00775467806533402,0.019218889030218237,0.01574029106068306,0.019233291160005543,0.008611147311829121,0.0035565507122355287,0.0009502994012183426,0.009298602877852707,0.006943750832259983,0.0039979807439701285,0.010733701629743391,0.004694554562468016,0.008658817270544064,0.0031179861682036638,0.005946515177879602,0.0062829767595780975,0.007627399755324288,0.0014569677150933452,0.005683694536339729,0.005145845736113511,0.006764055472959746,1,1,0,0,1,-0.17965323139603231,0.9655038756865649,0.9436606383872925,0.5865943943968627,1.3892682566478058,1.0,1.0,0.9027385954212355,0.8201827597872821,0.8549355252734897,4.784313879907131,61.19215837866068,0.11764705926179886,0.05098039656877518,0.6225305942233056,0.1568627506494522,0.37254902720451355,0.0824881703432264,0.17285920445949343,0.16862745583057404,0.05882352963089943,0.05882352963089943,0.02163877627423593,0.06950843503321393,0.21960784494876862,118.62721095843773,74.4323250416214,0.0,118.69774011299435,75.05084745762711,0,114.0,73.0,0.0,0.0004883028374561961,100.58696579800478,19.673524465360064,12,2.0,47.61904761904762,23.50343696905333,17,14,0.0020495756172839493,0.0021808999081726357,0.0020616319444444436,0.0022763978614390727,344.85416666666674,388.66666666666663,346.58333333333337,483.8805970149253,0.4034238098096453,0.2879284493073948,0.4024686619874646,0.1778267893570073,5.154222475060536,5.224834639395607,5.036691257782435,5.226440223020198,0.00022806552211934172,0.00021522038567493095,0.0002639833301183129,0.00021810161722482104,8.996313890331203,8.90045472541906,8.982425001442314,8.859877763194744,-0.4724337164985849,-0.47763601481933887,-0.47682290860866494,-0.49967807015820664,0.998082641478868,0.9981213019143805,0.9981929307632045,0.9986314154313494,0.07038915509121282,0.06329190469477577,0.06926471215005131,0.043577728797556795,94.99305555555557,93.96969696969697,95.18055555555556,96.11194029850745,6.478282881657378,6.3823908566378655,6.472990858452258,6.389603420415922,811.2568962191326,702.9839302112032,813.4673996913589,693.1964245934523,289.0277657214501,272.9126492194673,290.0126832561723,294.26925540209413
2,15,889,1476,187,96,146,60,166.11361079865017,77.04611923509562,1.311094982642706,939,0.8469651251031328,33.64386950500135,1,0.6023035230352304,0.7627212469262539,46.470574552727626,43.278170016764804,11.40175425099138,4.993119620405466,4.47213595499958,23.30271214778707,24.70600903958787,-52.15424998842862,121.02438661763951,0.946751863684771,0.5982710114879122,0.016859742478683704,0.16044290912548137,0.12106132426891193,0.010555832400552191,0.007351824184909997,0.01175634805209067,0.03133901164293234,0.030943457228087955,0.004887191013882675,0.002034820744687337,0.0014150345086478271,0.0096573091490315,0.017297681539952876,0.009615831599628387,0.0028229409570677466,0.005644745413364528,0.004128380438006633,0.004586496673964188,0.0029668127896164517,0.014883363077535015,0.0103655455236587,0.017162474898482168,0.011406848944852348,0.006327907758541921,0.002885092951616539,0.004153733827773458,0.0035281875241695883,0.0022688125877206684,0.002582689669668669,1,1,0,0,0,-0.4830775001777037,0.42724904215241777,0.8413967848871019,0.4879988353953898,1.5310442228857155,1.0,0.9415377056197998,0.8643771154461858,0.8162693685386205,0.8113352331829876,10.04705911502242,131.3254937902093,0.10196078568696976,0.03921569138765335,1.4607898645607214,0.2666666805744171,0.3686274588108063,0.1035779290208497,0.14772271517458863,0.14509804546833038,0.054901961237192154,0.03529411926865578,0.047333451352628717,0.059134694099627655,0.18431372940540314,165.4688843795113,78.35693381880596,0.0,166.11361079865017,77.04611923509562,0,156.0,92.0,0.0,0.00016616728366095459,63.42759034626436,24.18231455870766,13,1.0,33.116883116883116,39.50969209187887,8,15,0.0011486941988872496,0.001169961269553845,0.0011810701552263624,0.0010642826734780753,209.79665379665383,241.5602836879433,167.3720626631854,251.00638569604084,0.5512376328479902,0.4706244556011987,0.6332484020898603,0.44076880783491107,4.822417250201244,4.943261175684782,4.675511456432174,5.015565007262591,0.00033838741161814213,0.0003118165271732461,0.00038099977813124203,0.00026735075347002294,9.953372924107875,9.90760451391236,9.927433492431058,10.050261948062648,-0.30049493896549007,-0.30569732254706194,-0.30110766022030694,-0.27837679674041016,0.9850857428681653,0.9858954993315053,0.9850745299383296,0.9804240348543567,0.0863205408939788,0.08852474198128264,0.10278548719737976,0.08479973313603996,77.47747747747748,77.82978723404254,77.62271540469973,77.16219667943805,6.615213154443406,6.596620749231704,6.646742460725427,6.546157308507453,725.2044476909341,671.0632261958672,745.3550453680919,646.6773959408829,233.7502753718968,228.1558774709522,228.18177700781962,224.42094540923176
2,16,643,806,54,93,23,67,37.846034214618975,80.00933125972006,1.0438756833026723,656,0.5138801911410367,28.61281229213077,1,0.7977667493796526,0.9579684784266111,30.950453642629068,30.59411708155671,13.0,4.994508815929463,4.242640687119285,25.0,26.551216946300272,-86.44538918744848,91.84062043356595,0.9801829268292683,0.8682584695519392,0.056105616091237,0.09566225506918033,0.054315475004175134,0.01945652817993959,0.019103606196076418,0.04781988273116778,0.019378877657294864,0.011004462298727148,0.010806790655483964,0.00332262722571788,0.010691711207236781,0.014538302683969474,0.0028088231264623066,0.01563810707481537,0.0036930769669268927,0.018937237072999182,0.005838013372163848,0.008228537432085346,0.004473056409600862,0.0033016120507420583,0.003244385971328912,0.00813048271749595,0.005365376705966759,0.0033625613721848385,0.010316705911800396,0.0021504281615622716,0.002222067814220283,0.00411572219130352,0.0045962582349947986,1,1,1,0,0,-0.42651275451478676,0.4170029513832952,0.9780448913262669,0.32374136765032213,2.30307977558922,1.0,0.9249860175114607,0.8634825975994253,0.6618944815481258,0.7148995008165347,6.568627629429102,130.63529753312469,0.13725490868091583,0.05098038911819458,0.839837392947766,0.11372549086809158,0.5568627715110779,0.08314718518264685,0.2031653149815314,0.18039216101169586,0.054901961237192154,0.054901961237192154,0.013285940961573534,0.10129383951646119,0.24313725531101227,37.30949808733511,80.65543947876121,0.0,37.846034214618975,80.00933125972006,0,34.0,83.0,0.0,0.00031596472003348586,178.982288467481,29.229477208057954,10,0.0,0.0,33.28503551412469,19,16,0.001217009945962878,0.0012814349112426023,0.0012776859504132223,0.0012283889459618553,353.6106194690266,618.6557692307692,360.66363636363633,648.1873804971319,0.7327759164324733,0.5525824686507042,0.7303943324849944,0.5276928306641747,5.1799564181532105,5.552144746174218,5.1706949249667185,5.627084085529367,0.00018499036056308452,0.00013244017950849569,0.00019313680597850957,0.00011878439782953392,9.803950154601727,9.750196034157334,9.755281212059472,9.774846892423861,-0.450488439583504,-0.4711343868513654,-0.4605813004807145,-0.4642002634568453,0.9983266064069054,0.9987712559380674,0.9985407251597781,0.9986415673304592,0.053583452943405926,0.06712539173565293,0.07365674785727402,0.05206985931499952,110.19115044247786,112.73269230769232,111.06727272727272,112.68451242829829,7.065518631282204,6.932017248598285,6.9958506502412465,6.999099367490881,2292.9369128357775,2146.7958542899396,2314.826383471074,2096.5830679745086,661.6368830762017,691.3629058801771,668.872504958676,686.1926121179099
2,17,374,575,121,110,98,85,108.54010695187166,96.24598930481284,1.1236148492188074,386,0.6842501829692111,21.821814538001895,1,0.6504347826086957,0.8899846781975598,25.7785857243888,26.0,8.94427190999916,3.6686630778085028,3.1622776601683795,17.67766952966369,18.79896514287498,-38.65976920767856,72.66904755831214,0.9689119170984456,0.7006584476944978,0.08903465185763307,0.15531552024989695,0.06777729708014513,0.021090314524450586,0.014144196610102928,0.035179679138661824,0.01633170693397158,0.01310001265981242,0.029819394444683234,0.019624670159654075,0.004778601032691104,0.007442534565705793,0.012241537780117991,0.0016680166944401927,0.018303745758809335,0.00832617307057312,0.01258019609685211,0.00559064174713194,0.00816423671597749,0.004389019497964462,0.002292641698633966,0.0053929989817343635,0.005531981449284134,0.00488374883500288,0.010275878925345506,0.013601817708675787,0.0025828152259451662,0.0013807922596281914,0.00115864913812165,1,1,0,0,1,-0.43948586709555726,0.27669819483790925,0.9449327816252812,0.34764882676837644,2.090681349190889,1.0,0.9397131618024551,0.852539100682625,0.7131309722226389,0.7573886412922094,5.51372566819191,68.78039375692606,0.12156862765550613,0.047058820724487305,1.1534802843970973,0.21568627655506134,0.48627451062202454,0.09345297742698153,0.18390479614151353,0.18039216101169586,0.05882352963089943,0.05882352963089943,0.04087007234213065,0.08360835475100502,0.21960784494876862,108.0725810972724,97.30047322682115,0.0,108.54010695187166,96.24598930481284,0,105.0,99.0,0.0,0.0004917240538543143,112.99866345699581,17.703809132967795,18,2.0,54.34782608695652,23.50343696905333,14,17,0.0020972919765998147,0.002239893247640964,0.002063961300725612,0.002150804017837035,479.6521739130435,690.6236162361623,430.54426229508204,619.1140939597315,0.47290350509576917,0.2958679760324835,0.5182130368575874,0.29124220331472983,5.22831604951209,5.481870960043871,5.198981583418739,5.362827578880294,0.00020919604926119385,0.0001661711578001389,0.0001976930932545015,0.00017995297509121205,8.990642351419451,8.882887048733945,9.01245342423225,8.954002245265338,-0.5101619949067866,-0.535147274799785,-0.5051831198030803,-0.4988010069693886,0.9989404484888365,0.9992406504036757,0.9988685057480208,0.9986965745089675,0.06199376837599252,0.0628889351259781,0.06286702112185984,0.058883704733776514,101.43812709030101,101.78966789667896,101.36393442622952,100.3758389261745,6.635198613398058,6.557741410866788,6.532396254491899,6.493221669519578,1340.3264393015706,1271.0074209229188,1356.7364041924193,1127.9258591955331,454.99465330365365,490.4077592897702,446.82016662187607,436.7599882888162
2,18,393,600,132,121,107,97,120.2468193384224,109.52671755725191,1.1977943892949618,416,0.3767139572272381,22.36924542940416,1,0.655,0.8348678278486625,23.67591183792909,24.08318915758459,9.486832980505138,3.7227617135699322,3.1622776601683795,21.213203435596427,21.931698793497304,-67.44718710316897,76.91168824543144,0.9447115384615384,0.7791432992609458,0.0366968676731609,0.14388394998423085,0.02577679902815233,0.010330457932792069,0.06037360100920515,0.05068783929936945,0.009978807919802102,0.010632394667408434,0.007806488023491236,0.005898916216678668,0.022669874988552257,0.0015481395513113393,0.018211623503554947,0.004092327558563981,0.013374369350662413,0.008727814929380424,0.013854103291166701,0.009357652906042197,0.00637712443617832,0.008490155734900673,0.006605695757727107,0.00574055852490566,0.005982431390078244,0.013008619496926338,0.0030222182981684553,0.00847506449420438,0.0019476212251090957,0.003731078721175003,0.004764354713169406,1,1,0,0,1,0.3737763633360244,0.01342888940038371,1.0,0.3661623079838148,2.4906943214222363,1.0,1.0,0.9549860633612135,0.8107938367016593,0.832692751472275,5.909804098308086,56.48627604544163,0.10980392247438431,0.0313725546002388,0.6553647733996888,0.19607843458652496,0.26274511218070984,0.09531942094045301,0.14373098230392273,0.1411764770746231,0.062745101749897,0.062745101749897,0.033702158382571824,0.04386688543294761,0.1725490242242813,120.08893364135004,108.89065538035943,0.0,120.2468193384224,109.52671755725191,0,116.0,106.0,0.0,0.0003657276903407703,38.822871431943746,17.703809132967795,17,1.0,36.8421052631579,34.51065437763903,14,18,0.0025135625624751294,0.00275926697209496,0.0026123046875000007,0.0024333333333333347,133.51401869158877,173.70408163265301,102.66875000000002,186.24999999999994,0.4054447282653388,0.24099668168594138,0.5532347441781393,0.18153404079878502,4.507159548076666,4.675539599095975,4.2811387904369695,4.65216325177701,0.0005183104121989404,0.00044318447667182116,0.000653452097750865,0.0004236063052672045,8.826668807986595,8.692736630491776,8.77060566362936,8.80957056545982,-0.3374631186194608,-0.3632116152050179,-0.35243452706207573,-0.34324260422514424,0.9860100600058403,0.9893878036573661,0.988198277438863,0.9869226555655048,0.09064591401926692,0.1153045595433471,0.0866134203367197,0.06747695784492033,76.8785046728972,76.31632653061223,76.875,78.18333333333334,5.960180907675889,5.91408681531605,5.967684798517263,5.810493197291555,315.6082918449938,284.0121824239923,356.9406250000002,268.86972222222266,112.28057763414631,114.42906601416075,114.90234374999977,113.77993055555453
2,19,695,930,55,128,24,98,39.06762589928058,113.27194244604317,1.0884088525401725,720,0.26778185110311475,29.747293718772774,1,0.7473118279569892,0.918772387477518,30.387740129836935,30.675723300355934,14.035668847618199,5.133611151814151,4.47213595499958,28.37666812925096,29.277966768530987,-79.64055558170482,97.49747468305833,0.9652777777777778,0.8955045854498594,0.024482135449345906,0.08733878546164248,0.015331253928128211,0.015460274452486156,0.032568073755795755,0.059461481421414296,0.008014938512283793,0.0029338128194317434,0.00629453967072425,0.016297542627274897,0.009310390619019168,0.03035156853926328,0.0039246342579886285,0.0050226421265585205,0.012216072078912206,0.005671384098875021,0.005354483469701451,0.005481886545506639,0.005338263430545117,0.007937692896250237,0.004720492471852711,0.006885902673073137,0.0050927845824343424,0.0006077071298095156,0.0070614269504165475,0.0038199247077673345,0.0028969807292784774,0.0028176705836625007,0.006839603437543783,1,1,1,0,0,-0.27621972163392694,0.9937813277959534,0.9723696807626512,0.5137281244512131,1.5460245234557541,1.0,0.9841897234887895,0.8911993485132859,0.749810029533322,0.7934849110414761,6.384313959628344,146.98823971673846,0.1401960849761963,0.06666667014360428,0.21867259476618703,0.10980392247438431,0.42352941632270813,0.07691944529672703,0.21149387009602658,0.21960784494876862,0.05882352963089943,0.05882352963089943,0.01057591383426579,0.08574307756230233,0.27843138575553894,38.9307133919756,113.10143535221643,0.0,39.06762589928058,113.27194244604317,0,42.0,114.0,0.0,0.00030430772675687275,148.16289964284624,33.28503551412469,16,0.0,0.0,36.20937381010917,21,19,0.0011355095905630154,0.0011721609458829195,0.0011437511727243619,0.0011143852464133655,369.17491749174906,506.94551845342716,318.00830564784053,546.9628975265017,0.5458481999633723,0.3949964852266162,0.619173241674155,0.3417447597481885,5.237318849299577,5.414187275785525,5.149582863521272,5.5062318359867355,0.00019058470075941218,0.0001543418381344297,0.00022285415011394458,0.0001520371123948106,9.899066186421823,9.846416476722561,9.902110665081477,9.894173370904635,-0.4029688567107333,-0.40790144811254064,-0.4041391396655323,-0.40299421573299665,0.996610217367447,0.9967752796695107,0.9966765320081566,0.9966031620879632,0.05874948777017856,0.04024477368618108,0.06521506531635761,0.050665532002034115,116.1056105610561,117.69420035149385,115.812292358804,117.6554770318021,6.853996535268328,6.802626155751645,6.9646799025401105,6.733298121124131,1256.6027077955314,1168.8976992287517,1352.0860282999056,1114.8936714155534,406.4444063218225,418.9608044205447,417.52358348693633,415.46414223551346
2,20,384,529,101,151,78,128,88.51822916666667,138.83333333333334,1.140451097561762,408,0.6068042748462787,22.111625566165472,1,0.725897920604915,0.8768460148251506,24.958281456076676,24.413111231467404,9.055385138137417,3.724438816175311,3.1622776601683795,19.677398201998148,19.838122192919457,-54.26018160324524,74.18376618407356,0.9411764705882353,0.8095425919420254,0.03090662878182862,0.1263150767110416,0.07563037388332772,0.018162951674478543,0.02946174810149397,0.044940318373274155,0.024190463676831468,0.018574005028401668,0.0037375147132285343,0.0037618022105009464,0.010198644638772658,0.005443958249712956,0.0074617112067622395,0.0047002366861618565,0.008505594143130934,0.008427842291948116,0.005423924440272715,0.015538737996483889,0.010805420843290198,0.014345397914760152,0.009544771186756864,0.0023354952823292337,0.013045359738681643,0.00437485700935858,0.007023733839013532,0.004028906421202701,0.007256007380876747,0.002851840568113296,0.006064401613485382,1,1,0,0,1,-0.21723746486746476,0.0029683164315259143,1.0,0.3032210723358955,2.6150519672869907,1.0,1.0,0.8904711459305431,0.7420856182347686,0.8155584926389663,5.1529413387179375,60.96078606694937,0.10980392247438431,0.0313725546002388,0.6643646957587224,0.10588235408067703,0.40784314274787903,0.08179271966218948,0.1587520470493473,0.1411764770746231,0.062745101749897,0.062745101749897,0.011088726016411289,0.07341654702312914,0.18039216101169586,89.15252491512943,139.03094242333844,0.0,88.51822916666667,138.83333333333334,0,91.0,140.0,0.0,0.0004134167891910086,145.98233348403906,29.574893928519646,21,0.0,0.0,43.19237389324763,18,20,0.002292182238630372,0.002219387755102041,0.00217687074829932,0.0021313017946014575,267.39171974522293,551.6964285714286,375.3238095238095,479.1784511784511,0.6352448341244008,0.2811588882747356,0.48325740121126165,0.37120132446279924,4.860306302729889,5.299659924785216,5.0393761160448785,5.295616165650337,0.00034474406149872556,0.000225137674117266,0.00028065123756733747,0.00018321359992034986,8.91473472177333,8.904213195485493,8.978972135908146,8.960902748725045,-0.44732347338278877,-0.45324122879936113,-0.4356400923347522,-0.4470138011970902,0.9970569666599594,0.9972881664207208,0.9966283582497877,0.9971210947940359,0.12007293994426867,0.03826547233050927,0.06499247425362584,0.061056887881638336,87.05414012738854,88.24642857142858,87.26031746031747,87.99326599326598,6.402648470777681,6.336443544147697,6.421450943634488,6.34646889498935,1198.7518459166695,983.2642729591807,1077.329060216679,1044.9292475824486,366.5358914154731,383.74017538265366,363.163217435123,381.0269246902237
2,21,327,456,69,156,50,132,59.28440366972477,143.3119266055046,1.1233312930400516,348,0.5529882908772951,20.404639941160397,1,0.7171052631578947,0.890209332007228,22.507494394212923,23.53720459187964,9.219544457292887,3.5524309375929586,3.1622776601683795,18.0,18.752997292922963,17.082644027074462,67.94112549695429,0.9396551724137931,0.7515330886794191,0.01827012534571389,0.1685035769658565,0.052735650414852134,0.0034360337712202814,0.02613943976739456,0.062332293176830374,0.016802164421518027,0.028080246640901904,0.009860253164165863,0.008528300768443966,0.015329458191866156,0.009533306573141621,0.004916007968390338,0.006825446047638247,0.01686440408311751,0.007291874902546605,0.011571880755034764,0.004648731574632679,0.006872143547779458,0.02648699236916334,0.00640270447129402,0.0036550920579998623,0.0025974080520379523,0.0060683206565543615,0.0013165906029769003,0.004818036657583566,0.0035514617459008425,0.005859052267642832,0.003129769002445626,1,1,0,0,0,-0.3166068933114393,0.09707375769644233,0.9745019910499726,0.288557412163642,2.4907467265689855,1.0,0.9274096899401533,0.8477755774813337,0.6803639115791834,0.7298620146915141,4.764706030488014,58.76078575104475,0.10588235408067703,0.05882352590560913,0.06940544129164546,0.10196078568696976,0.501960813999176,0.08215010397393128,0.17969659251084022,0.16470588743686676,0.062745101749897,0.062745101749897,0.009394349279330527,0.09280118025687976,0.21960784494876862,59.33776027434103,143.35631340562256,0.0,59.28440366972477,143.3119266055046,0,61.0,145.0,0.0,0.0005495308639475236,167.63283024697222,23.947958676761967,22,0.0,0.0,29.574893928519646,20,21,0.00221805023543127,0.002307371928363183,0.00213991769547325,0.0023268447261204166,504.7898832684825,832.4244897959184,515.3037037037036,924.2808510638298,0.5656195767169265,0.31596388370876144,0.5445006161535166,0.24283404541339393,5.366963313790904,5.664583353849272,5.343035429897703,5.692386020640448,0.000155040197201727,0.00011567401470067318,0.00016278896661352314,0.00011438747404819629,8.881110930516837,8.806025694104612,8.925871569265034,8.782899925288403,-0.5408828311409731,-0.5563370692362085,-0.5293322951635421,-0.5587339369937077,0.9993088213800196,0.9994357042158586,0.9991896607280248,0.9994483432282496,0.07081325450186932,0.042310555362967336,0.04412973088769561,0.021450051710798803,101.52140077821012,102.00000000000001,100.18518518518519,103.79574468085106,6.636197763600169,6.580860378087847,6.680899662458362,6.588620234140402,1819.3935108782862,1601.4367346938743,1747.2842249657042,1517.1412584880036,581.0458485366926,608.465306122448,565.6469821673527,610.3555273879588
2,22,277,374,46,163,29,141,36.938628158844764,151.92418772563178,1.072934689580335,284,0.766942832707199,18.77997214831907,1,0.7406417112299465,0.9320231787744112,23.48728722542648,23.259406699226016,7.810249675906654,3.2387537900482157,2.8284271247461903,14.849242404917497,15.072154589536575,26.559402890345098,61.112698372208094,0.9753521126760564,0.651917474845915,0.02402595217226239,0.18089701753349993,0.09806471198664386,0.003863238516354979,0.009708632434342375,0.018543694795874092,0.011368897212408632,0.030814875902878753,0.008932241788309057,0.011647869573317435,0.004521089351449953,0.02479682260073252,0.02568974485373949,0.010697903844796443,0.012453858288687641,0.002409831860706707,0.005369416263712284,0.0027280050628546216,0.004344346364753523,4.644151556200179e-06,0.005442173520226727,0.008142296676560891,0.012895525709935905,0.007254693879572611,0.0019855580336696783,0.007132517162089594,0.0077840469555457694,0.003991025723671106,0.0019212736843976569,1,1,0,0,0,-0.5323512874206399,0.8571715005894408,0.9293127626837158,0.4052036218330353,1.7337027222555872,1.0,0.9929945228495923,0.8381542950076416,0.6861599756239675,0.7664446048419282,4.125490311533213,59.45490374043584,0.125490203499794,0.09019608795642853,0.5818603052814004,0.11372549086809158,0.3843137323856354,0.07933635214486948,0.21463864166222324,0.21176470816135406,0.054901961237192154,0.054901961237192154,0.015546423574172444,0.09686598683315235,0.30588236451148987,37.18910361999098,152.44937669945526,0.0,36.938628158844764,151.92418772563178,0,39.0,155.0,0.0,0.0007748687424628998,65.7701792088381,23.947958676761967,21,0.0,0.0,38.71083435593014,19,22,0.0026841265919453757,0.002627973315963255,0.002476701386169629,0.0029150514331064384,704.6729857819906,693.9810426540284,524.5929203539823,1102.1546961325967,0.3719589166961298,0.4047477260016176,0.5191399786601951,0.05852485838510214,5.54165636767096,5.504005171635128,5.276714619224157,5.828664366485972,0.00016183327157446957,0.0001554805777259873,0.00022388518438374035,0.00010053861408900151,8.588397766906237,8.61209444937069,8.700709935866517,8.444597268298676,-0.5984422366344082,-0.5970634636219028,-0.5849287973754833,-0.6181293558809179,0.9996735372258677,0.9996722550606895,0.9996240100600531,0.9997381609359826,0.04325081209739189,0.03754085080542305,0.07143798999260471,0.02684865938655168,122.0568720379147,120.22748815165878,120.39823008849558,123.32596685082872,6.517655248107281,6.5765428946921265,6.678623196783105,6.531903259937463,1539.3616944812584,1637.7397183351677,1657.3015897877667,1239.1810384298424,561.0086700658126,582.9301902472998,545.4736275354367,585.3339336406093
2,23,321,441,180,176,159,155,169.29283489096574,164.94392523364485,1.0779480086795838,339,0.18120416217584676,20.216574731145414,1,0.7278911564625851,0.9276885266710915,20.45531488506771,20.396078054371138,9.486832980505138,3.6054614756138834,3.1622776601683795,19.563479489337517,20.116687376257786,42.448456659600815,65.94112549695427,0.9469026548672567,0.9307316200778251,0.009538210606572738,0.05825408590821587,0.007292876697881204,0.008368293052267639,0.03719970467758905,0.03980764888978224,0.0034199761681553277,0.0060070910631769975,0.008145943515819506,0.022846601207851487,0.017755812865065623,0.019468619888187426,0.005777400260784202,0.0018722307223930194,0.010404067242169275,0.007563173477575535,0.010758196606583509,0.011823245441200718,0.016657601338070798,0.002402947619208509,0.008197762024546796,0.00398539478434485,0.0028038512224959206,0.0043278947047653595,0.005503213535646493,0.0058183466989625504,0.009191909804625238,0.008339708575230424,0.004214077164189891,1,1,0,0,0,-0.3296993029881461,0.5402726145304534,0.9542246798770142,0.34193046147003425,2.1258827037321457,1.0,0.8821069128646492,0.852586684108013,0.6662645340532833,0.6866275762886591,4.5176471918821335,63.776472248137,0.11764705926179886,0.062745101749897,0.6977809979735168,0.11372549086809158,0.5529412031173706,0.08067227128360953,0.19868059890385356,0.18431372940540314,0.054901961237192154,0.054901961237192154,0.015113076207261876,0.10385641389637681,0.24313725531101227,169.4095800225932,164.25597981766026,0.0,169.29283489096574,164.94392523364485,0,171.0,161.0,0.0,0.0006189426757129394,30.576580290165424,74.00390900640848,18,0.0,0.0,84.88992837375103,20,23,0.002233727810650887,0.0023449524671797194,0.002170843098371492,0.0023340993967250795,744.3653846153846,1558.1659574468085,862.8100775193798,904.5338983050849,0.46786509426097084,-0.037450989546758594,0.38105754212215953,0.3602629870730985,5.553157365630179,5.921344341071036,5.568352703029312,5.535014403643009,0.00014375611113132667,9.692634476064943e-05,0.00013512775554139138,0.00013324023672361789,8.86082935148999,8.77438928699053,8.895898234097043,8.780948134107605,-0.58270708788434,-0.6008747347816761,-0.5721163086119115,-0.5924570942201219,0.9996574437402926,0.9997333550469691,0.9995990454202189,0.9996918960425965,0.053032888784159626,0.06701027941303217,0.04546129755489237,0.040708579397346734,111.3576923076923,113.08510638297872,111.23643410852713,111.99152542372882,6.697725207858095,6.566725565937311,6.714634511059566,6.63202460692348,2053.291286982252,1445.6693526482559,1925.203788834804,1923.2965383510473,699.414167899407,750.9588275237656,697.0034665885473,706.9576091640333
2,24,369,506,75,197,52,175,63.61517615176152,185.61517615176152,1.06227536224113,384,0.32012429537698256,21.675455981530703,1,0.7292490118577075,0.9413754997482527,22.298217617799164,22.360679774997898,10.0,3.8810321293208174,3.605551275463989,20.400000000000002,21.12478621229937,-64.26457126691983,70.18376618407356,0.9609375,0.9251946181066338,0.03588983941712511,0.06294856770939097,0.022585363371896032,0.025771378486821258,0.017917016846865808,0.04340175982821851,0.013360355294386277,0.016678311047571195,0.013465667351514833,0.01053700688950352,0.009658403994077932,0.022612739923910198,0.004535577648962779,0.011957894381772494,0.005186340832379033,0.004582030281268969,0.006052342422084697,0.0037004628382085614,0.006129175454094259,0.006484327106573846,0.003488386695519666,0.00786458139461922,0.002068057007755346,0.0022105257219611745,0.005444174627212415,0.005271401859182301,0.003957898763189152,0.004985952482182773,0.00637758913871954,1,1,0,0,1,-0.19210143389833853,0.9709241312492833,0.9641711230540905,0.5142872195503494,1.683294140017274,1.0,1.0,0.9304282148316871,0.8119932991503004,0.8493666019259936,4.866666801273823,64.00392320752144,0.12941177189350128,0.047058820724487305,0.4517684649077427,0.10980392247438431,0.3333333432674408,0.08248587798769191,0.17345236641604725,0.1725490242242813,0.054901961237192154,0.054901961237192154,0.01461917190642106,0.06150449525281817,0.21960784494876862,63.93401139755995,185.9352368208881,0.0,63.61517615176152,185.61517615176152,0,66.0,192.0,0.0,0.000470060613593624,32.52694469318462,42.52435199346432,21,0.0,0.0,42.9734908280442,22,24,0.002045100415512466,0.0022872707841885068,0.0021380641199947362,0.002216283988298021,258.5460526315789,294.6389891696751,233.50993377483448,305.3274021352313,0.4090059920596279,0.3296570560433566,0.4676248152113846,0.3341083715492981,4.958939717027821,4.898964064285018,4.829461487419144,5.022786485097968,0.0003101994002897422,0.0003538279431629038,0.0003474817470384592,0.00027697642274524437,9.016793755198552,8.869069106443352,8.9660051946016,8.906598740118953,-0.434543230267505,-0.4633685579668918,-0.44360501629380217,-0.4591953645526655,0.9966449027739536,0.9976204923136369,0.9969804064108563,0.9975228636164888,0.07799169883746405,0.0803397385370309,0.0797454232582622,0.06854781100683016,95.08552631578947,94.50902527075812,94.98675496688742,95.88967971530249,6.31426401115003,6.242886666898878,6.412477333022653,6.314288767854541,616.4071589335199,584.4304239596513,643.7283013902907,611.7209255201924,218.73830289127545,219.76735328233144,219.30955879128123,229.26208191385604
3,1,197,256,64,17,48,1,55.25888324873097,8.3248730964467,1.0115487424059828,205,0.501543528683186,15.837556323903858,1,0.76953125,0.988583108334934,17.04292576644651,16.64331697709324,7.0710678118654755,2.944336804342871,2.8284271247461903,14.142135623730951,14.74438746151231,-47.122460453453,50.04163056034262,0.9609756097560975,0.8903688797624941,0.036042187576783014,0.08489342964588756,0.057110174871176034,0.01801458603734419,0.016866468647484065,0.048454676610396694,0.029252479099730062,0.0006114433433936201,0.010018683992653042,0.003028336595900215,0.010276399709905917,0.017069024523215064,0.00770082688719865,0.010871505658391477,0.01193606565325195,0.013511506032691724,0.004151562264012646,0.0071467356786037595,0.00832159117409519,0.00014334237592865523,0.003371261580048373,0.014055014691031781,0.004163798686749946,0.01030941775239286,0.00885619688909254,0.004903017470143456,0.005698458502114817,0.011483944760675234,0.008612502246653555,1,1,0,0,0,-0.20656169080594558,1.0,1.0,0.5040420128097344,1.5124519912775718,1.0,1.0,0.8731204647479283,0.8345428409775798,0.8619398785677603,2.7960785180330276,27.59607905894518,0.08725490421056747,0.052941177040338516,0.0664166156390476,0.09019608050584793,0.24705882370471954,0.06502508181472157,0.1400816195885542,0.1411764770746231,0.05098039284348488,0.05098039284348488,0.010262249296839505,0.056531190886188534,0.1921568661928177,55.20406423360724,8.362370328528677,0.0,55.25888324873097,8.3248730964467,0,56.0,7.0,0.0,0.0007110742111094122,62.92909323138314,41.17335630471325,5,0.0,0.0,42.08861616821686,2,1,0.004008828431151749,0.004247008494016987,0.0037836133507499654,0.004081963667820068,220.2013422818792,414.85039370078744,287.53691275167785,325.94852941176475,0.41991921308101654,0.008699462891131472,0.24827889251145516,0.19122157089846448,4.740319908902488,5.1049150589748225,4.854784063077836,4.955223665680121,0.00047443624090694105,0.00026057913443951886,0.00035338313519098235,0.00034213478589965407,8.032894107695963,7.909944529291852,8.091651741938671,7.977168723603281,-0.5311860196272745,-0.5537623431054216,-0.5155501047360983,-0.5420423114645225,0.998500275538718,0.9988290906246252,0.9981868845394899,0.9986719149096173,0.11496591601013448,0.04298632698204408,0.045352593260407796,0.03484476615415978,78.68456375838926,79.13385826771653,79.38926174496643,78.94852941176471,5.94760960757713,5.781925781526643,5.898750235753803,5.816991014768635,539.0078825278142,422.1316882633764,477.47263636773187,480.07823313148765,189.80230620242332,209.24552049104113,191.25238727985266,201.50669063581358
3,2,501,650,109,31,84,5,96.37125748502994,17.3373253493014,1.057575114054465,518,0.33378954499873753,25.25654394235911,1,0.7707692307692308,0.9455593146157372,26.03925283416052,25.80697580112788,12.0,4.460274841463064,4.0,23.25510696599781,24.54583976812721,-45.01155480391745,81.59797974644667,0.9671814671814671,0.952944357805943,0.007759752433125404,0.04152349046367803,0.025169283679623167,0.005965669602038371,0.007575678008376131,0.031733885567249584,0.02013222828841387,0.020620486825109193,0.0037436639503052836,0.006360958062852453,0.007590264717414506,0.01985390388546304,0.01460839201619666,0.013687200364024247,0.011115417150305906,0.00239109478877219,0.0048165138775133395,0.004037417150173014,0.004980190100926478,0.008317192192861459,0.010074492701525042,0.007672646494848281,0.005424386231022178,0.003306282986499319,0.002927452101930255,0.0030773882829908503,0.0015969931755977751,0.0027574934692178835,0.0054981179727219285,1,1,0,1,0,-0.14645387917607705,1.0,1.0,0.43722057429543476,1.822776336771057,1.0,0.8201691990004163,0.8927235388266461,0.7401847055467704,0.67807459524687,4.435294255614281,85.28235525265336,0.09509804099798203,0.05882352590560913,0.405734678437441,0.0784313753247261,0.5490196347236633,0.06336134650877544,0.17022426198134402,0.14901961386203766,0.0470588244497776,0.0470588244497776,0.009643181118824121,0.09638619745470527,0.21568627655506134,95.98634294599951,17.46562744176182,0.0,96.37125748502994,17.3373253493014,0,96.0,19.0,0.0,0.0003397689859907066,101.7370258974449,31.363629595202703,6,0.0,0.0,42.08861616821686,1,2,0.0015157751868992502,0.001495726495726495,0.0016531111551940745,0.00151132537496174,409.4882075471698,621.6179487179486,322.4366197183098,662.098484848485,0.6571015951270989,0.508180620916382,0.7348887322980744,0.46648409864047136,5.188808557563769,5.500624918439341,5.062680423204531,5.533912889694311,0.00018498169304943625,0.00013425641938369593,0.00019317311873264797,0.0001249071861259835,9.454289440391848,9.447048839379535,9.409523411275178,9.438675370068683,-0.4879894084027293,-0.5006398529671958,-0.4979957525167573,-0.4995607210835793,0.9988808447144178,0.9990894621839347,0.9990241408955225,0.999067612671383,0.034013062710663705,0.04251111124499531,0.09390360058635483,0.025975487326922217,95.0495283018868,97.02307692307693,94.28638497652582,97.1439393939394,6.91626423196114,6.88240557628629,6.925214420082605,6.896483625557927,1978.9055658152356,1906.2122879684412,2110.0259648658775,1819.9212006427897,597.098443340602,631.957559171598,608.1156461460469,620.504921372818
3,3,273,374,148,48,131,26,139.25641025641025,37.32234432234432,1.1521664016211997,291,0.723184186707538,18.643883600599406,1,0.7299465240641712,0.867930186640499,22.75208401698646,21.840329667841555,7.810249675906654,3.119918209225458,2.8284271247461903,15.598408406872357,15.713845578751641,-6.2583424570850354,62.8700576850888,0.9381443298969072,0.7243975348856082,0.05026072547158928,0.14200113990583543,0.10373312808811852,0.011313642523197404,0.02698639718282028,0.01751533222798662,0.003239270418044481,0.01458073624808062,0.0047181997201219605,0.029162530403335652,0.00766299657795715,0.01282314535998202,0.018042369179008977,0.012846775010519671,0.010025870031546634,0.0039825284862356185,0.008654230526242907,0.011620387777588701,0.002820518309946895,0.0018447652676461886,0.00609660195114172,0.0016597187087184146,0.004024242015258079,0.005539791796534316,0.0063622355320028185,0.008861777564189646,0.01186847212213746,0.010503957000248509,0.00755120683857451,1,1,0,0,0,-0.0025702488474003723,1.0,1.0,0.6919671478163678,1.2549300555078577,1.0,1.0,0.9318639231233327,0.9132401949112617,0.9194582892243226,3.5960785634815693,31.5333342961967,0.08235294371843338,0.03529411926865578,0.3795104097937236,0.08627451211214066,0.21568627655506134,0.0653832466087558,0.11550671903368755,0.11372549086809158,0.04313725605607033,0.04313725605607033,0.008754679113323966,0.040438926165031655,0.14901961386203766,139.38539982730288,36.96542718666331,0.0,139.25641025641025,37.32234432234432,0,141.0,40.0,0.0,0.0004231015349219324,155.99577351712975,29.30513021136674,4,0.0,0.0,44.70061124656543,6,3,0.00323228080001867,0.0034459092338928756,0.003226199172145118,0.0033442065732847246,154.0,214.68449197860957,111.8018018018018,220.2670157068063,0.2570074137728368,-0.019781359630235557,0.43612648931625864,-0.05027265644947708,4.550355637888176,4.755871193256532,4.354859362650167,4.745115824506645,0.000574208802053342,0.0004251487906781572,0.0007065204338370364,0.00042661814732746,8.373367814955895,8.279514780743252,8.40243591135617,8.337874443207664,-0.38757612648867645,-0.40302188121609706,-0.37528708634393326,-0.38957075878154357,0.9910315540483158,0.9923129710508105,0.989638465722032,0.9911083010535017,0.07368197611953907,0.07410251124548214,0.07932032046095817,0.07791489120212877,63.507246376811594,64.17112299465239,63.01801801801802,63.753926701570684,5.75141138907696,5.583252401792638,5.767097149630553,5.551727042246027,260.5398025624868,206.3557436586707,284.7474230987741,199.18028562813515,103.6349506406217,105.2600589093197,99.13730622514424,104.86182533373506
3,4,423,525,181,53,156,32,168.17966903073287,42.03782505910166,1.0449031088761358,435,0.5640612542257929,23.207333483685147,1,0.8057142857142857,0.9570265333745326,25.537607200458307,25.298221281347036,10.770329614269007,4.119744904535274,3.605551275463989,20.0,21.087243679559023,-79.52324100576242,74.52691193458118,0.9724137931034482,0.8415317615983964,0.012215206684632334,0.1200625101949486,0.06833536187035723,0.008021158669341508,0.00520917912639607,0.0629973810095502,0.029688463899836034,0.010911447096634727,0.003483719405800046,0.003131712013665457,0.0038689948217728387,0.013719808878467762,0.0016046296987487748,0.014582906435136525,0.004528095402292503,0.001197551053254386,0.0038172251607959938,0.001893197900724993,0.0036541330066733944,0.010922513950095815,0.013523824889766101,0.010518475653440522,0.006665572330886439,0.006374540471567074,0.0015910634303368597,0.0034435511786562417,0.000499090112851379,0.003904584256021291,0.0038370986503516624,1,1,0,0,1,-0.0484343763761401,1.0,1.0,0.379316557224436,2.1473559265834723,1.0,0.9187243826908528,0.9025118598706233,0.6978284550055457,0.7082434591852039,4.172549162060022,81.43137493357062,0.10980392247438431,0.08431372791528702,0.15722677832033904,0.0941176488995552,0.42352941632270813,0.06419306403169266,0.19250916059945775,0.18627451360225677,0.0470588244497776,0.0470588244497776,0.009595227121690121,0.09467737150006039,0.27450981736183167,168.11297856776358,42.1802070873564,0.0,168.17966903073287,42.03782505910166,0,167.0,38.0,0.0,0.00045510439858027833,113.37240654339206,29.30513021136674,3,0.0,0.0,35.73180947378596,9,4,0.0015856481481481496,0.0017662872060636046,0.0017340467697185898,0.0017254439861964475,384.7249999999999,893.9688473520248,572.1637931034483,669.6207951070337,0.6374477223804693,0.17850033687432715,0.4641203840878762,0.38689045261964994,5.1811679021964485,5.759036875107561,5.439300998146717,5.531364624348554,0.00019955609173688457,0.00011322381113019517,0.00016824981791678373,0.00014208176033123584,9.357103721317653,9.200230811096361,9.246780672554213,9.228514142005228,-0.513581879603985,-0.5359711626589211,-0.5313383887082398,-0.5365317253717506,0.9992220312724872,0.9994062998612365,0.9993785856620295,0.9994240626386153,0.05149832123086549,0.03404379596056665,0.05368499917955123,0.03679576571799291,107.43055555555557,111.26479750778816,108.6867816091954,110.3119266055046,6.900202377528996,6.67988621663252,6.760619262811386,6.797919573815955,1737.5896219135757,1282.4625925602431,1563.255342515522,1514.7222736582207,530.5786554783945,544.1078599780658,533.8547839047442,546.0857671913127
3,5,395,506,78,60,55,38,65.7113924050633,48.1493670886076,1.0426714840939246,409,0.4866420793632344,22.42609239636699,1,0.7806324110671937,0.959074852679024,24.01381540866358,24.186773244895647,10.44030650891055,4.013077687099565,3.605551275463989,20.506096654409877,20.978503866906145,59.406742688827485,71.94112549695427,0.9657701711491442,0.8563575728277774,0.06764573838234013,0.10509865009430598,0.04273137869284573,0.029182969822823198,0.005119973783750905,0.05235754256978807,0.015601215481652428,0.018988830314501534,0.006849542094859141,0.009006688389071675,0.00431403025183963,0.01358946840610633,0.004137620240817162,0.00892334491553509,0.0035140780443016274,0.019509698784913283,0.008357466465255002,0.007476539572108769,0.006351748458224461,0.00021957582788031417,0.005046932527671185,0.002026629462973677,0.009123536282701756,0.006405494173790043,0.013711998444203273,0.005381536442289544,0.005772188114862375,0.005920735722139207,0.0019191360152352515,1,1,0,0,1,-0.2832322821622348,1.0,1.0,0.40570985894704514,2.0490927169247737,1.0,0.883153047275947,0.9117769009757636,0.7362342173697668,0.7101281034958878,3.9058824740350246,69.45098223909736,0.10588235408067703,0.06470588222146034,0.42390074353474966,0.08235294371843338,0.4470588266849518,0.06299810441991975,0.17582527149138572,0.1725490242242813,0.0470588244497776,0.0470588244497776,0.008849732874333141,0.08775425287499314,0.23137255012989044,65.51857708183839,48.5268774745561,0.0,65.7113924050633,48.1493670886076,0,62.0,51.0,0.0,0.00044512726959844483,49.12309559666605,28.868468753966724,8,0.0,0.0,30.32136869992526,6,5,0.00177983041410721,0.0019618382155334596,0.0019430539350370724,0.001926280716368179,381.2507552870091,611.6983606557378,382.30674846625766,655.0952380952381,0.5957378463663033,0.3738244470986612,0.5983451636060565,0.3342085162284757,5.181377940809055,5.453595980800097,5.241583780624864,5.4599681589434415,0.00019622149361891425,0.00014545757512793333,0.00019308714385719364,0.0001511430028848338,9.196201341845999,9.087863260297823,9.122486168028122,9.071254360135121,-0.5019735311826088,-0.523487265028504,-0.5139960983479802,-0.5259232006966446,0.9989465961669379,0.9992047278713116,0.9990912797963781,0.9992273393733153,0.05721292862704713,0.05121508317945754,0.08539085144785985,0.044946696552462875,98.25981873111783,100.39344262295081,98.59509202453988,100.95918367346937,6.921428922433251,6.774597546095489,6.855323843324607,6.724990404409532,1504.9053038946313,1342.061596345071,1521.3513869547223,1312.773844231573,471.5390147954108,488.4399892502015,475.9145338552444,491.96727058170245
3,6,216,289,105,58,88,41,96.02777777777777,48.699074074074076,1.0071136980836886,224,0.36336255727093963,16.583719174624104,1,0.7474048442906575,0.9929365491729242,17.198742548957586,17.0,7.810249675906654,3.0665971574271143,2.8284271247461903,14.849242404917497,16.023170923676552,34.11130034948368,52.2842712474619,0.9642857142857143,0.9468826416402488,0.019540543061237165,0.04547592730205988,0.02825748913826648,0.017845847846535,0.00510196898573146,0.03205719671096911,0.02199974209330198,0.02166845902117337,0.015721871782147432,0.005028264524925235,0.02436691623295703,0.016010039543914764,0.01494686571591273,0.01298367977743878,0.007973158502723385,0.013707441565822128,0.008722480484513009,0.020112756618350786,0.01487546398196998,0.0008161555342607441,0.0091820774496639,0.005895977016534455,0.004442889636998769,0.006951847292416582,0.011837522465973097,0.011922243649208497,0.017500248845647638,0.013994137681705874,0.013893804032518867,1,1,0,0,0,-0.17587495396055028,1.0,1.0,0.3923964919238273,2.018918657660292,1.0,0.9867223998883512,0.8900655025027433,0.7801322145864851,0.8258075535539423,2.8823530226945877,33.42745191603899,0.0941176488995552,0.05490196496248245,0.08132367819027947,0.09803921729326248,0.3137255012989044,0.06550802324305881,0.15475672183351386,0.15294118225574493,0.04313725605607033,0.04313725605607033,0.01377834417519349,0.06839867886660439,0.2078431397676468,96.09174095719749,48.74929610422935,0.0,96.02777777777777,48.699074074074076,0,94.0,48.0,0.0,0.0007164663047847864,62.364090840745945,24.638930090909955,8,0.0,0.0,30.32136869992526,5,6,0.0035078053259871432,0.003666666666666668,0.003379247015610651,0.0036860879904875143,387.9878787878788,456.4666666666667,390.79999999999995,656.4689655172414,0.3223166762922821,0.23082971983194608,0.3009232557231882,-0.06264972823718684,5.110588895678302,5.065517013651551,5.0474940736073926,5.2749014845133075,0.0002579731723016421,0.00031287913427831114,0.000258880109235515,0.0001993112836073645,8.216292593020581,8.12881869049588,8.2511706990943,8.110943572773555,-0.5711635512637591,-0.5860409879270199,-0.5598143269138017,-0.591338367244372,0.9992979901431418,0.9994074787987594,0.9991809454532585,0.9994483599036679,0.05822725941841833,0.07981561551353133,0.03896041262493257,0.027541774285375423,87.84242424242424,87.20000000000002,88.4,89.07586206896552,6.2351557963583275,6.160299150663645,6.122700302043517,5.963688642456436,757.0539577594109,730.4399999999978,727.2460606060595,579.0632104637325,286.2604591368224,296.72666666666737,279.5115151515158,308.88304399524327
3,7,330,420,46,65,26,44,35.303030303030305,53.71515151515152,1.0408470205477791,344,0.22465807091143153,20.49802550887777,1,0.7857142857142857,0.9607559807143589,20.777800171681555,20.615528128088304,9.848857801796104,3.723054873634977,3.1622776601683795,19.0,20.246670957364554,-2.619180471362894,65.698484809835,0.9593023255813954,0.9774083415266798,0.007350805147538668,0.020526595786408638,0.01052363324892989,0.006214691022956258,0.017837174187594777,0.016793445203417478,0.01006249775359003,0.01243344493581644,0.005374819845915471,0.01377125490384665,0.013435351110081593,0.012102023237139433,0.009609388359745504,0.009520123438259418,0.009330475225366853,0.006068517761628294,0.009007810145804138,0.01014667284099077,0.009869239624065879,0.0073252110769730415,0.0090270318847303,0.006547380409808048,0.00790192680294781,0.004041897212977607,0.008060366111344438,0.004392326715163401,0.007764952983919069,0.010043148931205304,0.0016267649981274112,1,1,0,0,0,-0.26704512425268595,1.0,1.0,0.3425225954945854,2.409817816017907,1.0,0.8076384470396508,0.9085246573492362,0.6560257609786594,0.5997529373695882,3.53333343565464,64.75686450302601,0.10588235408067703,0.08235294371843338,0.4172793584640964,0.09019608050584793,0.5568627715110779,0.061988305888677896,0.19623292273644244,0.18431372940540314,0.04313725605607033,0.04313725605607033,0.010856806817554658,0.10697146804064045,0.26862746477127075,35.710773328329054,53.803851505683824,0.0,35.303030303030305,53.71515151515152,0,40.0,54.0,0.0,0.000594645220413462,54.61836089372822,30.91353169748023,5,0.0,0.0,35.17410794327472,10,7,0.002118138843299808,0.002225544208546091,0.0019890260631001367,0.002157434402332362,722.8089887640449,1179.1352459016393,750.3518518518517,1148.5673469387757,0.4933003441794966,0.20604072291680972,0.473071608414053,0.23671205633052508,5.543365097901827,5.784825672103398,5.498202323362362,5.833397713783901,0.00013345417745335464,9.933043222650685e-05,0.00013201433040852876,9.055023754609884e-05,8.9445910627737,8.844671763792395,9.002741522976754,8.879495081859714,-0.5907119649929512,-0.6074708756646873,-0.5799504829860315,-0.6054577312612602,0.9997229665020417,0.999777316362488,0.9996797648488702,0.9997758779516855,0.062652866918869,0.038846297624135176,0.0206511681819883,0.027578073685343575,111.61797752808988,113.8565573770492,111.32222222222222,113.11428571428571,6.850168276325291,6.852573737176384,6.812331838080668,6.8129205943012074,2130.198628119346,1791.1310635581776,2097.67024691358,1860.9583673469406,713.2519042208482,742.5665773649562,712.0055246913585,752.3814285714288
3,8,117,144,91,77,79,65,84.2051282051282,70.31623931623932,0.9894965546075364,123,0.3955111336774858,12.205286835384658,1,0.8125,1.0106149388227326,12.7815308567715,12.727922061357855,5.385164807134504,2.3585999735743464,2.0,10.73312629199899,11.739339940541607,56.96128896263274,38.14213562373095,0.9512195121951219,0.8889595057558104,0.05425044748681469,0.08606334109808225,0.0227491602740781,0.03280643343603331,0.04244699588607267,0.05007124320936795,0.0033015583597160616,0.009528482324857833,0.01590609398352979,0.014352426865897548,0.012839147704144696,0.020418175772206122,0.010361717999101077,0.012820896218845926,0.013186823233441556,0.011231524613670638,0.005021205786113103,0.011693005166295104,0.007808438952325057,0.006335920572263496,0.009215777404520013,0.014467338829668783,0.004517566420467735,0.0064212857770180555,0.009095415960012464,0.01014283755929763,0.009417055691612696,0.005011396563072213,0.007798151249913216,1,1,0,0,0,-0.33240855994710505,0.022329735590459955,1.0,0.3776775166040743,2.232698240017297,1.0,1.0,0.9182809627864558,0.8999671992964056,0.9203268871548287,2.0941177159547806,10.537255190312862,0.06666667014360428,0.019607841968536377,0.1966914461844988,0.07058823853731155,0.14901961386203766,0.06159169752808178,0.0900620101736142,0.08627451211214066,0.05098039284348488,0.05098039284348488,0.005168480304559708,0.02564599876625069,0.10980392247438431,84.34834388192834,70.45106066069496,0.0,84.2051282051282,70.31623931623932,0,85.0,72.0,0.0,0.0007697607707146514,137.19580881571275,24.638930090909955,6,0.0,0.0,24.9999585538869,10,8,0.008078036884621246,0.009244820672755626,0.008230452674897118,0.009521484375,71.04938271604938,105.41791044776119,71.79012345679013,110.46875,0.2013907626837717,-0.2023486935963545,0.20868204395455073,-0.141888072357264,3.798865671512165,3.968783132323124,3.9210022070009236,4.02882847002467,0.001347391660781974,0.0013131668631437292,0.001292678300170122,0.0011329023874095988,7.031208027575982,6.827283220308519,7.03726018801639,6.78125,-0.43847266717923894,-0.47758270503065836,-0.4355906598107631,-0.4903323568049897,0.9903130968399699,0.9930784912130932,0.9900185020962388,0.9938733676036243,0.12737078738133967,0.07646414661852499,0.13837773426932082,0.08687302125856196,49.592592592592595,49.626865671641795,49.222222222222214,49.625,4.924993719747243,4.714905235040147,4.862705058542098,4.872828664259099,106.8834019204387,69.93539763867193,109.65432098765541,83.015625,44.483196159122144,43.83832702160828,45.3611111111112,48.37109375
3,9,408,552,189,89,166,65,176.8921568627451,76.69117647058823,1.107536453297126,427,0.6024634138846042,22.792141940852034,1,0.7391304347826086,0.9029048181872561,25.616225814036305,25.612496949731394,9.848857801796104,3.918958710774075,3.605551275463989,19.564658496098662,20.445500968149695,33.94555431437267,75.35533905932738,0.955503512880562,0.7866472996265501,0.07407138512129131,0.133813785833133,0.0657533528783932,0.024449361992182145,0.018435050219036016,0.04143099130356412,0.010408720934700057,0.022050426217499072,0.016413482866911796,0.014929831166419575,0.01054318480022892,0.004827249684614649,0.018759592843579198,0.0033572427706987495,0.009343278044330577,0.008451537158390981,0.002711515734745871,0.0032144633201679007,0.002610308925216246,0.005756815254952175,0.009213682484456502,0.007729467961526662,0.00932901849435383,0.006650319725201872,0.004918603678443168,0.010860479539611428,0.002209911488888129,0.004885963174543245,0.005587382596561173,1,1,0,0,1,-0.30373968447832883,1.0,1.0,0.45933968611540776,1.7604343036816332,1.0,0.9380705392972789,0.8992426482768251,0.7885054040523406,0.7889909622885177,4.031372681260109,66.40392319858074,0.10196078568696976,0.05490196496248245,0.26268982172128585,0.09019608050584793,0.3764705955982208,0.06202111817323244,0.1627547137220116,0.16470588743686676,0.04313725605607033,0.04313725605607033,0.010874132428390386,0.07165508147936203,0.21568627655506134,176.6814504265062,76.84804820215085,0.0,176.8921568627451,76.69117647058823,0,177.0,83.0,0.0,0.00039890861206375396,119.473345636719,35.73180947378596,4,0.0,0.0,36.43085966107592,12,9,0.001926551870748299,0.0019530477433645822,0.001907439446366782,0.002000000000000001,349.0,509.0471698113207,327.25,531.7966666666666,0.4148316670096436,0.1628192498655521,0.4541359979410471,0.1439166865558269,5.1825847994211,5.385318389492392,5.0965989504845055,5.438050121864627,0.00021679689429886822,0.00018059735746319357,0.0002499061305140741,0.0001642800628240101,9.122943092408736,9.088780242999793,9.13874520081813,9.043786107148122,-0.4538110136648886,-0.4533050770415078,-0.44904025595711183,-0.46494273870327374,0.9976354923723114,0.9975688894959518,0.9974804146350386,0.9979098502797553,0.05183075657891108,0.04542148107334892,0.06423787750054931,0.060564583846041464,90.88095238095238,91.90880503144655,90.53235294117647,92.36333333333333,6.502732343578824,6.393280913769231,6.554697796859157,6.478104246055516,843.819160997733,707.0514319053818,871.7666003460217,710.5979888888905,298.20479024943324,304.0246504291754,299.75415008650543,310.59866388888895
3,10,264,361,71,88,52,69,60.5,78.25757575757575,1.0532895561996007,276,0.4010456884693721,18.333991376950163,1,0.7313019390581718,0.9494065464848278,19.254560628772214,18.681541692269406,8.06225774829855,3.255399323021942,2.8284271247461903,16.772831271209373,17.6382953135436,27.707111752883602,59.11269837220809,0.9565217391304348,0.9239807596244088,0.012695027699388293,0.05829010291350093,0.0349234934311456,0.005592016330996971,0.03276272704092992,0.033993517245868986,0.012804251386866333,0.029074370057810436,0.012073683311591598,0.01864888940302376,0.013548544882886157,0.01514621063077501,0.0049444677693822655,0.00963241129223564,0.013137259730168029,0.012284890884190167,0.012502668490348569,0.0016732024364066085,0.0018513992547268565,0.00530065935685407,0.00995212627205105,0.005798063361386127,0.003223215057071767,0.003936718157145114,0.007752752074501479,0.009997905545029178,0.0007001659113480148,0.014083481242269116,0.011582354354062185,1,1,0,0,0,-0.29749891829449226,0.0,nan,0.3333156996360814,2.6253266861339477,1.0,1.0,0.9354478078236177,0.8662761893262431,0.8954608994723148,3.1725491397082806,27.501961577683687,0.0784313753247261,0.023529410362243652,0.16962699389477479,0.07450980693101883,0.2078431397676468,0.06345098279416561,0.10417409688516548,0.09803921729326248,0.054901961237192154,0.054901961237192154,0.005301520999802188,0.035498932397449334,0.12941177189350128,60.40938258126868,78.40096962243841,0.0,60.5,78.25757575757575,0,60.0,79.0,0.0,0.00039459885183774804,61.658934087313646,24.9999585538869,8,0.0,0.0,30.555896976748702,5,10,0.0038857382902751513,0.004144975101856043,0.003885738290275151,0.003569776852815354,92.42512077294683,89.38297872340425,73.80676328502413,186.18817204301075,0.4367729846086646,0.4992092991994092,0.5477985365615119,-0.07090702466612112,4.158046184397881,4.199351180678992,3.9603448288617784,4.583030248278238,0.0008036403459867246,0.0008726304226195248,0.001030103127001537,0.0005445573526661897,8.173927174786115,8.095630274469421,8.166822464703897,8.217895975074896,-0.35325647854006914,-0.38361117478685197,-0.3562077681117571,-0.3590089425314098,0.9848911800548589,0.9892231188865709,0.9853789160210122,0.9861845413729506,0.08260733991156746,0.13338964842043033,0.07652537893866285,0.04996373035874535,57.169082125603865,57.1063829787234,57.18840579710145,58.2741935483871,5.619805743979483,5.678590169327704,5.697302574800576,5.482046871777296,235.77334360195073,267.5844273426892,252.6263390044105,161.5323447797432,82.04961609372504,89.24185151652341,81.60827557235905,86.93012920568833
3,11,424,625,36,102,11,77,22.742924528301888,88.60141509433963,1.1372000158627933,449,0.4545402663146156,23.23474912642073,1,0.6784,0.8793527840758077,24.819884871611116,24.331050121192877,9.848857801796104,3.906628682269395,3.605551275463989,21.213203435596427,22.10772149833243,-45.962866431468726,77.84062043356595,0.9443207126948775,0.9023646067588916,0.019081284147183936,0.06838850520881803,0.047596400639288106,0.006355177956731014,0.025116120796425247,0.030343434075059482,0.014056018287422778,0.045265526535846944,0.0078394796314231,0.006785999332837338,0.012763475597237308,0.004457198283092088,0.008886254309558136,0.0179239321317498,0.006676534447224609,0.006121321220863386,0.002380560683154166,0.004535852378105059,0.005411602912223692,0.004616184474710329,0.010180609377062357,0.006998906294213509,0.007465758537255406,0.009029794635375855,0.0026318908701012437,0.0026319608826497567,0.0010241464554374927,0.010065741261616636,0.010189267828006865,1,1,0,0,1,-0.4974224617366658,1.0,1.0,0.4836271865151819,1.5994602836260055,1.0,0.9721631742283078,0.8795126360165724,0.8079239865746447,0.8374775454002721,4.113725617527962,63.66274677217007,0.09019608050584793,0.05098039656877518,0.6199522873528567,0.0941176488995552,0.3490196168422699,0.0632880864235071,0.15014798767021242,0.1411764770746231,0.0470588244497776,0.0470588244497776,0.010176962280206524,0.06869372180583685,0.19607843458652496,22.12350622131689,88.62714055965863,0.0,22.742924528301888,88.60141509433963,0,17.0,89.0,0.0,0.0003541226124297463,54.87888305150489,37.07839861144158,7,0.0,0.0,39.14833023770351,10,11,0.0018571428571428576,0.00185470962052737,0.0018842209834073604,0.0019101353361094578,303.7314285714286,436.52941176470597,289.20057306590263,409.65853658536594,0.48587505372754763,0.28689550615171205,0.5070502024097086,0.34604386599775383,5.0522335363592585,5.311885945374375,5.07623379738794,5.089401040972511,0.0002691055681531875,0.00020190283610170055,0.0002462719751028823,0.00027209975690542835,9.191855576087132,9.137247939833248,9.159791929629451,9.115891448195852,-0.43988247327869445,-0.45368607422972496,-0.44383218328396284,-0.45413910275496017,0.9971915309604851,0.997650799553505,0.9973059213978966,0.997637541107183,0.05448956045900514,0.05876824867958301,0.08049202049998908,0.03649261274916228,82.78285714285715,83.8544891640867,83.52148997134671,82.59756097560975,6.563079170259204,6.472011972388771,6.596669359158765,6.502261328180599,877.8157061224474,787.7775882065371,884.1463863186664,843.2038964901849,295.38678367347006,306.0767499928122,293.33673984614165,313.2156082688866
3,12,391,506,162,114,140,91,150.50383631713555,101.8081841432225,1.0362542549650426,404,0.4546053879623376,22.312253628700276,1,0.7727272727272727,0.9650141316271211,23.664600242534494,23.323807579381203,10.63014581273465,3.9908811213622757,3.605551275463989,20.506096654409877,21.077892734180253,38.139343634635765,71.35533905932738,0.9678217821782178,0.9124629595900251,0.059969549224308735,0.06524915440799971,0.0430536425969987,0.03535730979881686,0.01629518534006331,0.03337029785097012,0.019055193612105014,0.012005118887457937,0.013193019255495089,0.004236289466941729,0.004026571208905843,0.007781311137055551,0.004114040498541518,0.012704716367793354,0.0028334366938086524,0.010443062751113823,0.007141354009618021,0.00627421152223754,0.00587622574485106,0.003252351796731139,0.006521466109320463,0.009565919268941804,0.004862538575060326,0.004269225696786492,0.009123360115410336,0.0050205746978404285,0.005745657476686866,0.004758020907129295,0.004796679111389672,1,1,0,0,1,-0.047468640379705676,1.0,1.0,0.3699162782781571,2.207350508594669,1.0,0.9294541713364212,0.9036231985704757,0.7414364488814044,0.752952137632884,3.8392158150672913,64.92549201846123,0.09803921729326248,0.05882353335618973,0.4790655121481948,0.08235294371843338,0.3960784375667572,0.06293796418143101,0.1660498517096195,0.1568627506494522,0.05098039284348488,0.05098039284348488,0.008354474700691476,0.08171985859832584,0.21960784494876862,150.86397681217963,101.49226866598339,0.0,150.50383631713555,101.8081841432225,0,151.0,99.0,0.0,0.00042467992764608567,74.01263688059731,35.30943697239939,13,0.0,0.0,36.43085966107592,9,12,0.0018373133752555852,0.001938807742160353,0.0019266272189349116,0.0019351660724338524,319.4099378881987,460.1947194719471,345.93230769230763,668.1952054794519,0.612087908483871,0.4655346420856129,0.5801234122838751,0.22350006026519478,5.0409826322879185,5.316783732891626,5.121237600980857,5.486952877757984,0.00023879969720198418,0.00018910869355004515,0.0002241987037302448,0.0001540864120494672,9.155420682449012,9.068256491723774,9.107312677119953,9.059687572578653,-0.48675081249543556,-0.5059875370909035,-0.49493684486327594,-0.5058525298551583,0.9986153511418004,0.998924562416852,0.998747184318051,0.9989159241726934,0.07674916660318787,0.06426566279694816,0.059687378720086184,0.027602556163422463,93.21739130434781,94.17491749174917,92.88615384615386,95.36643835616437,6.702022363292967,6.733676596615919,6.746685336571245,6.573427376592569,1327.406157169864,1261.8802949601904,1301.8485775147892,1052.8485996434647,411.70402376451557,430.5187536080334,411.9452213017753,430.26095128072893
3,13,242,306,190,129,173,111,180.9504132231405,119.6900826446281,1.011275324935274,250,0.2814495677021277,17.55346033766304,1,0.7908496732026143,0.9888503905343525,17.94862832329498,18.027756377319946,8.06225774829855,3.2273250158931575,2.8284271247461903,16.0,17.22307335600268,-43.48878638049201,55.45584412271571,0.968,0.9467423968149694,0.03812277919173961,0.04365726217795227,0.018298974505319043,0.029709122681758727,0.023042880236524375,0.027639751852083536,0.015648616468318815,0.013350063560564378,0.018416239892454864,0.01479685902646836,0.018871010180323288,0.010165955521709963,0.013531076057039564,0.013009890912117787,0.021217159807236773,0.007278926122300172,0.011552043533409294,0.010775135383150877,0.005825556863208316,0.004109684480617635,0.012083800453780881,0.012685808049584623,0.010810374017098303,0.002840530820968595,0.0011352647676348803,0.01319723395292213,0.010072314053634924,0.00494225202176019,0.003101552884442298,1,1,0,0,0,-0.24008060277086146,1.0,1.0,0.3950860602181828,2.0202996969505973,1.0,0.9371141095372579,0.8934160552218658,0.7951685405864088,0.8050188558634774,3.1764707006514072,34.03137348219752,0.09019608050584793,0.043137259781360626,0.28123060138931477,0.0941176488995552,0.3921568691730499,0.06617647293023765,0.14062551025701456,0.12941177189350128,0.05098039284348488,0.05098039284348488,0.009183821368232797,0.06856479161022222,0.1764705926179886,181.0634938918929,119.43258815243011,0.0,180.9504132231405,119.6900826446281,0,181.0,118.0,0.0,0.0005810971498223742,121.4050770403404,25.688208733700726,16,0.0,0.0,35.30943697239939,12,13,0.0030132412856496158,0.0037098255280073452,0.003166031632904801,0.0035121107266435987,348.3723404255319,566.7818181818182,330.58115183246076,589.2823529411764,0.4388715444987744,0.17639985780005113,0.48461089983669653,0.12426495686852274,5.0411621904167685,5.373530060680958,5.101078213191146,5.341313492180251,0.00024541238977937726,0.00017508861597230813,0.00024149339645349632,0.00019660193433780317,8.432248426145723,8.14207979000339,8.378475948454593,8.238802700843586,-0.5045995207838605,-0.5656090845621378,-0.5201144146618062,-0.5480060215208442,0.9983098916919082,0.9991862934148557,0.9986146225729275,0.99900380132984,0.04846263434300294,0.05150575152762511,0.06852375826267625,0.05179475012834645,79.75531914893617,81.13333333333333,78.47643979057591,80.69411764705883,6.302129926040033,6.214489677969134,6.230895862614703,6.196578786109905,893.3124717066548,809.570101010102,952.2599161207218,756.5182006920404,310.4212030330466,344.0879797979794,320.71026698829496,336.45013840830484
3,14,264,361,59,136,40,117,48.90909090909091,125.41287878787878,1.0325175186596993,276,0.2327459170333861,18.333991376950163,1,0.7313019390581718,0.9685065695525341,18.61034496891158,18.439088914585774,8.94427190999916,3.3588117433650946,2.914213562373095,16.97056274847714,18.099259797719448,-58.01194662871912,58.526911934581186,0.9565217391304348,0.9694388554602217,0.04165860222080453,0.02452989818747084,0.014355814590720113,0.035152487110444275,0.009463557039841322,0.014274024660384192,0.012231332092721564,0.018597675650861654,0.026170490123617152,0.006177485732734431,0.011130729138554032,0.0027757759373724504,0.009902200722216249,0.01167889474308979,0.00858899643359057,0.01677253471130366,0.0051373007600324,0.00734113511864782,0.0017369917905526585,0.0068161375386364,0.007772062760875238,0.007777426499609274,0.010858851959712318,0.004121823483248345,0.008727078235336172,0.005018730122529661,0.007157155138044521,0.0035095640554715334,0.0063189311337605355,1,1,0,0,0,-0.25324930544526075,0.9885630500053237,1.0,0.36837299076303515,2.2246805453383907,1.0,0.9575064715300283,0.9052691456018167,0.7767257027473877,0.7981237475507283,3.192156955599785,40.117648132145405,0.10196078568696976,0.047058820724487305,0.22158000997543306,0.10196078568696976,0.3607843220233917,0.06514606031836295,0.15196078837933866,0.14901961386203766,0.0470588244497776,0.0470588244497776,0.012472162509860947,0.06798678319433338,0.1921568661928177,48.692864120631185,125.46129032341638,0.0,48.90909090909091,125.41287878787878,0,47.0,126.0,0.0,0.0005756090468914344,70.21783205469175,22.48682013177253,17,1.0,12.67605633802817,35.35676161994953,15,14,0.0026327236098074676,0.0030598530126683624,0.0026721743797988285,0.0029814394893759965,312.157894736842,510.5187165775401,321.27053140096615,462.65608465608466,0.4580893749980276,0.17799707428157435,0.4330516881936083,0.23440840031308285,4.984727895047741,5.310256932702526,4.96742744718426,5.215902095879235,0.0002834114849661483,0.000201403961576975,0.0002851368445170495,0.00021158699930628772,8.606880663181364,8.409167788753072,8.58720676426261,8.448434090864845,-0.522774420716097,-0.5600805030377882,-0.5254599301299362,-0.552938965257854,0.9988686553475404,0.9992787727489562,0.9989003768197962,0.9992145435590598,0.03769355983864567,0.06752528263396274,0.02921991386487799,0.04422549900096358,85.30622009569377,86.28342245989303,85.89855072463769,86.1058201058201,6.358073460369272,6.280011457438835,6.303100113043366,6.225166283915749,839.9062292529943,731.6148588750057,812.0621718126431,745.9676380840401,288.016030997459,310.5333938631363,283.3331758034019,302.15593068503154
3,15,380,462,93,151,71,130,81.11052631578947,140.01315789473685,1.0344817458863214,393,0.3184854396146637,21.996159369293583,1,0.8225108225108225,0.9666676130115973,22.61551388503449,22.825424421026653,10.770329614269007,3.9745262460585176,3.605551275463989,20.0,21.437873258141906,81.04530490587481,70.2842712474619,0.9669211195928753,0.9031494914122409,0.009643930522128466,0.08562903847690763,0.019364549544362994,0.006013250504628488,0.019896943882670843,0.06603063028007203,0.011500794591646999,0.008440783855489803,0.001607509943187527,0.010523875419797858,0.006923186048846438,0.04278960594944893,0.0030776683088094546,0.004870889192311525,0.0010450974161479117,0.002336280479232494,0.0015401671464227848,0.005436413377696323,0.0033543608779744967,0.02099723250308661,0.004222902178240672,0.0013344997379008828,0.0004551190083159904,0.0009185579147470103,0.0040766154164255716,0.004969203382918418,0.002948318667256934,0.0025679578275152274,0.0032091843474607554,1,1,0,0,1,-0.20503149418759795,1.0,1.0,0.46378829641414887,1.8029522868004793,1.0,0.8426935642050689,0.9144332504951841,0.7441892566402806,0.6825299265704776,3.874509934335947,69.6627467237413,0.10980392247438431,0.0627450942993164,0.49008870642470687,0.08627451211214066,0.501960813999176,0.06249209571509592,0.18332301769405604,0.18431372940540314,0.0470588244497776,0.0470588244497776,0.010007277476659854,0.09529529739594893,0.2235294133424759,80.6266043630452,139.93565638625336,0.0,81.11052631578947,140.01315789473685,0,77.0,135.0,0.0,0.00048242899393172644,37.32983275141718,34.89396248228881,17,0.0,0.0,35.35676161994953,14,15,0.0020201216053498394,0.0021822583011394197,0.002104547851839833,0.0020006155740227767,664.403785488959,859.3916083916083,533.7993630573249,1079.2631578947367,0.4146427392402335,0.2572158893515898,0.5326979910313022,0.08306717505972198,5.544570157818431,5.62552074520478,5.30777713891965,5.8593108530837235,0.00014286846652242387,0.00012603888446812426,0.00019103011887525823,9.556656308887429e-05,9.076905187941927,8.929033749335543,9.019111911298225,9.018836047641006,-0.5132243078461757,-0.5376388201200382,-0.5245545451842037,-0.5254444778374486,0.999050179297416,0.9992957200674837,0.9991796154013977,0.9991914787423106,0.0819885578093966,0.04275677627423036,0.07127406533126518,0.04305246280538865,102.49211356466877,104.93006993006993,102.71656050955414,105.72631578947369,6.821534794288057,6.6838832398558585,6.739528981671773,6.625238737764507,1605.675805312023,1454.5825223727297,1750.8018276603507,1274.809307479225,567.5198977002465,578.493532691085,571.150297679419,588.5181163434909
3,16,275,340,192,154,172,137,181.3890909090909,145.37454545454545,1.0229314728760974,285,0.5315968494021155,18.712051592547777,1,0.8088235294117647,0.977582591322933,20.35812628514077,19.6468827043885,8.06225774829855,3.3832738297725697,3.0,16.0,17.243282365032588,89.71754621778324,59.45584412271571,0.9649122807017544,0.9071007119227198,0.015462449551419202,0.0702266005707103,0.06878029581914433,0.008323666924415942,0.013124914834887152,0.03662425295495034,0.039108234039312614,0.006605189205848802,0.006358245138225819,0.004849917763374421,0.007163209998465048,0.007693342791387223,0.014375577380391422,0.014724879438628817,0.012891936145038481,0.008025173722983314,0.006243209911978215,0.006293830666650176,0.006641895552932837,0.006872943416697404,0.003947848013200333,0.020714171365226252,0.001799117879766213,0.007217641961522996,0.005878466921516665,0.006363981657784141,0.006243972905860523,0.0025925902701901026,0.003211721625202889,1,1,0,0,0,-0.06633054714122959,1.0,1.0,0.5340899779923212,1.4794550387816583,1.0,0.9968944098900424,0.8889106305492834,0.8528700512091748,0.8945166743168471,3.4156864024698734,34.270589243620634,0.08235294371843338,0.0313725471496582,0.41129169193893306,0.09019608050584793,0.3490196168422699,0.06568627697057448,0.12462032452225685,0.10980392247438431,0.05098039284348488,0.05098039284348488,0.007950807735820067,0.060505240770847526,0.14901961386203766,181.33173132408103,144.96727314531552,0.0,181.3890909090909,145.37454545454545,0,177.0,144.0,0.0,0.00045316481644457036,34.35526850642631,25.688208733700726,13,0.0,0.0,53.403434244612356,12,16,0.0033083545918367358,0.0031884366032522062,0.0030070308274743095,0.003161866298225105,199.84821428571425,467.4329896907217,390.68837209302325,527.9845360824742,0.6060541940743658,0.14513914764595584,0.2419747941803432,0.02770614532293147,4.603752609921525,5.210450941964282,5.076870773831439,5.277845258344652,0.00046380936633912844,0.0002272712362342858,0.0002724328799684848,0.00022668078501146132,8.417693259043567,8.375635651443172,8.478334477456187,8.393727275176818,-0.4569437942480894,-0.472301431667502,-0.4471004425973935,-0.476787194388869,0.996575777708067,0.9971786454525919,0.9962020620055148,0.997385154015298,0.1272614471810002,0.06534584827527698,0.06689716792477934,0.07946852070689,68.47321428571428,70.35051546391753,69.45116279069767,71.23195876288659,6.1200899779140645,6.1483131212481394,6.038829015381495,5.982933286403125,814.7492825255104,626.1554894250175,640.1173823688487,558.0750611117019,253.6493742028058,273.3971197789342,257.7014386154681,271.5148992985437
3,17,370,529,59,160,36,137,47.1027027027027,147.82702702702701,1.0667421969397868,386,0.33614837236891476,21.70480664627101,1,0.6994328922495274,0.9374336206711863,22.436666355788176,22.561028345356956,10.0,3.8442032537100927,3.605551275463989,19.79898987322333,21.13105524813352,-52.968105537976825,70.42640687119285,0.9585492227979274,0.9008428834563141,0.014096051212487347,0.08321287573093133,0.02254803646423557,0.009049791122113338,0.024829488627206284,0.056902294248885876,0.012142866566647295,0.028287702465741846,0.00487728508325225,0.013689872540601533,0.006469260384383964,0.02866586171280086,0.007045026387153085,0.015861645813298436,0.0032172044043624,0.003815276817985063,0.006312294136289001,0.008670045055938649,0.00858936433023736,0.0060139459290087785,0.00878425389423144,0.0076296160710359615,0.0019590569664464873,0.009722109608689284,0.0038327287615092416,0.004695372306437806,0.008930802659014313,0.008885165993795728,0.0008463150318801172,1,1,0,0,1,0.1654923845708714,1.0,1.0,0.5449215368384329,1.5242647316113815,1.0,1.0,0.9113751588112853,0.8307940424632289,0.8579090823185667,3.603921677917242,56.79215821996331,0.09803921729326248,0.054901957511901855,0.2225401182080001,0.08235294371843338,0.33725491166114807,0.062136580653745555,0.15349231951341435,0.15294118225574493,0.05098039284348488,0.05098039284348488,0.007665387964103022,0.06568455701038177,0.2078431397676468,46.917829035017185,147.70314873510895,0.0,47.1027027027027,147.82702702702701,0,48.0,144.0,0.0,0.00041484410679301176,114.70937832323443,22.48682013177253,14,1.0,13.636363636363637,31.740511622328867,18,17,0.002275119512302091,0.002286712657853831,0.002030882661339278,0.0023286593664548195,250.7119205298014,366.54121863799276,279.42524916943523,376.47349823321554,0.4931072202437788,0.31468664430586,0.437127936987925,0.2913121020042459,4.862136107082569,5.173462377880746,5.009162607265868,5.136568540402621,0.00031427313897297587,0.0002386645016386877,0.0002706840280495112,0.00026557190493524147,8.9022149214013,8.865986723984546,9.035098455822279,8.884906387692915,-0.4469592332595791,-0.4535644205342288,-0.4258617965242473,-0.4538927235570647,0.99701961607745,0.9972399186366226,0.9962270808474197,0.9972837286448698,0.05319652782635663,0.0760415242517044,0.07267913449179786,0.0823322456182083,86.2019867549669,86.39068100358423,86.32890365448506,86.08480565371025,6.423683435884995,6.38018112795802,6.373665847195964,6.326666596997513,738.4989364501553,703.1627805398175,713.4300283661314,685.9786737254799,247.3027142449896,267.4259997944523,248.21381938389186,265.61304298967343
3,18,443,550,29,172,7,147,17.295711060948083,158.73589164785554,1.0359539925498285,456,0.4967848696608225,23.74963406702674,1,0.8054545454545454,0.965293832729643,25.516159701861408,25.0,10.770329614269007,4.219199664549206,3.605551275463989,21.0,22.14480443188711,-6.117420783889888,75.94112549695427,0.9714912280701754,0.8975876808144615,0.03196108149351548,0.08062585088442831,0.05439773180823535,0.01642145239863886,0.019843829246512706,0.047569186513621256,0.029451634627322972,0.011324399050925039,0.0005501282418745659,0.012449208721750508,0.0034672263719720898,0.017602045415794215,0.007424542372724329,0.008461722875203652,0.0004454897438320283,0.008499239251813541,0.010425941522046612,0.004032169765740082,0.005756076018245126,0.00047406478045452,0.0045014491267892365,0.006957287959395034,0.005026460285420207,0.0033539276546973055,0.009595293304814278,0.006880465077767142,0.0034324190286350973,0.0014749134164947619,0.002222190368777508,1,1,0,0,1,-0.5305338026595644,1.0,1.0,0.5523561234734742,1.3779803886496096,1.0,0.9806734106638574,0.8724310320575316,0.7919113130814627,0.8194549300119649,4.345098178833723,73.51764918491244,0.0941176488995552,0.06666667014360428,0.5213204689979564,0.09803921729326248,0.3529411852359772,0.06583482089142005,0.16595406136549085,0.15294118225574493,0.0470588244497776,0.0470588244497776,0.011289990375886209,0.08072642106915567,0.23137255012989044,17.19640475818994,159.24766629516503,0.0,17.295711060948083,158.73589164785554,0,20.0,157.0,0.0,0.00037461413400788,26.406336175091443,31.740511622328867,17,0.0,0.0,45.93287462688504,14,18,0.001617143194706995,0.0017629707346858044,0.0015725151095131896,0.0016971033822372693,348.9293478260869,591.2727272727273,296.0344827586207,489.44444444444446,0.5667815989356921,0.26926365811881725,0.6327219363998654,0.4031480071560464,5.177975012764333,5.464407705706229,5.01647460493807,5.323779535208258,0.0002198892932302952,0.0001666280756597307,0.00027456428934764045,0.0002118319977745871,9.346878396250894,9.225887313163017,9.379349692037033,9.264315161072084,-0.4684155128416478,-0.487599900057783,-0.45903148465646465,-0.47882811794360064,0.9983542683670437,0.9986947650366238,0.9981268734635371,0.9985333557161958,0.0489261009902829,0.03376972090691934,0.05128865031648269,0.036353518799781895,92.79347826086956,94.33431085043989,91.10079575596816,93.7017543859649,6.7764620197734295,6.67582294004694,6.815961973206605,6.716839642641018,1261.9410444234418,1027.0202010646626,1316.011060374729,1150.6420437057568,402.7175980623815,404.5732320843467,403.01138578333666,410.02162203755097
3,19,270,380,129,192,110,172,119.28888888888889,181.27777777777777,1.0797504795886286,282,0.7066078312747166,18.5411616971131,1,0.7105263157894737,0.926139898896815,22.075813189004343,21.400934559032695,7.615773105863909,3.243428930676481,2.8284271247461903,14.849242404917497,15.620964164445732,-41.84919137797676,60.526911934581186,0.9574468085106383,0.7505997316124322,0.02150084262530416,0.15007138738788428,0.09908712077877531,0.006641262530369723,0.015997268195407234,0.03640870458800482,0.014067090947281168,0.019054972641423248,0.012136671485537797,0.007028793079252452,7.126747295357819e-05,0.01740735115113441,0.01822647328688085,0.024131697555748496,0.008829379793806482,0.006210736126106415,0.0033496530350379736,0.0063394642930047875,0.005308618530525736,0.014520057109106527,0.00780883634984919,0.007121106867412119,0.01198729501125497,0.006496477341496601,0.002974047748192518,0.008991123363411171,0.0022481120289043993,0.0018184037107971673,0.005901738067648933,1,1,0,0,0,0.05923267943363926,1.0,1.0,0.574419887136609,1.5072523682457606,1.0,1.0,0.9304814534713287,0.888716970685546,0.9133832270297538,3.364706013351679,32.41176562383771,0.08431372791528702,0.0313725471496582,0.24407318204213385,0.08627451211214066,0.27450981736183167,0.06597462771277801,0.12004357638458411,0.11372549086809158,0.05098039284348488,0.05098039284348488,0.007946489399057633,0.04700806304030538,0.14509804546833038,119.524621899423,181.2145190555594,0.0,119.28888888888889,181.27777777777777,0,121.0,181.0,0.0,0.0004446058384614226,102.74089733346138,56.217045661035,15,0.0,0.0,71.731981585663,16,19,0.0029648929718559796,0.003755838909228632,0.003262139346249641,0.003484236831987696,156.4075829383886,250.43258426966293,154.61502347417843,208.90196078431373,0.4561771578883764,0.2054785261726435,0.45808868645936157,0.2968525860066452,4.549793816604797,4.860243807136268,4.574597120408591,4.671062115455404,0.0004890693019916322,0.00038573984953228237,0.00048615437916129994,0.0004656453757390094,8.475815361682713,8.159639821379372,8.383655922991956,8.302279386067932,-0.40779415557745796,-0.4816592448434643,-0.41980935788595997,-0.44175754993183214,0.9934710682786149,0.9971733273733544,0.9941703657261713,0.9954754182959378,0.08004287453166707,0.07790411923235947,0.07364336404011823,0.04127415679548099,66.54028436018959,67.5561797752809,66.6056338028169,66.84313725490196,5.9986084359783565,5.749959293913477,5.909536915047742,5.945350713024499,418.8076188764844,379.9659449564451,416.0134893870263,385.28911956939646,143.80380045371885,157.5996323065267,142.6571282153011,148.54777008842757
