ImageNumber,ObjectNumber,AreaShape_Area,AreaShape_BoundingBoxArea,AreaShape_BoundingBoxMaximum_X,AreaShape_BoundingBoxMaximum_Y,AreaShape_BoundingBoxMinimum_X,AreaShape_BoundingBoxMinimum_Y,AreaShape_Center_X,AreaShape_Center_Y,AreaShape_Compactness,AreaShape_ConvexArea,AreaShape_Eccentricity,AreaShape_EquivalentDiameter,AreaShape_EulerNumber,AreaShape_Extent,AreaShape_FormFactor,AreaShape_MajorAxisLength,AreaShape_MaxFeretDiameter,AreaShape_MaximumRadius,AreaShape_MeanRadius,AreaShape_MedianRadius,AreaShape_MinFeretDiameter,AreaShape_MinorAxisLength,AreaShape_Orientation,AreaShape_Perimeter,AreaShape_Solidity,AreaShape_Zernike_0_0,AreaShape_Zernike_1_1,AreaShape_Zernike_2_0,AreaShape_Zernike_2_2,AreaShape_Zernike_3_1,AreaShape_Zernike_3_3,AreaShape_Zernike_4_0,AreaShape_Zernike_4_2,AreaShape_Zernike_4_4,AreaShape_Zernike_5_1,AreaShape_Zernike_5_3,AreaShape_Zernike_5_5,AreaShape_Zernike_6_0,AreaShape_Zernike_6_2,AreaShape_Zernike_6_4,AreaShape_Zernike_6_6,AreaShape_Zernike_7_1,AreaShape_Zernike_7_3,AreaShape_Zernike_7_5,AreaShape_Zernike_7_7,AreaShape_Zernike_8_0,AreaShape_Zernike_8_2,AreaShape_Zernike_8_4,AreaShape_Zernike_8_6,AreaShape_Zernike_8_8,AreaShape_Zernike_9_1,AreaShape_Zernike_9_3,AreaShape_Zernike_9_5,AreaShape_Zernike_9_7,AreaShape_Zernike_9_9,Children_FilterObjects_Count,Location_Center_X,Location_Center_Y,Location_Center_Z,Number_Object_Number
1,1,3439,4968,417,96,348,24,383.4507124164001,58.00959581273626,1.2102228608493395,3583,0.408038929149859,66.17152555551537,1,0.6922302737520128,0.826294092063503,69.38512569261444,71.58910531638176,30.870698080866262,10.871449593231738,9.486832980505138,61.6452630908366,63.34615863883312,-31.16054429273106,228.69343417595164,0.959810214903712,0.8433554210478651,0.026874625494078732,0.12481090186911345,0.03289266407109773,0.015452041342298863,0.0103001981396021,0.07527978442037726,0.013395985779297851,0.012294983629657405,0.00355014649287846,0.007244086861547294,0.004036851991313673,0.028029902941617633,0.003598809481069727,0.005786239011838015,0.0053854687185164955,0.005508449879598234,0.003422587895172116,0.0014382660892321376,0.001780034988508785,0.0020412831686217082,0.00976913100226293,0.0076872370168519786,0.0017416901393418234,0.006135166812721547,0.00729485358121863,0.00049355455655273,0.0011392057330447216,0.0016272787045022523,0.007837301435903974,1,383.4507124164001,58.00959581273626,0,1
1,2,3319,4615,210,95,145,24,178.0262127146731,58.094004218138,1.1662781032080212,3425,0.38303092039475295,65.0067846380361,1,0.7191765980498375,0.8574284274474085,67.78270079785821,70.178344238091,29.966648127543394,10.709988629237033,9.433981132056603,61.63155330445926,62.613288482687075,-15.045110180029157,220.55129855222071,0.969051094890511,0.8571170579218863,0.046586640860632,0.11205977014557778,0.026535037910755177,0.02210540126473874,0.017389427523490254,0.06649438486302675,0.006532556216217221,0.015203937860772641,0.003344116974851059,0.010251225189763671,0.0024432088486537576,0.026341053178408156,0.005763900148472434,0.011996920740645517,0.004519017413634999,0.011717786098939224,0.007297901937706542,0.0038839348053185535,0.0028578511788032216,0.002757195990527575,0.006281957270693593,0.007337628121200737,0.0036150390910253817,0.007125378271755618,0.009174311237996897,0.0021139385534940814,0.0007600362616712645,0.005764401657816173,0.005855224630369809,1,178.0262127146731,58.094004218138,0,2
1,3,3182,4355,312,93,247,26,279.6247642991829,58.6759899434318,1.1828496096081416,3307,0.40156688964183984,63.650987669849144,1,0.730654420206659,0.8454160122107859,66.60702835420108,68.35202996254024,29.5296461204668,10.539757302137982,9.219544457292887,59.84615384615385,61.00069456792575,-31.580762188328283,217.48023074035524,0.9622013909888116,0.862021124606007,0.035770608013829926,0.11095714494632784,0.033660436886931766,0.02311127739690548,0.008148969974229444,0.0684964373513151,0.01813038039486931,0.005310316374172933,0.00935878090195949,0.004029835264605343,0.011498735134303278,0.02717768100724658,0.005789559213274225,0.0032709109893281816,0.0032526107704490925,0.004276318416441869,0.001544458657992454,0.0022432871964629597,0.004601605877748509,0.00021367809220173995,0.006543835510900297,0.006135853422267491,0.006652887083898584,0.002178855142457102,0.006308353011369423,0.0011397964165815943,0.0024876479184062815,0.002164295018899612,0.004068009284507047,1,279.6247642991829,58.6759899434318,0,3
1,4,3085,4095,622,90,557,27,589.4278768233387,58.33452188006483,1.1536511910101133,3179,0.31558487587923106,62.67331166858806,1,0.7533577533577533,0.8668131301666846,64.42016308557388,65.39113089708727,29.410882339705484,10.409837923318175,9.219544457292887,59.90877680658768,61.12812221767229,-46.236449470973504,211.48023074035524,0.9704309531299151,0.899501752776731,0.03286939076613396,0.08497416271471793,0.020034218501060186,0.020755995321174243,0.007564166519509531,0.059747095936365055,0.00849868604256148,0.012344427479639795,0.007379820020194138,0.002100387610611208,0.0063096694336996426,0.03340572531270732,0.0016830045214163974,0.00522925268100726,0.009446315161328517,0.004890147481588447,0.004680658790680784,0.004543781425284432,0.006325661589834199,0.013117899068978051,0.006814177980553985,0.0032609594091155608,0.004357197209974552,0.0071943581054230085,0.007644182290783633,0.004393827643055204,0.0022415474278586157,0.003749982632953118,0.0022465278975738177,1,589.4278768233387,58.33452188006483,0,4
1,5,3100,4160,110,91,45,27,77.04225806451613,58.51838709677419,1.1763157171683822,3220,0.3112673506621995,62.825493143142175,1,0.7451923076923077,0.8501119090776003,64.52262671158033,65.60487786742691,29.5296461204668,10.393808900899497,9.055385138137417,60.81118318204309,61.317296536270554,-45.136919789068685,214.06601717798213,0.9627329192546584,0.9117616575208866,0.0060743193981179526,0.07732852631821367,0.021209195686834843,0.004119282578662184,0.00877021268022156,0.05859950502069734,0.012847490417567019,0.009308337912915746,0.001865230064039073,0.004614590472184192,0.0005155104581115194,0.037020312129886886,0.004187019892144635,0.004815632837724099,0.009670143775410584,0.00021834917679493894,0.0017241567841602048,0.002740691449524676,0.0005975422138655799,0.01758639530291162,0.0024946084306799077,0.004117948500705698,0.004923025861682207,0.0016536233010411192,0.00043584451576204533,0.00211687792296663,0.0038556483597710855,0.0009279599511586064,0.005095242500748034,1,77.04225806451613,58.51838709677419,0,5
1,6,3320,4422,519,92,453,25,485.32379518072287,58.659036144578316,1.1721284659034377,3414,0.41962286399049,65.0165770286374,1,0.7507914970601538,0.8531488050068242,68.32854561590064,68.96375859826666,29.68164415931166,10.716484567508184,9.433981132056603,60.88199772559064,62.021721566291276,-37.58646708434831,221.1370849898476,0.9724663151728178,0.8818817493724013,0.035849179868492106,0.09572201113152477,0.03611524572019074,0.018797965116572734,0.007194651263282484,0.061469399682940684,0.014673746456743091,0.012301369473917514,0.0036959055132373573,0.004710262201296518,0.00885765639079356,0.029427671259436735,0.003045913384655765,0.0075623432381434945,0.0023793583713685633,0.008662830080743932,0.006271529452500686,0.0038435669193500623,0.0035900312770924896,0.008804504958051407,0.009737603746118836,0.0054109230045396315,0.001274128242107281,0.005315903497501281,0.00824300910873185,0.0024723078404218645,0.001515296701834398,0.0025941968468455477,0.0016152441714813277,1,485.32379518072287,58.659036144578316,0,6
1,7,3540,4760,728,95,660,25,693.9601694915254,59.48474576271187,1.2060015402613502,3673,0.3346192770461754,67.13618985586295,1,0.7436974789915967,0.8291863373435592,69.26063655117717,70.2353187506115,31.304951684997057,10.999047904933283,9.848857801796104,64.8459713474939,65.2679966686094,-33.8300156921181,231.62236636408616,0.9637898175878029,0.9024400226869708,0.019194577437851787,0.08339396104747313,0.02409203295454188,0.011756738272224804,0.009779411517329554,0.059931712250920775,0.012931983231370254,0.01027922944946194,0.003545131509928128,0.004284409508148787,0.0066653071394541935,0.034606472517337505,0.002507185793322286,0.002904304312298343,0.006277803936865965,0.003993437509396258,0.0031868074525695407,0.003805422553379067,0.00513421445627706,0.014102523058758368,0.004702653744238316,0.002179909182397996,0.002627786734446439,0.009123218388536703,0.0060860810981313235,0.0033908525872487928,0.00257996376761625,0.0017116518642248102,0.0058928128461415525,1,693.9601694915254,59.48474576271187,0,7
1,8,3397,4680,829,103,764,31,796.293199882249,65.29408301442449,1.202341121502093,3539,0.48973879996024006,65.76621270428568,1,0.7258547008547008,0.8317107201246624,70.56103288793034,71.34423592694787,30.083217912982647,10.749692120936889,9.433981132056603,60.54055145966812,61.519991534116066,-21.314960621536365,226.55129855222071,0.9598756710935292,0.8354319414862743,0.037672820518888595,0.12515226811326047,0.04823028649210136,0.01933420007652161,0.0031233242059859855,0.06740352417116816,0.018913031825897403,0.006345438655552085,0.007278725228042852,0.006866285855309122,0.007981012292307263,0.018453868379391437,0.003448917027340417,0.0055453583282229916,0.006269686832395132,0.009107258090020505,0.006295067632129901,0.002843526233135794,0.007000574903974217,0.00597462131433962,0.010806216303970826,0.005277325061806623,0.0027871290664076153,0.005994994243888516,0.007043053213922177,0.0022751784516723363,0.0015175301778573987,0.001754292002403257,0.0067304323715186775,1,796.293199882249,65.29408301442449,0,8
1,9,3186,4288,931,100,867,33,899.0681104833648,65.56026365348399,1.1534392878219368,3276,0.273897850455008,63.69098201100552,1,0.7430037313432836,0.8669723760565852,65.0647370572882,67.26812023536856,29.732137494637012,10.554319419472936,9.219544457292887,60.81118318204309,62.57658269505414,-28.872466111193557,214.89444430272832,0.9725274725274725,0.8909811610616909,0.035563071609009775,0.09087886597735294,0.01422307228762722,0.02231055534413176,0.017644180446321545,0.06160614916906572,0.005671433088084451,0.017552349198919404,0.006968670502133278,0.009483840222242912,0.0018085273443546733,0.03157615823535541,0.001926738612669715,0.008011640449867933,0.00925352609983395,0.004399826660656246,0.00562340067320032,0.003026773954700422,0.0034156119189559433,0.009458309498450083,0.00530942978677294,0.002995062378340251,0.0006092191263426185,0.005184629821311343,0.008676432216770946,0.005860038808346068,0.0028294901413028492,0.002360805645434454,0.00437450778213924,1,899.0681104833648,65.56026365348399,0,9
1,10,3109,4160,1032,103,968,38,1000.3570279832744,69.42811193309745,1.1484634727196594,3198,0.33750627415669315,62.91662534323993,1,0.7473557692307692,0.8707286071814846,64.90386990032,65.5133574166368,29.832867780352597,10.461125023089336,9.219544457292887,61.093766260250064,61.09552361083148,-23.512825319367696,211.8233764908628,0.9721701063164477,0.9128178396557894,0.009286812268583702,0.07657630493786967,0.024898498311114937,0.006846057199024172,0.0030594467366137565,0.058294839379687935,0.01622936681971716,0.0073056836682671615,0.003727332860145159,0.002978111838343771,0.00895854073413939,0.03711007219492626,0.006723372538158751,0.004635703573904986,0.004934990089093745,0.001044957692039053,0.002519112437146933,0.004331033415970833,0.005901348545444607,0.017935066305105364,0.001041137612202405,0.0027886359081596935,0.0015377637272932657,0.005940651171689239,0.0013641264819823375,0.001672263500297022,0.0008082969257083001,0.0014544865304704684,0.004984918485276095,1,1000.3570279832744,69.42811193309745,0,10
1,11,3520,4760,1135,109,1067,39,1101.037784090909,73.1377840909091,1.1364498451099767,3609,0.3503144852498604,66.94627097507204,1,0.7394957983193278,0.8799332450111143,69.22760882281976,70.21395872616783,31.622776601683793,11.155623713809973,9.848857801796104,63.79052256590135,64.84080324148594,-26.339439878698595,224.20815280171308,0.9753394292047659,0.9067101969502561,0.015053985270646277,0.08108116112579812,0.026674992706812242,0.010450048914445178,0.010270682980205718,0.06027668968743731,0.016365994030557714,0.00935752363209935,0.004716503692341176,0.007716118472015515,0.004337777475229765,0.03666587833908422,0.005525706084166384,0.00431045648501352,0.006053562731857766,0.0007529018803934537,0.004696847360844514,0.0020154069828177204,0.003549441914855228,0.01601341899424357,0.002602446710113338,0.003943694241636741,0.00485085565678324,0.006322917638816103,0.0032655575180949403,0.0017526142718962128,0.00161466323421609,0.0007993155372138923,0.002730277019523114,1,1101.037784090909,73.1377840909091,0,11
1,12,3461,5005,1235,114,1170,37,1202.0462294134643,74.91245304825195,1.256767767457666,3600,0.49286673140322945,66.38284465378385,1,0.6915084915084915,0.7956919535125527,71.44744843471429,77.6659513557904,31.04834939252005,10.860665001206335,9.433981132056603,62.22553011032026,62.16676873785952,-22.091732254697703,233.79393923933998,0.9613888888888888,0.7231085735456534,0.09623285176586195,0.1653624921192077,0.032227555971313375,0.014714734078767416,0.010763283384506087,0.04429469910729968,0.017964649858726662,0.011254976414703945,0.03030754083923044,0.006982997837724708,0.008584294890154071,0.006090252497439073,0.00851011035899492,0.006163494492911565,0.009327800442952578,0.01705235609970481,0.0028251895831353656,0.0022080680090125447,0.005862209103572091,0.0010978908771412587,0.011512364887642295,0.008459098011340755,0.004600814752408695,0.005739230912923486,0.007810689868932527,0.002364507160659518,0.0011600629115838996,0.0029944409108376346,0.004836560035742071,1,1202.0462294134643,74.91245304825195,0,12
1,13,2724,3968,106,194,44,130,74.22540381791484,160.09948604992658,2.1773640694310163,3061,0.5321761886844255,58.89231290973876,1,0.686491935483871,0.4592709203019584,66.09184143807185,65.36818798161687,22.561028345356956,8.081974108379619,7.0710678118654755,56.282726553632706,55.955575659386646,-38.26890473991272,273.0071426749364,0.8899052597190461,0.8116790357731297,0.03974567259270546,0.0955341315555202,0.057403057925352004,0.024663021032011952,0.004772287206116897,0.037092978946492265,0.024696829369261156,0.01030501446783457,0.01380511038719452,0.028436993192872535,0.005462779073318912,0.03358414307202232,0.004374719209032068,0.010963174695207113,0.0052641263717224515,0.014549078668950518,0.0063909107861372366,0.0037510744372486965,0.009474157242335692,0.0175907636996118,0.012801542632520556,0.013492779170069958,0.0008662579044905801,0.00396296301573439,0.006433428315744302,0.00962023737459489,0.005825692893997482,0.0034869465482012694,0.004383233413113037,0,74.22540381791484,160.09948604992658,0,13
1,14,2884,4030,412,195,350,130,381.9635922330097,161.92891816920942,1.6187224687815975,3136,0.5058282688641005,60.59721814585394,1,0.7156327543424318,0.6177711246281111,66.28903467517404,66.21933252457322,23.769728648009426,8.783562250845714,7.810249675906654,58.09632072473975,57.18318837305674,-17.16670014601208,242.20815280171308,0.9196428571428571,0.8243473796227675,0.04133321592010483,0.11111770877776582,0.04973501911629451,0.016208492154712078,0.009747633901107586,0.05222255603796815,0.02220303905384091,0.008866977470801335,0.014473464728479518,0.016968933926427766,0.00961246056411356,0.026068048009144976,0.004290576197941357,0.013139155293081834,0.007294850283845193,0.005646774612899976,0.004703984019142375,0.013378455835990306,0.0024663470695427004,0.00804350407329384,0.012554393218273308,0.005759410394116406,0.006048093774990508,0.005176400713885834,0.006271455770617055,0.006554783206122613,0.004408724833969372,0.005493594121936117,0.006846997644180194,1,381.9635922330097,161.92891816920942,0,14
1,15,3712,4964,210,199,142,126,175.93992456896552,160.8235452586207,1.1852894756738563,3835,0.40208092957461355,68.74783771186497,1,0.7477840451248993,0.8436757606672276,72.00528321771911,75.43208866258443,31.76476034853718,11.307987986171861,10.0,64.22221695554376,65.92833482176586,-28.37862287996127,235.1370849898476,0.9679269882659713,0.8301790353194121,0.03892674166176703,0.13173521091678558,0.030238889250994154,0.018303336856567248,0.01007855891454098,0.07502545180481515,0.010638766318377279,0.014145504522531572,0.00648593518436195,0.00581653601220018,0.0028167475076760254,0.025183944991051924,0.003923150640300789,0.003395601214454121,0.00844819372172058,0.01270428474908051,0.0056793986047532245,0.0010820403101138736,0.005214839075803993,0.0021738495237009037,0.008111635109958975,0.00802224836627621,0.0021848440570870265,0.004501730720944293,0.01047040390616276,0.00368277588083978,0.002689714886000927,0.0029925982656801055,0.0009636041649310777,1,175.93992456896552,160.8235452586207,0,15
1,16,3746,5110,519,198,449,125,483.9439402028831,161.29845168179392,1.1454530430766747,3854,0.386550553530474,69.06196735235625,1,0.7330724070450098,0.8730170180647568,72.0167926886494,72.56031973468694,32.202484376209235,11.38917722605021,10.0,66.04184694150563,66.41879920085657,-37.21674206974767,232.20815280171308,0.9719771665801764,0.8952053703890702,0.024460290180484796,0.08753913400105218,0.03188477333155074,0.013298790623464068,0.007977632823025363,0.059805074840157096,0.01643444985904647,0.012780073805436975,0.0014629308895816708,0.00599045313760956,0.013730031957712115,0.03146885857081041,0.00228844318738428,0.004835164018885302,0.006367165986983819,0.006744347895676916,0.005251928155993107,0.0048202848159579394,0.004810848728477405,0.010519395535728638,0.006108777026562892,0.0010904609267882888,0.005049643066005192,0.002018381941085934,0.007878517507825547,0.003307308220819296,0.0022002517988660287,0.0019998863337523628,0.003911833133705253,1,483.9439402028831,161.29845168179392,0,16
1,17,4287,5550,626,200,552,125,588.7651038021927,161.90879402845812,1.1070238300451154,4360,0.3804757790466955,73.88083600149393,1,0.7724324324324324,0.9033229212050893,76.86169116930694,77.42092740338364,35.17101079013795,12.39908368338433,11.0,70.2125344934934,71.08099142315133,-34.134141993023775,244.20815280171308,0.9832568807339449,0.9085150319406968,0.03452211577722279,0.07720511714856716,0.031025477397032913,0.021521833017696668,0.0016437310834777298,0.054064632117775124,0.016946446743252203,0.010000131721737991,0.0066014524458955295,0.006646818946410366,0.007491679555464749,0.030065596726442233,0.003707911561674182,0.004791050108545292,0.005567233876614846,0.0049216201121635526,0.008642939799034625,0.003552134460755315,0.002032923666532695,0.011870475346739167,0.004854657980533029,0.0024299569165893405,0.0050656610394636,0.001579424489027156,0.008833979093103227,0.006526157405806094,0.00045231275999824144,0.0006899737180594102,0.003673964361683161,1,588.7651038021927,161.90879402845812,0,17
1,18,3350,4485,310,198,245,129,277.7579104477612,162.4441791044776,1.1616317930744515,3452,0.4075933576847621,65.30966601401967,1,0.7469342251950948,0.8608579809556812,68.42074007320373,69.20260110718382,30.4138126514911,10.777039065996425,9.433981132056603,61.572682792551674,62.479325363993766,-27.35356153699505,221.1370849898476,0.97045191193511,0.8895270100697688,0.018769320533865298,0.09253249965432558,0.03530703231650018,0.010382445548406425,0.010536516108799162,0.06358012243320844,0.01840435270275738,0.005148939626605132,0.003840458892385394,0.004850230206474849,0.006593515921207142,0.03370458009067358,0.0029455843327348677,0.004483292451255004,0.004528670212743979,0.00567764927827918,0.004005090065249726,0.003505009679378925,0.0030580056005656887,0.01110758677973514,0.005944199323660199,0.006588990444024186,0.001224117560656089,0.003392900214630259,0.0052088110242858605,0.0031952278699646213,0.002983210482009585,0.0019456219282033213,0.003869363536426156,1,277.7579104477612,162.4441791044776,0,18
1,19,3413,4416,726,199,662,130,693.2695575739818,164.32932903603867,1.1291712572191215,3498,0.4353068965208014,65.9209114483493,1,0.7728713768115942,0.8856052557189249,69.52685887884559,70.00714249274856,30.805843601498726,10.972614861033893,9.848857801796104,62.162689774494154,62.593788304170424,-22.312157794909623,220.06601717798213,0.9757004002287021,0.8791860845984228,0.026648551883678526,0.09933190552323543,0.040565161740685175,0.01711359268965318,0.004536569285554898,0.06508429750970729,0.020600661552557353,0.0021057782509554604,0.008860640132021126,0.002997490072998796,0.007999345621375359,0.03069091477373203,0.003296514600162045,0.0029143307347505557,0.0019029512609119363,0.006796200069878923,0.0054020172254074855,0.004558712726843456,0.003252029542610484,0.006215992208660243,0.008230669374358422,0.003494257764201753,0.0009940404052411456,0.0037916250490308487,0.005052999624304533,0.003943641661207193,0.0010776788808168352,0.0007546167072532978,0.0033286577650024603,1,693.2695575739818,164.32932903603867,0,19
1,20,3708,4964,830,204,762,131,796.7651024811219,166.2562028047465,1.1581937099241455,3813,0.45439602216188724,68.71078686696859,1,0.7469782433521354,0.8634134268139773,72.8807653423955,74.33034373659252,31.622776601683793,11.383146928205882,10.0,64.01002280008909,64.922170019402,-27.155991276950648,232.3086578651014,0.9724626278520849,0.8417236553889379,0.017284947847608947,0.12634686777153156,0.04054073106256571,0.007980072298621313,0.010700160095155082,0.07695061028218811,0.01481361724460578,0.005338832175059153,0.0016524253645224898,0.004738108447557123,0.009211876787879875,0.030249604438669756,0.007663222262916377,0.0020038847197280996,0.005233804276991835,0.005423402009968218,0.002237374507876187,0.003581415069201291,0.006243038169926816,0.0007890000987378344,0.01494770459689443,0.0031812988311284373,0.0021823088479161028,0.001812442858144141,0.003994648338320655,0.003638157987325188,0.0013341968356231516,0.0030534902659845723,0.0020377611475797387,1,796.7651024811219,166.2562028047465,0,20
1,21,3441,4554,933,205,867,136,899.5995350188898,169.46323743097938,1.1429262747255384,3533,0.41868465028976415,66.19076426083699,1,0.7555994729907773,0.8749470741147668,69.5126818249481,70.83784299369935,31.144823004794873,11.00276476108681,9.848857801796104,62.80835535788555,63.12666911608814,-32.05959853028814,222.3086578651014,0.9739598075290121,0.873100293629672,0.0026156103650044125,0.10603440920103137,0.03684673739069147,0.001605294816597638,0.006038139580858167,0.07191196994146772,0.018674258903452055,0.0041493511261433075,0.0008928254638539403,0.0032375231293771153,0.007384295302565767,0.03604971502022689,0.0015793366113151328,0.0038962904429614637,0.006045992784194242,0.0007802995860094919,0.0016885503002641998,0.003006013765198455,0.006058617337665785,0.008577586095155196,0.00886312594038666,0.00546033948778918,0.0033986469325635984,0.0055310867730856824,0.000931041614202236,0.0023175471654923226,0.0004617907931379585,0.0034676559536171497,0.0029133214578512426,1,899.5995350188898,169.46323743097938,0,21
1,22,3240,4526,1032,204,970,131,1001.354012345679,169.64537037037036,1.2239953748093886,3391,0.43592980199772563,64.22846818149976,1,0.7158638974812196,0.8169965512784139,67.91383005789345,72.80109889280519,29.832867780352597,10.530177522268001,9.219544457292887,60.314911929275574,61.12113432895362,-15.889924996592315,223.23759005323592,0.95547036272486,0.7751949561817575,0.06674856392686554,0.15588891590555146,0.03724714181569307,0.027431871411399,0.005661761253878675,0.06335755973394645,0.015489108283184142,0.002033511195331711,0.006805762521936484,0.0070341810747053,0.00978996087828465,0.0005214049893865645,0.0028615050405101368,0.004376919793730467,0.006676796411754401,0.017919665595634016,0.008595728789107002,0.0029882550025727406,0.0032070693394553075,0.01620961218609595,0.008327971664406153,0.004047750539855833,0.0050068876746175075,0.003937251603775427,0.00983570126908164,0.0023725556428791806,0.004687797342465173,0.003069307180730146,0.0026784009768395195,1,1001.354012345679,169.64537037037036,0,22
1,23,3611,4824,1135,210,1068,138,1100.9255054001662,173.47410689559678,1.1276625411999706,3692,0.40540074654270214,67.80610589053667,1,0.7485489220563848,0.8867901197958371,70.94873249718266,71.25307010929424,31.906112267087632,11.345201248732488,10.0,64.34671708797582,64.85700816422792,-25.528928500956756,226.20815280171308,0.9780606717226435,0.9048344861353823,0.026291906774015043,0.0807011474424374,0.03598183226535587,0.01708395294719493,0.004260175480038116,0.05674145422699024,0.022056170349732403,0.008283891377470959,0.006787967653752983,0.004872528392927971,0.003122010537160152,0.030950922772818402,0.0077909655990837405,0.004787685768282754,0.005491068060696621,0.004794902897571108,0.004934218501027554,0.0013530854853538842,0.0036614172594730153,0.01035241466713103,0.002484727950675519,0.002220537661896716,0.003949597726882089,0.001801463554524579,0.007238857207513144,0.0035900236084468557,0.0006206533065672354,0.0022378478974252923,0.001275847022997521,1,1100.9255054001662,173.47410689559678,0,23
1,24,2848,3717,1231,209,1172,146,1201.75,177.20891853932585,1.106456281560639,2915,0.39575735865689454,60.21782313738802,1,0.7662093085821899,0.9037862739497633,62.87740968444025,62.96824596572466,28.442925306655784,10.11873018658976,8.94427190999916,56.79612662849466,57.74379065863651,-18.89303204043096,198.99494936611666,0.9770154373927958,0.9144837346294646,0.003123795784391163,0.07408354882264019,0.0356953766567069,0.002682122113941563,0.007379556222666419,0.05464960304046456,0.022800780960209235,0.008182659667111226,0.002276337473436144,0.004067569306444242,0.003219407069786006,0.032719968760536344,0.008868699219891148,0.0024203564915167832,0.006645903045864832,0.0018904704330666468,0.0016966431904477208,0.001545778295142278,0.0027509736423522568,0.013779105741561005,0.002145023806990238,0.0019489217707425869,0.0052330274935192215,0.007189596024058084,0.001279508082163395,0.0019457813252106541,0.0019095783226877315,0.0019672932534098814,0.003107009278955358,1,1201.75,177.20891853932585,0,24
1,25,335,476,19,233,5,199,11.286567164179104,214.70149253731344,1.6641042166031308,373,0.9238051666015058,20.65272978291924,1,0.7037815126050421,0.6009239024952775,34.31888579025394,33.13608305156178,6.708203932499369,2.81743077465606,2.8284271247461903,12.288522372570565,13.139428764272592,0.7641834375294921,83.698484809835,0.8981233243967829,0.38846561701846954,0.045882686831774884,0.1387399834372301,0.08527320484694509,0.04776848294727573,0.014285657247829861,0.037417749436346466,0.03774254928292702,0.04026550214135168,0.026344546790716485,0.01571566641360362,0.004288692982369189,0.005432704679418241,0.0059248084126760055,0.01814670608863288,0.021864264028335946,0.0012058614461350104,0.007970408416200114,0.005254870888431756,0.003098147486290943,0.001608553468917051,0.0009231937148841771,0.0021009570734277262,0.008709186161007453,0.012220789403472926,0.011776848302302766,0.001712082195475722,0.0037212695066782477,0.0069137675485399785,0.0024241044967750255,0,11.286567164179104,214.70149253731344,0,25
1,26,3474,4752,106,301,40,229,73.0811744386874,263.8851468048359,1.205231239142645,3624,0.40736774110498375,66.50739942600339,1,0.7310606060606061,0.8297162963609883,69.74403586207744,71.84705978674423,30.4138126514911,10.88671515396058,9.486832980505138,62.356768003458164,63.69473205206332,-26.575558301273347,229.37972567696687,0.9586092715231788,0.8541857184476596,0.014362492344804552,0.1179644770071957,0.032853153498357636,0.006928047230160996,0.015405949891756806,0.07428225474567282,0.013370779297258327,0.009505092098272551,0.0007589058451506447,0.007092359731669178,0.005779980477597368,0.031681513452311814,0.003026066448689151,0.0047057151888290506,0.00821294040617141,0.0038451260550394603,0.0030894955339129267,0.0037760478869265585,0.0013585562426695794,0.0028150710100263007,0.009050078229507817,0.0076592494889209835,0.0039378677629279,0.0024528683825400174,0.003439600515295547,0.0053783629075187835,0.0008696870310838044,0.0010895144562177736,0.00760215581464736,1,73.0811744386874,263.8851468048359,0,26
1,27,3489,4725,208,304,145,229,176.22212668386356,264.4975637718544,1.2046962772207408,3631,0.5029883060186864,66.65082723853457,1,0.7384126984126984,0.8300847432740646,71.82640126000796,74.10802925459562,30.364452901377952,10.878232043141802,9.486832980505138,60.65520632273914,62.07907137133005,-15.205372883403674,229.82337649086284,0.9608923161663454,0.8084939322311528,0.04276602221339141,0.14099726514909253,0.047026330126578704,0.01578365075850342,0.006870030721838664,0.07055746729366227,0.013070535196282419,0.006223495411972174,0.01242034698274534,0.009205740354747484,0.0031715738577127056,0.01591995873501638,0.008157806663979533,0.00918929910888823,0.009063347092894232,0.013459948384805217,0.007075273513551239,0.003410513676262796,0.002720634642463734,0.00762682175538725,0.009324240554349236,0.004228083339081491,0.002442988768004845,0.007356204223006337,0.005356152122594721,0.0018497535553791433,0.006535627597635993,0.0024465352575504386,0.0014874518277093382,1,176.22212668386356,264.4975637718544,0,27
1,28,3466,4615,412,302,347,231,379.38949798038084,266.0732833237161,1.1406701193334545,3566,0.43060253504611484,66.43077797265417,1,0.7510292524377031,0.8766776503134365,69.98239692202266,72.27724399837061,30.886890422961002,11.012956079247893,9.848857801796104,62.91113828849957,63.162029029035196,-22.58265491641493,222.89444430272832,0.9719573752103197,0.8447642155536129,0.032525577635516605,0.12371049688922245,0.035748840376092085,0.015620518445330597,0.011898914859928939,0.07507598289648114,0.014807473812376713,0.0035242373285094483,0.0036663110325415417,0.008490456130479834,0.002824201207266603,0.029246767172342456,0.002557151504892753,0.004714472814525155,0.006333694752159595,0.010575355539152818,0.002140072014427435,0.001217211419595919,0.0020921872533091863,0.00035697685471197134,0.009333702419590128,0.004591400465995522,0.0004243448940693603,0.004007417136104462,0.009014201472909596,0.004364589561368831,0.0013894383899743033,0.002186616738080293,0.003830809490086427,1,379.38949798038084,266.0732833237161,0,28
1,29,3177,4225,310,297,245,232,276.8485993075228,264.39660056657226,1.1820691242407004,3288,0.3780539221876808,63.60095937659755,1,0.7519526627218935,0.8459742154608326,66.2009304630984,66.84309986827361,29.154759474226502,10.462311194241208,9.219544457292887,59.518731349410494,61.28773422185997,-30.387177960558233,217.23759005323592,0.9662408759124088,0.9030296649793156,0.013648965217449105,0.08234749055211675,0.031054489033718505,0.009232680771804608,0.004989465464412944,0.05844843645984872,0.016645386384367283,0.01736987892427951,0.004437080285953976,0.003905099230752137,0.003905583205915964,0.033218930942527085,0.004285930212991687,0.00496257293969024,0.005041765151737015,0.0017909686959471454,0.003168930031326274,0.004023548214586574,0.0008552806595482637,0.013411161925675466,0.006372718955002294,0.005530035477963954,0.0033276878806753262,0.003284436269353173,0.001966342413766738,0.0015957836321820675,0.0024683656053946673,0.0015535710459152368,0.0024701067680410727,1,276.8485993075228,264.39660056657226,0,29
1,30,3738,5742,515,318,449,231,479.653290529695,266.4483681112895,1.655886498098947,4297,0.5556184404577473,68.98818317813594,1,0.6509926854754441,0.6039061259017799,77.8513074863022,93.47726996441435,31.38470965295043,10.666502920077713,9.055385138137417,64.52633784635596,64.72848861299828,-33.02312395875332,278.8944443027283,0.8699092390039562,0.5446749162531516,0.11170193360791478,0.17937844805367234,0.050580894132648824,0.023748162949017,0.0026230295109625087,0.010438248553860075,0.006895646417172775,0.01751367934497545,0.028463748487939644,0.019890586245929143,0.0020374373566776037,0.007101834382777203,0.021687650094307693,0.012671433718367863,0.00977360379328294,0.008538633811164237,0.007715809577371767,0.006400443566605407,0.005404048505542138,0.013456819966350743,0.0026585109433659793,0.004178664258471929,0.0029733747198818846,0.0009259763130027516,0.0013519561915045259,0.011810952499883192,0.006618087450138474,0.009261203678907192,0.005916838487898858,1,479.653290529695,266.4483681112895,0,30
1,31,3458,4620,724,303,658,233,690.5063620589937,268.2218045112782,1.1433090322758106,3554,0.4176419549156708,66.3540680417877,1,0.7484848484848485,0.8746541589105203,69.68748946835841,69.46221994724903,30.4138126514911,11.003180334853077,9.848857801796104,62.296869905317074,63.318867358716496,-31.477975035922288,222.89444430272832,0.9729881823297692,0.8832004756577186,0.006740963632565939,0.09786407897302679,0.037427835898645796,0.004264239658635667,0.004611416356248768,0.06720532384562984,0.018078570403325767,0.010978327565904335,0.002494171888337541,0.004254624812886245,0.007875299838734435,0.03546917434218969,0.0004839764839109166,0.0038455160634720117,0.007076230479948988,0.002442552658021373,0.0033110512988191367,0.004464964047030226,0.004712029597501448,0.011529587767460903,0.010044308570716906,0.006234587761521385,0.004094541141535422,0.0007237345423829289,0.0019480269222530637,0.001958711089848931,0.001702033772702103,0.0006964402735023957,0.005703302258649767,1,690.5063620589937,268.2218045112782,0,31
1,32,2904,3904,826,302,765,238,795.0241046831956,268.56577134986225,1.2024848436554059,3033,0.42401211222372615,60.806970306955044,1,0.7438524590163934,0.831611313253748,64.01232356527412,67.53517601961218,28.160255680657446,10.031243684773964,8.94427190999916,57.59725163778577,57.97317807245585,-24.626320180008467,209.48023074035524,0.9574678536102869,0.8102498411705468,0.047385296475797326,0.14256602206409838,0.035471430067008265,0.02488003792165403,0.005247385938687296,0.07316676233562143,0.017329138915120394,0.0060647150698580595,0.0020203400071628465,0.005857266768492467,0.007354110799380287,0.014411539722727663,0.002158218725107018,0.0060694847540679175,0.007021849392295364,0.010419706279251215,0.004752459083704933,0.004864141869027086,0.0025895851816279784,0.013731080452156754,0.0069287954942142795,0.00503271137838979,0.0007453123629521931,0.0052745301248943695,0.010284051861036538,0.0023484038609797864,0.006701077507037875,0.005690488006137437,0.005020593942352712,1,795.0241046831956,268.56577134986225,0,32
1,33,3565,4690,622,302,555,232,587.8339410939691,266.7711079943899,1.131422156255937,3657,0.3680884021049476,67.37283560145627,1,0.7601279317697228,0.8838433952090573,69.92690345899982,70.32780389006896,31.622776601683793,11.22486465382335,9.899494936611665,63.95154415649399,65.01739137597023,-30.008581073923892,225.1370849898476,0.9748427672955975,0.9130510470573908,0.02979914341618586,0.07387745859933958,0.029447467794907003,0.018629581239259497,0.00882700366180046,0.05258860526025627,0.016178058935083714,0.01125937087941157,0.005753599932137148,0.00587473541536735,0.004371088382506418,0.03026320814727603,0.0035335102938254957,0.005804173431238287,0.003466210713640042,0.0036977682457303663,0.007080553234839851,0.004164795901137719,0.004158652158621272,0.01292603448099305,0.004336240395806107,0.0034996385218484753,0.0018189800030324944,0.0005502184325002523,0.007132258466416428,0.006172150899994523,0.0024246153636423755,0.0003184045712880488,0.0018507607845082976,1,587.8339410939691,266.7711079943899,0,33
1,34,3210,4225,930,304,865,239,897.1065420560748,271.72492211838005,1.1851988783045768,3332,0.3174682428564069,63.9304226374257,1,0.7597633136094675,0.8437402517883723,65.73135795908456,68.11754546370561,30.4138126514911,10.583184204337513,9.219544457292887,61.69187661637015,62.331002787078106,-35.34597112339547,218.65180361560903,0.9633853541416567,0.8731780450361543,0.0439489981479462,0.10340643695812146,0.0206820836978523,0.027255016401268498,0.004619476458573237,0.06620512412122553,0.012598682181249425,0.004786751114154453,0.009043437680313984,0.0031140107733292487,0.011088774972549835,0.029217901432580063,0.0061676016828468355,0.0011776704331196923,0.005445424683589132,0.00717919716862055,0.004826316130405584,0.0035695371521356533,0.0028257342417433782,0.0036380377142660315,0.003455754189770457,0.0019595094650003727,0.0025114314249442995,0.002966126412992301,0.010712875266037631,0.004290692159854073,0.001279071231530126,0.0035509285249066226,0.005004399761764767,1,897.1065420560748,271.72492211838005,0,34
1,35,3166,4158,1033,308,970,242,1000.5625394819962,274.3316487681617,1.1861761237247963,3289,0.43340638107757484,63.49075837184121,1,0.7614237614237614,0.8430451262666026,67.00730509792778,67.80117993073571,29.0,10.39888088570306,9.137464797715152,59.505755278314076,60.386889254019806,-22.938771890566894,217.23759005323592,0.9626026147765279,0.8703980555425008,0.010347579001707375,0.10570741868766717,0.039485108451334405,0.004965707588721873,0.005263712532667447,0.06841061652489219,0.016501392438244028,0.013620502841843237,0.0043626265951991795,0.0030603124002717354,0.007790870452325194,0.032240625506404844,0.0030630961926293282,0.0038735518647990356,0.005163002509135727,0.004506125327093052,0.004462113604418885,0.0015985102702894358,0.004833156336052337,0.007640039525473721,0.011296527946438652,0.006156048923667546,0.005660556341624935,0.0030859558031426514,0.0023977860519534596,0.001786667510786981,0.0025639600390842537,0.0027290807933450572,0.004510011711008553,1,1000.5625394819962,274.3316487681617,0,35
1,36,3199,4224,1132,310,1068,244,1099.164113785558,276.15504845264144,1.1461592927342594,3286,0.40565967721792934,63.82079052791328,1,0.7573390151515151,0.8724790754122979,66.80752315113322,66.85057965343307,29.698484809834994,10.583137835685585,9.219544457292887,60.46153846153846,61.063692467074404,-22.615398331351855,214.65180361560903,0.9735240413877054,0.8997363521720353,0.007529920740494082,0.08568665550460838,0.036110004155098054,0.00556977705996884,0.005601716059877597,0.06152979871560766,0.020548700608347202,0.0076636157593522975,0.004438761730515225,0.002420276551215119,0.006490425856059687,0.035430174099692624,0.005027000197959776,0.0017288262786109329,0.003020559352907085,0.003943811123353946,0.0013278560979447926,0.004577575411475629,0.004166996104234784,0.014278073451977555,0.006014907027496916,0.003956576788361512,0.002446060163340952,0.0017511564586857103,0.0025668122528587248,0.0009711924100595452,0.003059093346003779,0.002122169343765232,0.0027584585689165073,1,1099.164113785558,276.15504845264144,0,36
1,37,3445,4810,1232,319,1167,245,1199.4081277213352,278.9840348330914,1.1551313946020991,3542,0.43902983675896523,66.22922490572147,1,0.7162162162162162,0.8657023821471528,70.06539314741343,73.43704787094863,31.016124838541646,10.958454659674384,9.486832980505138,61.98064213930024,62.95182774289131,-7.744082489215412,223.6223663640862,0.9726143421795596,0.8095876257097704,0.06314814364926628,0.1370443857535334,0.03633181463453657,0.02707555045334539,0.01412171543582792,0.06408082255518438,0.015164912394121747,0.012162025499579829,0.012388866645324457,0.010183428417348329,0.009084920286553872,0.010467283278043625,0.005096970760011712,0.005174369503526056,0.003940227772569587,0.0165837861422059,0.01177463775436671,0.0022132226909106576,0.004996452009406503,0.008574999288276049,0.0034646051527862363,0.002859855396280907,0.001423641667853808,0.007140456647824857,0.007668913174063305,0.004660491363096734,0.007046347308948107,0.0022568694286155297,0.0025021205359837357,1,1199.4081277213352,278.9840348330914,0,37
1,38,735,975,22,305,7,240,13.736054421768708,276.3278911564626,2.612104602642783,835,0.9732826748983524,30.591356056578213,1,0.7538461538461538,0.3828330607389364,65.73304969868553,64.19501538281614,8.0,3.3145755711424822,3.0,14.0,15.09297737084157,-0.07538602011568932,155.32590180780448,0.8802395209580839,0.22708834394087465,0.03823269932010472,0.08888806384575589,0.05851808080606525,0.02408530199494869,0.023076816664710353,0.03566045114631808,0.040040579421123705,0.026088826270368484,0.01988358292915972,0.019776335136494884,0.014642639348226039,0.018973496971326206,0.019199124814403678,0.01904809413405188,0.012858096072801839,0.015390690360677502,0.013191953126022622,0.014571276474622679,0.009403539035880757,0.007722788512070745,0.009408415163134856,0.009758077323114787,0.007586912580453166,0.006533238228500531,0.009713605050339738,0.010617073700303509,0.007930088402253942,0.00985854793822753,0.005971992830601617,0,13.736054421768708,276.3278911564626,0,38
1,39,656,850,24,351,7,301,15.269817073170731,326.8292682926829,2.0953258261174175,755,0.9465831508519731,28.900607975374268,1,0.7717647058823529,0.47725274395771333,52.892303649115945,50.00999900019995,8.0,3.503006657598882,3.0,15.352791775356378,17.055642960835662,-1.080547419196155,131.42640687119285,0.8688741721854305,0.3339644707502067,0.02455232064775102,0.12414765487260458,0.0837153687093598,0.01943646056044656,0.01287553489498907,0.03668059576587351,0.05835207118691455,0.03244152049349028,0.009713907076845753,0.014136388791373921,0.007144091128488064,0.032364142320405305,0.010153270999954545,0.027950447491098505,0.012702418343182136,0.004264562950328564,0.007872840595280813,0.00800863626682369,0.0040312603266800875,0.010298850648122554,0.005111928674876104,0.004679826090948739,0.009348250845832658,0.006382139856720613,0.0056477723119088075,0.005040038809851312,0.005658716525449815,0.002556491082776121,0.0028843237173878395,0,15.269817073170731,326.8292682926829,0,39
1,40,437,680,27,380,7,346,17.002288329519452,363.30434782608694,1.6060090743440592,499,0.8403992577297276,23.58825303088947,1,0.6426470588235295,0.6226614880170768,32.761469259254525,34.48187929913333,9.0,3.4522970191358255,3.0,18.76448460131376,17.755661158382498,-15.15118968764968,93.91168824543144,0.875751503006012,0.4658193456348157,0.03478474041518172,0.19167657982604866,0.07328795050020781,0.017608878790903226,0.015459150800758284,0.022984346510422735,0.04584648733293438,0.022167967841325936,0.0064727400838010905,0.01670180638366198,0.005057704169021001,0.0033774083093885392,0.011049913014548872,0.013072815258165593,0.010089361249524701,0.007866402405630154,0.013981891781046923,0.009955894844676946,0.001509330463732322,0.012916163361328668,0.013438172893563083,0.006004818081589553,0.003267045001195989,0.007808943926717056,0.0030307180400821446,0.010832583520259837,0.006526323713191923,0.005648805168177244,0.0013989873686066864,0,17.002288329519452,363.30434782608694,0,40
1,41,3424,4485,207,403,142,334,174.3758761682243,367.5876168224299,1.1435917225903567,3518,0.4140166252061952,66.02705658420037,1,0.7634336677814939,0.8744379486543448,69.26976833406553,69.46221994724903,30.59411708155671,10.938510375907473,9.848857801796104,61.77658256852797,63.05414488450938,-24.0588759348977,221.82337649086284,0.9732802728823196,0.9026872845642129,0.023956361704003875,0.08157720109447207,0.03712325884775234,0.013373341487602552,0.009541494212437938,0.056285929018194555,0.02044093925922249,0.002352966524644526,0.001918358512244517,0.004307201839794319,0.003473994188182135,0.03041969509496692,0.005132519565071884,0.0037162201446050754,0.00761441371696359,0.005328067348648922,0.005381067733056813,0.005409424545523381,0.008088355073999456,0.011205491212748714,0.005316774035105132,0.005519326435889981,0.0031637753723916962,0.0036773717599955743,0.006408880286285024,0.004348214071288249,0.004236334860833163,0.0026835319061907265,0.003052688165781759,1,174.3758761682243,367.5876168224299,0,41
1,42,3469,4615,309,404,244,333,276.04496973191124,367.9106370712021,1.1277343910042659,3558,0.39253019802015626,66.45952136967493,1,0.751679306608884,0.8867336209455169,69.33283410235208,70.02856560004639,31.622776601683793,11.122727405606676,9.848857801796104,63.136414980197635,63.7681196277996,-20.668746399691017,221.7228714274745,0.9749859471613266,0.895565068849545,0.007381558580363568,0.08984944279291285,0.033387238454908305,0.005285052673840441,0.00666506484305149,0.06523604401909958,0.019538511877565404,0.004423992581251633,0.0031972304401125043,0.004589457964307668,0.003852361410374329,0.037808015932155256,0.005264253142502087,0.001450629610027566,0.003129972028339459,0.0021669395178624895,0.003021753585392474,0.001554889578026874,0.004490009352799191,0.01455723889512412,0.005114237289229616,0.004495928789015505,0.0019759418452001644,0.0011118045368453428,0.0015588780580635575,0.0020731850513435257,0.0003892271427430515,0.0015847665088748932,0.0012831573743275922,1,276.04496973191124,367.9106370712021,0,42
1,43,3375,4620,411,404,345,334,377.7611851851852,368.7576296296296,1.140842120188985,3466,0.3813377295713544,65.55290583552474,1,0.7305194805194806,0.8765454766294446,68.25111450080269,69.18092222571191,30.675723300355934,10.87525980819422,9.486832980505138,61.446602277968545,63.0937731797857,-11.88889285583034,219.9655121145938,0.9737449509521062,0.8902753286119187,0.02431301263085854,0.09235630432565539,0.030550402236160366,0.015009944178325582,0.007202473666623278,0.06396836577373498,0.01581341707101228,0.012106234130416511,0.005002536570372929,0.005012439921761303,0.009235718307260866,0.034111510285536474,0.0017048800765187065,0.00554215573969852,0.0026246132023744406,0.004641145557135731,0.002588962839632277,0.0024685856799624454,0.003721440644275921,0.011083402239759909,0.007325140125168503,0.0020556067801606394,0.004234741178782092,0.004917532961197023,0.006534851938679264,0.0002847378559910246,0.002314083267863996,0.0024061087420062946,0.001833710311294529,1,377.7611851851852,368.7576296296296,0,43
1,44,3589,4686,515,405,449,334,481.04040122596825,369.55976595151856,1.2911077438268115,3799,0.36326344205918465,67.5992361351406,1,0.7658984208279983,0.7745286981518869,70.26499239511732,77.38862965578342,31.400636936215164,11.027953485939964,9.848857801796104,64.11560504908934,65.46494247586755,-11.382576605176439,241.3086578651014,0.9447222953408791,0.7625576313084534,0.04787057606679891,0.16993689415767552,0.017679727697691508,0.010637037283823586,0.0053380031109001285,0.07776873561682485,0.004653304064269117,0.013705168746362238,0.016172528904474587,0.006519923637221681,0.008183098702044079,0.009893771890888886,0.010113398131137971,0.0024623394396750603,0.009365667618929072,0.016950408074213517,0.0014914515109758731,0.0042112013467309264,0.0012971747240344157,0.014892597166878147,0.003401217711028054,0.0036171039412135194,0.0007731791603283531,0.006737427028346159,0.0023162067030559476,0.005916826257118338,0.0036551249850067156,0.004828776439370228,0.0035761157292811445,1,481.04040122596825,369.55976595151856,0,44
1,45,3736,4896,107,405,39,333,73.07093147751605,368.77221627408994,1.1495134572801744,3837,0.3847190079251626,68.96972480103547,1,0.7630718954248366,0.8699332693034032,71.85375831365423,72.42237223399962,31.906112267087632,11.479965588653837,10.0,65.24626787562728,66.32344326007167,-19.49716425377156,232.3086578651014,0.9736773520979932,0.9036736124041564,0.0088397344647087,0.08281434644025866,0.03251409806892152,0.008064653834190161,0.013876836584104348,0.06018343471429248,0.0193606281426899,0.007565244642669289,0.006685728506072871,0.007658219935178243,0.0031452081051374153,0.03525612188578194,0.006072688378479652,0.001180471189698259,0.003054486160700001,0.004737671743016627,0.0021910044094317765,0.0013622147774286224,0.006515885817571214,0.01440404112135859,0.0031942087570926794,0.006467137058472047,0.0007450784811522223,0.0027619013692240647,0.002470770412968006,0.001555295279065157,0.0026260415502395436,0.0032869927684843706,0.002697978094143179,1,73.07093147751605,368.77221627408994,0,45
1,46,3540,4761,620,408,551,339,586.1511299435028,372.866384180791,1.1572697411153923,3637,0.4204201696638878,67.13618985586295,1,0.7435412728418399,0.8641027795613029,70.5531114554055,72.11102550927978,30.886890422961002,11.087464676960264,9.848857801796104,63.05711696549407,64.01492164853777,-32.22860260950206,226.89444430272832,0.973329667308221,0.8662702311707048,0.02366419690297857,0.10955659333597076,0.03618177706770247,0.01449479496326281,0.0069837340001838505,0.07101307670191107,0.01737988488159382,0.00276439058000634,0.005576881453896682,0.00606232230005047,0.0022300443049519344,0.0323643542038424,0.0008804759831301932,0.005469480690557597,0.01004680321314024,0.005211114278063402,0.0036114841874856727,0.0012951402535384881,0.005899061971103412,0.005082859669296649,0.007803396789237068,0.006774765121175707,0.002045320968605564,0.004478268055363471,0.006121581469350153,0.0005036118886311904,0.0021966322605389554,0.0019059931804036344,0.004089751396204888,1,586.1511299435028,372.866384180791,0,46
1,47,3567,4760,827,409,759,339,792.8121670871881,373.8881412952061,1.1618480621058134,3670,0.3957805961335693,67.39173136275937,1,0.7493697478991597,0.8606977389001547,70.39721602788323,71.21797525905943,31.32091952673165,11.16517369545689,9.899494936611665,63.705872588382235,64.6489382790186,-28.453078568352907,228.20815280171308,0.9719346049046321,0.8900366421105153,0.029393252294231433,0.09149950712216498,0.03280983769473623,0.01613762198223998,0.010302635052289134,0.06218741428682316,0.015282929684224957,0.008788880464354961,0.0032178162695896627,0.0059683313732396,0.007796368187973741,0.03287388404256402,0.0012394794474589541,0.002936868720302563,0.00245439673242581,0.00755658294411241,0.005959903023568415,0.004975379889959134,0.002920852420424596,0.01186719748018657,0.008278359634428523,0.00425885522389163,0.000777021317621995,0.0033572092501397035,0.008319440498471773,0.0037500393294691544,0.0015323887675682596,0.0022810393662471805,0.0019364057488582094,1,792.8121670871881,373.8881412952061,0,47
1,48,3457,4556,930,411,863,343,896.0679780156205,376.16575065085334,1.1113255222191378,3532,0.3206694027031378,66.34447306407262,1,0.7587796312554873,0.8998263605097102,68.20087123330767,69.12307863514182,31.827660925679098,11.151788558321584,9.848857801796104,63.6343293266493,64.5992637977171,-34.00698560299408,219.7228714274745,0.9787655719139298,0.9168461409307591,0.0073865038334939605,0.07409156444256375,0.022892545848207123,0.006033535638878901,0.0036137525763017624,0.05809509938036114,0.01567438182133731,0.007683901082324264,0.004188151015649579,0.0025758503850815116,0.008643188982990593,0.03876265509652059,0.007516554765889213,0.003646100096119961,0.005658062578528472,0.0023535013127011207,0.0015332134836915283,0.005516539324980719,0.004791281906578547,0.020083571188058313,0.0012094913501622573,0.001950671932198001,0.0047550246791603435,0.005927229066943341,0.0012143897058399678,0.0007409008708275428,0.0026191491002761154,0.003767444100648665,0.0027835188587260365,1,896.0679780156205,376.16575065085334,0,48
1,49,3072,3960,1028,411,968,345,997.4163411458334,377.2125651041667,1.1430902681117312,3157,0.4289055641597764,62.54112152357375,1,0.7757575757575758,0.8748215498780322,65.85169869061352,65.92419889539804,29.0,10.350911659160808,9.055385138137417,59.0,59.487088074548396,-15.39583531504617,210.06601717798213,0.9730757047830219,0.896021404865601,0.015516620294981501,0.08734067226391169,0.04043012296556124,0.009340255129505927,0.0017451569053218868,0.06014473595531517,0.02378712320978575,0.004874626591908776,0.0036279631527091722,0.0022465275687358795,0.0028649073786508705,0.031536430946920366,0.007752752621220704,0.004937030777519258,0.0031889946309929616,0.003918666672236932,0.0033800866596480125,0.0020449888845402338,0.002728829781320295,0.009468548603732594,0.004893913049053028,0.005751662336094678,0.0003348187892845787,0.005296399230728482,0.004047948761602032,0.002416855296674665,0.0014111581239382694,0.003394482618121926,0.005751651821729456,1,997.4163411458334,377.2125651041667,0,49
1,50,2866,3835,1129,412,1070,347,1099.0188415910677,379.46929518492675,1.2127897890644395,2995,0.45237834042129854,60.407818494057345,1,0.7473272490221643,0.8245452006743987,64.04251957171019,64.62197768561404,28.178005607210743,9.882551647755504,8.602325267042627,57.118298293979315,57.11479206075146,-9.79278566291757,208.99494936611666,0.9569282136894824,0.8652163322686574,0.01639172763050768,0.1094452818605306,0.0423806227547065,0.007497839734539755,0.004014689384038196,0.06928932013250132,0.02204869438095213,0.010591322792778777,0.001654022675480568,0.002993566083200867,0.002229630754736946,0.029574054387623297,0.0032998492307137026,0.00596291903832474,0.0016353537701790488,0.006227282041624869,0.0037869853623193005,0.0013830841407102964,0.004728007013615413,0.0024351800483797606,0.007906723483233846,0.001484904855499239,0.00019245431245052823,0.005250795979544015,0.005291623017295408,0.001990733941569777,0.0025440146082480715,0.002664174603653862,0.008262855896463566,1,1099.0188415910677,379.46929518492675,0,50
1,51,2463,4030,722,405,660,340,693.5383678440926,374.45879009338205,1.7789900437903265,2930,0.6873692036233732,55.99990177386658,1,0.611166253101737,0.5621166928339825,69.79606417816916,65.86349520030045,17.72004514666935,7.0911949605311575,6.4031242374328485,52.88659856421386,50.693452612292106,-36.21696178319702,234.65180361560903,0.8406143344709898,0.7139643556927776,0.062066644850640285,0.09853057001751367,0.08812832762206092,0.05135358732359886,0.0219643850642169,0.04626019428592486,0.023245193536927968,0.01684441012959568,0.003841249394195517,0.02134206502713388,0.004516422247863075,0.032546570931430915,0.0008332602994882474,0.01638734257779762,0.006612222883892565,0.006404632613540375,0.012157335262065135,0.00238073784865525,0.007751916133536337,0.0003473358829760841,0.017287382070858292,0.003947327534837556,0.0032532433724928463,0.01025382611896237,0.004579947177572048,0.005338980430961115,0.0014216737109402412,0.0034339367032955475,0.004461809140178649,0,693.5383678440926,374.45879009338205,0,51
1,52,1305,1863,35,439,8,370,21.295019157088124,408.74252873563216,1.9242400424856037,1461,0.9289875355511419,40.76245338395847,1,0.7004830917874396,0.5196856826179895,69.27692634449618,69.42621983083913,12.649110640673518,5.045509175655857,5.0,25.3159757887581,25.64015309177522,-0.5471530862646726,177.63961030678928,0.893223819301848,0.3446860758186946,0.05015229227992988,0.13500489443499902,0.07927923402673645,0.017306453102985044,0.02130285229915675,0.04219985897892763,0.05542455006554646,0.02719631422471727,0.00696839021741884,0.015147729083933026,0.008088855930198148,0.024355721243951935,0.014007350316318314,0.022851576967253123,0.00933026975820489,0.0035432904261585396,0.009595746745549366,0.01007168219519734,0.0015214099703003612,0.006280052763510995,0.004028144874619593,0.006561660705294516,0.007304920709059673,0.008080616634578808,0.003154844342684715,0.00383938605843486,0.009105154845335936,0.005970719415332508,0.002263254768314352,0,21.295019157088124,408.74252873563216,0,52
1,53,496,702,36,461,10,434,22.181451612903224,446.8407258064516,1.2900114739360173,534,0.6533496141635614,25.13019725725687,1,0.7065527065527065,0.77518690353106,29.28248632737622,30.610455730027933,10.44030650891055,4.080825440563459,3.605551275463989,22.482084558031946,22.168491533244968,-54.289670668151224,89.66904755831213,0.9288389513108615,0.6703284449853713,0.07521320923516693,0.17422115827971033,0.06169926247527598,0.006425323175052523,0.02211310672753161,0.028902242667213182,0.022344596703528147,0.027247001994579457,0.021615839426832813,0.011918169851980805,0.010528256578367791,0.009497207324587148,0.021105237563507375,0.009559963851745684,0.00423204522442693,0.01011551336088411,0.012223719878950658,0.004265124134235181,0.009471051226811227,0.003999774432435568,0.005717861173522775,0.012671340120321157,0.004914372665610732,0.008269526906565119,0.0034792095724373185,0.009693475403109905,0.0017271001310418621,0.0013741906969516196,0.0027429969890060473,0,22.181451612903224,446.8407258064516,0,53
1,54,3436,4623,106,504,39,435,72.61146682188591,468.8701979045402,1.2640545551473625,3612,0.36633436961669713,66.1426570052188,1,0.7432403201384382,0.7911050958424977,68.69003285197626,70.9365914038728,30.675723300355934,10.839098358832857,9.486832980505138,65.03863105425701,63.91492689712035,-21.629394506514753,233.6223663640862,0.9512735326688815,0.8694060166355364,0.015322386055046266,0.10835695222704955,0.027247086416146447,0.008398568189846236,0.008559705708333455,0.07247098022598644,0.012805126733016854,0.008474479279843808,0.0027746507160352324,0.004005344826996418,0.0034446584984732793,0.035627842701835236,0.0016183674786086244,0.003974108334970247,0.006700394684320275,0.004631640395694255,0.0029613787689900784,0.0015580415475321763,0.00898444779204928,0.008409081636191364,0.0077202202379704436,0.0052271460006601935,0.0020599601214611653,0.006059271501819641,0.00437305451303433,0.003266147837385572,0.002365991634332096,0.0035464024251593462,0.004732471397942973,1,72.61146682188591,468.8701979045402,0,54
1,55,3605,4620,308,507,242,437,275.01331484049933,471.2624133148405,1.1198674219557259,3682,0.3762125275472743,67.74974951075659,1,0.7803030303030303,0.8929628457747343,70.43860116146512,71.02816342831905,31.906112267087632,11.354892096406996,10.0,64.58943892338712,65.2637163517259,-30.65880097044837,225.23759005323592,0.9790874524714829,0.9042197544537757,0.019026603521463015,0.08224470630969571,0.030690826189004677,0.012043361294854995,0.01336952750831989,0.05966231432927074,0.01748629575904594,0.01064630852365917,0.0037064511916004746,0.007248303201653717,0.0018253722984676365,0.03498891090725154,0.0041527155786434495,0.006310081825950186,0.004677627407512401,0.0028486822317236337,0.0035854715154255,0.003137509813068628,0.004408348824554219,0.01467339996611148,0.0051027455250166566,0.0036477025004935364,0.0030387881946271865,0.0022736134992008615,0.0057642457373079815,0.0035799022119626924,0.0037764426277315534,0.0006184763914438264,0.001168979007867984,1,275.01331484049933,471.2624133148405,0,55
1,56,3462,4690,412,509,345,439,377.709127671866,473.36626227614096,1.1529895405643187,3557,0.3732186692466138,66.39243408606988,1,0.7381663113006397,0.8673105564431751,68.99323835533077,69.02897942168927,30.870698080866262,11.039272149391937,9.848857801796104,62.23924917550849,64.00802185161938,-25.039658139067367,223.9655121145938,0.9732921000843407,0.9164148240900486,0.006560107872992976,0.0725816046662355,0.031601148961289786,0.005390095193204193,0.0015609980656852134,0.05404432488076252,0.018789861443960547,0.015898248361132513,0.003817879328591982,0.001183424555114448,0.00019011914340245467,0.03340676582344817,0.005566412055984324,0.005459074751912163,0.0004201666781467729,0.0023170802521186233,0.0008477016789189216,0.0017035092951675445,0.006006014081372172,0.015824641361570094,0.00411901851296486,0.0025557499266447266,0.003986438815486089,0.003986636930008449,0.0013920775112700233,0.0005823421425234643,0.002264669905779936,0.0026324932624097754,0.005789656487312819,1,377.709127671866,473.36626227614096,0,56
1,57,1143,1680,43,498,8,450,25.542432195975504,475.44794400699914,1.4420251588504331,1267,0.6644981535663417,38.14856222234714,1,0.6803571428571429,0.6934691769158794,44.874536732713,48.33218389437829,16.1245154965971,5.874477896073439,5.0,33.30839050157612,33.534288345713044,-19.64696628870888,143.9177848998413,0.9021310181531176,0.6065532303184473,0.06814092876164113,0.19456147274226862,0.060506884840792405,0.01617798195534541,0.007222632928548893,0.017348353158421204,0.01519176058851339,0.0117922326051486,0.021878179495615605,0.02242819085984042,0.01872719340348286,0.020317925167011187,0.017410732642669676,0.008591971363197634,0.006945673108191885,0.012322217572942372,0.006593524007457893,0.012839517470633012,0.014425223647218186,0.0005614181357486603,0.002516054455956247,0.004664336302302949,0.002428482739385413,0.003694583197028431,0.006277138751475426,0.01172185677395843,0.0027796776141550644,0.004105824787196425,0.007091022054890623,0,25.542432195975504,475.44794400699914,0,57
1,58,3394,4422,617,509,551,442,584.0777843252799,474.58102533883323,1.1476147885641756,3494,0.415942167097362,65.73716616063658,1,0.7675260063319764,0.8713725284519362,68.99197422058376,70.178344238091,30.59411708155671,10.955378956762802,9.848857801796104,62.154966165259275,62.74068508468969,-28.240991881177827,221.23759005323592,0.9713795077275329,0.8773669192849628,0.03057620270551794,0.10069482343327235,0.035862215688561676,0.01692805726497645,0.01370389704489683,0.06592749285495735,0.017685768780267352,0.00596219090225085,0.002489848345548489,0.009576730065721026,0.003887465512798159,0.03137686784497312,0.0029973082628750123,0.005033673066003722,0.0064144405988349334,0.006920699300947893,0.006256978215560738,0.0014513372454316078,0.002894581169655698,0.0071711324676632104,0.0073372050888794605,0.004662509728077656,0.002473271853263794,0.00276102179365236,0.008257438761886894,0.003938323824799479,0.0010691776431682948,0.002345213618041067,0.0008751344464802222,1,584.0777843252799,474.58102533883323,0,58
1,59,3658,5676,515,507,449,421,479.57107709130673,471.1837069436851,1.5737640771994963,4178,0.4979873414089283,68.24595412653578,1,0.6444679351656096,0.6354192566013415,75.20148584632864,92.28217596047462,30.59411708155671,10.621853884874131,9.055385138137417,64.4440134765018,65.21354775984524,20.555913757849034,268.9655121145938,0.8755385351842987,0.5459400270014492,0.12006372449690793,0.17611315716335976,0.048678477280166006,0.023675663446939454,0.012403871694584904,0.00841481402798916,0.006136686014776563,0.008005813686189809,0.030585473246486784,0.025633959029268252,0.003489638551899497,0.0038121654118440113,0.016685018920528115,0.00924301180007913,0.006972764212945049,0.007124131439916898,0.01063935704816111,0.005692329496999981,0.0010675672144480587,0.01020920261451194,0.005141483433922741,0.012231428138835123,0.005620441551323648,0.005476999232801483,0.0007534834592027549,0.01249639686500252,0.005408362362399104,0.0029733790797465626,0.0009799887670239019,1,479.57107709130673,471.1837069436851,0,59
1,60,3770,4828,723,512,655,441,688.7114058355438,475.8031830238727,1.1172586717367838,3853,0.3743971611006957,69.28284840890683,1,0.7808616404308202,0.8950478750328207,71.97661847297569,72.94518489934754,33.015148038438355,11.614001325571458,10.198039027185569,66.04743864029396,66.74164695843788,-28.004081719018235,230.06601717798213,0.9784583441474176,0.8985070826629722,0.009335416940207083,0.0881418262938867,0.030202307395319927,0.007217089513485202,0.005979334501717142,0.06537370596847276,0.018075250074537287,0.005308179224336019,0.004623591042902974,0.003991172398056702,0.003559999374715572,0.039508797608139246,0.005395216220275714,0.0027500292757141457,0.00010833638502184989,0.0025308085647308375,0.001937713938325586,0.0012112946624540846,0.001609490918039906,0.016868865240927844,0.00442391559534951,0.0048065604405697765,0.0002847759057941344,0.0020646312888737877,0.0016765382936134421,0.0008818810426371352,0.00047011970260613366,0.0019562240004202527,0.003523416802555871,1,688.7114058355438,475.8031830238727,0,60
1,61,3070,4278,925,514,863,445,893.5749185667753,477.92736156351793,1.2447539727464052,3212,0.4619993248989121,62.520759770950875,1,0.7176250584385226,0.8033716074780755,66.55729788661598,69.85699678629192,28.284271247461902,10.081426293344787,8.94427190999916,57.982756057296896,59.028354713309106,-29.042997776675335,219.1370849898476,0.9557907845579079,0.7992344423376053,0.04476824976876887,0.14755610878286063,0.03622993777724434,0.012065366674072247,0.0032126323157319874,0.07471575568539732,0.005337540698048429,0.010151375852202873,0.013626728295319765,0.008541295195931031,0.008703824933140451,0.019474550245228945,0.011082241624924867,0.0024680444282879554,0.009589617401233574,0.015345936893431684,0.0030126652474307494,0.003761619914953549,0.0014975496676332936,0.0048039188360897095,0.009148291054339215,0.002779159736120672,0.006879744230035605,0.005392200975953391,0.004649644759853499,0.005286441087158336,0.0019973728824424918,0.004733983389332143,0.0033994533684285474,1,893.5749185667753,477.92736156351793,0,61
1,62,3402,4485,1029,515,964,446,996.0464432686655,480.14550264550263,1.1207927286186024,3483,0.42478745175307503,65.81459512288306,1,0.7585284280936455,0.8922256314354559,69.2160625460831,69.6419413859206,30.4138126514911,10.980401541068966,9.848857801796104,61.348186607266555,62.660824746775056,-27.904293546038982,218.8944443027283,0.9767441860465116,0.8895280507029328,0.013576712620519684,0.09302151400553914,0.039091644016327136,0.009557130274431487,0.0039867692650473584,0.0645231598906609,0.02100477911005654,0.007847979418794457,0.004848025729855994,0.0018158611993257744,0.003009287937992163,0.03459994506119929,0.003603365236772204,0.0031388161970472873,0.0015648528247634488,0.0023801941795052023,0.0025339704412455587,0.0009677518170720871,0.0033256033895952327,0.01158696916667293,0.007654724982851799,0.005797644154649264,0.004224092927652322,0.005535465731224554,0.0030570088419722466,0.0033791305274073814,0.002543414837506809,0.0016610356586049817,0.00020015778423146724,1,996.0464432686655,480.14550264550263,0,62
1,63,3482,4554,826,514,760,445,792.9629523262493,478.6510626076967,1.1319353800038625,3566,0.38396730205735324,66.58393270728185,1,0.7646025472112429,0.8834426572977935,69.33724365452038,69.33974329343886,31.304951684997057,11.130483930235712,9.848857801796104,63.38174937508552,64.02231446030393,-23.877762741786743,222.5512985522207,0.9764441951766686,0.906375206510528,0.014466597433966957,0.08081448434765283,0.03265219114597291,0.010806784550235584,0.011157877676528705,0.05922356900692262,0.019509518758571136,0.005393164155304088,0.006030634985284019,0.004900097916012098,0.004215084669006807,0.03522158421411897,0.0057696008575255225,0.00095345687644401,0.0014342812316345513,0.0016122629035901135,0.000821955637483027,0.004234259415170363,0.0018295380244288287,0.014959353471020568,0.004427564137855991,0.0027786734554222496,0.0012597181235621305,0.0028392041316301,0.0017692552640639935,0.003804549052136394,0.0033182201833967546,0.0023964621903634128,0.004421660448195823,1,792.9629523262493,478.6510626076967,0,63
1,64,3072,3900,1127,514,1067,449,1096.7893880208333,480.69921875,1.137814977196748,3154,0.4401863741290175,62.54112152357375,1,0.7876923076923077,0.8788775152738059,66.04973868496423,66.21933252457322,29.154759474226502,10.42265419621145,9.219544457292887,59.0,59.30648502811492,-26.312290736189556,209.58073580374355,0.974001268230818,0.8766609467939082,0.0019403215396370205,0.10251382404606912,0.04152599034872441,0.0014531560284913902,0.00516464101846617,0.06874673618361593,0.021317184336820245,0.0033711409645267865,0.0009271647993032013,0.003206416315941218,0.00769320754250721,0.03385001222775414,0.001933705851047194,0.003487326331130175,0.0077872089002762055,0.0005975606391793799,0.0014545658918174707,0.0034120105368342407,0.0027272632997669523,0.007951175688072298,0.010032903492525273,0.0028880002521574654,0.0033077951519619037,0.0034484488653044446,0.0003565867662795481,0.0008113633753747476,0.0008063417459116211,0.0036239498323197054,0.00312557935749033,1,1096.7893880208333,480.69921875,0,64
1,65,3208,4352,1228,518,1164,450,1195.9201995012468,483.3743765586035,1.1268700073447069,3289,0.4289001267114498,63.91050351476197,1,0.7371323529411765,0.8874138041497296,67.29374886884204,67.47592163134935,29.732137494637012,10.667468486715423,9.433981132056603,60.08327554319921,60.78993686993532,-17.47109075335029,213.1370849898476,0.9753724536333231,0.8970591888149352,0.025999860371776807,0.0854426046426896,0.04033113465081909,0.014186938395230872,0.009257609381873633,0.05744766306903296,0.021863880382688133,0.00819084194595988,0.002368960750785672,0.00420318296501822,0.00990191038367461,0.029137229203813682,0.004477799627843556,0.007298100273578024,0.003173129899691386,0.007185195579376881,0.0025857396721873168,0.005620425759594086,0.001841526992417402,0.008682260146972941,0.00618909198269409,0.006787192234430945,0.004590157576206874,0.0038597977861070587,0.008056908820035798,0.0012689010867033743,0.001450610265925932,0.0019831383437983493,0.005019427498240761,1,1195.9201995012468,483.3743765586035,0,65
1,66,433,588,37,516,9,495,21.498845265588916,504.0692840646651,1.2769358630979903,466,0.7337263061389314,23.480049464818542,1,0.7363945578231292,0.7831246884819157,28.937058496152904,28.653097563788805,9.219544457292887,3.7285918043634365,3.1622776601683795,20.0,19.661143961491334,-76.54363377386782,83.35533905932738,0.9291845493562232,0.6684119899888614,0.06407148914576051,0.1618559262576495,0.08747536525223726,0.01912734933986682,0.021124099531649308,0.021347887666146103,0.01627118808785413,0.017525901865968675,0.019438124037405247,0.01893562041058439,0.012170385886539141,0.0036638549826462615,0.02026348357206254,0.005897905113981391,0.007361052378139733,0.010785584731667802,0.012084895858997706,0.003517418089561573,0.005901522779964172,0.007182331236868335,0.006110016740098944,0.012129536746101201,0.005222124167793444,0.013639925840101862,0.0044038497270497325,0.004441378224871195,0.006415594345133466,0.004459985608779553,0.0053981397529852026,0,21.498845265588916,504.0692840646651,0,66
1,67,1012,1276,37,552,8,508,23.031620553359684,530.844861660079,1.6442607705192593,1128,0.7046924196288583,35.89593875735784,1,0.7931034482758621,0.6081760374810857,43.82592687479905,47.01063709417264,13.892443989449804,5.257334004642208,5.0,28.0,31.095061659673803,-6.605864886893834,144.60407640085654,0.8971631205673759,0.5786644739457183,0.06431025447447185,0.18916200065541708,0.060503517202036325,0.032374247326656704,0.010908870417664394,0.013073808018156965,0.028539348324157467,0.01745747119337343,0.016223894711287212,0.014621887755601144,0.017059371516269416,0.013641031887712382,0.007820907530339363,0.00781612737365026,0.014310495521425319,0.018337595236323157,0.01306380671317254,0.018022043553529862,0.00943333663219425,0.005055751174141629,0.005335738788613503,0.004954038087945056,0.004168881813259039,0.011250356564010322,0.002206910422470134,0.0022281384077236436,0.0036826750174720952,0.0026447086346120885,0.002495729667050843,0,23.031620553359684,530.844861660079,0,67
1,68,1789,2759,41,639,10,550,23.284516489659026,585.5215204024595,2.346555589356918,2140,0.952897445510778,47.72657064498984,1,0.6484233417905038,0.42615653536426706,92.7881922183113,88.81441324469807,15.0,5.310740348512499,5.0,30.0,28.141980805382286,-3.567211547126477,229.68124086713192,0.835981308411215,0.2869552833827577,0.05280658143494246,0.09758580058331888,0.07995014018080476,0.015914798718156733,0.019485918748551413,0.03413510587790377,0.052473394102816776,0.033534406483786694,0.002994798560260934,0.009033483576357868,0.0064899445905485945,0.02592593544249588,0.020111665195232883,0.024458926148321944,0.014651174402321596,0.002374128151354005,0.007418029909806502,0.006825038627976279,0.0024232230497825253,0.012522942123520618,0.012843920650989365,0.00801436549349223,0.010055542985309836,0.006089943362893335,0.0015721023895991875,0.005214094590940529,0.008378360940910002,0.007640853958570553,0.003553942998277581,0,23.284516489659026,585.5215204024595,0,68
1,69,3408,4620,104,608,38,538,71.88028169014085,571.5821596244132,1.168722269439086,3539,0.3071286300818984,65.872607117507,1,0.7376623376623377,0.8556352746490729,67.66566530723064,69.72087205421343,30.528675044947494,10.844092385292114,9.486832980505138,63.29361011256256,64.39524916652448,-12.670268196232183,223.7228714274745,0.9629838937552981,0.8829094197206864,0.032471087158705995,0.09686188798311723,0.018808262653775228,0.01897420107951432,0.019547689193487084,0.06465556687397064,0.009124668687656356,0.00912024129189741,0.005095205872390766,0.008179086427397194,0.003949312192896113,0.03229716065189505,0.0010586750950874139,0.005480875968567167,0.0006034883232750372,0.007035141915590524,0.0031507726952742215,0.005199361204288055,0.0022762680502265136,0.009011760210060494,0.002875541885158824,0.007901839903082353,0.0012614526471296855,0.009456080620789876,0.00901136095723537,0.0037285814750304684,0.004121529584847284,0.0016597377148019731,0.005139049914892205,1,71.88028169014085,571.5821596244132,0,69
1,70,3608,4620,207,610,141,540,173.49057649667407,574.285753880266,1.1472148599199492,3711,0.3641407157297257,67.77793355808708,1,0.780952380952381,0.8716762961645897,70.29450508315267,70.49113419430843,31.76476034853718,11.243076192058975,10.0,64.67464538826295,65.46836149707478,-16.171328044531194,228.06601717798213,0.9722446779843708,0.918382676869468,0.007338491101485691,0.07125978724731422,0.029733464677626144,0.005896665675948099,0.0027373340071731316,0.05367227677944537,0.018615402031227576,0.012641872575061027,0.00394643725360969,0.0021581008445530213,0.005216526679794622,0.03381237358953784,0.00694260251517329,0.004711793326123217,0.0023573341041598335,0.0020403641937825887,0.0014623245760660667,0.0019248077548514242,0.0057904489203001635,0.016509684113832863,0.0022881010142479586,0.0042796697489137624,0.0023306650570032676,0.005093137620752865,0.0009108076505403264,0.0007032144803686981,0.0012731385824536917,0.0014957990642029675,0.0024629644547798217,1,173.49057649667407,574.285753880266,0,70
1,71,3364,4352,307,609,243,541,274.3692033293698,574.3582045184304,1.1309418547436656,3447,0.350330950214932,65.44599169153973,1,0.7729779411764706,0.8842187560797771,67.65818858469473,68.15423684555495,31.016124838541646,10.980582144294834,9.848857801796104,62.504243758363145,63.37041714881544,-2.1317796803350575,218.65180361560903,0.9759210908035973,0.9053259624063801,0.019887841457907396,0.08224567738061754,0.026683314903728227,0.013083763015685859,0.003217333217685344,0.06114248800175257,0.016483444941626707,0.0009263524873785914,0.005340850016918016,0.0023114208292342522,0.007532573104177948,0.037306541274801874,0.006146368663137862,0.0012760084438309656,0.002730964173017114,0.0035990626765999606,0.002876407623529237,0.0034131234763409603,0.005942318624191535,0.016520523920997367,0.0034397509843283693,0.0021610275129562797,0.0030248812677670417,0.004435061138152893,0.005696824062040588,0.0025763567829472393,0.0012159801767304328,0.0033815704703383637,0.003368978451631633,1,274.3692033293698,574.3582045184304,0,71
1,72,3496,4488,410,611,344,543,376.53403890160183,576.0025743707093,1.1572725531832937,3600,0.24151565324360352,66.7176546979443,1,0.7789661319073083,0.8641006798695032,67.80133608928327,69.85699678629192,31.622776601683793,11.032791280902517,9.848857801796104,65.0,65.79420795372526,-16.78167287282574,225.48023074035524,0.9711111111111111,0.9117084666502032,0.004739889991064134,0.07830065590214488,0.012496311879400276,0.0029883210536068173,0.0033972478556134854,0.06087041628433935,0.007666512418794317,0.011707088222014984,0.000982401512773766,0.0028807030976011902,0.009616597153854068,0.040215564638850156,0.002498013811948825,0.006119687718008901,0.006785783362613053,0.0015914700366774178,0.00196697888727701,0.0032120917520671696,0.003149522380227317,0.020806865206185188,0.0016886356511437153,0.0022714065589337163,0.003034482302195587,0.00615037158721114,0.002670150807709314,0.0007865415200377615,0.0014758066409386087,0.0014990400211021592,0.004920130827513295,1,376.53403890160183,576.0025743707093,0,72
1,73,3227,4092,511,612,449,546,479.6622249767586,578.20204524326,1.1398499535393505,3308,0.3332199248006406,64.09948526205473,1,0.7886119257086999,0.8773084535336408,66.07287627407499,66.52818951391959,30.23243291566195,10.67864035018005,9.433981132056603,61.0,62.29675390369388,-17.26292115973931,214.99494936611666,0.9755139056831923,0.9253417154224559,0.01144368934853115,0.06584326754835845,0.02493570589816235,0.00767652891179032,0.012759606442015984,0.050666705557869784,0.016117350954061804,0.009172675402521925,0.0036513081125098892,0.0075956958714772605,0.009180611840985252,0.03309256921553444,0.006643917499722666,0.0038188302199100915,0.003963819992886268,0.003160949140879059,0.003147947576535804,0.006501956281754205,0.0036356986540897825,0.01714048178895363,0.0014913228393691243,0.0003857262412784819,0.0030706063172811966,0.0005231239612495674,0.0042206887172650314,0.001659802149034275,0.003987858992625739,0.0008282122693514425,0.0030038939896815126,1,479.6622249767586,578.20204524326,0,73
1,74,3398,4355,616,613,551,546,582.7904649793996,578.9031783402002,1.1196257796814866,3472,0.3686916663571128,65.77589203507682,1,0.7802525832376579,0.8931555687155418,68.25290508914046,68.60029154456998,31.304951684997057,11.009144897551879,9.848857801796104,62.88924649604863,63.4446073399532,-20.82851941086241,218.65180361560903,0.9786866359447005,0.9181827712952821,0.003542075034351359,0.07217646262009235,0.030383199542409752,0.0021900155943506347,0.004492013431263575,0.055536195043502316,0.020001109067343273,0.0033574002868130026,0.0004835759862352786,0.0015613828865173865,0.0032212236673452074,0.03620215665710974,0.008525372577786985,0.0018324261118368148,0.0032341147026417006,0.0010725430649496488,0.0013039317793471258,0.0012700713869203558,0.002570116233771669,0.018611851045689718,0.001555403134511679,0.003404738190751011,0.00127494922637287,0.004362799078762204,0.0019652604635933893,0.0024435531893244244,0.0014292101940891425,0.0006008675831050049,0.0065134754144450585,1,582.7904649793996,578.9031783402002,0,74
1,75,3381,4416,719,614,655,545,686.8648328896776,578.9204377403136,1.1277541741379729,3464,0.3867130841785098,65.61114921070644,1,0.765625,0.8867180658093108,68.34842700443377,68.96375859826666,31.0,10.992824946123967,9.848857801796104,62.9727657862447,63.03092496153936,-23.615380282410293,218.89444430272832,0.976039260969977,0.8938324954296315,0.012223549138309826,0.09139708420862482,0.032074905934365044,0.007468382474732752,0.004441267833840249,0.06644887940253927,0.019165075739815202,0.0063814747629074445,0.0026701954541667587,0.00035734117200578565,0.0009804570661993725,0.038591704205436214,0.005758182629453719,0.005958177778738254,0.0041499034369358884,0.0032924708761237495,0.003073327658860214,0.00045639026888074844,0.0038903275292955937,0.014878970980277892,0.00408354411061228,0.00432620394290033,0.0024759484215037325,0.0023006286338267683,0.004102620455214263,0.003951918604987971,0.0011889643416129877,0.000904451829005615,0.0020961549887446728,1,686.8648328896776,578.9204377403136,0,75
1,76,3061,4032,1126,614,1063,550,1093.3214635739955,581.9715779157139,1.1318036566149823,3151,0.4417585231834971,62.42904969991401,1,0.7591765873015873,0.8835454755384138,65.95579462877512,66.03029607687671,29.068883707497267,10.418572262022217,9.219544457292887,58.4,59.1711856099531,-28.669043249142934,208.65180361560903,0.9714376388448112,0.890531726210209,0.005776404276692155,0.09177335013346699,0.04270768891462739,0.0024032612874381183,0.0010507346346222384,0.06293434500096265,0.023504346024634557,0.0022055128068301133,0.0011353877790907178,0.0012631760316980584,0.0035616717899218104,0.0328084855219186,0.004760529818095849,0.004978846753952574,0.007263125459073339,0.0026485985527497477,0.002114099629651133,0.001237350162024778,0.0006190575216216289,0.009945940129706758,0.007407344878939551,0.007572241875984518,0.003070520336603277,0.005615667845927886,0.0019474696638165374,0.001334388725595102,0.000543995274674876,0.0006946073557424764,0.004605293559622911,1,1093.3214635739955,581.9715779157139,0,76
1,77,3669,5250,833,616,758,546,791.2570182611066,580.4829653856636,1.2161400446169248,3840,0.3485268688807887,68.34848856875558,1,0.6988571428571428,0.8222737212102843,70.7449095267151,74.43117626371358,32.526911934581186,11.399516888488202,10.0,65.22438285137848,66.30911809550932,-37.89289680599617,236.79393923933998,0.95546875,0.833953714622692,0.08796729880310704,0.11555143149246275,0.013790050476127018,0.03795353857421998,0.007297647101016613,0.050007138483228616,0.011088611682672394,0.007091405331859852,0.003865289033557468,0.010328328919664032,0.007585836834877927,0.0071311657526040035,0.01619352218448482,0.0026557511826984332,0.003982487148801543,0.01715277474020922,0.0025625697092324967,0.0022327533862657447,0.004892263957731782,0.003300936153395613,0.005456760795853238,0.005008695703020725,0.0026260431797763702,0.001135198116689323,0.009824072847324653,0.006847908986396898,0.002185175057099673,0.0005507162050543542,0.0036398183487461634,1,791.2570182611066,580.4829653856636,0,77
1,78,2926,3840,1024,614,964,550,993.9624060150376,581.4753930280247,1.152139884167962,3016,0.3114171426008997,61.036865154553,1,0.7619791666666667,0.867950162772264,62.67398735010384,63.12685640834652,28.30194339616981,10.152176178556608,9.0,58.76279467261448,59.55741739675652,-16.958005131245034,205.8233764908628,0.9701591511936339,0.927127757584292,0.007113215972587479,0.06476091498263939,0.02166111956728844,0.004752039193005877,0.010211237931792481,0.05076123528456978,0.013672027953262153,0.013183411627601956,0.002107332784767342,0.0062841984605275375,0.004476650577717212,0.03444561432803757,0.005116011209160044,0.0062609722853926445,0.0005846089904529011,0.001354308336198201,0.0029584530044599704,0.0039057405567306308,0.002321400200370877,0.0194072285852112,0.0018416423424639956,0.0011285587098747026,0.0018696721474224368,0.0060660869915672875,0.0018947018016858455,0.0018953794373254233,0.003366924943233741,0.0023979260296048393,0.005178369173484795,1,993.9624060150376,581.4753930280247,0,78
1,79,3301,4420,1226,617,1161,549,1192.5801272341714,581.8545895183278,1.1182895088133364,3378,0.40958240689994563,64.83026868038395,1,0.7468325791855204,0.8942228216565687,67.92085071120795,68.00735254367721,30.4138126514911,10.854560914118052,9.486832980505138,61.348186607266555,61.96236663272419,-25.294701650825466,215.37972567696687,0.9772054470100652,0.9030189975093206,0.01085676224571049,0.0828410297186575,0.03728797427918382,0.005627189042021435,0.006057014547552395,0.05936438898817794,0.021978713473904236,0.005657298019955865,0.0027495279702442112,0.0018544202779657629,0.004631949695896044,0.03394418730440967,0.006399498816263314,0.0026048816026810135,0.003026423274335275,0.005123327591119989,0.0026937990813042548,0.0021209690559787116,0.0059208004704657405,0.013335720992317801,0.004647101688440785,0.004557990069985039,0.0023775951705509394,0.005727744742493606,0.004781291339034059,0.003091994138571373,0.0006295693495719777,0.0019040840419144972,0.0026876219168187774,1,1192.5801272341714,581.8545895183278,0,79
1,80,3275,4290,925,616,860,550,892.0668702290076,582.1651908396947,1.1073735823906767,3354,0.37624669249885956,64.5744493511765,1,0.7634032634032634,0.903037616123304,67.1301052780985,67.00746227100382,29.832867780352597,10.813974205820687,9.486832980505138,60.73967148666259,62.19735311698392,-29.033809294271965,213.4802307403552,0.9764460345855694,0.9269712697733321,0.013930715153014103,0.06369040511948038,0.03242114242886639,0.008887345994034485,0.0018802350959045333,0.0480620657145315,0.020680466487573195,0.009367035648954756,0.0036682375458464934,0.002316666816489443,0.004297916764968214,0.030790476119043092,0.008565668473943603,0.0007591404391901631,0.0069177160839914925,0.003273504089380388,0.00425314309968695,0.0018614544690007766,0.0015531649604404718,0.016068545058295056,0.0008719749931719009,0.004777186982607558,0.002251694040487173,0.0025506159756140214,0.004266704479513922,0.0036851423682970953,0.001312747033285149,0.0023304260258691484,0.0006643945080251866,1,892.0668702290076,582.1651908396947,0,80
1,81,407,640,27,663,7,631,16.643734643734643,648.0859950859951,1.5636058596390272,476,0.8098243224574518,22.764193258431348,1,0.6359375,0.6395473602477156,30.48157292074072,31.575306807693888,8.246211251235321,3.3532837852858863,3.0,18.37999287081022,17.882699147546557,-9.298444363342032,89.42640687119285,0.8550420168067226,0.5160915810973414,0.11700396718320981,0.1420779535444538,0.055392233581705724,0.0670915481649178,0.025424160896447237,0.011175236063594855,0.019373741799100442,0.015164355169192211,0.013971407395562092,0.016414678316999602,0.003773580720385192,0.01455629629666469,0.004663798552506976,0.012269505246702393,0.014149028284933276,0.01355235135784022,0.008448755292943925,0.004874362273953964,0.00573882004279281,0.014644649666891161,0.016235220304656673,0.007160364010756094,0.008636787830655636,0.011964523716522318,0.004109431462711438,0.0056013513490606555,0.002656348338169464,0.0005009376230587653,0.00018015425198115954,0,16.643734643734643,648.0859950859951,0,81
1,82,3393,4284,105,707,42,639,73.10138520483348,672.5234305923962,1.130823300295617,3470,0.31323898434777975,65.72748112689553,1,0.792016806722689,0.884311456740043,67.4920871684023,69.40461079784254,31.25699921617557,11.002073653787917,9.848857801796104,62.0,64.09550286179284,9.192468083110093,219.58073580374355,0.9778097982708934,0.8968448775765843,0.019830628332592755,0.08947634988162052,0.020577242129598095,0.013174206324515587,0.008772367607531953,0.0661519608280489,0.012163332064312988,0.008776312855978522,0.005011255716690853,0.006077335503734068,0.006815092823884493,0.039652979259266544,0.0034535554808427997,0.0036648084551536104,0.004768532704632367,0.0022908863315946964,0.003875191425451121,0.0025667420218157587,0.002392440557448319,0.01644172096607905,0.002887692286692778,0.0003898361341730267,0.003704893136922356,0.004636329447943964,0.005744997478063268,0.002980632244267467,0.0003313090819666292,0.0015193558526639716,0.0013720653506532686,1,73.10138520483348,672.5234305923962,0,82
1,83,3493,4416,206,709,142,640,173.38190667048383,674.2865731462925,1.1849846019442247,3609,0.36034712424217574,66.68902255813863,1,0.7909873188405797,0.8438928222014723,69.16265858648633,73.49829930005184,31.144823004794873,11.070346308743519,9.848857801796104,63.0,64.51619246562882,-10.606297392898744,228.06601717798213,0.9678581324466611,0.8232924342391564,0.05337857290510678,0.13467699299121405,0.02690137185086763,0.027628890763078062,0.0046776475383768215,0.0723851579862039,0.01441051207181701,0.010205668218294198,0.0035199253284163606,0.0051492656940609815,0.003171639958869977,0.018623633384768117,0.005943159069246924,0.0016094554171871536,0.005748704537917642,0.013290960867898093,0.0077974905252007915,0.003489050473313063,0.004713707463585487,0.008745976255371808,0.004991432393303817,0.0029802103277977512,0.0003846858423235143,0.004080491539085755,0.013281474138569662,0.003972400545840132,0.0024686097419936237,0.0013876541405863634,0.003501066587103409,1,173.38190667048383,674.2865731462925,0,83
1,84,3456,4420,309,711,244,643,275.0651041666667,676.4160879629629,1.1330029103441497,3541,0.2836030590769181,66.33487669849642,1,0.7819004524886878,0.8826102659314882,67.77449296275213,68.41052550594829,31.400636936215164,11.10367855734928,9.848857801796104,64.0,64.9917917701351,-16.17778799283462,221.82337649086284,0.9759954815024005,0.9369627604464331,0.015545394472289148,0.05691993493183931,0.01808157341822738,0.012351062185842964,0.005715379664026993,0.04605743530771654,0.012633285973578235,0.008615301813022508,0.008021159300952763,0.0030448751394363594,0.00735756392463392,0.03277393209916746,0.00635431192983343,0.0063263309078989294,0.0011266050968281132,0.0037286333446905754,0.0011838098262608732,0.003601385492628529,0.004577714497781494,0.019658425262033267,0.0009141640967872201,0.00426540401948103,0.0008881516008838177,0.0015788929911819266,0.0012384613787439357,0.0019559762045650345,0.0006911734444764233,0.0016634216119489173,0.0024821961927984928,1,275.0651041666667,676.4160879629629,0,84
1,85,3537,4485,410,712,345,643,377.06502685891996,677.6002261803789,1.121217137229974,3612,0.33536854415034717,67.1077362882125,1,0.788628762541806,0.8918879018122686,69.1735349059801,68.79680225126747,31.622776601683793,11.24348441803937,10.0,64.0,65.16748886101554,-6.435154905797369,223.23759005323592,0.979235880398671,0.9394699326293776,0.0013860272080988547,0.054455886263502354,0.02612075993402951,0.0015911949634300599,0.0059915044785735705,0.04380048091716525,0.018383557358635064,0.009211451525041686,0.0020624897989690574,0.0038790559111502544,0.004974936770907197,0.03103467696465315,0.009521570362966542,0.003698116964303523,0.002268495930148014,0.002366783568814136,0.001974514869773725,0.002240190433178777,0.002264871858283782,0.018790681951293856,0.001712812426156872,0.0010211599018947139,0.0027636045074115353,0.0033574459730011563,0.0022009623879874936,0.0009457731966637598,0.0004831473971613331,0.0017879566818472486,0.003949568106082558,1,377.06502685891996,677.6002261803789,0,85
1,86,3460,4420,512,714,447,646,478.94797687861274,679.8684971098265,1.1162903403566617,3535,0.29978191179338237,66.373253836042,1,0.7828054298642534,0.8958242885811354,67.98920475995698,68.65857557508748,31.78049716414141,11.143610448940324,9.848857801796104,64.0,64.86222890947965,-14.80437887763086,220.3086578651014,0.9787835926449788,0.9344782500564963,0.02380872211850932,0.05814987559799343,0.020396766314407944,0.01787376688454405,0.010490727343522166,0.04538382720753392,0.014034529503139905,0.0006459924233171039,0.010342851974778857,0.004802500749693008,0.0053394299165239025,0.030445399328997334,0.007111154775702085,0.0024072191997861524,0.003951343940090322,0.004430161475458173,0.0011850112368482551,0.004368244141622834,0.005476805024000225,0.016657920165776954,0.0016513600954949695,0.0032468435243131265,0.0018506067908565127,0.0013732208655890211,0.004479976517506989,0.0037008955757762414,0.0029232607838884333,0.0021605901110250767,0.0043916224263828045,1,478.94797687861274,679.8684971098265,0,86
1,87,3023,3904,614,714,553,650,582.1015547469401,681.3790936156137,1.1433668787004134,3117,0.31615177822313945,62.04033481320356,1,0.7743340163934426,0.8746099074836164,63.74139680214459,64.51356446515724,29.614185789921695,10.369234870261954,9.0,60.0,60.47201284778033,-15.016764614031098,208.40916292848974,0.9698427975617581,0.9235279553730256,0.017379058909756162,0.06764340150661413,0.021762235331247135,0.012360354783303945,0.002594799889799218,0.05242174838933412,0.014110500893908228,0.007099257437575633,0.006719745652063101,0.0007983474641948425,0.00815095479694226,0.03472509146330374,0.00596574129160902,0.003726286703522841,0.004971574079663724,0.0042952558992839646,0.002633227462642152,0.0045692279702602145,0.0008282485124611939,0.01850116051881878,0.0012302765417116206,0.0013773079937956522,0.002460079010502291,0.0045013284860178195,0.004953744470666339,0.0031028378240795284,0.0015515286879225938,0.0019388964074541222,0.003981218214003335,1,582.1015547469401,681.3790936156137,0,87
1,88,3266,4158,718,716,655,650,685.4151867728108,682.9105939987753,1.1175761484610696,3334,0.3776737335724587,64.48566005791552,1,0.7854737854737854,0.8947936132826609,67.04474115506574,68.42514157822401,30.870698080866262,10.831062665261497,9.486832980505138,61.69230769230769,62.07932317541721,-29.703125994243052,214.16652224137044,0.9796040791841631,0.8881675252253397,0.010884156917589469,0.09602033995759318,0.03051442465989522,0.008098311044062268,0.003767717671991581,0.06927787589910446,0.017768226972824416,0.0024624756571153266,0.004406775907762882,0.0010723438547278045,0.008029539855068936,0.03939168246531395,0.004513221619339971,0.003198277405756743,0.0014916631657675298,0.0012202391840861525,0.0019274240587769088,0.0014331920572496076,0.0008775478178293196,0.014021946422838006,0.005142153817326591,0.003062776310913193,0.0008273689353718967,0.004197423794408117,0.0022664543296373684,0.0027161241027716465,0.0026766486836826294,0.0009722181147463281,0.0021099089554329317,1,685.4151867728108,682.9105939987753,0,88
1,89,3270,4224,922,717,858,651,890.0522935779817,683.4975535168196,1.1212732652773383,3349,0.3623461973377755,64.52513704971096,1,0.7741477272727273,0.8918432562045058,66.89474818903511,67.23094525588644,30.364452901377952,10.755404679700739,9.433981132056603,61.749570134250376,62.3488205227085,-20.02625280721763,214.65180361560903,0.9764108689160944,0.9169109736507851,0.04387440885385044,0.0685173484301327,0.02733958671146289,0.02766872409922745,0.008590727362006922,0.04590206321028994,0.0125463432573287,0.003054938383186019,0.009653678101355848,0.0029577344768618005,0.004014644296861649,0.024207949293966764,0.0002326370297441343,0.006877162244288528,0.004005819523593413,0.0038219688121094147,0.006344483972452847,0.0011597123382113843,0.006651831690121585,0.009699968402729929,0.005490403858239695,0.007084862969166388,0.0014764684497043383,0.0027042637313995934,0.007937907320642652,0.0048434224972238,0.0008971442343207214,0.002038600328254346,0.0028118385272130246,1,890.0522935779817,683.4975535168196,0,89
1,90,3130,4095,1224,716,1161,651,1191.6543130990415,682.4019169329074,1.1219084037186065,3203,0.31930839539395783,63.12875553201615,1,0.7643467643467643,0.8913383629942189,64.87763106879797,65.52098900352466,30.0,10.609483163876758,9.219544457292887,60.81118318204309,61.48134274608046,-31.88372598237595,210.06601717798213,0.9772088666874805,0.9256041701811998,0.023579938021857247,0.06575363967787436,0.02242697119929294,0.017768684793692174,0.004649060221653339,0.05083571668104228,0.015086999930557407,0.007516639882792187,0.010547854566792482,0.004584427620351078,0.0011607151214593104,0.03348441094638159,0.007161285819101153,0.003188144491181901,0.000711323900878136,0.005225179571928988,0.004335956683238835,0.0011719426376740512,0.003560097843671429,0.017634096834993184,0.0013459299568584424,0.002815585957365314,0.0016673787231049925,0.004314448997565674,0.004936667540461633,0.003297530072111017,0.0015360269556247044,0.0007959642397383527,0.0027845139998289524,1,1191.6543130990415,682.4019169329074,0,90
1,91,3243,4221,821,716,758,649,788.699969164354,682.5346901017576,1.1183004879215133,3317,0.37118136541336855,64.25819670342557,1,0.7683013503909026,0.8942140424695799,66.71009095446563,67.23094525588644,30.4138126514911,10.792350330257088,9.433981132056603,61.48522125220363,61.94434793326673,-19.712118221634086,213.48023074035524,0.9776906843533313,0.9127088899726249,0.02651173321461871,0.07523826035600466,0.02991146350267988,0.01763893685707582,0.006637522820271073,0.05497456238118215,0.018582884976347757,0.0024022923286468496,0.006951574213026779,0.006820404538983435,0.004422434481313434,0.03252158801310163,0.00696690761369516,0.0001760840704884649,0.0006653345619343855,0.0028447826935399296,0.006296859117195376,0.0022431064100389567,0.005219401392028597,0.013603940789694404,0.0026870512231656125,0.001543236115860558,0.000650871741677247,0.0038817000308922966,0.006744675297595365,0.004174338495492302,0.00036940904468152683,0.0041797068554424175,0.005051940921207199,1,788.699969164354,682.5346901017576,0,91
1,92,3065,3968,1021,717,959,653,990.2672104404568,683.9373572593801,1.1303265882213576,3153,0.3237243158850207,62.46982635331456,1,0.772429435483871,0.8847000596292839,64.28227573910593,64.35060217278468,29.154759474226502,10.438083146936119,9.219544457292887,60.88199772559064,60.82076843272713,-29.586650797614308,208.65180361560903,0.9720900729464003,0.9315525062310914,0.02688768624996856,0.05937783079529297,0.023260805170879334,0.01897825405622135,0.012620380522294602,0.044312411380220455,0.013583554908570007,0.006161756636586946,0.009778878189716475,0.006136424809632416,0.0024988397794668393,0.0279083446216962,0.004182275465173148,0.00203087974200956,0.00745010030687676,0.004415401853408885,0.0023150870579276917,0.003326272568541734,0.0034656066816165657,0.014303498187763707,0.003502137380426234,0.002233246168776782,0.0034526513651685275,0.00203246550861581,0.005151358261947277,0.0027706371623942468,0.0023288413266719875,0.004518389519589961,0.004819373427691885,1,990.2672104404568,683.9373572593801,0,92
1,93,2891,4020,1121,720,1061,653,1090.6471809062607,683.4818401937046,1.1754940750341465,2991,0.44609655410681354,60.67071388923453,1,0.7191542288557214,0.8507061168904245,64.22782527148766,67.1863081289633,28.600699292150182,10.084280609647111,8.94427190999916,57.45202602274046,57.482929945112694,-25.380042266466273,206.65180361560903,0.9665663657639585,0.8077201771884304,0.0866474939835162,0.13097218994281523,0.02773795191377264,0.028943895602379536,0.003165670595833111,0.05449714219331445,0.010082460888823497,0.009812146561033132,0.01584495536764851,0.008040415081984768,0.002865919832604991,0.00880177178378328,0.01389069513212601,0.001645275287779603,0.0032247517487024335,0.0229394394404567,0.0013165134016127503,0.0023974708000686876,0.006090405198758994,0.000809763826137268,0.0025459470984431744,0.004503284508690418,0.0004993284042890806,0.0017748085364870435,0.008721907080523787,0.00617858403015063,0.0012257304879494833,0.0013984670945389017,0.006141371391778395,1,1090.6471809062607,683.4818401937046,0,93
1,94,815,1150,30,720,7,670,16.826993865030676,696.7484662576687,1.7374985662009623,947,0.9071044496147748,32.21319960760119,1,0.7086956521739131,0.5755400432856174,51.22346911683429,49.64876634922564,10.04987562112089,4.223456516694218,4.0,22.0,21.560244599742497,1.2046494011313849,133.39696961967,0.8606124604012672,0.42079440894098286,0.05831486873859716,0.14110992601313835,0.09043762813071127,0.041760261614990975,0.02390163860742063,0.022755510845869145,0.05118930793389411,0.02839721911399215,0.017571316433516847,0.02250279760499813,0.004327545549740257,0.007986195465371455,0.012670247233601543,0.009622252104561791,0.011479762815000918,0.003160363976079949,0.0017880340484170113,0.0085146247980856,0.004367856110610463,0.005000965262535318,0.0047210405536446285,0.012669436903790295,0.0025059436638279185,0.006492496314932289,0.006531835931641606,0.006358276463825983,0.006017805346046482,0.007696656075691524,0.006212743397470203,0,16.826993865030676,696.7484662576687,0,94
1,95,518,750,31,746,6,716,17.577220077220076,730.7799227799228,1.5134347824979808,600,0.6838339461739944,25.68147355921802,1,0.6906666666666667,0.6607486570048711,31.227917324401442,33.12099032335839,10.0,3.7811980220124206,3.1622776601683795,22.716598240415276,22.785064933476473,35.1382413642956,99.25483399593904,0.8633333333333333,0.5998808301031489,0.04010936363546633,0.18684596604278053,0.06436820935803321,0.00994755311425839,0.023358899103914282,0.0009896030989979565,0.005473026489046216,0.04301339341525157,0.005989851197673969,0.0187502077071981,0.014157867334831965,0.030631186378244787,0.009733870218180996,0.02565885550556757,0.02199412708884891,0.007008184309066398,0.006243840023826754,0.005006344724973774,0.0036350198961068196,0.004956761606983399,0.003508872332743055,0.006015780323080112,0.014340465210302192,0.007158171891776901,0.003744251904979014,0.00477750060757704,0.006339095674548186,0.010526405885685233,0.007599440143472313,0,17.577220077220076,730.7799227799228,0,95
1,96,3517,4554,209,810,143,741,175.01819732726756,774.8601080466307,1.1443930761139995,3603,0.30405992542114535,66.91773665354775,1,0.7722880983750549,0.8738256293857412,68.59060939963203,68.65857557508748,32.14031735997639,11.22261355569223,9.899494936611665,64.93373733200977,65.34304345680499,-10.044587385216449,224.8944443027283,0.9761310019428254,0.9270137079599391,0.022944592460063352,0.06484211793681684,0.01987668124626411,0.01626649169802782,0.004043904743063875,0.05078205581520307,0.012504570524148245,0.0032859078319633955,0.007720993303529097,0.0011663457097936894,0.009270940575756762,0.03440382588486372,0.004655116985876585,0.002244780122502973,0.0019424890881959609,0.0005070816386212486,0.0024060888735990436,0.005632744231531372,0.0020697554812809005,0.019355756378327853,0.0016961417951481712,0.002566118840254809,0.0017843810656659133,7.893198708796263e-05,0.004945138741259052,0.003027825009345131,0.002653291201411862,0.0028121776581040425,0.0046264768393707535,1,175.01819732726756,774.8601080466307,0,96
1,97,3178,4092,307,810,245,744,275.3561988672121,776.8672120830711,1.1297510093514598,3261,0.30969165275777544,63.61096818291911,1,0.7766373411534702,0.88515079138903,65.27066778242727,66.03029607687671,30.066592756745816,10.62204973321562,9.219544457292887,61.0,62.06176867581135,-7.782589334301545,212.40916292848976,0.9745476847592763,0.9229761728309419,0.007955060197244682,0.06902225443671962,0.021041157285981934,0.005743077763941133,0.004482370770087686,0.0549396708577834,0.014115364768388643,0.00448139569591943,0.00294171610995086,0.00213349572793032,0.006401883170488635,0.037975945292315,0.006374161253978219,0.0011759543228230414,0.0017183966548575008,0.0006529553179964014,0.0019778735108964413,0.0031368425864780614,0.005033245231490458,0.02158715786830224,0.0008327188269377569,0.0013095929601909307,0.0007791871104873369,0.0024229125561284807,0.0013211447170377855,0.0030065215035893055,0.0011219969133463366,0.0026542062948972244,0.0012450396183866547,1,275.3561988672121,776.8672120830711,0,97
1,98,3494,4416,411,815,347,746,378.2103606182026,779.1047510017172,1.1231336576004263,3573,0.39258771337126674,66.69856797041942,1,0.791213768115942,0.8903659802489571,69.58138078254292,69.83552104767315,31.400636936215164,11.168377368926267,9.848857801796104,62.761575702139474,63.99500959443892,-9.80095884912943,222.06601717798213,0.9778897285194514,0.908607164002574,0.026281165595719608,0.07787904309371164,0.03377555835712521,0.015744689990335927,0.007184556044311724,0.05576652034880886,0.019339921760431762,0.005948767780278163,0.0039247798037031776,0.003925299891233923,0.004215110773292799,0.03239239818387028,0.005248299951853235,0.004556434618737204,0.005170045942047111,0.005333424948633152,0.005171503607731945,0.00367546955434866,0.0015857602474501297,0.014034181889628303,0.00422689372434069,0.00491238062296033,0.003164454099822572,0.0036069113303561578,0.007957669033329867,0.004324523471645301,0.002449286455192518,0.0003023678463150506,0.0015399925685523244,1,378.2103606182026,779.1047510017172,0,98
1,99,3353,4485,513,817,448,748,479.8526692514166,781.1583656427081,1.1310934875365015,3441,0.3441812920745945,65.33890260401533,1,0.747603121516165,0.8841002189641985,67.47997933761675,68.18357573492314,31.0,10.95067726944303,9.848857801796104,62.938026041108245,63.35716922654595,-25.00264543506947,218.3086578651014,0.974426038942168,0.9026462640804622,0.03599336129693616,0.0823192378071744,0.024152364214108903,0.022262750037193337,0.0077354448732023665,0.05805952710872622,0.011335865200850703,0.005445918477843713,0.0070344446900477055,0.005504205651997235,0.008606826528651978,0.03301633471883678,0.00016010958131166303,0.0013634797399524085,0.004046268533911687,0.005954876268188209,0.0076713770346995575,0.004245435174265614,0.004137745512188547,0.013990520514412765,0.0055373637298147625,0.0026459028226431783,0.0038768759192222366,0.0020706223932288347,0.009434766939447647,0.00630713748288069,0.0014949938912885454,0.0019257780545467677,0.004893357304813346,1,479.8526692514166,781.1583656427081,0,99
1,100,3111,4087,1118,818,1057,751,1087.5483767277403,782.3195114111219,1.1324510064702542,3183,0.4500404439043962,62.93685902292147,1,0.7611940298507462,0.8830404090653848,66.70521297890572,67.91170738539859,29.206163733020468,10.480897292331878,9.219544457292887,59.199999999999996,59.56830043930274,-18.979103591062845,210.40916292848974,0.9773798303487277,0.8584621755467482,0.06114085347512005,0.10573781902348084,0.03947821139800672,0.028793883421707255,0.013178683829909043,0.05615664966704627,0.013657873592912711,0.007550271171138061,0.011175404907539993,0.005754366476316777,0.010601887744793422,0.01838329310259444,0.009083544841713089,0.005083381576550785,0.00013255879110026105,0.016040871737969625,0.010744545198239783,0.0025502850012024967,0.0023296289312666825,0.0027089385415987074,0.007157912346598149,0.0007982922432777907,0.003873708295608452,0.002256934453997802,0.008957984567636336,0.006054858958872692,0.0038826428331720977,0.003985929207483379,0.0030521813090197787,1,1087.5483767277403,782.3195114111219,0,100
1,101,3024,4307,1216,824,1157,751,1186.0833333333333,784.3812830687831,1.2776490115696948,3232,0.5697448515166664,62.050595349916925,1,0.7021128395635012,0.7826875698603792,68.80027521379994,72.69112738154499,27.730849247724095,9.92741724768892,8.602325267042627,57.06245448050939,56.541554849509204,-10.806072356133289,220.34419177103416,0.9356435643564357,0.7281850689231004,0.0650606597542278,0.170725372408723,0.052472063251462205,0.010980851509263492,0.01038234053178571,0.05478200829634377,0.010370550463056804,0.012451923989892037,0.02256560410173759,0.016932876587183215,0.005147396571430534,0.0029129555154961896,0.015004997310593661,0.0011408705549900012,0.0027005494059041315,0.012393079027877615,0.008562908246837852,0.00606724688050803,0.004166725236968192,0.006654360584805988,0.011509777576264006,0.00665910826492022,0.0021662796413043583,0.0034815462309115675,0.008594265270736898,0.00656318153795199,0.0046938125904538094,0.003288378294026533,0.0041742100063540235,1,1186.0833333333333,784.3812830687831,0,101
1,102,3264,4284,613,820,550,752,580.6626838235294,784.6081495098039,1.1575301186905327,3366,0.37738613576020047,64.46591249657116,1,0.7619047619047619,0.8639084062289972,67.08599801003135,68.24954212300622,30.066592756745816,10.70178912807477,9.433981132056603,62.0,62.12539058923067,-7.961549902998315,217.8944443027283,0.9696969696969697,0.8898662702159535,0.031544683355583955,0.09119942576616547,0.03085238147665523,0.02018402730857353,0.016695206993904917,0.06104857780873185,0.01761164685803841,0.005675367580080898,0.007728228014084312,0.00234137496430782,0.0021395521196896005,0.03075101493705603,0.005986105411031556,0.0034547332979008296,0.00306621939020657,0.0036900168874844765,0.007310524606192785,0.0033492049583951325,0.005879432146188804,0.008969813234852056,0.0034395265495941185,0.0039978022253587655,0.0038465265674192052,0.002889366241368104,0.00654768279892752,0.009028205151299963,0.0033713653473234273,0.0008555011980408563,0.004528447072577338,1,580.6626838235294,784.6081495098039,0,102
1,103,3326,4352,716,819,652,751,683.3562838244137,784.7459410703548,1.1500002375717302,3424,0.43683518009931666,65.07530042795923,1,0.7642463235294118,0.8695650377529821,68.65302484425317,70.7248188403477,30.610455730027933,10.8495101726407,9.486832980505138,61.5212283562474,61.75624934417379,-22.424412440913184,219.23759005323592,0.9713785046728972,0.8466202970390146,0.021329343085890073,0.12391499099299365,0.03753361800723781,0.009697062409017278,0.00810095655596219,0.07750803952311829,0.016368337902715635,0.007516865305622238,0.0021460190952951193,0.003915791649695274,0.003261242600279022,0.03215153569821371,0.002518167556296758,0.004893241566149989,0.006311926150767265,0.008274687416484213,0.0012290763041838929,0.0020793773633921322,0.002293404270352633,0.0018128748787296146,0.011540727001551968,0.0026301934888374756,0.0021224046514492756,0.0028659714197152436,0.007097639528251404,0.003508667216812191,0.003194140662221211,0.000966330902145102,0.0032281101602339574,1,683.3562838244137,784.7459410703548,0,103
1,104,3094,4092,817,818,755,752,785.6651583710408,784.3888170652876,1.1657313687069628,3193,0.3059874457866739,62.76466483150048,1,0.7561094819159335,0.8578305661528237,64.40691577504147,65.21502894272147,29.614185789921695,10.38562285510241,9.137464797715152,60.497990456833094,61.31767329958581,-7.509320253119602,212.8944443027283,0.9689946758534294,0.9167860604384145,0.027987833927613854,0.0714733868984301,0.01991248955204484,0.01766234392544664,0.011091988214069466,0.052168151575868765,0.011080295138654505,0.008932465277615919,0.005495170711700804,0.0028885651025372457,0.006580014297833277,0.03153880685212061,0.004277022313805809,0.001952105421680539,0.0012125886808791802,0.0038901577342276127,0.0030658334084553837,0.0025539211679286465,0.007583802246408663,0.014956539889790031,0.004307047723142611,0.002334240033299664,0.0028099634499966185,0.005572097107043514,0.007959441720934473,0.004885552572584502,0.0018252979008501493,0.002862263967610157,0.00652378196762067,1,785.6651583710408,784.3888170652876,0,104
1,105,3323,4550,921,822,856,752,886.9286789046042,784.8543484802889,1.1316128421443088,3398,0.40622034926060224,65.04594535522523,1,0.7303296703296703,0.8836944604703196,68.12408563471845,70.09279563550022,30.4138126514911,10.858528040555917,9.486832980505138,61.42406565495448,62.25009668462649,-23.29658253200226,217.37972567696687,0.9779281930547381,0.8597472099503508,0.05277725789784996,0.10938392662152158,0.03230438770657043,0.026643882916593493,0.010139477136900266,0.06426922324643279,0.014180115498298737,0.007662855115071111,0.007645434681342818,0.005845495327605146,0.0033972870033629993,0.025554399199140054,0.010956790196270933,0.003291943772758057,0.0031919084474820733,0.012716400439144657,0.010050011179068542,0.0033363117095442482,0.004980735385347143,0.004157391426308174,0.008359313859284612,0.0007994836329673787,0.001467604787508213,0.003501780902793866,0.009621450903912247,0.005435645126182913,0.0010238701280366014,0.0010251052528132201,0.0017130068077412966,1,886.9286789046042,784.8543484802889,0,105
1,106,3078,4092,1020,819,958,753,988.1059129304743,784.90318388564,1.1218535382308648,3148,0.433176650799603,62.602167044718435,1,0.7521994134897361,0.8913819548824308,66.00419144811094,67.54257916307313,29.068883707497267,10.460469961971306,9.219544457292887,59.0,59.490174562487205,-22.95822906895721,208.3086578651014,0.9777636594663278,0.8523677124003695,0.03728668898357409,0.11723833854589884,0.037595537452775815,0.018973511749932233,0.007895157526361858,0.07102815793293059,0.01603996557594032,0.009680441593457058,0.00727210797776684,0.005246471003816853,0.005133104785572414,0.028389192509337132,0.004436044693976263,0.0071756089875142735,0.0019207798910817959,0.010651650166906224,0.009338125898691827,0.003605665568002261,0.006735278083059026,0.001904679345593241,0.007563841480698969,0.0020717300880952953,0.0013292090259570083,0.0011855972446958517,0.0078286913983897,0.005029853539767889,0.0005652526633989986,0.0020036857355825435,0.004550244220940218,1,988.1059129304743,784.90318388564,0,106
