ImageNumber,ObjectNumber,Children_FatRegions_Count,Location_Center_X,Location_Center_Y,Mean_FatRegions_AreaShape_Area,Mean_FatRegions_AreaShape_BoundingBoxArea,Mean_FatRegions_AreaShape_BoundingBoxMaximum_X,Mean_FatRegions_AreaShape_BoundingBoxMaximum_Y,Mean_FatRegions_AreaShape_BoundingBoxMinimum_X,Mean_FatRegions_AreaShape_BoundingBoxMinimum_Y,Mean_FatRegions_AreaShape_Center_X,Mean_FatRegions_AreaShape_Center_Y,Mean_FatRegions_AreaShape_Compactness,Mean_FatRegions_AreaShape_ConvexArea,Mean_FatRegions_AreaShape_Eccentricity,Mean_FatRegions_AreaShape_EquivalentDiameter,Mean_FatRegions_AreaShape_EulerNumber,Mean_FatRegions_AreaShape_Extent,Mean_FatRegions_AreaShape_FormFactor,Mean_FatRegions_AreaShape_MajorAxisLength,Mean_FatRegions_AreaShape_MaxFeretDiameter,Mean_FatRegions_AreaShape_MaximumRadius,Mean_FatRegions_AreaShape_MeanRadius,Mean_FatRegions_AreaShape_MedianRadius,Mean_FatRegions_AreaShape_MinFeretDiameter,Mean_FatRegions_AreaShape_MinorAxisLength,Mean_FatRegions_AreaShape_Orientation,Mean_FatRegions_AreaShape_Perimeter,Mean_FatRegions_AreaShape_Solidity,Mean_FatRegions_Location_Center_X,Mean_FatRegions_Location_Center_Y,Mean_FatRegions_Location_Center_Z,Mean_FatRegions_Number_Object_Number,Number_Object_Number,Worm_Angle_1,Worm_Angle_10,Worm_Angle_11,Worm_Angle_12,Worm_Angle_13,Worm_Angle_14,Worm_Angle_15,Worm_Angle_16,Worm_Angle_17,Worm_Angle_18,Worm_Angle_19,Worm_Angle_2,Worm_Angle_3,Worm_Angle_4,Worm_Angle_5,Worm_Angle_6,Worm_Angle_7,Worm_Angle_8,Worm_Angle_9,Worm_ControlPointX_1,Worm_ControlPointX_10,Worm_ControlPointX_11,Worm_ControlPointX_12,Worm_ControlPointX_13,Worm_ControlPointX_14,Worm_ControlPointX_15,Worm_ControlPointX_16,Worm_ControlPointX_17,Worm_ControlPointX_18,Worm_ControlPointX_19,Worm_ControlPointX_2,Worm_ControlPointX_20,Worm_ControlPointX_21,Worm_ControlPointX_3,Worm_ControlPointX_4,Worm_ControlPointX_5,Worm_ControlPointX_6,Worm_ControlPointX_7,Worm_ControlPointX_8,Worm_ControlPointX_9,Worm_ControlPointY_1,Worm_ControlPointY_10,Worm_ControlPointY_11,Worm_ControlPointY_12,Worm_ControlPointY_13,Worm_ControlPointY_14,Worm_ControlPointY_15,Worm_ControlPointY_16,Worm_ControlPointY_17,Worm_ControlPointY_18,Worm_ControlPointY_19,Worm_ControlPointY_2,Worm_ControlPointY_20,Worm_ControlPointY_21,Worm_ControlPointY_3,Worm_ControlPointY_4,Worm_ControlPointY_5,Worm_ControlPointY_6,Worm_ControlPointY_7,Worm_ControlPointY_8,Worm_ControlPointY_9,Worm_Length
1,1,4,263.4335205992509,61.35861423220974,69.75,178.25,265.25,81.0,257.25,61.25,260.93014483487184,70.30585255127455,2.055854667292476,89.25,0.9741828190694575,8.836000320924235,1.0,0.5282034585902873,0.7276459241062622,21.892879294358895,20.1600939585462,2.4419572339080924,1.323810844408782,1.2071067811865475,3.978935779487713,4.135306289551791,-15.973578787843634,41.538582233137674,0.8086298606016141,260.93014483487184,70.30585255127455,0.0,8.5,1,0.15459400262329615,0.0036135249305828676,0.09278604141891056,0.25395451997043206,-0.11701024113162983,-1.3322676295501878e-15,2.6645352591003757e-15,-0.1217649297612895,8.881784197001252e-16,-0.24384262177854188,0.1207542516801452,-0.17447926832865468,-0.0034220127455120153,0.1805857877791921,-0.044944899875221545,-0.07998811389253424,0.305940369308372,0.12145736785991423,0.022998042417736286,270.0,271.0,269.01040764008565,267.0,264.4568542494924,260.41231060122936,257.0748737341529,253.73743686707644,250.39999999999998,247.76966991411007,245.13933982822016,271.0,243.92322330470336,242.0,271.01801948466056,272.0,273.0,273.0,273.2966991411009,274.0,272.85685424949236,1.0,56.09386001800124,61.98959235991433,67.87670273047587,73.54314575050762,78.58768939877062,83.92512626584708,89.26256313292356,94.60000000000001,100.23033008588993,105.86066017177984,7.3056349186104015,112.07677669529666,118.0,14.018019484660531,19.502691193458105,24.979898987322315,31.69974746830581,38.29669914110087,43.89680374315352,50.14314575050761,134.39696961966993
1,2,3,24.591991341991342,81.5995670995671,81.0,279.6666666666667,29.0,98.66666666666667,19.0,79.0,23.03310680332739,88.6251485442662,2.093309980602946,102.33333333333333,0.9576199481137028,9.113778638526872,1.0,0.45689702725713804,0.5874459417012102,23.02269587399526,20.397578996158742,2.1380711874576983,1.3350096024857774,1.1380711874576983,3.661415460371586,4.275556098459936,-16.544161734073015,44.79898987322333,0.8158719548425429,23.03310680332739,88.6251485442662,0.0,13.0,2,8.881784197001252e-16,-0.009734404737779423,0.0,-0.08296004847378158,-0.15203006327404145,0.06384894532798913,-0.14044407858104457,0.004925020764261934,0.1406600428912188,-0.20930287635655875,-0.7216803506963703,0.0,-0.16864074666459095,0.014177017624508625,-0.007084229428543143,0.03793393367152298,-0.061876095310344326,0.0,-0.13240071352572924,51.0,21.0588204665992,19.0,17.0,15.0,13.473730788079195,12.93997107542917,12.0,12.0,11.96935429050562,11.0,47.0,11.437500013671098,16.0,43.0,39.0,36.04289327349771,33.0,30.0,26.769606876883984,23.914213671741592,30.0,80.9411795334008,87.12652397026446,93.33623264213863,99.5459413140128,106.10507684768322,113.06002892457083,119.70881595351,126.74695175013034,132.96935429050563,139.58058265625175,35.38128154712797,146.4375000136711,151.0,40.76256309425593,46.14384464138389,51.95710672650229,57.734834860386016,63.530329969887084,69.23039312311602,75.08578632825841,140.76271593240693
1,3,2,61.27008149010477,179.35273573923166,21.5,38.0,55.0,188.0,45.5,184.0,49.65147783251231,185.52216748768473,1.2642890477684048,25.5,0.9668354699557169,5.1492580126956256,1.0,0.5520833333333333,0.8376246083722896,10.383106690672903,9.054979091745373,1.7071067811865475,1.0778425527114694,1.0,2.2283731286997472,2.6025616880171354,-70.41084077044178,18.449747468305834,0.838235294117647,49.65147783251231,185.52216748768473,0.0,42.0,3,0.1400000512320818,0.03281607312865864,-8.881784197001252e-16,-0.2859232707864323,0.2642152073805457,-0.11783261726701877,0.27705992746102925,0.0,0.20146119227838488,0.0,0.0,0.14000005123206716,0.15082861756393706,0.0,-0.15082861756393529,0.1508286175639415,0.19810927114080013,-0.23714440693720595,0.16180811820267138,104.0,66.78932123087796,62.21717779940528,57.583327985108774,52.949478170812284,48.86057946482727,44.26756497984621,39.896208581801915,34.99980957791615,30.10341057403039,24.792798007771538,100.95193662333043,19.482185441512684,15.0,97.19676646547428,93.14870308880471,88.80774649332167,84.46678989783864,80.41872652116905,76.077769925686,71.137270141324,154.0,179.0,180.78282220059472,182.41667201489122,184.05052182918772,187.0,188.7324350201538,191.0,192.0,193.0,193.0,158.0480633766696,193.0,193.0,161.8032335345257,164.85129691119528,167.19225350667833,169.53321010216138,172.58127347883095,174.92223007431397,176.431364929338,106.21225132517715
1,4,4,30.32729468599034,138.91787439613526,41.0,83.5,33.75,145.25,26.5,134.75,29.62664961636829,139.5023273657289,1.3047651342540334,45.75,0.9385371155711344,6.847438059787572,1.0,0.5336763236763237,0.817364529408856,12.052857420668975,11.294242844448942,2.3139582038342184,1.3166336146702577,1.1035533905932737,3.464823227814083,4.039322072224364,-30.98374885395793,25.1850288425444,0.916653199741435,29.62664961636829,139.5023273657289,0.0,30.25,4,-0.13496037763009427,-0.1966977453358938,0.00881210488014661,0.062154650111971854,-0.11921261035930897,-0.4120802284700671,0.24388486077448945,-0.445406353940901,-0.10821048832257163,0.0006353449282991974,-0.1957719562706115,-0.06177339377459079,-0.10333357335498494,-0.1643993359191609,-0.10073557049715198,0.0,1.3322676295501878e-15,0.05499741127705349,0.24951347192505846,66.0,34.24203311368474,30.079159308702696,27.0,23.87473204229825,20.418965018502746,17.41836887368909,16.685787904593553,14.600931139516106,14.996659959292451,16.0,61.25133975739106,17.0,19.0,56.79557273359557,52.48055784337109,48.604547287374544,45.39702365919457,42.6738084905964,39.95059332199823,37.22737815340005,92.0,131.75796688631527,135.92084069129731,140.53260373837858,145.12526795770174,149.58103498149725,154.58163112631092,160.2568483816258,165.59627544193557,170.99665995929246,176.4682555002127,94.74866024260895,181.94123453129288,187.0,98.20442726640442,102.0,106.19393695016728,111.07237131987706,116.29186705969023,121.5113627995034,126.73085853931656,117.74385186906575
1,5,3,49.13345864661654,112.74248120300751,39.0,151.0,51.333333333333336,123.33333333333333,40.0,113.0,44.97946009389671,117.57985133020344,1.595667939237875,64.33333333333333,0.9360772780377702,6.469447174420185,1.0,0.3898682336182336,0.9719752329945676,15.213748697689397,13.220709970718643,1.9428090415820634,1.1893104028821726,1.0,3.8683916338477933,4.024274808816379,-53.722725827697765,27.761423749153966,0.6823576888382471,44.97946009389671,117.57985133020344,0.0,24.333333333333332,5,0.2170962288663394,-2.220446049250313e-15,4.884981308350689e-15,-0.14723150450028433,0.2774226422338546,0.4375551817565162,0.7036090731921703,0.6326852352243093,0.2030531633780992,-0.4624675104036531,-1.0902659126100895,0.0,-0.2170962288663394,0.00428475106502324,-0.12272677743406746,0.24918248003692955,0.17610947409274402,-4.884981308350689e-15,2.220446049250313e-15,83.0,43.78183519964102,38.80066144747112,33.81948769530122,28.83831394313132,24.444383882758103,19.587436427873286,14.775753270647769,12.0,12.0,13.0,78.97147966986137,11.705113265706828,7.0,74.52874577734966,70.08601188483794,66.05749155469931,62.02048574934615,58.200360715537656,53.744182703980826,48.763008951810924,95.0,117.53705704627811,119.2613094989523,120.98556195162651,122.70981440430069,125.0,126.0,124.85050218043185,121.06487923119455,115.79371821393664,110.93677075905183,98.0,106.05766989856025,105.0,100.0,102.0,105.0,107.97951425065385,111.59972946334676,114.08855214092972,115.8128045936039,105.42322034515819
1,6,4,444.1959798994975,59.41708542713568,25.75,53.5,441.0,72.25,434.0,65.25,437.03541666666666,68.36458333333333,1.099436155843562,29.75,0.8992469208176599,5.533555486134491,1.0,0.5564454064454064,1.0894076910610488,9.632106135058327,8.355142373605311,1.9732305567480426,1.19559890222331,1.051776695296637,3.065244168992933,3.51224521326159,-37.012115048406116,18.588834764831844,0.8623321123321124,437.03541666666666,68.36458333333333,0.0,7.25,6,-0.003358403623070494,-0.13690217884576716,0.04499026079169921,-0.07131667268338715,-0.21182024940291533,0.023899443103680307,0.06509795531936735,-0.07124512852128762,-0.017752269901760043,1.1102230246251565e-15,-0.21339212526284035,-0.20654647721379193,-0.0034872444259739233,-4.440892098500626e-15,-0.06268703023835753,-0.17545963105623574,8.881784197001252e-16,0.0,-0.13690217884577605,484.0,443.320706288627,439.4842022757058,436.3548050439711,433.0,430.0,428.0,425.81586961695325,423.2177922546218,421.0,419.0,478.9885775552012,417.0,416.0,473.98384622365006,469.37994622797663,464.78273734555086,460.18552846312514,455.70889798383087,451.57950075209624,447.4501035203616,35.0,54.679293711373056,58.51579772429424,62.64519495602887,66.68122521487028,70.86422053492294,75.46142941734868,80.17090570225243,84.93404753319342,89.79415979034968,94.39136867277543,36.0,98.98857755520116,104.0,37.01615377634996,39.0,41.0,43.0,45.29110201616916,48.4204992479038,51.54989647963843,108.5127201434385
1,7,5,458.8482905982906,92.48931623931624,48.2,74.2,457.8,95.0,446.0,89.2,451.4738415331646,91.56338177535598,1.2213260506283903,53.6,0.9485525730316784,7.173156056265209,1.0,0.6260714285714285,0.8874766917044716,13.014063129623873,11.846637726772709,2.079669127533634,1.3371273776033936,1.282842712474619,3.4111588790618206,3.9965760700164026,69.94585079504276,26.078174593052022,0.8774442307043298,451.4738415331646,91.56338177535598,0.0,14.4,7,-0.10362253762086682,-0.07584097394516393,0.02945592816479553,0.007348832031151109,0.10818205105061424,-0.2321525203439071,0.08972809048261762,-0.11622633109607668,-0.024555759907850593,0.0,0.1943849811321337,-0.1562146430153002,-0.53191729478543,-0.000640249200633991,0.07807282170439,-0.3220491283228708,-0.15268897420691022,-3.0531133177191805e-16,-1.887379141862766e-15,411.0,448.8362917656142,455.0141104272335,461.24312536587917,467.1510240543785,473.04166467105506,478.68364599032327,484.8747201198765,490.8462882853001,497.10473105924825,503.42684331012066,412.0,508.92052843624685,514.0,413.5768558573499,416.0,420.95710742824025,426.13638358925937,430.9987242578455,436.4806544423756,442.65847310399494,61.0,93.79049820991614,95.13350226678989,96.0,97.0,98.04166467105505,99.68364599032328,100.0,100.84628828530012,101.0,101.0,66.90789868849932,101.0,102.0,72.57685585734994,77.89526894075178,81.36997519976816,84.99546851248158,88.99872425784545,91.10449009616862,92.44749415304238,126.4422450174483
1,8,3,517.4975417895772,198.6479842674533,129.66666666666666,302.6666666666667,523.0,209.33333333333334,512.6666666666666,180.66666666666666,517.8528663268412,193.8234955112599,2.7784342779707507,174.33333333333334,0.9723209517906121,12.810578291619164,1.0,0.46231287449975883,0.42004930931698903,32.01189314677168,28.545494294824795,2.9969015949715234,1.5856459082098777,1.4714045207910316,6.152653231792773,6.246961497679371,5.517602921226409,66.47750117520091,0.7580988117573484,517.8528663268412,193.8234955112599,0.0,41.0,8,0.6426974768141445,-8.881784197001252e-16,-0.16252763862066644,-0.1625276386206671,-0.007934920991197192,-0.15952873465549566,0.06301617944345628,0.035239790294940176,0.39189261533859954,-0.1385743866004292,0.31673498729890737,0.2514630669645255,0.0852484830868836,0.34119615565314354,-0.18860836729290398,0.18138753382746997,0.31771721399086505,-0.12021759653004072,-0.11587789260663772,508.0,516.0,515.0,514.0,514.0,515.0,516.0464466094068,518.0,519.6,521.0,520.1393398282202,513.6843145750507,520.0,518.0,517.0,519.0,520.5213203435596,520.0,520.510912703474,520.0,517.6644660940673,144.0,191.15883117545687,197.2573593128807,203.35588745030458,209.86862915010153,215.96715728752537,222.04644660940673,227.75,233.60000000000002,239.53284271247463,244.86066017177984,146.0,251.31568542494927,257.0,150.95441558772842,156.63873016277918,162.52132034355964,168.4215728752538,173.489087296526,179.7902020253553,185.33553390593272,130.254833995939
1,9,3,467.1761744966443,120.28271812080537,101.0,423.6666666666667,488.0,134.0,464.3333333333333,116.0,475.5909413199467,123.4061658016393,2.9309687833489804,144.66666666666666,0.9837704851456003,11.1104745674456,1.0,0.26302937462863935,0.3660846113559657,32.17827667638591,28.332239379224088,2.5522847498307932,1.377435866010967,1.2761423749153966,4.913072950559587,5.038239431500603,51.71012591811979,59.58410289299912,0.7031838466697623,475.5909413199467,123.4061658016393,0.0,24.0,9,0.391029227661735,0.0183810668777753,6.217248937900877e-15,0.20515556904513255,4.218847493575595e-15,-2.7755575615628914e-15,-0.09941427741475839,0.6090305737612132,0.1332411394012547,-0.153651431931505,0.0,-0.0688511603950151,0.008704569483006463,0.37972657603565624,0.31976761373892904,-1.887379141862766e-15,0.18296274674968746,0.026574116771167666,0.1073460008268135,407.0,464.83087695063494,470.68618386559626,476.4919557862536,482.29772770691085,487.1034996275681,492.3234851105984,497.5434705936288,503.0563492954726,505.0,506.0,412.21998548303037,508.0,510.0,418.7494587287404,424.88128154712797,431.02081512550086,437.92939595460604,445.0911569530391,452.2529179514722,458.69134337226205,115.0,110.0,113.68618386559629,117.49195578625356,121.29772770691083,126.10349962756808,131.32348511059843,136.5434705936288,141.05634929547261,147.924545015389,154.89250571850806,109.78001451696966,161.44625285925403,168.0,107.06263531781491,104.0,101.0,100.4823489886515,102.27278923825978,104.06322948786806,107.0,147.6434853098438
1,10,6,659.521484375,90.5185546875,24.5,60.5,660.5,102.83333333333333,654.5,95.16666666666667,657.0760435038212,98.62316284538507,0.9889860863701951,28.0,0.9294466347290548,4.94121049568199,1.0,0.501388888888889,1.5896335295834447,9.594014516680877,8.260825632039717,1.804737854124365,1.1612194434647345,1.0690355937288492,2.1805398143019965,2.6059814161518515,-14.056660299483134,16.98528137423857,0.9206242532855436,657.0760435038212,98.62316284538507,0.0,17.333333333333332,10,0.0,0.08153928211123196,1.554312234475219e-14,-1.6431300764452317e-14,0.2423607988353944,-3.1086244689504383e-15,0.018049848706036542,0.20385624114468914,-0.10485415137109655,0.11715116236127487,0.016335607049632994,0.08585905506376124,0.008001264095753191,-0.08811700089944696,0.17018631145907426,-0.17592962971914172,0.18195221355701263,0.0,0.11142711808502037,680.0,667.0,664.3994949366117,661.3545201897812,658.3095454429505,655.2645706961199,650.8053823869162,646.3461940777125,641.8402020253553,636.8420310216784,632.0899494936612,679.0,627.0636038969321,622.0,678.0,676.5219300090007,675.0,673.9675144212722,672.0,671.0,669.0,36.0,87.37142494561226,92.60050506338831,97.64547981021889,102.69045455704948,107.73542930388007,112.19461761308374,116.65380592228743,121.0,124.1579689783217,127.91005050633883,41.89203102167829,131.0,134.0,47.784062043356585,53.47806999099936,59.15391052434007,65.03248557872777,70.52375900532357,76.41579002700186,81.89360748630706,126.12489168102773
1,11,3,150.89684014869889,137.79275092936803,64.33333333333333,277.3333333333333,143.66666666666666,162.66666666666666,132.33333333333334,148.33333333333334,137.69746275321722,155.08935980189176,1.7687948027431928,86.0,0.8537231841140197,7.780048923589618,1.0,0.5186274509803921,0.9138869238823578,19.79804290425655,16.8454414075121,2.080880229039762,1.2759354537343348,1.1380711874576983,3.4467259348013735,4.013074394274221,-55.49583548068955,37.189514164974604,0.8517688091679124,137.69746275321722,155.08935980189176,0.0,33.666666666666664,11,0.2758019840541863,-0.06432774978209421,0.11736100776018832,0.10989731159400673,-3.1086244689504383e-15,0.2272583193541906,0.13380472789112918,0.10011166544899197,0.011632372167632798,0.12103774758041208,-0.12103774758040853,-0.06276496052288039,0.153549489556855,-0.12212433606603224,0.12212433606603224,0.11736100776018965,-0.12734080940924786,-0.045628884565650285,0.11993643599680137,184.0,158.0,154.29289321881345,150.96862915010155,146.93725830020307,142.198780669118,137.87451660040608,132.55025253169416,126.90538238691622,121.02304473782993,115.1129942314911,182.7970562748477,108.91005050633882,103.0,180.0,177.56274169979696,174.23847763108503,171.62132034355966,168.29705627484773,164.26568542494925,161.0,86.0,135.5414213562373,140.70710678118655,146.03137084989845,151.06274169979696,155.801219330882,160.12548339959392,163.44974746830584,166.0,167.97695526217007,169.8870057685089,92.20294372515227,171.08994949366118,173.0,97.74558441227157,103.43725830020304,108.76152236891497,114.37867965644034,119.70294372515227,124.73431457505075,130.0828427124746,134.0243866176394
1,12,4,251.56581352833638,157.57678244972578,75.25,236.0,265.5,174.75,253.75,158.75,259.05830419580417,166.7941385003885,1.3956344772766895,88.75,0.9682036250643253,8.849340545037341,1.0,0.3854275055454729,1.225486970098151,19.88867541204986,18.57512865113268,2.5098824189185422,1.3748158976108804,1.2071067811865475,3.9242963978579377,4.220187556055754,34.2843351151678,35.50609665440988,0.8915902022245306,259.05830419580417,166.7941385003885,0.0,36.75,12,-0.16872290461805517,1.9984014443252818e-15,-0.10879111319966595,5.88418203051333e-15,-0.10879111319966328,0.1087911131996574,0.10879111319966328,0.18813969180645906,0.09794336309934537,-0.04156644849530733,0.10723512899687315,0.0,-0.17264311480636096,-0.03355090243245029,-0.10122107145811776,0.1347719738905725,-0.05254274991997043,-0.12656587068104153,-2.6645352591003757e-15,220.0,245.38664863476205,249.46446609406723,253.54228355337244,258.3272077938642,263.11213203435597,268.1899494936612,272.97487373415294,277.05269119345814,280.0,282.37989898732235,221.0,285.0,287.0,223.0,225.0,228.0,231.19669914110088,235.0,238.0,241.30883117545687,103.0,153.38664863476205,158.46446609406723,163.54228355337247,168.3272077938642,173.112132034356,177.1899494936612,181.97487373415294,187.05269119345814,192.59878066911807,198.37989898732235,109.35269119345811,204.061522368915,210.0,115.29116882454313,121.22964645562816,126.75391052434007,132.19669914110088,137.3882250993908,142.91248916810278,148.30883117545685,135.33809511662417
1,13,4,422.4284436493739,180.64758497316637,44.75,184.75,452.25,199.25,439.0,191.0,445.02301341589265,195.04115964463588,1.547902936497514,59.75,0.9429885279879548,6.337375909576338,1.0,0.45843129571577845,1.0657686470774212,16.414966238635216,14.158810779308048,1.5606601717798214,1.1339888179523345,1.1035533905932737,2.396614631542497,2.870152549341376,32.25334613110044,28.529698756654497,0.810266479663394,445.02301341589265,195.04115964463588,0.0,44.25,13,-0.33884523026503366,-8.43769498715119e-15,-0.023810380823767074,-0.07029207955582317,-0.13563240352996458,-0.01728755678515298,-0.1645817347425806,0.11142133898874046,-0.060126950349700864,-0.05163989975263103,1.304512053934559e-15,0.16090585821314674,-0.07717373585890297,-0.01420407092610898,0.03712567583204984,-0.10665372726018763,-0.10665372726018285,0.1066537272601733,-0.22041561061130632,376.0,414.7543416229077,420.2175144212722,425.68068721963675,431.20344878854064,436.89992603517925,442.9277128572526,448.99784450716214,455.4804040507107,461.6815494167719,468.0330952441688,378.756066017178,474.51654762208443,481.0,383.6334523779156,387.5305173182811,391.9720606076066,396.48743686707644,400.65771644662755,405.1208892449921,410.2911688245431,137.0,181.75434162290767,185.21751442127223,188.68068721963675,192.0,194.89992603517928,197.0,198.9978445071621,200.0,201.6815494167719,203.0,142.75606601717797,204.0,205.0,147.6334523779156,153.0406897577081,158.29608081014212,163.48743686707644,168.65771644662752,173.12088924499207,177.29116882454315,137.95331880577396
1,14,4,503.7755710029791,268.3376365441907,54.0,82.5,507.25,279.5,502.5,264.0,504.2421492921493,270.96255898755896,1.5459966286293867,62.25,0.9550513703939649,7.741559385902068,1.0,0.6669786096256685,0.9959746144490996,16.566345889969888,14.691187581165279,2.25,1.3465059891761244,1.3535533905932737,3.441082006438195,4.052381436805801,1.3111183107122293,31.010407640085653,0.8569831113607188,504.2421492921493,270.96255898755896,0.0,55.5,14,-1.9984014443252818e-15,0.0,0.0,0.17423191127913262,-0.17423191127913262,0.0,0.0,0.0855007292517942,-0.001581706832403551,-0.11690107160680907,-0.10036586797982561,0.16879162235661793,0.12878047333552578,-0.007360780671180844,-0.01508967027488417,0.11283356186840843,0.03228166982980274,0.06559800860181486,0.0,493.0,506.0,506.0,506.0,506.0,505.0,505.0,505.0,505.0,504.4954689373085,504.0,496.0,504.22536797931514,505.0,499.0,501.0,502.23471794407067,503.54347059362874,504.90388905194055,505.5572007290658,506.0,206.0,263.2216317341305,270.1455539683777,277.069476202625,283.9933984368722,289.67467998400025,295.7701750935013,302.6940973277485,309.61801956199577,315.5045310626915,321.39479621862483,211.68128154712798,328.22536797931514,334.0,217.36256309425593,223.458058203757,229.93887177628264,236.54347059362874,242.90388905194055,249.5572007290658,256.29770949988324,138.47844468494503
1,15,4,533.3968957871397,279.4279379157428,45.75,92.5,540.0,282.0,523.25,277.25,531.7841707021792,279.0449673796072,1.8287409141367643,59.5,0.9804014985691782,7.199166949433751,1.0,0.601565734989648,0.9427943432287038,18.55715358583134,16.098446196090766,2.0,1.1897788035184689,1.0,2.710097100141777,3.1572086466553735,44.17847626784578,32.26929111656884,0.8095040851392103,531.7841707021792,279.0449673796072,0.0,57.0,15,-0.1848297007513644,0.014174147186783642,-0.070707930444218,-0.019621794070922738,0.04484217780701247,-0.15105554761415046,0.12940115072828373,-0.14908081458941738,0.0,0.0,0.0,0.05685367388231316,0.07301027949122754,0.22570095885310618,0.0,0.17073521147528575,-4.912736883966318e-15,-0.14294185990613595,0.17425525942748382,474.0,525.8485281374238,530.8284271247462,536.3941125496954,542.2526911934581,548.1573593128808,553.9573593128807,560.1213203435597,565.9715728752539,571.3573593128807,577.5715728752539,479.8,583.7857864376269,590.0,485.1857864376269,490.69705627484774,496.37157287525383,502.5857864376269,508.8,514.5999999999999,520.4,281.0,277.15147186257616,278.1715728752538,279.3941125496954,280.2526911934581,281.0,282.0,282.12132034355966,283.0,283.0,283.0,280.0,283.0,283.0,278.0,276.3029437251523,275.0,275.0,275.0,276.0,277.0,124.28427124746187
1,16,2,200.16306695464363,261.1025917926566,93.5,318.0,218.0,296.0,206.0,276.0,210.9868769883351,286.0624337221633,1.9744842489252354,119.0,0.9460534646917649,9.930910183746573,1.0,0.4118566618566619,0.7343013689623462,24.486639648012464,21.494095095462306,2.618033988749895,1.4139596224422684,1.2071067811865475,4.2971207489044,4.8359709344924475,30.677726408882478,47.74873734152916,0.8623442367601246,210.9868769883351,286.0624337221633,0.0,57.5,16,0.142709097410344,0.0827838023591545,-0.06461330962965683,-0.13990978888161365,-0.050024410892018256,-0.05785142544321209,-0.06182939157535983,0.09903969504280519,-0.07444134208864828,0.12000114236600701,0.13124337162272126,0.3632989959952526,0.025951273584379875,0.2159542915701853,0.049668342868194104,-0.11164536683899584,-8.881784197001252e-16,-0.18339478177302082,-0.041460214431176645,179.0,196.0,198.22163695166134,200.0,202.12454298575628,205.0,208.1487693634109,211.6728469719058,215.63677073202504,219.0,222.68288040353195,183.60291707355003,225.69499359235925,228.0,187.43843994002768,189.15765991004153,191.0,191.6463523817634,192.0,193.0,194.0,211.0,258.88209778466626,264.2216369516613,269.74478618125875,275.1245429857563,280.19326101547813,285.1487693634109,290.04459074344044,294.8893864502528,299.94860809223053,304.68288040353195,215.0,309.69499359235925,315.0,219.43843994002768,224.15765991004153,229.6543089813195,235.6463523817634,241.75963806503128,247.60519582570063,253.45075358636996,125.19542646084872
1,17,4,197.31055900621118,323.5507246376812,41.0,87.75,204.0,326.0,196.5,315.5,199.9047097562429,319.8144639504738,1.2957644048758825,46.75,0.9489282321372217,6.810871719902799,1.0,0.4900568181818182,0.8201785823959384,12.625752634042716,11.55348800258924,1.9732305567480426,1.2765203196673918,1.1035533905932737,3.3197966539191666,3.8044534487512784,-33.133861222486935,25.21903858487467,0.8751703354297694,199.9047097562429,319.8144639504738,0.0,66.5,17,-0.33828441397835896,0.016515630310679486,-0.06336299686432478,0.03162684596793519,0.0386993631425574,0.04834995095900241,-0.0330970361534042,-0.06089474211804613,-0.03290555498732051,-0.2103560518384877,0.21035605183848327,-0.17916754951588754,-0.08433598724998204,-0.12485438993749831,-0.015555980677532055,-0.043199842038189384,-0.23420436834117053,0.1210158135278685,-0.3187046740200741,241.0,197.08480564490006,195.0,192.8232858202649,191.0,189.0,186.78455947390546,184.30024617099463,182.0,180.03872634635945,178.26151982463514,234.4866504338396,177.77720652172428,176.0,228.80172799242536,223.53101911338422,218.4471489762131,213.57901081462063,208.78038624075194,204.17475259428144,200.98333251018403,282.0,313.9151943550999,319.5649891482308,325.1767141797351,330.93483403105927,336.61975647247345,342.21544052609454,347.6997538290054,353.2603102343431,358.96127365364055,364.7384801753649,282.0,370.22279347827566,376.0,284.0,287.0,290.491423132255,294.81865705367056,299.2196137592481,303.8252474057186,309.016667489816,130.2669913232084
1,18,2,457.5470941883768,271.9529058116232,45.5,118.5,465.0,285.5,455.5,273.5,459.92621259029926,279.05366357069147,1.638191007941188,52.5,0.9581734966685403,7.549300267129685,1.0,0.40883838383838383,0.6347160000089416,15.091502136560472,13.636731394913944,2.23606797749979,1.294471302310222,1.0,3.467766952966369,3.901751253267246,36.69962889462505,30.59188309203678,0.8727415553809899,459.92621259029926,279.05366357069147,0.0,56.0,18,-0.28920107543260354,-0.025341901558677105,0.09241661224166753,0.018142576024727353,-0.0028587991050177397,-0.004151523097596366,-0.11148123036976332,-0.009378715984302288,-0.2307298175738426,-0.016000026686039392,0.12737390013687078,0.14622868178864312,-0.1714636299375094,-0.059340921160000226,-0.17454879419312452,-0.03112534896661079,-0.20045352154091578,0.18615437030288007,-0.17261139193019448,439.0,452.0,455.42893218813447,459.0,462.060303038033,465.02243507238893,468.0,471.0,474.6159379566434,478.2851767721859,482.9355339059327,438.15918830920367,487.62365440327096,492.0,439.0,439.0,440.0,441.32537879754125,443.5804040507106,446.0,449.5046681194226,219.0,267.66015510839145,272.42893218813447,277.1388347648318,282.06030303803294,287.02243507238893,291.978174593052,296.92462120245875,301.6159379566434,306.2851767721859,310.0,224.84081169079633,313.62365440327096,318.0,230.5497474683058,235.91040764008562,241.68528137423854,247.32537879754122,252.58040405071063,257.767261889578,262.5046681194226,123.7817459305201
1,19,3,438.1780515117581,273.464725643897,12.666666666666666,26.666666666666668,437.3333333333333,272.0,433.3333333333333,266.0,434.84035087719303,268.4584795321637,0.8138187016696811,14.666666666666666,0.9483780793840815,3.8484809386417584,1.0,0.529265873015873,1.5105858925518187,6.930461511834917,5.887363586423451,1.2761423749153968,1.045539268845697,1.0,1.5390938355820074,2.026106252217659,32.64781409697531,11.311676280848133,0.8989898989898991,434.84035087719303,268.4584795321637,0.0,55.333333333333336,19,-0.11678688123807968,1.3988810110276972e-14,0.144470592048479,-0.1393823849284146,-0.1498045063315483,6.5503158452884236e-15,0.1447162992114731,-0.1447162992114882,-0.2690038569938158,-0.1447162992114851,-0.14961613653716355,0.155861616209785,0.0,0.00508806288147734,0.19830701125288275,-0.19338283529577827,0.2452454619383686,-0.14961613653716954,-1.9539925233402755e-14,410.0,435.21923881554244,437.70710678118655,440.19497474683055,442.0,444.4636038969321,447.65857864376267,450.8535533905932,453.3414213562373,456.5363961030679,460.73137084989844,413.19497474683055,465.21923881554255,470.0,417.0,420.0,423.0,425.9748737341529,428.0,430.950609665441,432.73137084989844,230.0,269.2192388155425,273.70710678118655,278.19497474683055,282.9656854249492,287.4636038969321,291.65857864376267,295.8535533905933,300.34142135623733,304.5363961030679,307.73137084989844,234.19497474683058,310.2192388155425,312.0,238.13725830020303,242.4129942314911,246.68873016277917,250.97487373415288,255.6544155877284,259.950609665441,264.73137084989844,110.36753236814704
1,20,3,315.5206692913386,344.9488188976378,39.666666666666664,93.33333333333333,326.0,363.0,318.0,351.3333333333333,321.2773926283166,356.54982339802297,1.5355308158139902,47.333333333333336,0.9669253243657403,6.906316117777473,1.0,0.4399567752508929,0.6706668845408325,14.358408506916154,12.991385721722729,1.8834271799576283,1.2281076087981162,1.1380711874576983,3.2714331784698594,3.4957272566398334,38.562922867349265,27.199326582148885,0.8283577533577534,321.2773926283166,356.54982339802297,0.0,74.33333333333333,20,0.0,-0.08293317746825601,-0.10154909132254164,-0.031028094768399406,-0.11721763677500974,-1.27675647831893e-14,6.328271240363392e-15,-0.19073421802444246,-0.2360065619692952,0.16900825112580825,-0.35930635302681524,-0.5125822563208937,0.10030742692253436,-0.08561773212778245,0.14731636916311674,0.0,3.3306690738754696e-15,0.10122581048414014,-0.20331978118435345,293.0,308.4506836302617,311.0,314.0,317.5674098192195,321.3134253300587,325.7665476220844,330.2196699141101,334.6727922061358,339.59228355337245,345.0435028842544,293.0,350.1165476220844,356.0,293.0,295.8740855018385,298.20588745030454,301.0,303.0,305.0,307.0,292.0,341.45068363026166,346.6923881554251,351.7474134085945,356.5674098192195,361.3134253300587,365.76654762208443,370.2196699141101,374.6727922061358,378.0,380.04350288425445,298.2976659402887,383.0,384.0,303.7669047558312,308.87408550183847,314.20588745030454,319.34619407771254,324.81543289325504,330.28467170879753,335.7539105243401,125.95331880577392
1,21,3,110.90664100096247,333.64388835418674,42.333333333333336,120.33333333333333,111.66666666666667,338.3333333333333,98.33333333333333,332.6666666666667,104.28230994152047,334.9687134502924,1.5143947861080147,58.0,0.9387423467503305,5.920821143424109,1.0,0.5191721132897603,1.3057178147838309,16.409776493939273,13.546413717728107,1.5500938466242948,1.1363912428275997,1.0,2.103124442584238,2.6718944995039684,53.04899616905592,27.818614707571896,0.9026915113871636,104.28230994152047,334.9687134502924,0.0,68.66666666666667,21,0.5562030911960404,-0.009855078883336255,-9.658940314238862e-15,0.2523842673731944,-0.12566622227914614,0.12566622227912905,0.12082575845117582,0.1130174606453519,0.11301746064536866,0.040291139322671254,-0.19412254377856453,0.06693160964223774,0.16226346255916937,0.1148083615795145,-0.04752847418618661,0.09498357516584112,-0.04134316711807898,-0.07421963992243885,0.26232510029243494,54.0,106.0782096499983,111.83922508207559,117.62314759028314,123.4070700984907,128.60520616907138,134.09623545846546,139.29437152904615,144.19961438081333,148.8119640137671,152.7172068655343,58.612349632953745,156.43335678609049,161.0,64.56041343642094,70.6690472793776,77.19189468470736,82.62671932222433,88.1665216835014,94.27515552645806,100.27138006566047,331.0,327.0,328.8392250820756,330.62314759028317,332.4070700984907,335.6052061690714,338.0962354584655,341.2943715290461,345.1996143808134,349.8119640137671,354.7172068655343,326.38765036704626,359.7916959826131,364.0,325.0,324.0,324.0,324.62671932222435,325.0,326.0,326.7286199343396,130.45694810659512
1,22,3,127.528706083976,407.3033419023136,98.0,268.0,131.0,413.3333333333333,121.66666666666667,389.6666666666667,125.49786704585851,401.8113353447516,2.427026843886658,160.0,0.9344332289199974,10.103250771809542,1.0,0.44757085020242915,0.7200461266370475,27.6080681321133,23.642961639103532,2.3399216126123616,1.3284981406472813,1.1380711874576983,5.603986013720845,5.482704108472689,-13.418973345569205,53.61557236265861,0.7366328445379828,125.49786704585851,401.8113353447516,0.0,80.66666666666667,22,0.15412139656791002,-0.0500502147244164,-0.00963819365685481,0.11147715518586421,-6.217248937900877e-15,-0.0467080166006677,-0.005080730203914197,-0.07219937822482736,-0.014174550476017345,-0.05909556400566829,-0.026592789055098542,8.881784197001252e-16,-0.2618427043506477,-0.06434097397886962,-0.3162506492504087,-0.5746698828570369,-0.2107282805404087,-0.2970852323854358,-2.4424906541753444e-15,155.0,118.0,120.0,122.31611652351684,124.6928932188135,126.36256313292357,128.03223304703369,130.0,132.0,134.45545635173704,137.0,148.46715728752537,139.91611652351685,143.0,141.52010101267769,134.57304473782995,128.32132034355965,122.23743686707645,117.44644660940672,116.0,116.0,364.0,398.38137084989853,404.9142135623731,411.3161165235168,417.6928932188135,424.3625631329236,431.0322330470337,437.5784271247462,444.1112698372209,450.45545635173704,456.762741699797,366.0,462.91611652351685,469.0,367.0,368.0,370.67867965644035,373.7625631329235,378.55355339059327,385.31568542494927,391.8485281374239,147.2253967444162
1,23,5,473.20680393912266,386.4664279319606,59.0,155.6,479.8,386.8,473.4,371.0,475.9952651131374,378.243451536643,1.4856637036365812,76.0,0.9496138020130646,6.858512916610962,1.0,0.4566905558209906,1.078244118344195,18.269871359165887,15.795903034248331,1.6867956800420358,1.1699927576978624,1.082842712474619,2.5420753782871985,2.9658923278660363,-13.66904534859491,31.189444430272836,0.8081543915981003,475.9952651131374,378.243451536643,0.0,77.6,23,0.1519829216225339,0.0233263846832219,0.14584712359322527,0.04789232284557876,0.13730446753084324,-0.08866078544612388,0.009099776505619994,0.07956100894050389,-0.1463819491492646,-0.00832459538351582,0.11917294583134574,0.1641280549747648,-0.01502817518291244,-0.08876573390441167,0.1174166940388972,-0.07456510253220339,0.06094231758063029,-0.16412805497476346,-0.021912914193752187,489.0,476.0,475.1384561040012,474.0911330220514,472.1845669973764,470.0,467.0,464.52696602571194,462.0,459.0,456.8693650540474,489.0,454.78823591761693,452.0,488.0,486.0,484.08969701665126,482.7156746614074,480.6345455249769,479.0,477.0,324.0,380.2752460125114,386.86154389599875,393.6354679117943,399.8154330026236,405.85371677418743,411.55423713685786,417.4730339742881,423.36949142457195,429.0700117872424,435.1306349459526,330.1147339250436,441.21176408238307,447.0,336.64368141246024,342.75841533750383,348.91030298334874,355.2843253385926,361.3654544750231,367.6315646000512,373.7462985250948,138.86322099579525
1,24,3,50.78666666666667,388.16923076923075,43.333333333333336,108.66666666666667,49.333333333333336,398.6666666666667,38.333333333333336,390.0,43.42858701582106,394.1697373548438,1.447628605184082,49.333333333333336,0.9438474605252747,7.0816347372831885,1.0,0.492003367003367,0.8322241624610545,13.928582008887096,12.485981315149063,2.1595695548730247,1.2510011311304081,1.1380711874576983,3.2376400269950243,3.783138590671235,-6.577568725735617,27.832491561019438,0.8931871374219383,43.42858701582106,394.1697373548438,0.0,81.33333333333333,24,-0.13204293506578013,0.13178861551244703,-0.046659560786148635,0.20956715043895136,1.7763568394002505e-15,0.19124220960983918,0.17658030047732431,0.0,0.17658030047732431,0.414143188339017,0.19467467458110876,0.16219235196122916,0.0,0.03890835579156304,0.1856102909704629,-0.12287944814503104,0.1228794481450386,-7.549516567451064e-15,0.12287944814503637,89.0,58.47746032555839,53.92893218813453,49.08751083189723,44.348023074035524,39.15807358037438,33.9681240867132,28.363961030678936,23.174011537017762,17.15563491861043,11.551471862576165,86.1585786437627,6.841421356237319,3.0,84.0,81.0,78.0,74.79289321881348,70.53725830020306,66.98873016277922,62.7330952441688,349.0,390.52253967444165,394.0710678118655,396.91248916810275,400.0,402.0,404.0,405.0,405.0,405.0,404.0,353.84142135623733,400.84142135623733,397.0,358.96568542494924,363.7414213562373,368.5171572875254,373.2071067811865,377.46274169979694,382.0112698372208,386.2669047558312,120.36753236814704
1,25,3,550.6779816513762,394.648623853211,51.333333333333336,89.33333333333333,554.3333333333334,395.3333333333333,539.0,390.3333333333333,546.7674362674363,392.1738816738816,1.7119480663647841,65.66666666666667,0.9582716235126245,6.907515120368722,1.0,0.5868347338935574,0.9660431303958074,18.314921750718092,15.132323385299875,1.804737854124365,1.1806973168023058,1.0,2.7808688094430303,3.16570835463753,35.93774197161478,32.49712600954948,0.8610358325805482,546.7674362674363,392.1738816738816,0.0,81.33333333333333,25,0.0,0.0792189905698173,-0.03896014487015087,0.17337160613393188,-0.021606818624300583,0.0429746315600128,0.1356459684638578,-0.07396390412022935,0.14861556674050824,-0.0746516626202931,-0.11727678899710359,0.10577910773024701,0.11279192704302066,0.17446633413411927,0.07670967538179152,0.0,0.16388633159863897,0.15176478750963085,-0.04025884569966687,609.0,556.7811183182043,550.7573593128807,544.5325901807805,538.4083261120686,532.6982756057297,526.1597979746447,519.7322330470336,513.6443650813897,507.3727922061357,501.4686291501015,604.0837049096098,495.38076118445747,489.0,599.1674098192195,593.9582215100158,588.4561399819987,582.5208152801713,576.3965512114594,570.2722871427475,563.7338095116625,375.0,400.0,400.2426406871193,400.0,400.0,399.0,398.0,396.7322330470336,394.64436508138954,393.0,390.4686291501015,379.91629509039024,388.38076118445747,387.0,384.83259018078047,389.04177848998415,392.5438600180013,395.0,397.0,399.0,400.0,139.05382386916236
1,26,3,272.02682403433477,470.1405579399142,40.0,76.0,281.6666666666667,465.6666666666667,274.3333333333333,455.3333333333333,277.4513888888889,459.8055555555556,1.32739547734283,43.666666666666664,0.9370737585242889,7.054395590811602,1.0,0.5209076637648066,0.761802103068681,12.211146710603947,10.962345208409983,2.159569554873025,1.3103691270307076,1.0690355937288492,3.668193572956333,4.2116139188069655,-33.19033310072633,25.67073110293992,0.9315164220824599,277.4513888888889,459.8055555555556,0.0,98.66666666666667,26,-0.10293742957826035,-0.049577209622559515,-1.2656542480726785e-14,1.2656542480726785e-14,-0.05266392940296649,-0.021124111237470933,0.1822463528883238,-0.18224635288832713,-3.1086244689504383e-15,-0.14719156100682995,0.4725801866386321,-0.023695701392143942,-0.10395793297742761,-0.1233567767197421,-0.08866749255743489,0.049722783827260475,-0.14539822386877876,0.11184649742412978,-0.006170163474236823,305.0,274.0,271.3252428198037,268.92200785970465,266.51877289960566,264.1155379395066,262.0,260.0,257.0,255.0,253.0,300.1825514775279,251.81744852247212,248.0,296.0,291.54765443258367,287.7302059101115,284.619864168826,282.0,279.1062874674414,276.86843331407704,420.0,464.3839904061473,469.67475718019637,475.07799214029535,480.4812271003944,485.8844620604934,491.40686502837616,496.97712537777113,502.13317216479305,507.7034325141881,513.2736928635832,423.8174485224721,519.1825514775279,524.0,427.89788001167074,432.45234556741633,437.2697940898884,442.380135831174,447.69364003501215,452.8937125325586,458.79602504332667,127.97374948282388
1,27,3,202.95652173913044,469.7474120082816,47.666666666666664,87.33333333333333,205.66666666666666,499.3333333333333,201.33333333333334,483.6666666666667,203.09121989121988,491.4765086765087,1.4553191706813424,65.0,0.9828953844636105,6.77263029208751,1.0,0.5537698412698413,1.0441092292585015,18.420533428313792,15.01431649876911,1.804737854124365,1.1649847078845774,1.0,2.525284342689996,2.969934914169132,-8.234896243276593,28.990187582825712,0.7727920227920227,203.09121989121988,491.4765086765087,0.0,105.0,27,0.0737729057849219,0.19918131659107874,-0.10852142939033671,-0.0640229504614982,0.13522363755462985,0.0,0.1750539809657745,0.0,-3.1086244689504383e-15,0.17850776571334048,-0.17850776571334048,0.14145357050275553,0.08025748039900793,0.096827926833706,-0.07192686887065736,0.06989544260371483,0.024029504168534555,-0.04833347341590888,0.18616454354124778,193.0,208.0,208.0,206.7659436890427,206.17399179998372,206.0,205.0,204.0,202.0,200.0,198.0,196.20907848730224,195.0,193.0,199.0,201.0,202.58823795379465,203.59438258315586,205.0,206.0,206.85765701438368,411.0,463.92280537632223,470.4611276957848,476.57461942053015,483.0860902001791,489.61652007461214,495.74062883170166,501.8647375887912,507.5746327835075,513.2845279782239,518.9944231729403,416.20907848730224,524.2901048052836,530.0,421.5913632646866,427.301258459403,433.35295181517847,439.59438258315583,445.55047910505374,451.67458786214326,457.8576570143837,130.76644638925154
1,28,2,229.63434343434344,506.9161616161616,58.0,244.5,222.5,499.5,209.0,484.5,215.3762088974855,490.9260154738878,2.0736490055207737,80.0,0.9752069888645406,8.116304674057744,1.0,0.46906318082788667,0.7338555668130604,22.864444185668695,19.536023588872343,2.118033988749895,1.2125740553838222,1.0,3.0765643179603335,3.548813514365615,-30.194640141769476,38.867009357883866,0.7738231917336396,215.3762088974855,490.9260154738878,0.0,106.0,28,-0.0936896305060493,0.11559999505364882,0.2304374677230625,-0.09847373011502736,0.04011705787325037,-0.003408990243141119,0.15944000224860955,-0.09001144916901249,0.0,0.1679516898156097,-0.1679516898156097,0.1939979819689514,-0.10030835146290212,0.18797212801266183,-0.07913891388414497,0.3824527197946206,0.07020163738013407,0.33222118913470344,1.3322676295501878e-15,178.0,229.46589074896053,233.56417831460215,236.95535909905726,239.0,241.61640032440783,244.0,246.5293774519631,248.0,250.0,252.0,184.79585385783543,253.0,255.0,190.5397208817909,195.90228019926772,201.04127980761078,207.6981343527727,214.41344306598876,219.97642239886375,225.36760318331886,480.0,493.46589074896053,498.56417831460215,503.95535909905726,509.9042949655395,515.6164003244078,521.4249348693448,527.5293774519631,533.7160795052699,539.6835062383592,545.6509329714485,480.0,552.0325732669107,558.0,479.4602791182091,480.0,480.0,481.2662520783939,482.0,484.97642239886375,488.36760318331886,135.91707715670861
1,29,3,260.40314136125653,452.3476439790576,40.0,85.0,262.6666666666667,455.0,249.66666666666666,448.6666666666667,255.32543382543383,451.0611564361564,1.3467524902935182,46.666666666666664,0.9613736211547877,6.873603183262401,1.0,0.46878306878306875,0.7863238643444138,13.580318122913924,13.135936146926541,2.2761423749153966,1.2415939043909259,1.0,3.318840063795673,3.6538217598597185,66.3262758131918,25.70423279073603,0.8377709506741765,255.32543382543383,451.0611564361564,0.0,96.33333333333333,29,0.4541074258769026,0.0897058251858287,0.14099979177622723,-0.16113391208913402,-0.06987002458138092,0.023725114380776124,-0.10619051162293933,0.17246954213645396,-0.1724695421364554,2.858824288409778e-15,-0.31904123390555184,0.0,0.10318918993228399,-0.0869119099575163,-0.2645268188049959,-0.2058578870466749,0.12209404335995429,-0.1436507540570407,0.16240346641769127,205.0,254.51368511166322,260.52776509903015,266.32906974635705,271.7992953990535,278.07826273871154,284.37852689352525,290.3366225138733,296.55214072357325,302.3534453709001,308.5689635806001,210.56660794992112,314.7844817903,321.0,215.8403226810288,221.11403741213647,226.13415077744202,231.36857365553834,237.22807482427294,242.7946827741941,248.09672867963022,432.0,450.5136851116632,452.0,454.0,456.7992953990535,458.82347882161343,460.37852689352525,462.0,463.0,465.0,466.0,432.56660794992115,467.0,466.0,435.8403226810288,439.11403741213644,443.0,446.36857365553834,448.22807482427294,448.7946827741941,450.0,132.5946354414612
1,30,4,65.17263157894737,447.64105263157893,45.0,143.5,74.75,448.5,64.0,437.75,68.60695603437539,442.35130556145737,1.6199630358935337,58.0,0.9737840227744632,6.998517739568148,1.0,0.47777777777777775,0.7447105745187932,16.707441269375234,14.175364746033688,1.9142135623730951,1.1792072183162103,1.1035533905932737,3.09395553685765,3.3639716351978155,-47.28674884194261,29.779698756654494,0.8138297251684747,68.60695603437539,442.35130556145737,0.0,93.25,30,0.27298931765494316,-0.06665753000409147,-0.12067291100758126,-3.1086244689504383e-15,-0.08964051051044919,-0.3001410827110951,0.0,0.007869159896167544,0.15915059489075278,-0.16701975478692033,1.5543122344752192e-15,-0.2562163907832886,-0.04309983001050677,-0.18552080463354947,-0.0026359001469180576,-0.18759827820738062,-0.12413924135146459,-0.168169350340726,0.012533494750928575,114.0,65.41289721861676,61.01470590436232,57.1040470047224,53.900494886269044,50.69694276781567,48.0,47.0,46.0,44.953802105867695,43.0,107.91776822510629,42.0,41.0,101.83553645021257,97.2177707693861,91.13553899449239,85.48960135530194,79.84975510114532,74.64620298269195,69.75152982143658,419.0,437.16049062905614,441.98529409563764,446.89595299527764,452.09950511373097,457.30305723218436,462.71645381449684,468.8327471058096,474.9490403971223,481.0461978941323,486.7674134173746,419.91776822510633,492.8837067086873,499.0,419.16446354978746,419.7822292306139,420.8644610055076,423.0,425.1502448988547,428.35379701730807,432.27952895088384,130.61013707371603
1,31,2,43.995810055865924,426.70949720670393,65.5,183.0,62.5,435.5,44.5,427.0,53.478828828828824,430.74481981981984,2.056536686151828,82.5,0.9453503624250292,8.467238625245503,1.0,0.445959595959596,0.6580139630347841,21.20190889365201,18.3837885694054,2.414213562373095,1.281604174299479,1.0,3.627807924490961,3.9769545040891394,60.556433582816084,40.86700935788387,0.8616071428571428,53.478828828828824,430.74481981981984,0.0,89.0,31,0.287944494716909,-0.04890137687446805,0.09743626207643968,-0.04853488520198279,0.2630292769819328,-0.17424434411885603,0.07106036818557948,0.1557384798683048,-8.215650382226158e-15,8.215650382226158e-15,0.0,0.013802225867317164,-0.002051326281684085,-0.08117082075975132,0.0,0.08630057091119778,0.062321552724258655,-0.1300300360227003,0.2326977213249536,3.0,43.08019693712193,47.14302786060644,51.29112828439505,55.26868970757545,59.33152063105995,62.969672284394164,67.13952032631192,71.09182205656958,74.56886654242719,78.04591102828479,7.917283468874397,81.5229555141424,85.0,12.29723472222281,16.652958864520762,21.012279626005206,25.51534953250651,30.01841943900781,34.36874865252602,38.61034568963732,413.0,423.0801969371219,425.1430278606065,427.0,429.26868970757545,431.33152063105996,434.60604517774635,437.212200203945,440.0918220565696,443.5688665424272,447.04591102828476,413.0,450.5229555141424,454.0,414.2972347222228,415.65295886452077,417.0,418.0,419.0,420.36874865252605,422.0,98.34566937748795
1,32,3,535.525185796862,455.97687861271675,42.666666666666664,81.0,528.3333333333334,458.6666666666667,513.3333333333334,454.0,519.6800595238095,456.0746825396825,1.4373101116830913,56.0,0.9682350092898719,6.5610397597604075,1.0,0.49259259259259264,1.5413636693311235,16.018804138657558,14.332684086649769,2.0,1.197623607989723,1.0,2.8005437970505134,3.1188369892605157,16.397007667074504,27.72588984322123,0.7771062271062271,519.6800595238095,456.0746825396825,0.0,98.0,32,0.012133550945567895,0.04022642493459494,-0.31548330899609656,-0.09067835904437457,0.17092576967396428,0.057381031401161096,-0.1266915856746964,0.2521688099117704,0.012151217793674729,4.274358644806853e-15,-4.274358644806853e-15,-0.24874964954278417,0.10993232673047765,-0.4548552718656767,-0.012968266632455622,0.046619042730542515,0.08078838210183462,0.14568621774318546,-0.2730936425755615,470.0,528.6510039938723,535.871009795508,541.4341613476515,548.6541671492872,555.6181336215275,562.2657516278125,569.8999709918213,577.0848364042384,584.3399825950928,591.5599883967286,475.5631515521434,598.7799941983642,606.0,481.0893097815261,487.6181336215275,493.8154042459676,501.0136214744486,508.23362727608435,515.3207670254264,522.1834414008499,434.0,460.0,461.0,462.0,461.0,459.3818663784725,459.0,459.0,458.08483640423856,459.0,460.0,439.0,461.0,462.0,444.0893097815261,447.6181336215274,451.9077021229838,453.0,454.0,455.3207670254264,457.18344140085,152.68438728017674
1,33,3,645.1660447761194,487.7070895522388,48.0,105.0,643.6666666666666,503.0,634.3333333333334,492.0,638.7464093720652,497.22737135269927,1.4728664227572572,55.333333333333336,0.9585395825381458,7.634853349746251,1.0,0.45881734006734004,0.6841736153647565,14.416348347135049,12.875331232499233,2.1595695548730247,1.3191665200623948,1.1380711874576983,3.557675840887656,4.10928737802035,-42.50987832659981,29.36108704022841,0.8554368417064483,638.7464093720652,497.22737135269927,0.0,107.33333333333333,33,5.773159728050814e-15,1.0658141036401503e-14,-3.064215547965432e-14,0.2277476657767279,0.11012921929862118,0.0,0.11761844647805697,-0.11761844647805697,0.2961195182720071,0.29909472607278875,0.15487640687333748,0.11012921929864472,-0.2277476657767079,0.0999587133317017,-0.08147889264948427,-0.14086784112489426,0.23147247582700814,-0.22226233317296673,0.11317787778863542,684.0,651.3397709267878,648.0251262658471,644.7104816049064,641.3958369439658,636.666978720652,631.6452272785248,626.6234758363976,621.3088311754568,616.2870797333296,610.5468037431535,679.9782485578728,604.4862175361945,598.0,675.9564971157456,671.2276388924317,667.9129942314911,664.0,660.5765981284233,657.969060248669,654.0,438.0,484.66022907321224,489.9748737341529,495.2895183950936,500.6041630560343,505.33302127934803,509.35477272147523,513.3765241636024,516.6911688245432,520.7129202666704,523.0,443.02175144212725,523.4862175361945,523.0,448.04350288425445,452.7723611075682,458.08700576850885,463.1538059222874,468.42340187157674,474.0309397513309,479.07451660040607,133.75230867899722
1,34,4,409.75801749271136,512.6608357628766,72.0,239.25,423.25,513.0,405.5,505.5,414.17497963883505,509.16466916617514,1.6026548088129713,104.25,0.9851452194386885,7.355819408224732,1.0,0.3897569444444444,2.6230626636583585,21.02670203366565,17.812168970865883,1.8584946000525446,1.200091349318959,1.1035533905932737,2.94877977659008,3.1878395671830604,-66.24681918396061,36.09035892843431,0.7385392074890157,414.17497963883505,509.16466916617514,0.0,111.0,34,-0.09056796061547612,0.1260243395718974,-0.09413528075480038,0.24873330620742395,0.02486115138570355,0.05742229123455855,-0.035549110375209025,0.1006756998020979,-0.11960569685742461,0.2323954245887192,0.04851500417159382,-0.010507231339911272,0.11235670386918128,-0.11235670386917418,0.11235670386916707,0.12009183540048651,-0.04423374205359032,0.08910875335437396,0.08004221575534531,460.0,416.03187591328685,410.5147186257615,404.7046681194226,399.48040405071066,394.25613998199873,388.2166522241371,382.636038969321,376.339696961967,369.7798989873223,364.62010101267765,455.0970562748477,359.14558441227155,353.0,450.4301515190165,446.2058874503046,441.2745166004061,436.63603896932113,431.70466811942265,426.48040405071066,421.3622366364086,481.0,515.9681240867131,518.4852813742386,520.2953318805774,522.4804040507107,523.2561399819988,524.0,524.3639610306789,525.0,525.0,525.6201010126777,485.0,525.0,524.0,489.56984848098347,493.79411254969546,497.7254833995939,502.3639610306789,506.2953318805774,509.51959594928934,513.0,131.19595949289322
1,35,3,205.74001857010214,608.2237697307335,70.0,134.0,213.0,595.3333333333334,207.0,577.3333333333334,209.62408114761058,585.6344368050251,1.830365613425651,91.33333333333333,0.9728242222851966,8.059906611789584,1.0,0.5447368421052632,1.0564752014394212,21.317474181275266,17.70710627349907,2.0,1.2473487961146954,1.1380711874576983,3.1893254009706653,3.473008416612396,-17.099296288582153,39.130290988420036,0.806547619047619,209.62408114761058,585.6344368050251,0.0,117.0,35,-0.0063409648620127435,-0.02773659136531692,-0.09690577913471365,-0.031566843776376086,0.15620921427640955,0.0,0.0,0.16289119123017026,-0.15726370070910445,-0.005627490521065814,0.0,-0.3135665587490353,-0.01397260688203028,-0.0704531807184372,-0.164891819048822,-0.06589771387021992,-0.03908873014723402,-0.22003065849558534,0.15620921427640666,230.0,205.0,204.0,203.18990494482392,203.0,203.0,202.0,201.0,200.0,198.03432942466316,197.0,224.9244274733039,196.0,195.0,219.88143206513385,216.3227921767081,212.95432643119855,210.0,208.0,206.38446310060263,205.0,552.0,601.5695333899002,607.919049769216,614.1899049448239,620.2038689654743,626.9675989071632,633.3171152864788,639.6666316657945,646.0161480451102,651.9656705753367,658.3009672413687,556.0755725266961,664.6504836206843,671.0,560.1778519022992,565.6772078232918,571.0456735688015,576.5856814350105,582.5209842519532,588.6155368993974,594.8058034482115,135.2745988337761
1,36,4,418.5871921182266,600.1586206896552,49.25,203.25,422.5,609.5,410.5,598.75,415.4515064437478,603.4169801462904,1.6347505827940534,67.0,0.9731554225263853,6.7557287523350364,1.0,0.36682194616977226,0.8984845076981028,17.380534791212707,14.732950867712262,1.7071067811865475,1.1689440461099747,1.1035533905932737,2.81706116750747,3.104514688596193,-47.76456161736486,31.031222920256962,0.7407649253731343,415.4515064437478,603.4169801462904,0.0,120.75,36,0.32785719304233085,-0.009758151471761511,1.4654943925052066e-14,-0.23543509067975954,-0.10342868142800965,0.08180015775517058,-0.10442022751217062,8.43769498715119e-15,-0.12324216416965705,0.11566671160961994,0.007575452560038887,0.1054406721876977,0.18301531679641325,-0.18301531679641325,0.0,-0.03644542282432006,-0.15308614588083858,-0.13575346911046804,0.019462869397222526,468.0,421.07954185357556,416.3284271247462,411.600609665441,406.87279220613584,403.1449747468306,400.0,396.3964466094067,393.3757359312881,390.3550252531694,388.0,463.56507575950826,385.02071067811863,382.0,458.3556349186104,452.912132034356,447.05441558772844,441.610912703474,436.1674098192196,430.8047727214753,425.7840620433566,570.0,593.0,596.6715728752538,600.399390334559,604.1272077938642,608.8550252531694,613.824264068712,618.6035533905932,623.6242640687119,628.6449747468306,633.9414213562372,574.4349242404917,638.9792893218814,644.0,577.0,579.0,580.0,582.0,584.0,586.1952272785247,589.2159379566434,125.4386001800125
1,37,2,66.80745967741936,619.3377016129032,173.0,1174.0,92.5,637.0,51.0,610.5,73.41000513522766,623.9477490585416,4.759391767486164,310.5,0.9935467211806632,14.403218726452213,1.0,0.15427040145616341,0.2261816917050565,54.88741043326282,48.1515845494778,2.8284271247461903,1.3629379721553714,1.2071067811865475,6.647949865676447,5.972646674009965,58.231977357914694,101.11879502661797,0.5763057324840763,73.41000513522766,623.9477490585416,0.0,122.5,37,-0.10701663699222519,0.11622355655412897,-1.4432899320127035e-14,1.4432899320127035e-14,0.11495557688042046,1.4099832412739488e-14,0.1149555768804299,-0.11495557688043623,0.0,0.11495557688043623,-0.11495557688044244,-0.254162582241686,-0.20947109763273836,0.013973426050326865,-0.17860087527673874,1.942890293094024e-16,0.29200287645628975,-0.044398359587489,0.14153853890926432,18.0,65.0536579926459,70.16116523516814,74.99149532105805,79.82182540694797,84.65215549283788,89.18959235991434,93.7270292269908,97.55735931288072,102.09479617995711,106.63223304703362,21.830330085889905,110.46256313292355,115.0,25.93431457505075,31.076776695296623,36.69705627484768,42.28553390593271,48.28822509939083,54.29091629284894,59.62182540694795,590.0,613.0,616.1611652351681,619.9914953210581,623.8218254069479,627.6521554928379,632.1895923599143,636.7270292269908,641.5573593128807,646.0947961799571,650.6322330470337,594.83033008589,655.4625631329236,660.0,599.0,602.0767766952966,604.0,606.0,607.0,608.0,610.6218254069479,128.33809511662417
1,38,4,120.50759878419453,689.049645390071,36.75,78.5,122.5,691.5,116.0,681.75,118.6558138238573,686.1951727982164,1.192700367764495,40.5,0.9184682734117621,6.390486996410162,1.0,0.5946895424836601,0.9596330566760076,11.15684822316141,10.202077249960466,1.9732305567480426,1.256149425375337,1.1035533905932737,3.2439855012284644,3.713501770817892,34.44397530217802,23.072591975467944,0.9029582564733211,118.6558138238573,686.1951727982164,0.0,135.5,38,0.16789883287752516,9.769962616701378e-15,-0.12094464116349946,-0.113124483643539,-0.11312448364360517,1.4210854715202004e-14,0.0,-0.2384264207024454,-0.09575841650577838,1.5543122344752192e-15,0.0,0.33816631068998904,0.4561568877438743,0.10806669808315839,-0.1756700876909545,-0.1449387392209731,0.06089350772075752,-0.003407483587762883,-0.12578748095677206,85.0,111.86674018249681,115.06067289317892,118.25460560386102,122.1556450957297,126.7637913687849,131.66483086065355,136.5658703525222,141.46690984439087,146.93457250397748,152.623048335985,90.6884758320075,158.3115241679925,164.0,95.2435245710481,99.57311923667903,101.0,102.0,104.0,106.90928243427541,109.37991425300125,641.0,683.8667401824968,689.0606728931789,694.2546056038611,699.1556450957296,703.763791368785,707.6648308606535,711.5658703525222,715.4669098443909,718.0,720.0,643.0,722.0,724.0,645.5239651424291,650.3947591412639,655.540735873984,661.6434252683646,667.3319011003721,672.8790432457005,678.3799142530013,130.33805913507385
1,39,4,69.64053751399776,708.929451287794,51.25,139.25,70.75,716.5,56.75,708.25,63.41131646265252,711.9820344757153,1.821915426646584,63.25,0.9445134859500754,7.356089327584142,1.0,0.4631673881673881,0.6654669721843192,17.231011588818372,15.166829593802287,2.103553390593274,1.228379187916399,1.1035533905932737,3.1798107127098834,3.6101079759006462,-20.143693600334814,33.37436867076458,0.8402304042009924,63.41131646265252,711.9820344757153,0.0,142.25,39,-0.5710379572419624,0.06423996130085641,0.11750417273385061,-0.024066754172378246,0.04809128649150907,-0.1424272690422641,0.28096441895731816,0.1936346495212442,-0.19363464952124465,0.3465110868225372,0.28185755361379305,-0.012579530806578587,0.19319572122323225,0.008463417782557103,0.20887740654769704,0.26900897113226563,-0.09592802863721106,0.27946039064752126,-0.03200269304020198,103.0,77.6378572567864,73.2166217802432,68.66849220273892,63.89091645690174,59.160287970756514,54.33576496522737,49.78939876443205,44.68974059889672,39.17586887098831,34.07621070545299,99.10110391060317,28.664978941022923,24.0,98.0,96.9601659813019,95.0,93.0,90.0,86.02143587320697,82.12253978381014,673.0,710.3621427432136,713.0,715.3315077972611,717.1090835430982,719.0,720.6642350347727,723.0,724.0,724.0,725.0,676.8988960893969,724.1662447352558,722.0,681.9566756439513,687.039834018698,691.7417784126488,696.4272230158111,700.6984540566002,703.978564126793,707.8774602161899,110.2774345581683
1,40,3,663.8510638297872,613.1276595744681,47.666666666666664,128.33333333333334,671.0,620.6666666666666,661.3333333333334,609.0,665.7894607843137,614.0745098039215,1.3498183469429275,58.666666666666664,0.9649344656373047,7.263010106157487,1.0,0.37881446039340777,0.9062867827933179,15.365777632780896,13.872648702179958,2.159569554873025,1.2599016934022211,1.1380711874576983,3.6348823942863846,3.823614568603913,41.971495431420614,28.084944665313014,0.8000325945241199,665.7894607843137,614.0745098039215,0.0,122.33333333333333,40,-0.3076378134210169,0.2533035620094548,0.2194016857664951,-0.08118966262101324,0.1654530950941302,-0.2554953736485671,0.35660745522394277,-0.12354551888843601,0.05971051756294754,0.06383500132548847,-0.18537551404849262,0.11433749545450433,-0.09419538646477438,0.07450577699496358,-0.037085728906399495,0.08476009485629621,0.18800788900044907,0.0,-0.3014733066005181,632.0,662.1085786437626,665.7071067811866,668.8914213562373,671.2828427124746,674.0,676.0656854249492,679.1642135623731,680.848528137424,683.0,684.9242640687119,635.1393398282203,686.6085786437627,689.0,638.7828427124746,642.2464466094067,645.8585786437627,649.3535533905932,652.9071067811865,656.325735931288,659.4242640687119,588.0,609.1085786437626,611.0,613.8914213562373,617.2828427124746,620.5393398282201,624.0656854249493,627.1642135623731,630.8485281374238,634.3393398282202,637.924264068712,591.0,641.6085786437627,645.0,592.7828427124746,595.0,596.8585786437627,599.0,601.0,603.325735931288,606.4242640687119,87.63961030678921
1,41,2,270.5766129032258,670.0907258064516,92.0,151.0,289.0,672.5,272.0,663.5,280.96962174940893,667.2859338061465,1.443660522484724,103.0,0.9153182780166309,10.822393308315444,1.0,0.6092105263157894,0.7036660443031022,17.58024006205429,16.881623059386683,3.605551275463989,1.7675662305703095,1.5606601717798214,6.335465380706891,7.00132403318983,74.70169463298147,40.798989873223334,0.8951101863236546,280.96962174940893,667.2859338061465,0.0,130.5,41,0.18345905765785703,0.05190860788664893,0.22597170293693308,0.1318759985791687,0.08912488346668479,0.08380317251343045,-0.08775158352810497,0.09159797343123999,-0.04548575509523067,0.12635770241056987,-0.12635770241056987,1.609823385706477e-15,-1.609823385706477e-15,1.609823385706477e-15,-8.049116928532385e-16,-0.027328962543836793,0.18488551554030747,-0.14610891690895036,0.15804080057336053,214.0,264.93467170879757,271.1923881554251,277.3182720163547,282.91471862576145,288.2182720163547,293.3237590053236,298.23959235991435,303.3539105243401,308.260912703474,313.2715728752538,219.42928932188136,317.9893398282202,323.0,225.27279220613576,231.11629509039022,236.95979797464463,242.8033008588991,248.64680374315353,253.66187950266178,259.06446609406726,673.0,664.0,664.0,664.3182720163547,665.9147186257613,668.2182720163547,671.0,674.2395923599142,677.0,680.260912703474,683.2715728752538,671.0,686.9893398282202,690.0,670.0,669.0,668.0,667.0,666.0,665.0,664.9355339059327,125.15432893255063
1,42,3,376.8099891422367,666.2964169381107,54.0,215.0,395.3333333333333,666.3333333333334,380.6666666666667,655.0,387.8313628899836,660.4930735930735,1.8726610127260066,78.66666666666667,0.9754420416940043,7.523669018709033,1.0,0.32816926379544975,0.7575571714201598,20.17009648227423,17.2020158965401,1.8240453183331933,1.1864902496814909,1.0,3.269153309478773,3.5705985896165378,-46.838270995185894,35.31574071712139,0.7850112091915372,387.8313628899836,660.4930735930735,0.0,129.33333333333334,42,0.1782273297378283,0.04405582734869551,0.1969549423351995,0.257027559996966,-0.04416130693601383,-2.220446049250313e-15,2.220446049250313e-15,0.13451625126705924,0.11294412899122186,0.3340088958185832,-0.17580643580499844,-0.004318542707272943,-0.1692005575038924,-0.004708229526662944,0.0,0.1782273297378283,-0.025432231778778736,0.08601710397734674,0.09777795978371984,415.0,382.78338217459816,378.17704617601566,373.4669989286896,368.31539913637107,362.5682184944281,356.56263414777766,350.5570498011273,344.55146545447684,338.4493248089592,333.07374255878926,412.0,327.7592506445685,322.0,408.0,404.0254251311372,401.0,398.0,395.0,391.0,387.1486805787389,628.0,670.216617825402,674.0,677.5330010713105,680.0,681.1028051203743,682.5327061552911,683.9626071902078,685.3925082251245,686.0,685.9262574412107,632.9308235198223,684.0,683.0,637.4474334772715,641.9745748688629,646.894866954543,651.8256904743653,656.7565139941876,661.2731239516368,665.8513194212611,123.46928413883138
1,43,2,339.4936416184971,693.6751445086705,27.0,34.0,343.0,720.0,339.5,710.0,340.65848527349226,714.2545582047685,1.2202975269919731,29.0,0.9315570103968082,5.847032847060113,1.0,0.7899305555555556,0.8449777539066061,10.491137354859047,9.058214414526368,2.0,1.2169819814890785,1.0,2.5,3.330298106196195,-6.702671488768672,20.34619407771256,0.9296969696969697,340.65848527349226,714.2545582047685,0.0,142.5,43,0.07296561977053306,-0.1464091278303179,0.1785376904445095,0.060848928493379306,0.0697557583043864,-0.1144343340340872,0.1603514366675327,-0.06956175916980611,-0.20918132646655208,-0.2548540846838683,-0.1933843964584765,0.14557897371751638,1.0880185641326534e-14,0.1949314830063984,-0.038657903552883344,-0.1368378561861936,0.48866202392633595,1.0658141036401503e-14,0.20516495054603778,324.0,345.8163656787397,345.0,345.0,344.0,342.6798863937797,341.0,339.9142045669855,338.0,336.44141595900476,336.0,328.2112680381433,337.0,339.0,332.0,335.0,338.0,340.0,342.19654041699425,345.116912128699,345.4666389037194,642.0,686.8782165385751,692.4142390051713,698.369871379502,703.9112901914593,709.3201136062203,714.5799142530012,720.0857954330145,725.2485383145431,730.5585840409952,736.3313759384581,646.2112680381433,741.8727947504156,747.0,650.5975562496765,655.3105479368877,660.023539624099,665.1507448736834,670.1965404169943,674.9875061878839,680.9328613632294,119.11264748661159
1,44,4,490.89797794117646,695.1966911764706,76.75,243.5,517.25,702.25,498.75,693.0,507.09495821900725,697.3297684376819,1.819250989546301,102.5,0.8797174750003596,8.331998505408118,1.0,0.5332493894993895,0.8501720743825077,21.814671664422352,19.259784852728917,2.1625703849682214,1.2725125304656817,1.25,3.383882500258775,3.8940794613689587,32.6739871283424,39.93655300614687,0.8718965517241379,507.09495821900725,697.3297684376819,0.0,137.75,44,0.0,-0.1664271963389956,-1.3322676295501878e-15,-0.15405847198951483,-0.15405847198951483,0.10581334205595952,-0.05553112188869202,0.07576337414936686,0.10812442506192022,-0.1552537005659746,0.07514215317693484,0.0,5.88418203051333e-15,-0.10736101589550706,3.219646771412954e-14,-3.7636560534792807e-14,-0.18873948525085188,0.015075125576767656,-0.18388711949934566,438.0,484.23538356070407,490.2607776575275,496.70038531672395,503.13999297592045,509.16538707274384,515.6049947319403,522.3244318720435,527.1708153348555,533.2669634600375,539.4996212298008,442.8463834628121,546.1461787784305,553.0,447.69276692562426,452.5391503884364,457.38553385124845,462.524810532874,467.66408721449955,472.8033638961252,478.6354233843428,663.0,701.0,703.0,704.0,705.0,705.0,704.0,703.6755681279566,703.1708153348555,703.0,703.5003787701992,667.8463834628121,703.0,703.0,672.6927669256243,677.5391503884364,682.3855338512485,686.524810532874,690.6640872144997,694.8033638961251,697.9088558460858,137.07642443139162
1,45,3,412.473481195757,711.1243972999035,80.0,163.66666666666666,423.6666666666667,714.6666666666666,396.3333333333333,709.0,409.9356703182055,711.3033437663016,2.69205248506352,114.33333333333333,0.9884983706940959,9.5634459011675,1.0,0.488702817650186,0.46095133368165647,32.6921424211123,26.707420068874068,2.1380711874576983,1.2307444992595904,1.0,3.4181868532670534,3.6896279329629884,81.13799518388818,51.256517540566826,0.7215924818288281,409.9356703182055,711.3033437663016,0.0,143.0,45,-0.3903112406679357,-0.11570107307859054,-0.008757985241808866,0.0,0.0,0.0,0.0,-0.16060593906755458,-1.4432899320127035e-15,-0.4104273184686247,-0.21436490586126755,-0.056663321806866285,0.09117166931286685,-0.12551738919300293,0.12551738919301986,-0.2483098818413359,0.12279249264833375,-0.2326983321657361,0.05307950944360758,355.0,405.7062445840514,410.9497474683058,416.6875108318972,422.44608947565996,429.0330952441688,435.6201010126777,442.2071067811866,448.79411254969546,454.96690475583125,461.139696961967,359.65771644662755,466.34228355337245,471.0,365.2745166004061,371.02340187157677,376.55979797464465,382.389087296526,387.9254833995939,394.0476659402887,399.87695526217004,695.0,714.2937554159487,714.9497474683058,715.0,715.0,715.0,715.0,715.0,715.0,714.0,713.0,699.6577164466275,709.6577164466275,705.0,702.0,704.0234018715768,706.5597979746447,708.389087296526,710.925483399594,712.0476659402887,713.8769552621701,131.7401153701776
2,1,3,147.01351351351352,139.9756756756757,42.333333333333336,229.0,147.33333333333334,140.33333333333334,136.33333333333334,122.33333333333333,141.10955072719779,130.3410910910911,2.2247176976670677,58.666666666666664,0.8948943662510639,7.043128704721532,1.0,0.29932098765432097,0.6208659129422093,21.54566875752914,19.28543374347726,1.74535599249993,1.1434205467503737,1.0,2.833778843624501,3.164644969942892,35.27521323156617,34.027753706895076,0.7543004149174748,141.10955072719779,130.3410910910911,0.0,8.666666666666666,1,-0.16019490632639488,0.04634691021277604,-0.011886343494975637,2.4424906541753444e-15,0.09851751846406187,0.13146837393901945,-0.06538597085613795,-7.771561172376096e-15,7.771561172376096e-15,-0.031730873653501135,-0.10115314134285058,-0.038278489695969364,-0.022585165760598547,-0.010799837878492702,-0.06394403189177111,0.13560752522682928,2.9976021664879227e-15,-1.2212453270876722e-15,0.12573433960859404,119.0,145.4882518565287,147.8423961528398,150.01336101843995,152.14994764829322,154.28653427814646,156.0,157.1454939754799,158.57497382414658,160.00445367281333,161.43393352148001,121.13658662985326,163.0,165.0,123.98028004089306,127.0,130.18564188980912,133.45364920560527,136.95717162340927,139.8008650344491,142.64455844548888,98.0,132.4882518565287,136.68479230567957,141.01336101843995,145.14994764829322,149.28653427814646,153.59838332661684,158.1454939754799,162.57497382414658,167.00445367281333,171.43393352148001,102.13658662985326,175.80683733562267,180.0,105.98028004089306,109.75106086838574,113.54991553811065,117.36259073987281,120.95717162340928,124.80086503444909,128.64455844548888,100.43179578247002
2,2,2,130.1483870967742,112.63225806451612,89.5,554.0,137.0,129.5,112.5,107.0,124.65091807909604,118.0375,3.194551555393041,120.5,0.99559316418975,10.514009653030643,1.0,0.15801820728291316,0.32215175065363855,36.427026484350264,30.876986785104258,1.8251407699364424,1.2117147518921338,1.2071067811865475,3.264423532214815,3.4310948971374264,-48.733595160042114,59.701533137039945,0.7273841354723707,124.65091807909604,118.0375,0.0,7.5,2,0.0,1.7763568394002505e-15,0.13968907942624176,-0.1125096029761794,0.08321923666433007,0.08262707438070338,0.17361155495595737,-0.20559210830065444,-0.021356154724161414,0.01351123013444866,0.43118881415962784,0.07446329282918374,0.152484970195625,3.1086244689504383e-15,0.2793781588524866,-0.1396890794262471,7.549516567451064e-15,-5.773159728050814e-15,1.7763568394002505e-15,163.0,135.20251262658473,131.43933982822023,127.67616702985566,123.62010101267768,119.79766594028871,115.80086219713516,111.63908729652601,107.14558441227157,103.0468777079743,98.99081169079632,161.0,94.90771644662753,90.0,159.0,156.66022907321224,153.60416305603428,150.5480970388563,146.49203102167832,142.7288582233138,138.96568542494924,75.0,110.79748737341528,114.56066017177979,118.32383297014434,121.37989898732232,125.0,128.19913780286484,131.0,133.0,135.95312229202568,139.0091883092037,79.49350288425444,142.0,143.0,83.98700576850888,88.33977092678775,92.39583694396572,96.4519029611437,99.50796897832168,103.27114177668622,107.03431457505076,106.43860018001251
2,3,2,96.26781609195402,119.43448275862069,64.5,259.5,104.0,127.0,94.5,107.5,98.58981092436974,116.23529411764706,2.47606534810753,82.0,0.9404589298954468,8.297034567282486,1.0,0.4672979797979798,0.6952771864779447,22.727940089592654,20.37972514399563,2.0,1.2225862499873195,1.0,3.255526121289234,3.568656208108929,-25.11211757394245,44.71320343559643,0.8557838660578386,98.58981092436974,116.23529411764706,0.0,7.5,3,-0.0769263306710104,0.0,0.011504666788053175,0.10059217519779606,-0.23872642724262305,-0.1575607816314195,0.4376247625799592,-0.0076018518489067155,0.20535974518019096,-0.10995376727280215,-0.1291416797643956,-0.05370453783396023,-0.11346636545704136,0.06810777743463037,-0.022525433277766682,0.04146504276531071,-0.14583375241149898,3.840854696068874e-06,0.19078291661078817,120.0,100.4350354829918,97.97487373415294,95.51471198531408,93.0,90.0,88.13422673879751,86.97616313124851,83.66907412010163,80.50180559007622,76.47310684744028,117.0,73.0,70.0,114.37256972113575,112.0,110.1593530046446,108.0,105.94613628815344,103.5952326262497,102.0,74.0,115.5649645170082,120.02512626584706,124.48528801468592,128.92285431574606,133.15940773946622,137.8657732612025,143.04767373750298,147.33092587989836,151.49819440992377,155.0,78.23655342372012,158.76344657627988,163.0,82.62743027886425,87.1238738335335,91.8406469953554,96.42540780571994,101.05386371184657,105.80953474750058,110.73399993374625,109.58388221678835
2,4,1,86.11666666666666,67.46538461538462,168.0,480.0,89.0,99.0,81.0,39.0,84.625,70.31547619047619,6.939854819435394,318.0,0.9953725616215031,14.625465582862905,1.0,0.35,0.14409523340451624,67.4547552618509,59.033888572581766,2.0,1.2442954200020393,1.0,6.521043336395422,6.4817890227683534,-3.518000459195607,121.04163056034261,0.5283018867924528,84.625,70.31547619047619,0.0,2.0,4,0.0,0.06635699563726916,-0.3292335847329946,0.1684634459510963,-0.4349819924478211,0.15864644390008964,-0.13741249523159538,-0.04253500935303922,-0.5918569693982835,-0.5285948043151967,0.10035164319557813,0.0,0.0,0.2107603071237878,-0.2107603071237878,0.0,0.2543881262203507,-0.043627819096563325,4.440892098500626e-16,88.0,85.0,84.0,82.70520382004284,82.89289321881344,82.36966991411009,83.84644660940673,84.61611652351681,86.0,87.56966991411008,91.46066017177982,88.0,96.32573593128807,101.0,88.0,88.0,88.0,87.0,87.0,87.0,86.0,22.0,64.06837661840734,68.74264068711926,73.29479617995716,76.89289321881344,81.36966991411009,85.84644660940673,90.61611652351681,95.13137084989846,99.56966991411008,102.46066017177982,26.26005050633883,103.0,104.0,30.52010101267766,35.60857864376268,40.6970562748477,45.37132034355962,50.459797974644644,55.548275605729664,59.39411254969541,101.76955262170041
2,5,1,608.4554579673777,51.77289836888331,189.0,2420.0,635.0,72.0,580.0,28.0,605.3862433862433,55.89417989417989,6.537855689148296,444.0,0.9956875859028457,15.512648837479231,1.0,0.07809917355371901,0.1529553492072066,74.29360617806346,69.02897942168927,2.23606797749979,1.2419366023307903,1.0,7.715558573298212,6.892201179295231,-52.9060568892888,124.61017305526642,0.42567567567567566,605.3862433862433,55.89417989417989,0.0,1.0,5,0.0,0.12988543498820748,0.0605140186097235,-0.15953356423627651,0.08618044090877364,0.07335312332749178,0.0,1.1102230246251565e-14,0.23524476897972857,0.0,0.2174360322234179,0.05595626623931382,0.12034524904431576,0.010848214790337707,0.1455676321203283,-0.15098448631545125,0.15098448631544903,-0.1412269505840782,0.28354485918045125,639.0,615.0,611.2573593128807,607.251828996323,603.1396969619669,599.3123845660501,595.3296464556281,591.2175144212722,587.1053823869163,582.9932503525603,578.4669047558313,637.0,573.9405591591022,569.0,635.0,632.762132034356,630.0,627.1893398282202,623.6958369439658,620.9094408408979,617.8301515190166,18.0,51.93812049733818,54.74264068711928,57.0,59.0,61.687615433949865,64.0,66.0,68.0,70.0,71.0,22.112132034355962,72.0,72.0,26.22426406871192,30.23786796564403,34.03431457505074,37.8106601717798,41.30416305603424,45.090559159102135,48.16984848098348,98.81118318204302
2,6,2,34.91728212703102,53.74446085672083,86.5,279.0,35.0,67.5,14.5,54.0,23.05689469431726,60.777134392674384,2.447790855513123,105.5,0.9822792909415998,10.484647666653906,1.0,0.34378306878306875,0.413968317575479,25.928434708171288,23.43216881245084,2.8284271247461903,1.4082480033601963,1.1035533905932737,4.943520301322492,4.771151027353627,-61.38695429102063,51.57716446627535,0.8219221676668486,23.05689469431726,60.777134392674384,0.0,3.5,6,0.21822259231296925,0.1260963127443091,-0.24577938184694803,0.11968306910263893,0.19750465203557077,-0.0314466665217501,-0.10783352341121244,0.3098980923062453,-0.05627403628178351,0.02824025118374074,0.0,-0.07128331835579971,0.035370511886127165,-0.1823097858432967,0.1823097858432967,-0.027208683846225323,-0.13042520405360314,0.15763388789982802,0.0,67.0,38.96949134723669,35.75735931288072,32.356854249492386,29.33309524416879,26.12096320981282,22.6159379566434,19.15685424949237,15.856854249492372,12.10086219713515,8.428427124746179,64.08076118445749,4.714213562373089,1.0,60.8142135623731,57.656497115745566,54.444365081389606,51.52512626584709,48.31299423149113,45.142640687119304,42.18162338159266,31.0,53.03050865276331,55.24264068711928,57.0,59.66690475583121,61.87903679018718,63.3840620433566,65.0,67.0,67.89913780286486,69.0,33.91923881554251,70.0,71.0,36.0,38.343502884254434,40.555634918610394,43.47487373415291,45.68700576850887,48.0,50.81837661840734,82.56854249492376
2,7,2,343.6452599388379,208.2217125382263,34.0,280.5,349.5,219.0,336.5,205.5,342.0349462365591,211.90860215053763,1.5109209592598765,44.5,0.8357879956637693,5.82440982117582,1.0,0.38949275362318836,1.1669765581121483,18.791157330760228,17.031864451589442,1.4142135623730951,1.0746029803198853,1.0,1.8592127078696552,2.401877590433523,-43.87964293828223,25.210155108391486,0.8734939759036144,342.0349462365591,211.90860215053763,0.0,13.5,7,-0.20914332893817145,4.440892098500626e-15,-4.440892098500626e-15,0.1612448914757798,0.02795989250861952,0.07704726516653215,0.07719846494360239,0.15384657141668479,0.28810107788622963,0.0,0.0,-0.24063571702526643,-0.1743742259582306,-0.1612448914757847,4.884981308350689e-15,0.0,0.0,-0.1612448914757887,0.1612448914757887,378.0,346.3699606325863,343.0889012654724,339.8078418983584,336.52678253124446,332.9528299453171,329.1412108007571,325.1124595991075,321.2247425318441,317.09192884302524,313.2802373118476,373.3598813440762,308.6401186559238,304.0,369.09473551526446,365.22788971052364,361.65393712459627,358.78709131985545,355.5060319527415,352.2249725856276,348.94391321851367,187.0,208.63003936741373,211.91109873452766,215.1921581016416,218.47321746875554,221.04717005468294,223.63359382813883,225.93573737193856,227.77525746815593,229.0,229.0,187.0,229.0,229.0,187.90526448473548,189.7721102894763,192.3460628754037,195.21290868014455,198.49396804725848,201.7750274143724,205.05608678148633,92.8023731184761
2,8,2,364.4607268464244,289.28018757327084,58.5,265.5,368.0,290.5,357.5,271.5,362.0960031347962,280.34737460815046,2.2086197184691927,79.5,0.9038247345298505,8.330821318274477,1.0,0.5029953917050691,0.6902157126189903,22.907131842111188,20.37606110671241,2.118033988749895,1.259241496336304,1.0,3.708389389468871,3.9935727544325155,24.567348852773325,40.24568901432423,0.811491935483871,362.0960031347962,280.34737460815046,0.0,22.0,8,0.3830981969528575,-0.12022773350938154,0.11039124181369608,0.11682105776645879,-0.1671811488236572,0.3461988946997787,-0.055084942673088166,-0.07499305206369322,2.220446049250313e-15,-0.12320493162671986,0.3934773719833955,0.10347868715339259,0.021854220772813626,4.6629367034256575e-15,-0.13727348738849088,0.05771798274722162,0.07955550464127392,-9.325873406851315e-15,0.060196582752883865,342.0,364.0,365.7244858325863,368.0,369.7695381597302,371.0,373.0,373.36224291629316,374.0,375.0,376.0,346.08318633535174,377.3310272270213,377.0,348.81734797553304,351.0,353.0,355.0,357.63438117829844,360.0,362.0,245.0,284.0785073217859,288.72448583258625,293.1422209338493,297.7695381597302,302.6201481082858,307.15200491431744,312.3622429162931,317.4583592135001,322.4044295819049,327.3504999503097,248.0831863353518,331.3310272270213,336.0,252.63469595106596,257.3015800479688,261.83343685400047,266.3652936600322,270.63438117829844,275.0147937097224,279.5466505157542,107.20567861555764
2,9,3,332.24413145539904,234.90727699530515,68.33333333333333,174.0,335.0,242.33333333333334,327.6666666666667,221.66666666666666,330.67495791245796,231.11597222222224,2.2391932053077217,88.0,0.987980059106547,8.617097323638982,1.0,0.3841269841269841,0.6139696749313497,23.13254893707604,20.428061140904916,1.8240453183331933,1.2428516267760479,1.0,3.3273298211836284,3.432077748285135,16.808726314593454,43.39458872802452,0.7581003594062938,330.67495791245796,231.11597222222224,0.0,15.666666666666666,9,8.881784197001252e-16,-0.03319744331462715,-0.1268725486217429,0.6596760334841557,-0.027123143910328773,-0.2536531263634807,-0.08078476559000403,0.29956564283360687,-0.28267743854287875,0.14016420621055015,0.025174450561674222,0.0,0.03821153178409453,0.0760443839643965,-0.3058017305712928,1.9984014443252818e-15,-0.10253839245353769,0.06422003842161228,-0.0904076978921986,317.0,330.0,332.66226106760314,335.497338809465,339.0135563912123,339.0,339.1476312964774,340.7985419240138,342.68345671795515,343.0,344.86537842220895,318.0,346.0,347.0,319.0,320.0,320.68345671795515,321.0,323.0,325.0,327.65042694125134,181.0,228.75560031545908,233.66226106760314,238.49733880946502,243.0542255648494,248.52798063780313,254.51670953767098,260.2948967340485,265.31654328204485,270.6286380707229,275.86537842220895,186.59519183055005,281.4048081694499,287.0,192.19038366110013,197.7855754916502,202.68345671795515,207.73331846563104,212.91429673380802,218.09527500198502,223.30085388250268,120.18810785846323
2,10,2,221.22484599589322,245.370636550308,72.0,318.0,225.5,258.5,214.5,234.5,220.83214387667715,247.83271481587212,2.6148674455685086,154.0,0.9746597101943852,9.138692196295796,1.0,0.307379679144385,0.47985657306738055,25.96313027501717,24.07783484732681,2.118033988749895,1.1904812758223506,1.0,5.9790890328469,6.163869539828501,-17.215855956245623,48.52386360737625,0.581453634085213,220.83214387667715,247.83271481587212,0.0,17.0,10,-0.1350717653000626,0.14012641380837998,-0.12918413326192346,0.07144989982979633,0.2706307743959129,0.3603416772368302,0.2651756742878706,0.24272927331246574,-2.6645352591003757e-15,1.199040866595169e-14,0.2651756742878604,0.1406709560480499,-0.14638786371380164,-0.0598056714395907,0.02987646897899876,-0.26256442990816065,-0.20745114143302223,0.05759247374770693,-0.2652954242891725,234.0,220.2539844891608,222.0,223.0,224.68873016277917,226.0,225.76898628384836,223.58363094478904,219.98406204335663,215.38449314192417,210.78492424049173,231.10753787975412,206.18535533905933,201.0,228.9221825406948,226.0,223.8443650813896,222.0,220.0,219.4096194077713,220.0,193.0,240.2539844891608,245.62132034355963,251.29766594028865,256.68873016277917,262.2361435713737,268.23101371615166,273.41636905521096,278.01593795664337,281.61550685807583,285.2150757595083,197.89246212024585,288.81464466094064,291.0,203.0778174593052,207.95796897832167,213.1556349186104,218.48223304703362,223.74436508138956,229.59038059222874,235.0970562748477,121.81118318204301
2,11,2,148.58492822966508,254.0275119617225,38.5,192.5,153.0,266.5,144.5,251.5,147.65714285714284,257.8642857142857,1.7728307568573982,56.0,0.9726835068312814,6.21305404977361,1.0,0.4433333333333333,1.302454421265972,17.873336405946944,15.953996802258635,1.5,1.0663162231961565,1.0,2.458596330299391,2.7554903498545533,-22.830325432178395,29.245689014324224,0.7740384615384616,147.65714285714284,257.8642857142857,0.0,19.5,11,-0.2248041866508792,0.0,0.15537160408295536,-1.1546319456101628e-14,0.040214122348540826,-0.08126596440602052,-0.33872836506193593,0.1704815717220427,-0.43200995594798375,-0.20740792277766773,-0.2246020331703158,0.19691352150585129,-1.3322676295501878e-15,0.2137075656675702,0.021779606988481248,-0.07376406943253166,-0.04317589380064302,0.15998185506187101,-2.6645352591003757e-15,165.0,152.50667568261898,150.26776695296638,148.0288582233138,145.08284271247462,142.13682720163547,139.0,136.24479617995718,135.0,133.0,133.0,164.05398448916085,134.0,136.0,164.0,163.0,162.0,160.0480970388563,158.0,156.27738636073764,154.74558441227157,210.0,250.493324317381,254.73223304703362,258.97114177668624,262.91715728752536,266.86317279836453,270.73015151901654,274.7552038200429,279.4058874503046,283.7437554159486,288.91005050633885,213.94601551083915,293.662132034356,298.0,219.08994949366118,223.84203102167828,228.5941125496954,232.9519029611437,237.26984848098348,241.72261363926236,246.2544155877284,103.32590180780444
2,12,3,307.30832476875645,292.6875642343268,68.33333333333333,252.0,311.6666666666667,299.6666666666667,298.3333333333333,280.6666666666667,304.46738258877434,289.68609679266893,2.3577707950020534,88.66666666666667,0.985620111042787,9.223757866138728,1.0,0.29087301587301584,0.43027904565674424,24.24923952571206,22.0541501064868,2.4661152125560566,1.2884310543282742,1.0,4.14605618918766,4.045477706731519,34.41260737065962,44.69645259169837,0.772246913580247,304.46738258877434,289.68609679266893,0.0,23.666666666666668,12,0.0,-0.13268934931506748,0.13268934931507126,-0.25637863316728415,-6.661338147750939e-15,1.3433698597964394e-14,-0.05592267539183282,-0.13815929335671429,-0.05394168517399356,0.11639703638088739,0.007937333689433723,-0.19252981280021664,3.552713678800501e-15,0.0567927986588046,-0.1137304151664118,-0.13724755745419914,0.10689184507736749,-0.07143986119592216,0.0,283.0,301.26073413660055,304.07537879754125,307.59713023966845,310.4117749006091,314.6406331239229,318.8694913472367,323.09834957055045,327.46274169979694,332.14185245480485,336.938477631085,284.0,341.4782485578728,346.0,285.0,287.0,289.0,290.7092622740244,293.0,296.0,298.44608947565985,243.0,289.26073413660055,294.07537879754125,298.59713023966845,303.4117749006091,307.6406331239229,311.86949134723665,316.09834957055045,320.0,323.14185245480485,326.0,248.5662950903902,329.4782485578728,333.0,254.13259018078043,259.28467170879753,264.4367532368147,269.70926227402435,274.7409162928489,279.47878425849296,284.44608947565985,119.61017305526629
2,13,3,570.6471153846154,311.10096153846155,95.33333333333333,380.6666666666667,576.6666666666666,313.0,559.6666666666666,296.3333333333333,567.1349353776599,305.5804806132979,2.049551484659602,142.66666666666666,0.9368399620523654,10.293742330230819,1.0,0.38892335263303,0.8102782115159891,23.87733784874366,21.78901388306632,2.7885821042456485,1.4929387456959045,1.4714045207910316,6.205238202323765,6.464222953617299,45.65273114304828,48.81286672667087,0.7850427350427349,567.1349353776599,305.5804806132979,0.0,26.0,13,0.16878244590100844,0.20763944608648166,-0.04674401508330028,-0.039449949142062346,-0.12144548186112758,-0.11357533659211205,-0.37447137475774983,-0.22585602522485887,-0.04377170150181217,-0.1412990619130274,0.5192000492617975,0.042129933530878017,0.12947090034595166,-0.141670366234535,0.13364494774970936,0.12581108282320996,0.21015466105423042,0.012630411167883882,-0.12144548186110304,526.0,567.424529750713,571.3079484664418,574.0,576.95346555434,580.1297774888824,584.0131962046113,588.6037217015268,594.1031341472361,600.1279184458654,606.2586738548047,531.6635562914112,612.7506572709619,618.0,536.9384103067116,542.114722241254,546.7923816681212,552.012175231357,556.8955939470858,561.0,564.2482178161705,273.0,306.42452975071296,311.3079484664418,316.6848476267921,321.95346555433997,327.1297774888824,332.0131962046113,336.60372170152675,339.0,340.1279184458653,341.0,275.0,341.0,344.0,277.9384103067116,281.114722241254,284.8961908340606,288.0121752313569,291.8955939470858,296.10169027301293,301.24821781617055,129.83966832314664
2,14,2,629.1553637484587,363.76325524044387,39.0,90.5,629.0,373.0,623.5,355.5,626.036644165863,363.87029893924785,2.2329265051271987,50.5,0.9651614369285635,6.732674757894413,1.0,0.44645593869731803,0.9999297817783884,20.05975018068188,17.281689959045146,1.7071067811865475,1.0922943093753514,1.0,2.3010075176719056,2.7147236521954947,-17.513439242941274,32.84619407771256,0.8396921017402945,626.036644165863,363.87029893924785,0.0,31.0,14,0.07795724326758435,0.0,-0.19171861537211554,0.012217681158365856,0.06464479133269085,2.353672812205332e-14,-2.353672812205332e-14,0.2043834922189509,-0.22120760267033446,0.08208315187425796,0.04959710145818441,-0.03892959125116979,2.6645352591003757e-15,-0.19376502003586227,0.15473736801944504,-0.45570189565365293,-0.0868475907817503,-0.08070926863924388,-0.5480870177761892,659.0,621.0,621.0,621.0,622.0,622.7995778331509,623.3212109788944,623.8428441246378,624.3644772703814,624.0,624.7253876832442,654.2622993307061,625.0,625.0,649.3709472708861,644.5564209063291,639.7418945417722,635.3114966535311,630.5737959842372,627.0636517240712,623.7898128899744,331.0,356.10890332677417,361.6750311208142,367.24115891485417,372.39307314652103,376.79957783315086,381.3212109788944,385.84284412463785,390.36447727038137,394.42472224349774,399.90155073297655,333.0,405.43387220596003,411.0,334.6290527291139,336.44357909367085,338.25810545822776,341.0,343.0,347.0374788794021,351.53900727628513,111.32255588079973
2,15,0,677.5415584415584,370.26233766233764,nan,nan,nan,nan,nan,nan,nan,nan,nan,nan,nan,nan,nan,nan,nan,nan,nan,nan,nan,nan,nan,nan,nan,nan,nan,nan,nan,nan,nan,15,-0.9640808702121819,0.11439893774354348,-0.17517233737581517,0.0059077361625485825,0.20500508445216314,0.10328435979401052,-0.22606824659140634,0.09622164540744538,-0.12357717959247227,0.12248522370488701,-0.0076769680328392376,-0.1164672423418378,0.022475306173511678,-0.11683188057332572,-0.19679408864217618,0.0,-0.19679408864217596,-0.0208042896922076,-0.13163859384693244,682.0,673.0998214331265,674.8180194846606,676.0,678.0,679.9726136392624,680.9837049096097,681.4090097423302,683.0,684.1382990642115,685.8564971157455,676.9889087296526,687.0,688.0,675.0,673.5525126265848,672.0,671.0,671.0,671.0,672.0,323.0,364.0998214331266,368.8180194846605,373.7583261120685,378.3597979746446,382.97261363926236,387.98370490960974,392.4090097423302,397.1798989873223,402.13829906421165,406.8564971157455,324.01109127034744,411.81274169979696,416.0,328.6171572875254,333.44748737341524,338.23431457505075,343.25,348.6798989873223,354.1097979746446,359.12548339959386,108.59797974644661
2,16,1,592.7007407407407,365.10962962962964,126.0,1134.0,612.0,380.0,570.0,353.0,589.4206349206349,370.8015873015873,5.822002298685885,355.0,0.9796472752444609,12.666024736934256,1.0,0.1111111111111111,0.17176221318664117,51.99857377604203,47.01063709417264,2.23606797749979,1.182194168403325,1.0,10.420019881272179,10.437503156689306,-58.069588616193236,96.01219330881975,0.35492957746478876,589.4206349206349,370.8015873015873,0.0,31.0,16,0.38447769819742517,-1.7763568394002505e-14,-2.6645352591003757e-14,0.19125707644975964,0.12698434325264518,0.35044070142506145,0.3748274256629882,0.3027922135801009,0.11608556571871897,0.27408354282850755,0.17926055052320278,0.0,0.19144972267938476,0.060889515172339426,-0.30492229946266214,-8.881784197001252e-15,1.7763568394002505e-14,0.16567454212284538,-0.1656745421228365,628.0,598.9791095453455,595.7817006634572,592.5842917815689,589.3868828996808,585.8537431633064,582.1133854794639,578.3301901599488,574.2541016216202,570.665962079044,567.2734974202168,626.1767233579815,564.7831953195151,563.0,622.8156817610134,619.4546401640453,615.7805615885727,612.0616382917118,608.8642294098236,605.6668205279354,602.4694116460471,338.0,364.02089045465453,367.21829933654277,370.415708218431,373.6131171003193,376.0,377.8866145205361,378.33019015994876,377.25410162162024,375.0,372.2734974202168,341.74094897781663,368.78319531951513,365.0,344.76588641508795,347.79082385235927,350.0,351.9383617082882,355.13577059017643,358.3331794720646,361.5305883539529,90.43638010437053
2,17,2,652.3161290322581,375.51290322580644,77.0,173.0,659.5,380.5,650.5,362.0,654.4249721293199,371.58238573021185,2.1258192237985103,111.0,0.9473019522909589,9.573622063272868,1.0,0.433125,0.5181816731470562,18.772201817957967,18.68472746579909,2.9208096264818897,1.4108592227225019,1.2071067811865475,6.164100588675687,6.1414656013906095,-9.632240088170764,45.10965004500315,0.7581920903954802,654.4249721293199,371.58238573021185,0.0,32.0,17,0.17246137376533,0.029568727179810406,-0.33988478306224623,-0.36929730633848035,-0.49735489552415024,-0.2530915259507156,0.03931892428784134,-0.05377891058413642,0.2675515122470107,-0.35560629624838636,-0.5403015553721877,-0.17246137376531134,-4.618527782440651e-14,-0.16563182484304173,-0.013680045301248,0.17931187014428973,4.618527782440651e-14,-0.1391755906300265,0.2820682372155434,679.0,653.0,649.7604741407262,646.390074945392,644.0,643.0,644.0,646.084031230283,648.0,650.0,651.0,675.9224940234793,653.3367075858524,657.0,672.5520948281453,669.4745888516245,666.3970828751039,664.0,661.6562844844357,658.5787785079151,655.5012725313943,341.0,368.81491715319055,371.23952585927384,373.60992505460797,376.9721742874182,380.91021141532485,384.84824854323153,388.6470546529953,392.4904921754926,396.01431574102617,399.95235286893285,344.0775059765206,403.3367075858524,405.0,346.44790517185476,349.5254111483754,352.60291712489607,355.9622635781755,359.34371551556427,362.42122149208495,365.4987274686056,87.04501380559539
2,18,4,154.8720200752823,408.1794228356336,16.25,33.0,160.25,397.75,156.75,389.25,158.0584375,393.103125,1.0789766326916572,19.75,0.9691524342257067,4.134622247570634,1.0,0.5113636363636364,2.739636362519411,9.646782921332889,7.911311311401423,1.3535533905932737,1.0288984937832724,1.0,1.44790727638662,1.8404761680100923,-23.823462953885407,14.785533905932738,0.8558388157894736,158.0584375,393.103125,0.0,36.5,18,-0.008227403833942937,-0.0660681686539859,-0.07751938759406563,-0.08496962458292368,-0.15244914651720687,-0.018642393173507354,-0.23539340652820595,-0.12481951846205597,-0.14837073553004299,-0.2768145028771397,-0.27681450287714693,-0.1007075361646641,-8.43769498715119e-15,0.03886083280107666,0.009318102619428892,0.01581995305861117,-0.06438907516642023,0.2076350081051126,-0.2072448214178091,174.0,153.0,151.0,149.3140693788121,148.0,147.10293419033806,147.0,147.0,148.213768592373,150.02644296779656,152.54622412440668,171.48021884338988,156.48021884338988,161.0,169.0,167.0,165.0,162.81530777932255,160.55445191536404,158.06637519235184,156.0,359.0,401.08567570266985,405.8207572638139,410.6859306211879,415.70513394847495,420.89706580966197,426.4179377578822,431.1530193190262,436.21376859237296,441.0264429677965,445.54622412440665,363.5197811566101,449.4802188433899,452.0,368.0559495599149,372.79103112105884,377.5261126822029,382.18469222067745,386.8910961692719,391.8672496152963,396.76480770389895,111.27017371780362
2,19,2,105.78881278538813,408.2180365296804,71.5,266.0,112.0,420.0,104.0,398.0,107.113184079602,408.7110281923715,2.540492446192794,96.0,0.8910480391981347,8.223535352045236,1.0,0.5038461538461538,1.0830296108555781,24.850213131303384,21.841938419439,1.8251407699364424,1.1810296494632528,1.0,3.2304815589116433,3.3978538259957505,-11.317784608890012,47.65990257669732,0.8181318681318681,107.113184079602,408.7110281923715,0.0,38.5,19,0.17737878275850316,0.13736105014856204,6.217248937900877e-15,-0.10735427648260809,0.07689741723110477,-0.1769266869240167,0.005884346262055473,0.16491083748939062,-0.17822153284468567,1.7763568394002505e-15,0.0,-0.10909436500591974,0.05347919186805883,0.05561517313786091,-0.07027266350319872,0.13349950979166247,0.1288895606496432,-0.040196565055411915,-0.07447099676250546,118.0,109.20602004066548,107.79702792616737,105.68092903048276,103.56483013479813,102.0,100.03973912461541,99.0,97.9288616768058,96.0,95.0,118.0,94.0,93.0,117.0,116.60145078125194,116.0,115.0,114.3613712989148,113.0,111.0,351.0,400.79397995933454,406.2029720738326,411.31907096951727,416.4351698652019,421.77961175815835,426.96026087538456,432.5222025862389,438.0711383231942,443.26479341431946,448.84319560954634,356.99261575759994,454.42159780477317,460.0,362.57101795282676,368.39854921874803,373.3136087809074,378.8920109761342,384.83177220651123,390.38026639866274,395.54445503151646,119.85231515199864
2,20,1,138.53184713375796,389.2547770700637,37.0,68.0,154.0,390.0,137.0,386.0,142.7027027027027,387.5945945945946,1.5961981997119852,48.0,0.9795131663097286,6.863662517577698,1.0,0.5441176470588235,0.6264886153739793,17.257582963819463,16.0312195418814,2.0,1.2069420067430374,1.0,3.0,3.4753343121833637,87.78321296402501,27.242640687119284,0.7708333333333334,142.7027027027027,387.5945945945946,0.0,36.0,20,-0.11787216584985644,0.0,0.0,0.21588404422412574,0.10361279040956309,0.14415077436711726,0.2861493348501583,0.18551871000214526,0.40438478545920653,0.015211843258454705,0.21588404422412566,-0.024137827484862373,-0.16161530595404133,0.0895108711503968,0.017323544992880913,-0.014555524943135612,-0.022259064389799743,-0.21588404422412638,0.0,93.0,133.9566107616998,138.93075468985046,143.9048986180011,148.87904254615177,153.43897291192934,158.05278450782725,162.5017940891123,166.12338454665223,168.93352866765892,170.0,97.14571680340445,171.0,171.0,101.4989678984537,105.89489845708727,110.5837222345343,115.32576965943106,119.90284784302634,124.4225364677716,128.98246683354915,377.0,387.0,387.0,387.0,387.0,388.0,389.5263922539136,391.75089704455615,395.12338454665223,398.9335286676589,403.4659257060718,379.0,408.0258560718494,413.0,380.4989678984537,381.89489845708727,382.5837222345343,383.7209616099052,384.90284784302634,386.0,387.0,99.48287856301306
2,21,2,17.879353233830845,444.9950248756219,131.0,654.5,23.5,451.0,6.0,419.0,13.92303338992643,434.8636813808715,3.535231718072021,172.0,0.9903846232479967,12.613010811337016,1.0,0.31703529768216937,0.31118965410218613,40.33228196281754,34.955522539340386,2.53224755112299,1.3743208613466804,1.2071067811865475,4.825891707159494,4.644421176212674,19.444537036984666,76.1335136523794,0.7428904428904428,13.92303338992643,434.8636813808715,0.0,41.0,21,0.4651797814671079,8.43769498715119e-15,0.0,0.08763835558086841,-0.013967946958125754,-0.020990985330805123,0.05618989639780081,-0.10886931968973723,0.16345284232052415,-0.16345284232052648,0.1634528423205236,0.0,0.2180020796708162,0.0,-0.21800207967081353,-0.2358419218506944,-0.04759903456725523,0.030871354048677135,-0.16345284232053503,1.0,13.272435072388944,16.050252531694156,18.82806999099936,21.605887450304564,24.0,26.45441558772842,29.0,31.30294372515229,34.08076118445749,36.151471862576145,4.0,38.929289321881356,41.0,5.0,6.0,6.0,6.0,7.0,9.0,11.201724394270293,403.0,442.272435072389,446.0502525316941,449.8280699909993,453.6058874503045,457.5426406871193,461.4544155877284,465.32842712474616,469.30294372515226,473.08076118445746,477.15147186257616,406.6857864376269,480.92928932188136,485.0,411.2,415.71421356237306,420.6426406871193,425.5710678118654,430.08528137423855,434.18528137423857,438.2017243942703,98.5685424949237
2,22,0,654.1132075471698,448.1044025157233,nan,nan,nan,nan,nan,nan,nan,nan,nan,nan,nan,nan,nan,nan,nan,nan,nan,nan,nan,nan,nan,nan,nan,nan,nan,nan,nan,nan,nan,22,0.45186163861663,-1.942890293094024e-14,0.26882821648882027,-0.08799074115143357,0.2833013563992022,-0.1107687695988595,0.3657010921106032,-0.23165656742419283,0.2285738734893803,0.22012021317370234,-0.21703751923889247,1.0824674490095276e-14,0.05171539214508852,-0.0316071890110845,0.16271781155703913,-2.4091839634365897e-14,2.4091839634365897e-14,4.551914400963142e-15,5.10702591327572e-15,616.0,652.4753048327204,656.2677669529663,660.0602290732122,663.0,666.3522600948905,668.4376154339499,671.0,672.0,673.9865746699413,675.0,620.9491378028648,675.0,676.0,625.0698484809835,629.1905591591021,633.2201010126777,637.3054563517369,641.0979184719828,644.8903805922288,648.6828427124747,423.0,442.47530483272044,445.2677669529664,448.0602290732122,451.79167388793144,455.35226009489054,459.4376154339499,463.32537879754125,467.860303038033,471.9865746699413,476.5159379566434,423.0,481.4650757595083,486.0,425.0,427.0,429.2201010126777,431.305456351737,434.0979184719829,436.8903805922287,439.6828427124746,98.98275605729683
2,23,2,614.8466413181242,435.9771863117871,25.0,120.0,617.0,438.5,607.0,429.5,610.4702380952381,432.5595238095238,1.514029379608927,51.5,0.9575070587574743,5.252135517321457,1.0,0.34375,0.958298767690978,14.265622161479229,11.726006699708915,1.2071067811865475,1.0197244553510998,1.0,3.3483291973878395,3.774172593883711,-5.065644728774938,21.742640687119284,0.6678486997635933,610.4702380952381,432.5595238095238,0.0,43.0,23,-0.16254040349661025,0.050208039125184456,-0.16254040349656518,-4.596323321948148e-14,-0.3011009527526324,0.0,-0.1625404034965952,-0.13261414567521962,0.11168992723516691,-0.23457832224721772,-5.2735593669694936e-15,-0.44885783200647245,0.19335529131920204,0.23457832224722308,0.40568348518524466,0.3597219490215088,0.5708125703409201,-0.004934705659263405,0.8364109669671934,588.0,612.7216147160749,615.110912703474,617.1998214331265,619.9958369439656,622.7918524548049,626.587867965644,630.3838834764831,634.4727922061359,638.7943650813896,642.9201010126777,590.7960155108392,647.4600505063388,652.0,592.8849242404917,593.0,594.0,596.0,599.412132034356,603.7085786437626,608.2485281374238,448.0,423.96215295476645,428.11091270347396,432.19982143312654,435.99583694396574,439.7918524548049,442.587867965644,445.38388347648316,447.47279220613575,449.0,451.0,444.2039844891609,452.0,453.0,440.1150757595082,435.20857864376273,430.66862915010154,426.54289321881345,423.587867965644,422.0,423.0,99.08326112068518
2,24,2,94.59210526315789,486.4166666666667,80.0,520.5,107.5,497.0,90.0,473.5,97.6568100358423,484.8284050179211,2.41161383194533,112.5,0.9875348039925693,9.667686815600756,1.0,0.27907150320943425,0.43424527450864625,31.919273904407007,27.931123657532467,2.118033988749895,1.2069032485039606,1.0,3.43612247201421,3.5494807944926086,-29.482537065806227,48.40559159102155,0.7516323455549976,97.6568100358423,484.8284050179211,0.0,48.0,24,0.041836898422292323,-0.130877512588218,-0.13087751258822422,0.13087751258822466,0.13087751258821756,-0.2617550251764422,-0.12587832018506084,0.11178026571423683,-0.08950991248451068,-0.07449208614797342,0.03741483692015013,0.10061445088107601,0.04574881343234094,0.011450271499947373,0.31418500039041075,0.0,0.2715627287713773,0.13087751258821667,8.43769498715119e-15,117.0,100.45538238691626,96.1568542494924,92.15121933088199,88.85269119345813,85.26126983722082,80.96274169979696,77.6642135623731,75.0,71.77426406871193,69.0,117.0,66.59142135623732,64.0,116.76690475583123,116.0,115.0,113.94238815542514,111.35096679918783,108.75954544295053,104.75391052434011,440.0,483.5446176130838,486.84314575050763,490.848780669118,495.1473088065419,498.7387301627792,502.037258300203,506.3357864376269,510.89705627484767,515.225735931288,519.7414213562373,445.66482322781405,524.4085786437627,529.0,451.2330952441688,456.5802561210691,461.8308657865101,467.0576118445748,471.64903320081214,476.2404545570495,480.2460894756599,113.29646455628153
2,25,3,477.36354581673305,499.25796812749,82.0,490.6666666666667,488.0,499.6666666666667,475.3333333333333,474.6666666666667,481.1599091692115,487.773306710516,2.722328263673686,119.66666666666667,0.9345876865691908,8.60003727585192,1.0,0.3899502073371941,0.9851397880891319,27.947418838737757,26.649891733841184,1.804737854124365,1.1666221185469794,1.0,3.19054860747868,3.254995703353849,-25.687889104987914,52.36311925836503,0.7876506845579011,481.1599091692115,487.773306710516,0.0,48.0,25,-0.24355946838175813,-0.17854888759898668,0.17402851742365266,0.004520370175334021,0.05011566167978798,0.08607992093244965,-0.13619558261223763,0.172276301136691,0.01776069289391824,2.6645352591003757e-14,-1.6431300764452317e-14,-2.5757174171303632e-14,-0.2299868348080456,-0.018004373691189013,-0.0047530469576186896,-0.35909447326118604,0.15095702812251743,-0.28942237099853796,0.3167076091816743,506.0,480.0,478.0,476.9757359312881,475.0,473.0,470.7313708498985,468.0,466.0,463.0727922061358,460.0485281374239,500.9757359312881,457.0242640687119,454.0,496.537258300203,492.09878066911807,489.0,486.0,483.02598846298224,482.0,480.19411254969543,450.0,493.7230447378299,499.1715728752538,505.02426406871194,510.4828427124746,515.9313708498985,521.2686291501016,526.4142135623731,531.862741699797,536.9272077938642,541.9514718625762,453.02426406871194,546.9757359312881,552.0,457.46274169979694,461.901219330882,466.89461761308377,471.92893218813447,476.97401153701776,482.8259884629822,488.19411254969543,125.53910524340085
2,26,2,577.7975113122172,483.42533936651586,30.5,53.5,567.0,482.0,555.0,477.5,560.4035947712418,478.95261437908493,1.4248689255558773,37.0,0.9596842160449186,6.22137739265729,1.0,0.5687062937062937,0.7189001569902878,12.697516955395706,11.283677952019275,1.7071067811865475,1.154830675024952,1.0,2.7999128848724295,3.1886532197621524,79.19328421385524,23.15685424949238,0.8216117216117216,560.4035947712418,478.95261437908493,0.0,48.0,26,0.1900407937831291,-4.052314039881821e-15,0.14482087796269283,-0.24003712588971116,0.10998544450108784,0.0022972905711347302,-0.01706648714520828,0.0681760678593391,0.10591080202528325,0.2891264843821425,-0.14209392717031932,-0.1900407937831291,0.19004079378313316,0.20591372933505742,-0.20591372933505742,0.20591372933506585,-0.20591372933507396,0.20591372933507396,-0.20591372933506585,527.0,573.3725396744417,578.5710678118654,583.7695959492893,588.3916738879315,592.5097979746447,596.9150757595082,602.0784271247461,607.2769552621701,612.3362175361945,617.1837049096098,532.612741699797,621.4454058453981,626.0,537.8112698372208,543.4240115370178,548.6225396744416,553.4068542494924,558.6053823869162,563.3896969619669,568.5882250993909,473.0,483.0,484.0,485.0,486.60832611206854,487.0,487.9150757595082,489.0,490.0,491.33621753619445,493.1837049096098,473.0,496.44540584539817,499.0,474.0,474.0,475.0,477.0,478.0,480.0,481.0,112.25483399593897
2,27,2,527.6005056890012,580.2402022756005,61.5,388.5,537.5,590.0,516.5,571.5,528.0263233601842,580.8306962025317,3.2080460517511646,135.0,0.9818828449083539,8.75703702530633,1.0,0.15895909645909645,0.32478052100221944,31.04081590933098,26.578337679866898,1.7071067811865475,1.082382512998414,1.0,5.3089587602642965,5.508690208010397,-47.83631940061819,49.74568901432423,0.5153579926454683,528.0263233601842,580.8306962025317,0.0,54.0,27,0.04924229548232706,-0.1443216662539233,-0.004078401544352683,-0.04945077835041456,0.008343081392755192,-0.05777708413688787,-0.11550741164894696,-0.024983471777085597,0.17434067445944734,-0.3118492241809885,7.993605777301127e-15,0.01336035343715003,-0.012858313802575072,0.35722493138771627,0.01666371504683739,0.3866373494044435,0.31184922418096406,0.11859843031295059,0.09483662754647426,551.0,535.2869291548093,530.8079484664419,526.5840806406989,522.233997877157,517.939154519215,513.7948370433463,509.75288001627143,505.92041565398216,502.1345707222375,498.03252285640707,551.1020478658304,494.5162614282035,491.0,551.0,550.8151767460683,550.713128880238,549.0,547.2161399297636,543.6998785015601,539.5978306357296,547.0,580.0,581.1920515335581,583.0,584.8830010614215,587.0,589.0,591.2471199837285,594.0,596.8654292777625,598.9674771435929,551.1020478658304,602.4837385717965,606.0,555.2886349517373,560.1848232539317,564.286871119762,568.5500145040894,572.7838600702364,576.3001214984399,578.4021693642704,99.4548920122964
2,28,0,562.3514915693904,608.7846952010376,nan,nan,nan,nan,nan,nan,nan,nan,nan,nan,nan,nan,nan,nan,nan,nan,nan,nan,nan,nan,nan,nan,nan,nan,nan,nan,nan,nan,nan,28,-0.19236564961814762,-0.25523134929854,0.037288898847695914,0.09529477850240162,0.04831563806867989,-0.2964941509642772,-0.26926580689668883,-4.8183679268731794e-14,0.16446665362748303,-0.24113260268509162,0.1522161773009973,0.09848678019806356,-0.15339822889819577,0.1360909891806854,-0.2817937036259613,-0.019993286102593266,-0.03935422208239514,-0.09121458869156307,0.007859594545490178,524.0,557.483630944789,561.721825406948,566.4158639918227,571.0402020253554,575.4922835533724,579.1159379566434,583.108757210636,587.4284271247461,591.7480970388563,596.3606601717798,527.0,600.5479184719829,605.0,530.4677669529664,533.908757210636,537.6426406871193,541.1182720163547,545.1104076400857,549.1371843353822,553.2318759132868,588.0,611.483630944789,613.0,613.4158639918226,614.0,615.0,616.0,615.8912427893638,614.5715728752539,613.2519029611437,612.6393398282202,591.623654403271,611.0,610.0,594.4677669529664,597.908757210636,600.6426406871192,604.0,606.1104076400857,608.1371843353822,610.0,97.32590180780448
2,29,1,623.5268456375838,588.1331096196868,247.0,3192.0,657.0,614.0,601.0,557.0,621.1133603238867,587.4574898785426,7.964752071526565,746.0,0.990117516114668,17.733870630789692,1.0,0.07738095238095238,0.12555318621591882,81.85068152774531,78.49203781276162,3.1622776601683795,1.3071386512324543,1.0,12.457983074393672,11.478753200620439,40.96184256389083,157.23149339882605,0.33109919571045576,621.1133603238867,587.4574898785426,0.0,52.0,29,-0.09142551131975152,-0.20443954415780674,-0.13437425536066117,0.0,-0.21837578954830972,-0.12199460057468436,-0.08467806266937034,0.042356960754081685,-0.2094242710768802,-0.19328240028228535,0.0,-0.11534304648633298,0.2067685578060845,-0.14947657204378229,0.0,1.9539925233402755e-14,-0.14457431884460015,0.08551596842749543,0.11892357573031132,596.0,618.0,620.2071067811864,623.4056349186104,627.3112698372208,631.2169047558311,635.5875108318971,640.1997474683058,644.9774603255584,649.6724350723889,654.7816233815927,597.7843145750508,660.3050252531694,665.0,600.0,602.7671572875254,604.5514718625761,607.0428932188134,609.5343145750508,612.025735931288,615.2242640687119,546.0,586.5979184719829,591.2071067811866,595.4056349186104,599.3112698372208,603.2169047558311,606.0,608.1997474683059,610.0,612.0,613.0,550.7843145750508,613.0,613.0,555.3899494936611,559.7671572875254,564.5514718625761,569.0428932188134,573.5343145750508,578.0257359312881,582.2242640687119,110.4680374315354
2,30,2,236.3709677419355,592.9236559139785,80.5,568.0,247.0,606.5,230.0,582.5,238.77531806615775,593.8693384223918,3.441202126566303,123.0,0.953644767173937,9.547638551303166,1.0,0.328505291005291,0.5617447873215131,31.987810294168195,27.77224187244738,2.23606797749979,1.2325026271056125,1.0,4.050069323290915,4.106726068238054,38.46825764620287,58.941125496954285,0.7501387347391787,238.77531806615775,593.8693384223918,0.0,55.0,30,-0.008177331719648628,-4.107825191113079e-15,-1.6764367671839864e-14,1.6764367671839864e-14,0.07138153914691725,-0.005271621533039839,0.19945710979520925,-0.10821405969029763,0.015030802798285947,0.09469233149611833,0.0,0.07283631607646257,1.6431300764452317e-14,0.1297189540461956,0.0,-1.0547118733938987e-14,-0.1164132425232397,0.3700193217618857,-0.1238871251924355,198.0,234.70269119345812,238.0355339059327,241.36837661840732,244.70121933088197,248.03406204335658,251.0,253.99264068711926,256.0,258.53700576850883,261.0,202.47071067811865,263.0,265.0,206.95857864376268,211.2914213562373,215.6242640687119,219.66421356237308,223.70416305603425,227.7441125496954,232.0,555.0,587.7026911934581,592.0355339059328,596.3683766184074,600.7012193308819,605.0340620433566,609.5188816817956,613.9926406871193,618.8745166004061,623.5370057685088,628.2301515190165,558.0,633.1150757595083,638.0,560.9585786437627,564.2914213562373,567.6242640687119,571.6642135623731,575.7041630560343,579.7441125496954,583.1088311754568,114.2670273047587
2,31,2,123.19018404907976,634.7300613496933,107.5,594.5,149.5,649.5,116.0,632.5,134.69532298255703,640.1294326241134,4.100008417553876,196.5,0.9905061789068839,11.552722426944639,1.0,0.1981239330209582,0.263911964067237,39.54264846515992,35.97888738348795,2.414213562373095,1.2581815744025173,1.0,5.435210821559913,5.494482645296363,61.37607502293048,74.40863991822648,0.6400371152026781,134.69532298255703,640.1294326241134,0.0,58.5,31,0.1898846181052018,0.0014654482022111726,0.12923001132405065,-0.12081652467523651,-0.008742903010952374,-0.018784805652258707,-0.10581477626846958,0.12346355008065368,-0.1419744075652043,0.14197440756521074,-6.439293542825908e-15,-0.13362979800061875,0.07262601557457063,0.09585608733339004,-0.22473692301254372,0.1898846181052008,0.004438001995645369,0.46567715818814764,-0.006638172816033294,75.0,121.4628744678696,125.72767276616433,129.9893524772478,133.96437614394034,138.37905161701977,142.8254237726047,147.12759327629135,151.6479135880076,155.91271188630236,160.47040340341056,80.61712203186102,164.73520170170525,169.0,85.82003050134891,91.30911352064561,96.64006100269785,101.01454234743957,106.63166437930057,111.8345728487885,117.02998505462114,620.0,628.4628744678696,631.7276727661643,635.0,638.9643761439403,642.4136082978713,645.8254237726046,649.0,651.6479135880077,654.9127118863024,657.4704034034105,620.0,660.7352017017053,664.0,621.0,621.3091135206456,622.0,623.0,623.0,624.0,625.0224887909658,112.34244063722015
2,32,2,121.22192151556158,657.3924221921516,49.5,145.0,127.0,666.5,112.0,657.5,118.7325,661.9958333333334,2.247134783110581,91.5,0.9402664221876511,7.649978314799883,1.0,0.44999999999999996,0.5900585795647441,18.588081727777684,15.973411613528393,2.0,1.1820051702797163,1.0,5.3010686354155725,5.685150373723684,27.564504171907814,37.384776310850235,0.6848290598290598,118.7325,661.9958333333334,0.0,64.5,32,-0.4151674540060717,4.440892098500626e-15,0.14662532235123438,0.24811345187898803,0.3261889844800705,0.21109572703838753,0.5440293846235971,0.0947434564226124,1.9095836023552692e-14,-3.952393967665557e-14,3.952393967665557e-14,-0.013156974044019165,-0.22380711524499164,-0.08722425704128067,-0.11151343407531344,-0.08634947011218586,0.016496039030733822,-0.15818659008038116,0.15818659008038116,161.0,128.79162734003944,125.90604781200807,123.02046828397667,119.42778197475873,115.3525764913406,110.68596434986554,105.60513864601741,101.54231811212556,97.65673858409417,93.77115905606279,155.9428475967148,89.88557952803139,86.0,151.66677571704992,147.41437713794795,143.5761921212191,139.98878131046183,136.6822237723641,133.8556796149157,130.97010008688432,631.0,657.2083726599606,661.0939521879919,664.9795317160233,668.5722180252412,671.0,672.0,672.0,669.5423181121256,666.6567385840942,663.7711590560627,631.0571524032852,660.8855795280315,658.0,633.0,635.0,638.0,641.3464218044612,645.2040722655753,649.1443203850844,653.0298999131157,101.6165140769628
2,33,2,495.9162561576355,675.7635467980296,13.5,18.0,494.5,681.5,490.0,677.5,491.99342105263156,678.9703947368421,0.6709895230051401,14.5,0.8275828809726666,4.0550145012886984,1.0,0.7291666666666666,1.6039982798774228,5.386640673216303,4.49661477750684,1.7071067811865475,1.1375367867830364,1.0,2.3944271909999157,2.991884706926088,44.07207697082461,10.63908729652601,0.9194444444444444,491.99342105263156,678.9703947368421,0.0,70.0,33,0.0,-0.19212861943883497,-0.20507244559492988,-0.12847646534284396,-0.1835082994823784,-0.12371834257430639,-3.3029134982598407e-15,-0.006536482324172366,-0.4766839216923683,0.30487313451305664,-0.1423457555979721,0.21950935182601605,-0.1925200913749996,-0.02698926045101646,-0.09671910917695481,-0.16322520007788066,0.04964243657657885,-0.25334573632256085,-0.029964694700784555,484.0,487.2072876140024,489.2952170225848,492.0,495.1404918347288,498.87164666225596,502.92852131596237,506.9404344299686,510.9523475439749,514.9747284689033,518.9761737719875,484.0,523.2844693751146,527.0,484.0,483.096048812463,483.0,483.0,483.3636705001798,484.35186012470564,485.22786358892046,640.0,676.4145752280048,680.2952170225848,683.6009859064429,686.1404918347288,688.435823331128,690.0,691.0,692.0,692.9747284689033,692.0,644.4261266763793,692.2844693751146,692.0,648.8522533527587,652.903951187537,656.4618660183982,660.8879926947775,664.6363294998202,668.3518601247056,672.455727177841,88.52253352758731
2,34,4,486.78439597315435,675.3926174496644,42.25,114.0,478.0,690.0,466.25,680.75,471.96982888267615,684.7762166200713,1.5733592312074878,49.25,0.8963883390773775,7.245949463390559,1.0,0.42381553631553626,0.7014501824846975,14.448547928019522,12.885881448869728,2.23606797749979,1.280209880468765,1.0,3.433584266524307,4.025883782772747,-59.05774058118504,28.875892834367047,0.8679519778627535,471.96982888267615,684.7762166200713,0.0,70.75,34,0.04615968885295807,0.09199898314626198,-0.11228484584043352,-0.12833006557057214,-1.2434497875801753e-14,0.10150996554063196,-0.4096922782794188,-0.10145807033407728,-0.14536522904648086,-0.28807342110091994,-0.13166776948218906,-0.07501428646587072,0.2051629311222254,3.375077994860476e-14,0.15890957181559529,0.5422114985997983,-0.3999706790933333,0.10848999175078733,0.11767282380190691,537.0,494.40356120997245,487.50453499908826,480.259912458118,473.6728970367586,467.4549014306806,461.23690582460256,454.7260169997111,450.0,446.0,443.0,534.0,442.0,442.0,530.6853291314036,527.8815470876987,523.6635514816207,519.4455558755426,514.3218188193342,506.85755979760137,500.7118535526257,624.0,673.0,676.310799375342,679.0,682.3271029632415,686.5450985693194,690.7630941753974,694.2739830002889,700.2815492551484,706.5898415978018,713.3123475028281,630.7225059050263,720.8632805326006,728.0,637.3146708685964,644.1184529123012,650.3364485183794,656.5544441244574,662.0,664.0949601349324,669.0,159.30293184291298
2,35,2,620.7554824561404,636.468201754386,90.5,450.0,629.0,644.5,595.5,633.0,613.9386724386725,636.8297258297258,4.349189880357288,287.0,0.9840886387706339,9.933023677712667,1.0,0.21121794871794872,0.3028519651335703,38.10713688885093,33.40454904610659,1.618033988749895,1.11499946156355,1.0,7.024262080103913,7.558634797577501,11.063914497743205,69.71320343559643,0.5082540641199859,613.9386724386725,636.8297258297258,0.0,58.5,35,-0.2041867109861713,0.2041867109861713,0.0,0.18844924741011976,0.14411862873457854,0.223526383006718,0.41775315165615173,0.1310489091281395,0.2509289128306309,-0.19340751883067875,0.20419190187306557,0.15939649908237702,-0.13440555242739033,-0.14582837973065965,2.942091015256665e-14,0.14582837973063806,-0.14582837973062984,0.06734310857552805,0.05349432450010727,572.0,615.4636038969321,620.2928932188134,625.5363961030679,630.7798989873223,636.4376154339499,641.7745166004061,646.6538059222875,650.6544155877284,653.9479184719828,656.0,577.2435028842544,659.0,661.0,582.0727922061358,587.223654403271,592.1029437251523,596.6893398282201,601.2757359312881,606.1550252531695,610.7414213562373,650.0,632.0,630.0,629.0,628.0,628.0,628.7745166004061,630.6538059222875,634.6544155877284,638.9479184719829,643.7556349186104,649.0,648.1707106781187,653.0,647.0,645.7763455967291,643.8970562748477,641.3106601717798,638.7242640687119,636.8449747468305,634.2585786437628,113.15432893255064
2,36,2,287.1388888888889,660.2006172839506,97.0,642.0,305.0,669.5,272.0,651.5,288.31791044776116,660.819776119403,4.214291226431312,135.0,0.9959009389477078,10.901160323770284,1.0,0.17718606180144642,0.25111662664016354,40.93807177491631,36.49994732328592,2.118033988749895,1.1597436975115756,1.0,3.3986128857761337,3.4765811103263395,64.3518085105107,71.45889244992065,0.6986466165413534,288.31791044776116,660.819776119403,0.0,62.5,36,-0.2652153721933286,0.128989821690488,-0.10170688595842681,0.2019637913500501,0.002581799386685457,0.06360349226985451,-0.13158619661584547,-1.7430501486614958e-14,0.12939432621263913,-0.26359890322035084,0.13420457700772404,-0.227107716730449,0.09678878336699509,-0.14529261507106234,0.0,-0.03664736821504094,-0.07270128626486355,0.06197025445434107,0.047378400025559764,238.0,282.54411254969534,287.74264068711926,292.6655068580758,297.8058874503045,302.50979797464464,307.2079689783217,311.76256313292356,316.61005050633884,321.4575378797541,326.0171572875254,241.55459415460183,331.15251262658467,336.0,246.1544155877284,251.2495689014324,256.13725830020303,261.3357864376269,266.53431457505076,271.8110912703474,277.24436508138956,634.0,656.0,658.0,660.6655068580758,662.8058874503046,666.0,669.2079689783217,672.7625631329236,675.6100505063389,678.4575378797541,682.0,638.5545941546018,684.1525126265847,687.0,642.0,644.2495689014324,647.0,649.0,651.0,652.8110912703473,654.2443650813896,120.53910524340085
2,37,3,51.38115631691649,665.7933618843683,61.666666666666664,243.66666666666666,51.0,666.6666666666666,31.0,658.3333333333334,40.789929480564155,662.1457258341934,2.2214530617755064,78.33333333333333,0.9694031392504874,8.085975758898684,1.0,0.428577441077441,0.6414421606178455,21.807155432439398,20.041072156782395,1.8834271799576283,1.2015797205225438,1.0,3.1529729972371,3.415069218819383,70.6807517629602,41.24670512339254,0.8241616138394782,40.789929480564155,662.1457258341934,0.0,64.66666666666667,37,-0.23355604565746285,0.06508816412790996,-4.996003610813204e-16,-0.10119404637745566,0.09526536725083751,0.11318943508818707,-0.10726075596156842,0.0,0.0,0.0,0.0,0.10910648276769791,0.10667161848113255,0.04742372075475587,-0.05926478724542927,-0.11223000237748096,0.1299952857040176,-0.11840564907890538,0.07109989165038244,1.0,46.32218254069478,51.41421356237307,56.37279220613576,61.33137084989846,66.49791847198286,71.46862915010152,76.20710678118654,81.16568542494923,86.12426406871192,91.08284271247462,5.970710678118652,96.04142135623731,101.0,10.64852813742385,15.875735931288059,20.882842712474606,25.79289321881343,30.824264068711912,36.087867965644016,41.082842712474594,649.0,663.3221825406947,665.0,667.0,669.0,670.4979184719829,672.4686291501015,675.0,677.0,679.0,681.0,650.9707106781186,683.0,685.0,651.6485281374239,653.0,654.8828427124746,657.0,658.824264068712,660.087867965644,662.0,115.74011537017753
2,38,0,604.4907192575406,711.1136890951276,nan,nan,nan,nan,nan,nan,nan,nan,nan,nan,nan,nan,nan,nan,nan,nan,nan,nan,nan,nan,nan,nan,nan,nan,nan,nan,nan,nan,nan,38,0.1956072078358888,-2.2648549702353193e-14,3.3306690738754696e-15,0.062462399962661896,0.024275938713329115,0.0031186819054056514,0.1739680939488819,-0.17708677585428756,0.06573917420218689,0.07454431881762424,-0.14028349301981113,-0.002519914746880403,-0.19045276109638243,0.19297267584326283,-0.1427473946832194,0.08716885913891415,0.06871633432341184,0.1120502406151278,-0.03135492515884053,595.0,606.3258616918099,606.8362717630723,607.3466818343348,607.8570919055974,608.0,608.0,607.9816487914381,607.0,607.0,606.6755022290499,597.0,606.0,606.0,598.0,599.0132533435748,601.0,602.0,603.7336134683361,605.0244778499799,606.0,657.0,705.7474094558136,711.6171252753322,717.4868410948507,723.3565569143693,729.2422209895524,735.1340867587933,741.0183512085619,746.503604734902,752.3954705041428,757.3244977709501,662.0634386444947,762.1081342307591,768.0,667.5410908513625,673.0132533435748,678.0821817027249,683.5598339095927,688.7336134683361,694.0979113999196,699.8696849045784,117.83731538481756
2,39,3,640.1859931113662,713.4718714121699,62.333333333333336,219.66666666666666,641.3333333333334,720.3333333333334,621.6666666666666,711.3333333333334,630.3050510583031,714.7382105319939,2.4718080773889652,90.33333333333333,0.9479676304306052,8.253072074788093,1.0,0.41237937689550597,0.7621578170725902,23.631873612789047,20.301740284566048,1.9621165057908916,1.190711613674445,1.0,3.579729673851276,3.7503397197473247,-16.510437559113942,43.87783788412647,0.7559323092294242,630.3050510583031,714.7382105319939,0.0,76.0,39,-0.13310301384705658,-0.17400949797904497,1.4654943925052066e-14,-0.07439699854372872,-0.12720396598737027,0.1351740835548383,-0.26941569653137165,0.2877966739690163,-0.36113104278923247,0.036420516303008466,0.05879739095703762,0.1331030138470446,-0.25487554319839756,0.15965763593835147,-0.5311218067713255,0.2875777413137586,-0.3225749996501541,-0.1782967217378486,0.10014619367695987,689.0,643.3236157437901,637.5476869008899,632.1594361336604,626.771185366431,621.5415513036928,616.5804702695991,611.2174369702504,606.2556855424692,600.8216065511807,596.3120354403916,684.490428889211,591.7206423758714,587.0,679.6879645596084,675.1783934488193,670.1174304965143,665.3967881206429,660.2839690421551,654.8359683073985,648.8726852444076,724.0,708.0,708.4523130991101,709.8405638663396,711.228814633569,713.0,715.4195297304009,717.1883753531664,720.4962096383538,722.1783934488194,725.6879645596084,720.490428889211,729.0,732.0,717.6879645596084,714.1783934488194,712.0,709.0,708.8209922605388,707.0,707.0,119.2656612598141
2,40,1,106.68216216216216,727.8681081081081,148.0,1102.0,110.0,737.0,81.0,699.0,96.00675675675676,715.5202702702703,5.356570537480864,244.0,0.9929204286051458,13.727325035155395,1.0,0.13430127041742287,0.186686610958042,49.82770959216224,46.400431032480725,2.23606797749979,1.2816956756067317,1.0,6.583342996872091,5.918605413024362,32.71869090459694,99.8111831820431,0.6065573770491803,96.00675675675676,715.5202702702703,0.0,74.0,40,2.0539125955565396e-15,0.06412130102155622,-0.1274224586957471,-0.13640227867172028,-0.2558249021768457,-0.06295140773085789,-0.07082153889190479,-4.107825191113079e-15,-0.20248591020462825,0.10079411546880135,-0.19753022268183573,0.09025311475273035,0.036125954973399044,0.2081698291419528,0.2547523862774492,0.2027555637927857,8.215650382226158e-15,7.993605777301127e-15,-0.2027555637928138,69.0,101.0,104.0,106.67885822331375,110.00416305603426,114.05172439427031,118.65477272147525,123.38603896932108,128.260303038033,133.13456710674495,138.42304473782997,73.87426406871194,143.5031222920257,149.0,78.74852813742385,83.44038059222873,88.05857864376267,92.0,95.0,97.0,99.0,694.0,725.6257359312881,730.0857864376269,734.6788582233138,739.0041630560343,743.0,745.6547727214752,748.0,750.0,752.0,753.0,696.0,754.5031222920258,755.0,698.0,700.4403805922287,703.0585786437626,706.5428932188134,711.0029437251524,715.8772077938642,720.7514718625761,114.05382386916229
