case_name,worker_count,well_count,timestamp,pid,worker_slot,axis_id,step_name,phase,status,percent,completed,total
ExampleColocalization,1,24,1777974544.2088807,3177381,,W001,compilation,compile,running,4.166666666666666,1,24
ExampleColocalization,1,24,1777974544.5951014,3177381,,W002,compilation,compile,running,8.333333333333332,2,24
ExampleColocalization,1,24,1777974544.9555557,3177381,,W003,compilation,compile,running,12.5,3,24
ExampleColocalization,1,24,1777974545.3142662,3177381,,W004,compilation,compile,running,16.666666666666664,4,24
ExampleColocalization,1,24,1777974545.679969,3177381,,W005,compilation,compile,running,20.833333333333336,5,24
ExampleColocalization,1,24,1777974546.0611227,3177381,,W006,compilation,compile,running,25.0,6,24
ExampleColocalization,1,24,1777974546.4346142,3177381,,W007,compilation,compile,running,29.166666666666668,7,24
ExampleColocalization,1,24,1777974546.9933944,3177381,,W008,compilation,compile,running,33.33333333333333,8,24
ExampleColocalization,1,24,1777974547.363801,3177381,,W009,compilation,compile,running,37.5,9,24
ExampleColocalization,1,24,1777974547.737395,3177381,,W010,compilation,compile,running,41.66666666666667,10,24
ExampleColocalization,1,24,1777974548.1211855,3177381,,W011,compilation,compile,running,45.83333333333333,11,24
ExampleColocalization,1,24,1777974548.4877875,3177381,,W012,compilation,compile,running,50.0,12,24
ExampleColocalization,1,24,1777974548.8741505,3177381,,W013,compilation,compile,running,54.166666666666664,13,24
ExampleColocalization,1,24,1777974549.2965493,3177381,,W014,compilation,compile,running,58.333333333333336,14,24
ExampleColocalization,1,24,1777974549.849776,3177381,,W015,compilation,compile,running,62.5,15,24
ExampleColocalization,1,24,1777974550.2378144,3177381,,W016,compilation,compile,running,66.66666666666666,16,24
ExampleColocalization,1,24,1777974550.6160154,3177381,,W017,compilation,compile,running,70.83333333333334,17,24
ExampleColocalization,1,24,1777974550.9677505,3177381,,W018,compilation,compile,running,75.0,18,24
ExampleColocalization,1,24,1777974551.316083,3177381,,W019,compilation,compile,running,79.16666666666666,19,24
ExampleColocalization,1,24,1777974551.668428,3177381,,W020,compilation,compile,running,83.33333333333334,20,24
ExampleColocalization,1,24,1777974552.0751784,3177381,,W021,compilation,compile,running,87.5,21,24
ExampleColocalization,1,24,1777974552.6577106,3177381,,W022,compilation,compile,running,91.66666666666666,22,24
ExampleColocalization,1,24,1777974553.0579312,3177381,,W023,compilation,compile,running,95.83333333333334,23,24
ExampleColocalization,1,24,1777974553.4408572,3177381,,W024,compilation,compile,running,100.0,24,24
ExampleColocalization,1,24,1777974554.154706,3178061,worker_0,W001,pipeline,axis_started,started,0.0,0,17
ExampleColocalization,1,24,1777974554.1550877,3178061,worker_0,W001,CorrectIlluminationCalculate,step_started,started,0.0,0,17
ExampleColocalization,1,24,1777974554.3636649,3178061,worker_0,W001,CorrectIlluminationCalculate,pattern_group,running,100.0,1,1
ExampleColocalization,1,24,1777974554.3637388,3178061,worker_0,W001,CorrectIlluminationCalculate,step_completed,success,5.88235294117647,1,17
ExampleColocalization,1,24,1777974554.3637567,3178061,worker_0,W001,CorrectIlluminationCalculate,step_started,started,5.88235294117647,1,17
ExampleColocalization,1,24,1777974554.5139737,3178061,worker_0,W001,CorrectIlluminationCalculate,pattern_group,running,100.0,1,1
ExampleColocalization,1,24,1777974554.5140378,3178061,worker_0,W001,CorrectIlluminationCalculate,step_completed,success,11.76470588235294,2,17
ExampleColocalization,1,24,1777974554.5140538,3178061,worker_0,W001,Align,step_started,started,11.76470588235294,2,17
ExampleColocalization,1,24,1777974554.9328017,3178061,worker_0,W001,Align,pattern_group,running,100.0,1,1
ExampleColocalization,1,24,1777974554.9328663,3178061,worker_0,W001,Align,step_completed,success,17.647058823529413,3,17
ExampleColocalization,1,24,1777974554.9328828,3178061,worker_0,W001,MeasureColocalization,step_started,started,17.647058823529413,3,17
ExampleColocalization,1,24,1777974555.1543412,3178061,worker_0,W001,MeasureColocalization,pattern_group,running,100.0,1,1
ExampleColocalization,1,24,1777974555.1544023,3178061,worker_0,W001,MeasureColocalization,step_completed,success,23.52941176470588,4,17
ExampleColocalization,1,24,1777974555.1544187,3178061,worker_0,W001,IdentifyPrimaryObjects,step_started,started,23.52941176470588,4,17
ExampleColocalization,1,24,1777974555.6364994,3178061,worker_0,W001,IdentifyPrimaryObjects,pattern_group,running,100.0,1,1
ExampleColocalization,1,24,1777974555.6365569,3178061,worker_0,W001,IdentifyPrimaryObjects,step_completed,success,29.411764705882355,5,17
ExampleColocalization,1,24,1777974555.6365752,3178061,worker_0,W001,IdentifyPrimaryObjects,step_started,started,29.411764705882355,5,17
ExampleColocalization,1,24,1777974556.1391098,3178061,worker_0,W001,IdentifyPrimaryObjects,pattern_group,running,100.0,1,1
ExampleColocalization,1,24,1777974556.1391964,3178061,worker_0,W001,IdentifyPrimaryObjects,step_completed,success,35.294117647058826,6,17
ExampleColocalization,1,24,1777974556.1392205,3178061,worker_0,W001,RelateObjects,step_started,started,35.294117647058826,6,17
ExampleColocalization,1,24,1777974556.209072,3178061,worker_0,W001,RelateObjects,pattern_group,running,100.0,1,1
ExampleColocalization,1,24,1777974556.2091331,3178061,worker_0,W001,RelateObjects,step_completed,success,41.17647058823529,7,17
ExampleColocalization,1,24,1777974556.2091508,3178061,worker_0,W001,ExpandOrShrinkObjects,step_started,started,41.17647058823529,7,17
ExampleColocalization,1,24,1777974556.2277224,3178061,worker_0,W001,ExpandOrShrinkObjects,pattern_group,running,100.0,1,1
ExampleColocalization,1,24,1777974556.2277842,3178061,worker_0,W001,ExpandOrShrinkObjects,step_completed,success,47.05882352941176,8,17
ExampleColocalization,1,24,1777974556.227801,3178061,worker_0,W001,ExpandOrShrinkObjects,step_started,started,47.05882352941176,8,17
ExampleColocalization,1,24,1777974556.2468386,3178061,worker_0,W001,ExpandOrShrinkObjects,pattern_group,running,100.0,1,1
ExampleColocalization,1,24,1777974556.2469108,3178061,worker_0,W001,ExpandOrShrinkObjects,step_completed,success,52.94117647058824,9,17
ExampleColocalization,1,24,1777974556.2469318,3178061,worker_0,W001,ExpandOrShrinkObjects,step_started,started,52.94117647058824,9,17
ExampleColocalization,1,24,1777974556.2783113,3178061,worker_0,W001,ExpandOrShrinkObjects,pattern_group,running,100.0,1,1
ExampleColocalization,1,24,1777974556.2784076,3178061,worker_0,W001,ExpandOrShrinkObjects,step_completed,success,58.82352941176471,10,17
ExampleColocalization,1,24,1777974556.2784324,3178061,worker_0,W001,ExpandOrShrinkObjects,step_started,started,58.82352941176471,10,17
ExampleColocalization,1,24,1777974556.308761,3178061,worker_0,W001,ExpandOrShrinkObjects,pattern_group,running,100.0,1,1
ExampleColocalization,1,24,1777974556.30882,3178061,worker_0,W001,ExpandOrShrinkObjects,step_completed,success,64.70588235294117,11,17
ExampleColocalization,1,24,1777974556.308838,3178061,worker_0,W001,RelateObjects,step_started,started,64.70588235294117,11,17
ExampleColocalization,1,24,1777974556.3615222,3178061,worker_0,W001,RelateObjects,pattern_group,running,100.0,1,1
ExampleColocalization,1,24,1777974556.36158,3178061,worker_0,W001,RelateObjects,step_completed,success,70.58823529411765,12,17
ExampleColocalization,1,24,1777974556.3615963,3178061,worker_0,W001,ClassifyObjects,step_started,started,70.58823529411765,12,17
ExampleColocalization,1,24,1777974556.4166634,3178061,worker_0,W001,ClassifyObjects,pattern_group,running,100.0,1,1
ExampleColocalization,1,24,1777974556.4167523,3178061,worker_0,W001,ClassifyObjects,step_completed,success,76.47058823529412,13,17
ExampleColocalization,1,24,1777974556.4167733,3178061,worker_0,W001,FilterObjects,step_started,started,76.47058823529412,13,17
ExampleColocalization,1,24,1777974556.4944456,3178061,worker_0,W001,FilterObjects,pattern_group,running,100.0,1,1
ExampleColocalization,1,24,1777974556.4944987,3178061,worker_0,W001,FilterObjects,step_completed,success,82.35294117647058,14,17
ExampleColocalization,1,24,1777974556.4945157,3178061,worker_0,W001,MaskObjects,step_started,started,82.35294117647058,14,17
ExampleColocalization,1,24,1777974556.5311828,3178061,worker_0,W001,MaskObjects,pattern_group,running,100.0,1,1
ExampleColocalization,1,24,1777974556.531237,3178061,worker_0,W001,MaskObjects,step_completed,success,88.23529411764706,15,17
ExampleColocalization,1,24,1777974556.5312536,3178061,worker_0,W001,MeasureImageAreaOccupied,step_started,started,88.23529411764706,15,17
ExampleColocalization,1,24,1777974556.5579147,3178061,worker_0,W001,MeasureImageAreaOccupied,pattern_group,running,100.0,1,1
ExampleColocalization,1,24,1777974556.557969,3178061,worker_0,W001,MeasureImageAreaOccupied,step_completed,success,94.11764705882352,16,17
ExampleColocalization,1,24,1777974556.557988,3178061,worker_0,W001,CalculateMath,step_started,started,94.11764705882352,16,17
ExampleColocalization,1,24,1777974556.6130333,3178061,worker_0,W001,CalculateMath,pattern_group,running,50.0,1,2
ExampleColocalization,1,24,1777974556.6647978,3178061,worker_0,W001,CalculateMath,pattern_group,running,100.0,2,2
ExampleColocalization,1,24,1777974556.6648498,3178061,worker_0,W001,CalculateMath,step_completed,success,100.0,17,17
ExampleColocalization,1,24,1777974556.6650364,3178061,worker_0,W001,pipeline,axis_completed,success,100.0,17,17
ExampleColocalization,1,24,1777974556.6650627,3178061,worker_0,W002,pipeline,axis_started,started,0.0,0,17
ExampleColocalization,1,24,1777974556.6650813,3178061,worker_0,W002,CorrectIlluminationCalculate,step_started,started,0.0,0,17
ExampleColocalization,1,24,1777974556.823002,3178061,worker_0,W002,CorrectIlluminationCalculate,pattern_group,running,100.0,1,1
ExampleColocalization,1,24,1777974556.8230622,3178061,worker_0,W002,CorrectIlluminationCalculate,step_completed,success,5.88235294117647,1,17
ExampleColocalization,1,24,1777974556.8230789,3178061,worker_0,W002,CorrectIlluminationCalculate,step_started,started,5.88235294117647,1,17
ExampleColocalization,1,24,1777974556.963146,3178061,worker_0,W002,CorrectIlluminationCalculate,pattern_group,running,100.0,1,1
ExampleColocalization,1,24,1777974556.9632013,3178061,worker_0,W002,CorrectIlluminationCalculate,step_completed,success,11.76470588235294,2,17
ExampleColocalization,1,24,1777974556.9632177,3178061,worker_0,W002,Align,step_started,started,11.76470588235294,2,17
ExampleColocalization,1,24,1777974557.3187764,3178061,worker_0,W002,Align,pattern_group,running,100.0,1,1
ExampleColocalization,1,24,1777974557.3188303,3178061,worker_0,W002,Align,step_completed,success,17.647058823529413,3,17
ExampleColocalization,1,24,1777974557.3188462,3178061,worker_0,W002,MeasureColocalization,step_started,started,17.647058823529413,3,17
ExampleColocalization,1,24,1777974557.545202,3178061,worker_0,W002,MeasureColocalization,pattern_group,running,100.0,1,1
ExampleColocalization,1,24,1777974557.5452583,3178061,worker_0,W002,MeasureColocalization,step_completed,success,23.52941176470588,4,17
ExampleColocalization,1,24,1777974557.5452747,3178061,worker_0,W002,IdentifyPrimaryObjects,step_started,started,23.52941176470588,4,17
ExampleColocalization,1,24,1777974557.9711907,3178061,worker_0,W002,IdentifyPrimaryObjects,pattern_group,running,100.0,1,1
ExampleColocalization,1,24,1777974557.9712615,3178061,worker_0,W002,IdentifyPrimaryObjects,step_completed,success,29.411764705882355,5,17
ExampleColocalization,1,24,1777974557.9712834,3178061,worker_0,W002,IdentifyPrimaryObjects,step_started,started,29.411764705882355,5,17
ExampleColocalization,1,24,1777974558.463405,3178061,worker_0,W002,IdentifyPrimaryObjects,pattern_group,running,100.0,1,1
ExampleColocalization,1,24,1777974558.463486,3178061,worker_0,W002,IdentifyPrimaryObjects,step_completed,success,35.294117647058826,6,17
ExampleColocalization,1,24,1777974558.4635038,3178061,worker_0,W002,RelateObjects,step_started,started,35.294117647058826,6,17
ExampleColocalization,1,24,1777974558.5159168,3178061,worker_0,W002,RelateObjects,pattern_group,running,100.0,1,1
ExampleColocalization,1,24,1777974558.5159743,3178061,worker_0,W002,RelateObjects,step_completed,success,41.17647058823529,7,17
ExampleColocalization,1,24,1777974558.5159907,3178061,worker_0,W002,ExpandOrShrinkObjects,step_started,started,41.17647058823529,7,17
ExampleColocalization,1,24,1777974558.529851,3178061,worker_0,W002,ExpandOrShrinkObjects,pattern_group,running,100.0,1,1
ExampleColocalization,1,24,1777974558.529929,3178061,worker_0,W002,ExpandOrShrinkObjects,step_completed,success,47.05882352941176,8,17
ExampleColocalization,1,24,1777974558.5299468,3178061,worker_0,W002,ExpandOrShrinkObjects,step_started,started,47.05882352941176,8,17
ExampleColocalization,1,24,1777974558.5467253,3178061,worker_0,W002,ExpandOrShrinkObjects,pattern_group,running,100.0,1,1
ExampleColocalization,1,24,1777974558.5467794,3178061,worker_0,W002,ExpandOrShrinkObjects,step_completed,success,52.94117647058824,9,17
ExampleColocalization,1,24,1777974558.5467954,3178061,worker_0,W002,ExpandOrShrinkObjects,step_started,started,52.94117647058824,9,17
ExampleColocalization,1,24,1777974558.5730438,3178061,worker_0,W002,ExpandOrShrinkObjects,pattern_group,running,100.0,1,1
ExampleColocalization,1,24,1777974558.5731084,3178061,worker_0,W002,ExpandOrShrinkObjects,step_completed,success,58.82352941176471,10,17
ExampleColocalization,1,24,1777974558.573125,3178061,worker_0,W002,ExpandOrShrinkObjects,step_started,started,58.82352941176471,10,17
ExampleColocalization,1,24,1777974558.6005683,3178061,worker_0,W002,ExpandOrShrinkObjects,pattern_group,running,100.0,1,1
ExampleColocalization,1,24,1777974558.6006262,3178061,worker_0,W002,ExpandOrShrinkObjects,step_completed,success,64.70588235294117,11,17
ExampleColocalization,1,24,1777974558.6006424,3178061,worker_0,W002,RelateObjects,step_started,started,64.70588235294117,11,17
ExampleColocalization,1,24,1777974558.6537442,3178061,worker_0,W002,RelateObjects,pattern_group,running,100.0,1,1
ExampleColocalization,1,24,1777974558.6537976,3178061,worker_0,W002,RelateObjects,step_completed,success,70.58823529411765,12,17
ExampleColocalization,1,24,1777974558.6538138,3178061,worker_0,W002,ClassifyObjects,step_started,started,70.58823529411765,12,17
ExampleColocalization,1,24,1777974558.7088838,3178061,worker_0,W002,ClassifyObjects,pattern_group,running,100.0,1,1
ExampleColocalization,1,24,1777974558.7089648,3178061,worker_0,W002,ClassifyObjects,step_completed,success,76.47058823529412,13,17
ExampleColocalization,1,24,1777974558.7089822,3178061,worker_0,W002,FilterObjects,step_started,started,76.47058823529412,13,17
ExampleColocalization,1,24,1777974558.785172,3178061,worker_0,W002,FilterObjects,pattern_group,running,100.0,1,1
ExampleColocalization,1,24,1777974558.7852244,3178061,worker_0,W002,FilterObjects,step_completed,success,82.35294117647058,14,17
ExampleColocalization,1,24,1777974558.7852418,3178061,worker_0,W002,MaskObjects,step_started,started,82.35294117647058,14,17
ExampleColocalization,1,24,1777974558.8245106,3178061,worker_0,W002,MaskObjects,pattern_group,running,100.0,1,1
ExampleColocalization,1,24,1777974558.824562,3178061,worker_0,W002,MaskObjects,step_completed,success,88.23529411764706,15,17
ExampleColocalization,1,24,1777974558.824578,3178061,worker_0,W002,MeasureImageAreaOccupied,step_started,started,88.23529411764706,15,17
ExampleColocalization,1,24,1777974558.8519926,3178061,worker_0,W002,MeasureImageAreaOccupied,pattern_group,running,100.0,1,1
ExampleColocalization,1,24,1777974558.8520472,3178061,worker_0,W002,MeasureImageAreaOccupied,step_completed,success,94.11764705882352,16,17
ExampleColocalization,1,24,1777974558.8520632,3178061,worker_0,W002,CalculateMath,step_started,started,94.11764705882352,16,17
ExampleColocalization,1,24,1777974558.9066608,3178061,worker_0,W002,CalculateMath,pattern_group,running,50.0,1,2
ExampleColocalization,1,24,1777974558.9607873,3178061,worker_0,W002,CalculateMath,pattern_group,running,100.0,2,2
ExampleColocalization,1,24,1777974558.960864,3178061,worker_0,W002,CalculateMath,step_completed,success,100.0,17,17
ExampleColocalization,1,24,1777974558.9610443,3178061,worker_0,W002,pipeline,axis_completed,success,100.0,17,17
ExampleColocalization,1,24,1777974558.961068,3178061,worker_0,W003,pipeline,axis_started,started,0.0,0,17
ExampleColocalization,1,24,1777974558.961088,3178061,worker_0,W003,CorrectIlluminationCalculate,step_started,started,0.0,0,17
ExampleColocalization,1,24,1777974559.1368036,3178061,worker_0,W003,CorrectIlluminationCalculate,pattern_group,running,100.0,1,1
ExampleColocalization,1,24,1777974559.136887,3178061,worker_0,W003,CorrectIlluminationCalculate,step_completed,success,5.88235294117647,1,17
ExampleColocalization,1,24,1777974559.1369083,3178061,worker_0,W003,CorrectIlluminationCalculate,step_started,started,5.88235294117647,1,17
ExampleColocalization,1,24,1777974559.2969615,3178061,worker_0,W003,CorrectIlluminationCalculate,pattern_group,running,100.0,1,1
ExampleColocalization,1,24,1777974559.2970548,3178061,worker_0,W003,CorrectIlluminationCalculate,step_completed,success,11.76470588235294,2,17
ExampleColocalization,1,24,1777974559.2970722,3178061,worker_0,W003,Align,step_started,started,11.76470588235294,2,17
ExampleColocalization,1,24,1777974559.6657162,3178061,worker_0,W003,Align,pattern_group,running,100.0,1,1
ExampleColocalization,1,24,1777974559.6658268,3178061,worker_0,W003,Align,step_completed,success,17.647058823529413,3,17
ExampleColocalization,1,24,1777974559.6658454,3178061,worker_0,W003,MeasureColocalization,step_started,started,17.647058823529413,3,17
ExampleColocalization,1,24,1777974559.8879592,3178061,worker_0,W003,MeasureColocalization,pattern_group,running,100.0,1,1
ExampleColocalization,1,24,1777974559.8880136,3178061,worker_0,W003,MeasureColocalization,step_completed,success,23.52941176470588,4,17
ExampleColocalization,1,24,1777974559.8880298,3178061,worker_0,W003,IdentifyPrimaryObjects,step_started,started,23.52941176470588,4,17
ExampleColocalization,1,24,1777974560.3231585,3178061,worker_0,W003,IdentifyPrimaryObjects,pattern_group,running,100.0,1,1
ExampleColocalization,1,24,1777974560.323228,3178061,worker_0,W003,IdentifyPrimaryObjects,step_completed,success,29.411764705882355,5,17
ExampleColocalization,1,24,1777974560.323245,3178061,worker_0,W003,IdentifyPrimaryObjects,step_started,started,29.411764705882355,5,17
ExampleColocalization,1,24,1777974560.7973678,3178061,worker_0,W003,IdentifyPrimaryObjects,pattern_group,running,100.0,1,1
ExampleColocalization,1,24,1777974560.7974315,3178061,worker_0,W003,IdentifyPrimaryObjects,step_completed,success,35.294117647058826,6,17
ExampleColocalization,1,24,1777974560.7974484,3178061,worker_0,W003,RelateObjects,step_started,started,35.294117647058826,6,17
ExampleColocalization,1,24,1777974560.8455145,3178061,worker_0,W003,RelateObjects,pattern_group,running,100.0,1,1
ExampleColocalization,1,24,1777974560.8455658,3178061,worker_0,W003,RelateObjects,step_completed,success,41.17647058823529,7,17
ExampleColocalization,1,24,1777974560.8455813,3178061,worker_0,W003,ExpandOrShrinkObjects,step_started,started,41.17647058823529,7,17
ExampleColocalization,1,24,1777974560.8611903,3178061,worker_0,W003,ExpandOrShrinkObjects,pattern_group,running,100.0,1,1
ExampleColocalization,1,24,1777974560.8612537,3178061,worker_0,W003,ExpandOrShrinkObjects,step_completed,success,47.05882352941176,8,17
ExampleColocalization,1,24,1777974560.86127,3178061,worker_0,W003,ExpandOrShrinkObjects,step_started,started,47.05882352941176,8,17
ExampleColocalization,1,24,1777974560.8760726,3178061,worker_0,W003,ExpandOrShrinkObjects,pattern_group,running,100.0,1,1
ExampleColocalization,1,24,1777974560.8761277,3178061,worker_0,W003,ExpandOrShrinkObjects,step_completed,success,52.94117647058824,9,17
ExampleColocalization,1,24,1777974560.8761437,3178061,worker_0,W003,ExpandOrShrinkObjects,step_started,started,52.94117647058824,9,17
ExampleColocalization,1,24,1777974560.9025567,3178061,worker_0,W003,ExpandOrShrinkObjects,pattern_group,running,100.0,1,1
ExampleColocalization,1,24,1777974560.902623,3178061,worker_0,W003,ExpandOrShrinkObjects,step_completed,success,58.82352941176471,10,17
ExampleColocalization,1,24,1777974560.90264,3178061,worker_0,W003,ExpandOrShrinkObjects,step_started,started,58.82352941176471,10,17
ExampleColocalization,1,24,1777974560.9322383,3178061,worker_0,W003,ExpandOrShrinkObjects,pattern_group,running,100.0,1,1
ExampleColocalization,1,24,1777974560.932361,3178061,worker_0,W003,ExpandOrShrinkObjects,step_completed,success,64.70588235294117,11,17
ExampleColocalization,1,24,1777974560.9323816,3178061,worker_0,W003,RelateObjects,step_started,started,64.70588235294117,11,17
ExampleColocalization,1,24,1777974560.983929,3178061,worker_0,W003,RelateObjects,pattern_group,running,100.0,1,1
ExampleColocalization,1,24,1777974560.9839838,3178061,worker_0,W003,RelateObjects,step_completed,success,70.58823529411765,12,17
ExampleColocalization,1,24,1777974560.984,3178061,worker_0,W003,ClassifyObjects,step_started,started,70.58823529411765,12,17
ExampleColocalization,1,24,1777974561.0389931,3178061,worker_0,W003,ClassifyObjects,pattern_group,running,100.0,1,1
ExampleColocalization,1,24,1777974561.0390515,3178061,worker_0,W003,ClassifyObjects,step_completed,success,76.47058823529412,13,17
ExampleColocalization,1,24,1777974561.0390682,3178061,worker_0,W003,FilterObjects,step_started,started,76.47058823529412,13,17
ExampleColocalization,1,24,1777974561.1087687,3178061,worker_0,W003,FilterObjects,pattern_group,running,100.0,1,1
ExampleColocalization,1,24,1777974561.108822,3178061,worker_0,W003,FilterObjects,step_completed,success,82.35294117647058,14,17
ExampleColocalization,1,24,1777974561.1088383,3178061,worker_0,W003,MaskObjects,step_started,started,82.35294117647058,14,17
ExampleColocalization,1,24,1777974561.148164,3178061,worker_0,W003,MaskObjects,pattern_group,running,100.0,1,1
ExampleColocalization,1,24,1777974561.1482198,3178061,worker_0,W003,MaskObjects,step_completed,success,88.23529411764706,15,17
ExampleColocalization,1,24,1777974561.1482358,3178061,worker_0,W003,MeasureImageAreaOccupied,step_started,started,88.23529411764706,15,17
ExampleColocalization,1,24,1777974561.1748073,3178061,worker_0,W003,MeasureImageAreaOccupied,pattern_group,running,100.0,1,1
ExampleColocalization,1,24,1777974561.1748626,3178061,worker_0,W003,MeasureImageAreaOccupied,step_completed,success,94.11764705882352,16,17
ExampleColocalization,1,24,1777974561.174879,3178061,worker_0,W003,CalculateMath,step_started,started,94.11764705882352,16,17
ExampleColocalization,1,24,1777974561.228679,3178061,worker_0,W003,CalculateMath,pattern_group,running,50.0,1,2
ExampleColocalization,1,24,1777974561.284638,3178061,worker_0,W003,CalculateMath,pattern_group,running,100.0,2,2
ExampleColocalization,1,24,1777974561.284725,3178061,worker_0,W003,CalculateMath,step_completed,success,100.0,17,17
ExampleColocalization,1,24,1777974561.284914,3178061,worker_0,W003,pipeline,axis_completed,success,100.0,17,17
ExampleColocalization,1,24,1777974561.2849393,3178061,worker_0,W004,pipeline,axis_started,started,0.0,0,17
ExampleColocalization,1,24,1777974561.284961,3178061,worker_0,W004,CorrectIlluminationCalculate,step_started,started,0.0,0,17
ExampleColocalization,1,24,1777974561.4398677,3178061,worker_0,W004,CorrectIlluminationCalculate,pattern_group,running,100.0,1,1
ExampleColocalization,1,24,1777974561.4399383,3178061,worker_0,W004,CorrectIlluminationCalculate,step_completed,success,5.88235294117647,1,17
ExampleColocalization,1,24,1777974561.4399548,3178061,worker_0,W004,CorrectIlluminationCalculate,step_started,started,5.88235294117647,1,17
ExampleColocalization,1,24,1777974561.581894,3178061,worker_0,W004,CorrectIlluminationCalculate,pattern_group,running,100.0,1,1
ExampleColocalization,1,24,1777974561.5819504,3178061,worker_0,W004,CorrectIlluminationCalculate,step_completed,success,11.76470588235294,2,17
ExampleColocalization,1,24,1777974561.5819664,3178061,worker_0,W004,Align,step_started,started,11.76470588235294,2,17
ExampleColocalization,1,24,1777974561.936345,3178061,worker_0,W004,Align,pattern_group,running,100.0,1,1
ExampleColocalization,1,24,1777974561.936422,3178061,worker_0,W004,Align,step_completed,success,17.647058823529413,3,17
ExampleColocalization,1,24,1777974561.936439,3178061,worker_0,W004,MeasureColocalization,step_started,started,17.647058823529413,3,17
ExampleColocalization,1,24,1777974562.160455,3178061,worker_0,W004,MeasureColocalization,pattern_group,running,100.0,1,1
ExampleColocalization,1,24,1777974562.1605096,3178061,worker_0,W004,MeasureColocalization,step_completed,success,23.52941176470588,4,17
ExampleColocalization,1,24,1777974562.160526,3178061,worker_0,W004,IdentifyPrimaryObjects,step_started,started,23.52941176470588,4,17
ExampleColocalization,1,24,1777974562.5889456,3178061,worker_0,W004,IdentifyPrimaryObjects,pattern_group,running,100.0,1,1
ExampleColocalization,1,24,1777974562.589004,3178061,worker_0,W004,IdentifyPrimaryObjects,step_completed,success,29.411764705882355,5,17
ExampleColocalization,1,24,1777974562.5890205,3178061,worker_0,W004,IdentifyPrimaryObjects,step_started,started,29.411764705882355,5,17
ExampleColocalization,1,24,1777974563.0601,3178061,worker_0,W004,IdentifyPrimaryObjects,pattern_group,running,100.0,1,1
ExampleColocalization,1,24,1777974563.0601547,3178061,worker_0,W004,IdentifyPrimaryObjects,step_completed,success,35.294117647058826,6,17
ExampleColocalization,1,24,1777974563.060171,3178061,worker_0,W004,RelateObjects,step_started,started,35.294117647058826,6,17
ExampleColocalization,1,24,1777974563.1064343,3178061,worker_0,W004,RelateObjects,pattern_group,running,100.0,1,1
ExampleColocalization,1,24,1777974563.1065261,3178061,worker_0,W004,RelateObjects,step_completed,success,41.17647058823529,7,17
ExampleColocalization,1,24,1777974563.106546,3178061,worker_0,W004,ExpandOrShrinkObjects,step_started,started,41.17647058823529,7,17
ExampleColocalization,1,24,1777974563.1214654,3178061,worker_0,W004,ExpandOrShrinkObjects,pattern_group,running,100.0,1,1
ExampleColocalization,1,24,1777974563.121568,3178061,worker_0,W004,ExpandOrShrinkObjects,step_completed,success,47.05882352941176,8,17
ExampleColocalization,1,24,1777974563.121587,3178061,worker_0,W004,ExpandOrShrinkObjects,step_started,started,47.05882352941176,8,17
ExampleColocalization,1,24,1777974563.137759,3178061,worker_0,W004,ExpandOrShrinkObjects,pattern_group,running,100.0,1,1
ExampleColocalization,1,24,1777974563.1378171,3178061,worker_0,W004,ExpandOrShrinkObjects,step_completed,success,52.94117647058824,9,17
ExampleColocalization,1,24,1777974563.1378334,3178061,worker_0,W004,ExpandOrShrinkObjects,step_started,started,52.94117647058824,9,17
ExampleColocalization,1,24,1777974563.1635978,3178061,worker_0,W004,ExpandOrShrinkObjects,pattern_group,running,100.0,1,1
ExampleColocalization,1,24,1777974563.163658,3178061,worker_0,W004,ExpandOrShrinkObjects,step_completed,success,58.82352941176471,10,17
ExampleColocalization,1,24,1777974563.163677,3178061,worker_0,W004,ExpandOrShrinkObjects,step_started,started,58.82352941176471,10,17
ExampleColocalization,1,24,1777974563.1900017,3178061,worker_0,W004,ExpandOrShrinkObjects,pattern_group,running,100.0,1,1
ExampleColocalization,1,24,1777974563.1900725,3178061,worker_0,W004,ExpandOrShrinkObjects,step_completed,success,64.70588235294117,11,17
ExampleColocalization,1,24,1777974563.1900895,3178061,worker_0,W004,RelateObjects,step_started,started,64.70588235294117,11,17
ExampleColocalization,1,24,1777974563.2429962,3178061,worker_0,W004,RelateObjects,pattern_group,running,100.0,1,1
ExampleColocalization,1,24,1777974563.2430491,3178061,worker_0,W004,RelateObjects,step_completed,success,70.58823529411765,12,17
ExampleColocalization,1,24,1777974563.2430654,3178061,worker_0,W004,ClassifyObjects,step_started,started,70.58823529411765,12,17
ExampleColocalization,1,24,1777974563.2961943,3178061,worker_0,W004,ClassifyObjects,pattern_group,running,100.0,1,1
ExampleColocalization,1,24,1777974563.2962484,3178061,worker_0,W004,ClassifyObjects,step_completed,success,76.47058823529412,13,17
ExampleColocalization,1,24,1777974563.2962642,3178061,worker_0,W004,FilterObjects,step_started,started,76.47058823529412,13,17
ExampleColocalization,1,24,1777974563.365845,3178061,worker_0,W004,FilterObjects,pattern_group,running,100.0,1,1
ExampleColocalization,1,24,1777974563.3658974,3178061,worker_0,W004,FilterObjects,step_completed,success,82.35294117647058,14,17
ExampleColocalization,1,24,1777974563.3659136,3178061,worker_0,W004,MaskObjects,step_started,started,82.35294117647058,14,17
ExampleColocalization,1,24,1777974563.3995683,3178061,worker_0,W004,MaskObjects,pattern_group,running,100.0,1,1
ExampleColocalization,1,24,1777974563.3996205,3178061,worker_0,W004,MaskObjects,step_completed,success,88.23529411764706,15,17
ExampleColocalization,1,24,1777974563.399637,3178061,worker_0,W004,MeasureImageAreaOccupied,step_started,started,88.23529411764706,15,17
ExampleColocalization,1,24,1777974563.4280417,3178061,worker_0,W004,MeasureImageAreaOccupied,pattern_group,running,100.0,1,1
ExampleColocalization,1,24,1777974563.428103,3178061,worker_0,W004,MeasureImageAreaOccupied,step_completed,success,94.11764705882352,16,17
ExampleColocalization,1,24,1777974563.4281197,3178061,worker_0,W004,CalculateMath,step_started,started,94.11764705882352,16,17
ExampleColocalization,1,24,1777974563.483365,3178061,worker_0,W004,CalculateMath,pattern_group,running,50.0,1,2
ExampleColocalization,1,24,1777974563.5390868,3178061,worker_0,W004,CalculateMath,pattern_group,running,100.0,2,2
ExampleColocalization,1,24,1777974563.5391355,3178061,worker_0,W004,CalculateMath,step_completed,success,100.0,17,17
ExampleColocalization,1,24,1777974563.5392725,3178061,worker_0,W004,pipeline,axis_completed,success,100.0,17,17
ExampleColocalization,1,24,1777974563.5392938,3178061,worker_0,W005,pipeline,axis_started,started,0.0,0,17
ExampleColocalization,1,24,1777974563.539311,3178061,worker_0,W005,CorrectIlluminationCalculate,step_started,started,0.0,0,17
ExampleColocalization,1,24,1777974563.6916478,3178061,worker_0,W005,CorrectIlluminationCalculate,pattern_group,running,100.0,1,1
ExampleColocalization,1,24,1777974563.69171,3178061,worker_0,W005,CorrectIlluminationCalculate,step_completed,success,5.88235294117647,1,17
ExampleColocalization,1,24,1777974563.691726,3178061,worker_0,W005,CorrectIlluminationCalculate,step_started,started,5.88235294117647,1,17
ExampleColocalization,1,24,1777974563.8374667,3178061,worker_0,W005,CorrectIlluminationCalculate,pattern_group,running,100.0,1,1
ExampleColocalization,1,24,1777974563.837524,3178061,worker_0,W005,CorrectIlluminationCalculate,step_completed,success,11.76470588235294,2,17
ExampleColocalization,1,24,1777974563.8375404,3178061,worker_0,W005,Align,step_started,started,11.76470588235294,2,17
ExampleColocalization,1,24,1777974564.187919,3178061,worker_0,W005,Align,pattern_group,running,100.0,1,1
ExampleColocalization,1,24,1777974564.187992,3178061,worker_0,W005,Align,step_completed,success,17.647058823529413,3,17
ExampleColocalization,1,24,1777974564.188009,3178061,worker_0,W005,MeasureColocalization,step_started,started,17.647058823529413,3,17
ExampleColocalization,1,24,1777974564.4237576,3178061,worker_0,W005,MeasureColocalization,pattern_group,running,100.0,1,1
ExampleColocalization,1,24,1777974564.4238174,3178061,worker_0,W005,MeasureColocalization,step_completed,success,23.52941176470588,4,17
ExampleColocalization,1,24,1777974564.423834,3178061,worker_0,W005,IdentifyPrimaryObjects,step_started,started,23.52941176470588,4,17
ExampleColocalization,1,24,1777974564.8421588,3178061,worker_0,W005,IdentifyPrimaryObjects,pattern_group,running,100.0,1,1
ExampleColocalization,1,24,1777974564.8422618,3178061,worker_0,W005,IdentifyPrimaryObjects,step_completed,success,29.411764705882355,5,17
ExampleColocalization,1,24,1777974564.8422835,3178061,worker_0,W005,IdentifyPrimaryObjects,step_started,started,29.411764705882355,5,17
ExampleColocalization,1,24,1777974565.3318868,3178061,worker_0,W005,IdentifyPrimaryObjects,pattern_group,running,100.0,1,1
ExampleColocalization,1,24,1777974565.3319747,3178061,worker_0,W005,IdentifyPrimaryObjects,step_completed,success,35.294117647058826,6,17
ExampleColocalization,1,24,1777974565.331997,3178061,worker_0,W005,RelateObjects,step_started,started,35.294117647058826,6,17
ExampleColocalization,1,24,1777974565.4037452,3178061,worker_0,W005,RelateObjects,pattern_group,running,100.0,1,1
ExampleColocalization,1,24,1777974565.4038591,3178061,worker_0,W005,RelateObjects,step_completed,success,41.17647058823529,7,17
ExampleColocalization,1,24,1777974565.4038794,3178061,worker_0,W005,ExpandOrShrinkObjects,step_started,started,41.17647058823529,7,17
ExampleColocalization,1,24,1777974565.4182537,3178061,worker_0,W005,ExpandOrShrinkObjects,pattern_group,running,100.0,1,1
ExampleColocalization,1,24,1777974565.418311,3178061,worker_0,W005,ExpandOrShrinkObjects,step_completed,success,47.05882352941176,8,17
ExampleColocalization,1,24,1777974565.418327,3178061,worker_0,W005,ExpandOrShrinkObjects,step_started,started,47.05882352941176,8,17
ExampleColocalization,1,24,1777974565.4319584,3178061,worker_0,W005,ExpandOrShrinkObjects,pattern_group,running,100.0,1,1
ExampleColocalization,1,24,1777974565.432019,3178061,worker_0,W005,ExpandOrShrinkObjects,step_completed,success,52.94117647058824,9,17
ExampleColocalization,1,24,1777974565.4320347,3178061,worker_0,W005,ExpandOrShrinkObjects,step_started,started,52.94117647058824,9,17
ExampleColocalization,1,24,1777974565.4583848,3178061,worker_0,W005,ExpandOrShrinkObjects,pattern_group,running,100.0,1,1
ExampleColocalization,1,24,1777974565.4584415,3178061,worker_0,W005,ExpandOrShrinkObjects,step_completed,success,58.82352941176471,10,17
ExampleColocalization,1,24,1777974565.458462,3178061,worker_0,W005,ExpandOrShrinkObjects,step_started,started,58.82352941176471,10,17
ExampleColocalization,1,24,1777974565.4880927,3178061,worker_0,W005,ExpandOrShrinkObjects,pattern_group,running,100.0,1,1
ExampleColocalization,1,24,1777974565.4881687,3178061,worker_0,W005,ExpandOrShrinkObjects,step_completed,success,64.70588235294117,11,17
ExampleColocalization,1,24,1777974565.4881926,3178061,worker_0,W005,RelateObjects,step_started,started,64.70588235294117,11,17
ExampleColocalization,1,24,1777974565.538743,3178061,worker_0,W005,RelateObjects,pattern_group,running,100.0,1,1
ExampleColocalization,1,24,1777974565.5388374,3178061,worker_0,W005,RelateObjects,step_completed,success,70.58823529411765,12,17
ExampleColocalization,1,24,1777974565.5388572,3178061,worker_0,W005,ClassifyObjects,step_started,started,70.58823529411765,12,17
ExampleColocalization,1,24,1777974565.594848,3178061,worker_0,W005,ClassifyObjects,pattern_group,running,100.0,1,1
ExampleColocalization,1,24,1777974565.5949264,3178061,worker_0,W005,ClassifyObjects,step_completed,success,76.47058823529412,13,17
ExampleColocalization,1,24,1777974565.5949445,3178061,worker_0,W005,FilterObjects,step_started,started,76.47058823529412,13,17
ExampleColocalization,1,24,1777974565.664639,3178061,worker_0,W005,FilterObjects,pattern_group,running,100.0,1,1
ExampleColocalization,1,24,1777974565.664692,3178061,worker_0,W005,FilterObjects,step_completed,success,82.35294117647058,14,17
ExampleColocalization,1,24,1777974565.6647081,3178061,worker_0,W005,MaskObjects,step_started,started,82.35294117647058,14,17
ExampleColocalization,1,24,1777974565.70207,3178061,worker_0,W005,MaskObjects,pattern_group,running,100.0,1,1
ExampleColocalization,1,24,1777974565.7021315,3178061,worker_0,W005,MaskObjects,step_completed,success,88.23529411764706,15,17
ExampleColocalization,1,24,1777974565.7021472,3178061,worker_0,W005,MeasureImageAreaOccupied,step_started,started,88.23529411764706,15,17
ExampleColocalization,1,24,1777974565.7290137,3178061,worker_0,W005,MeasureImageAreaOccupied,pattern_group,running,100.0,1,1
ExampleColocalization,1,24,1777974565.729069,3178061,worker_0,W005,MeasureImageAreaOccupied,step_completed,success,94.11764705882352,16,17
ExampleColocalization,1,24,1777974565.7290852,3178061,worker_0,W005,CalculateMath,step_started,started,94.11764705882352,16,17
ExampleColocalization,1,24,1777974565.7858114,3178061,worker_0,W005,CalculateMath,pattern_group,running,50.0,1,2
ExampleColocalization,1,24,1777974565.8407915,3178061,worker_0,W005,CalculateMath,pattern_group,running,100.0,2,2
ExampleColocalization,1,24,1777974565.8408494,3178061,worker_0,W005,CalculateMath,step_completed,success,100.0,17,17
ExampleColocalization,1,24,1777974565.8410041,3178061,worker_0,W005,pipeline,axis_completed,success,100.0,17,17
ExampleColocalization,1,24,1777974565.8410275,3178061,worker_0,W006,pipeline,axis_started,started,0.0,0,17
ExampleColocalization,1,24,1777974565.8410459,3178061,worker_0,W006,CorrectIlluminationCalculate,step_started,started,0.0,0,17
ExampleColocalization,1,24,1777974565.994547,3178061,worker_0,W006,CorrectIlluminationCalculate,pattern_group,running,100.0,1,1
ExampleColocalization,1,24,1777974565.99465,3178061,worker_0,W006,CorrectIlluminationCalculate,step_completed,success,5.88235294117647,1,17
ExampleColocalization,1,24,1777974565.9946733,3178061,worker_0,W006,CorrectIlluminationCalculate,step_started,started,5.88235294117647,1,17
ExampleColocalization,1,24,1777974566.1385634,3178061,worker_0,W006,CorrectIlluminationCalculate,pattern_group,running,100.0,1,1
ExampleColocalization,1,24,1777974566.1386404,3178061,worker_0,W006,CorrectIlluminationCalculate,step_completed,success,11.76470588235294,2,17
ExampleColocalization,1,24,1777974566.1386576,3178061,worker_0,W006,Align,step_started,started,11.76470588235294,2,17
ExampleColocalization,1,24,1777974566.5063193,3178061,worker_0,W006,Align,pattern_group,running,100.0,1,1
ExampleColocalization,1,24,1777974566.506415,3178061,worker_0,W006,Align,step_completed,success,17.647058823529413,3,17
ExampleColocalization,1,24,1777974566.5064335,3178061,worker_0,W006,MeasureColocalization,step_started,started,17.647058823529413,3,17
ExampleColocalization,1,24,1777974566.732973,3178061,worker_0,W006,MeasureColocalization,pattern_group,running,100.0,1,1
ExampleColocalization,1,24,1777974566.7330308,3178061,worker_0,W006,MeasureColocalization,step_completed,success,23.52941176470588,4,17
ExampleColocalization,1,24,1777974566.7330477,3178061,worker_0,W006,IdentifyPrimaryObjects,step_started,started,23.52941176470588,4,17
ExampleColocalization,1,24,1777974567.1490703,3178061,worker_0,W006,IdentifyPrimaryObjects,pattern_group,running,100.0,1,1
ExampleColocalization,1,24,1777974567.1491268,3178061,worker_0,W006,IdentifyPrimaryObjects,step_completed,success,29.411764705882355,5,17
ExampleColocalization,1,24,1777974567.1491432,3178061,worker_0,W006,IdentifyPrimaryObjects,step_started,started,29.411764705882355,5,17
ExampleColocalization,1,24,1777974567.647434,3178061,worker_0,W006,IdentifyPrimaryObjects,pattern_group,running,100.0,1,1
ExampleColocalization,1,24,1777974567.6474905,3178061,worker_0,W006,IdentifyPrimaryObjects,step_completed,success,35.294117647058826,6,17
ExampleColocalization,1,24,1777974567.6475074,3178061,worker_0,W006,RelateObjects,step_started,started,35.294117647058826,6,17
ExampleColocalization,1,24,1777974567.6963348,3178061,worker_0,W006,RelateObjects,pattern_group,running,100.0,1,1
ExampleColocalization,1,24,1777974567.6964045,3178061,worker_0,W006,RelateObjects,step_completed,success,41.17647058823529,7,17
ExampleColocalization,1,24,1777974567.6964223,3178061,worker_0,W006,ExpandOrShrinkObjects,step_started,started,41.17647058823529,7,17
ExampleColocalization,1,24,1777974567.7129278,3178061,worker_0,W006,ExpandOrShrinkObjects,pattern_group,running,100.0,1,1
ExampleColocalization,1,24,1777974567.7129986,3178061,worker_0,W006,ExpandOrShrinkObjects,step_completed,success,47.05882352941176,8,17
ExampleColocalization,1,24,1777974567.713016,3178061,worker_0,W006,ExpandOrShrinkObjects,step_started,started,47.05882352941176,8,17
ExampleColocalization,1,24,1777974567.7270074,3178061,worker_0,W006,ExpandOrShrinkObjects,pattern_group,running,100.0,1,1
ExampleColocalization,1,24,1777974567.7270653,3178061,worker_0,W006,ExpandOrShrinkObjects,step_completed,success,52.94117647058824,9,17
ExampleColocalization,1,24,1777974567.7270823,3178061,worker_0,W006,ExpandOrShrinkObjects,step_started,started,52.94117647058824,9,17
ExampleColocalization,1,24,1777974567.755628,3178061,worker_0,W006,ExpandOrShrinkObjects,pattern_group,running,100.0,1,1
ExampleColocalization,1,24,1777974567.755702,3178061,worker_0,W006,ExpandOrShrinkObjects,step_completed,success,58.82352941176471,10,17
ExampleColocalization,1,24,1777974567.7557194,3178061,worker_0,W006,ExpandOrShrinkObjects,step_started,started,58.82352941176471,10,17
ExampleColocalization,1,24,1777974567.7824445,3178061,worker_0,W006,ExpandOrShrinkObjects,pattern_group,running,100.0,1,1
ExampleColocalization,1,24,1777974567.782514,3178061,worker_0,W006,ExpandOrShrinkObjects,step_completed,success,64.70588235294117,11,17
ExampleColocalization,1,24,1777974567.7825344,3178061,worker_0,W006,RelateObjects,step_started,started,64.70588235294117,11,17
ExampleColocalization,1,24,1777974567.834622,3178061,worker_0,W006,RelateObjects,pattern_group,running,100.0,1,1
ExampleColocalization,1,24,1777974567.8346906,3178061,worker_0,W006,RelateObjects,step_completed,success,70.58823529411765,12,17
ExampleColocalization,1,24,1777974567.834708,3178061,worker_0,W006,ClassifyObjects,step_started,started,70.58823529411765,12,17
ExampleColocalization,1,24,1777974567.8897598,3178061,worker_0,W006,ClassifyObjects,pattern_group,running,100.0,1,1
ExampleColocalization,1,24,1777974567.8898551,3178061,worker_0,W006,ClassifyObjects,step_completed,success,76.47058823529412,13,17
ExampleColocalization,1,24,1777974567.8898752,3178061,worker_0,W006,FilterObjects,step_started,started,76.47058823529412,13,17
ExampleColocalization,1,24,1777974567.9596698,3178061,worker_0,W006,FilterObjects,pattern_group,running,100.0,1,1
ExampleColocalization,1,24,1777974567.959722,3178061,worker_0,W006,FilterObjects,step_completed,success,82.35294117647058,14,17
ExampleColocalization,1,24,1777974567.959739,3178061,worker_0,W006,MaskObjects,step_started,started,82.35294117647058,14,17
ExampleColocalization,1,24,1777974567.9986696,3178061,worker_0,W006,MaskObjects,pattern_group,running,100.0,1,1
ExampleColocalization,1,24,1777974567.9987307,3178061,worker_0,W006,MaskObjects,step_completed,success,88.23529411764706,15,17
ExampleColocalization,1,24,1777974567.9987478,3178061,worker_0,W006,MeasureImageAreaOccupied,step_started,started,88.23529411764706,15,17
ExampleColocalization,1,24,1777974568.0221834,3178061,worker_0,W006,MeasureImageAreaOccupied,pattern_group,running,100.0,1,1
ExampleColocalization,1,24,1777974568.0222418,3178061,worker_0,W006,MeasureImageAreaOccupied,step_completed,success,94.11764705882352,16,17
ExampleColocalization,1,24,1777974568.0222585,3178061,worker_0,W006,CalculateMath,step_started,started,94.11764705882352,16,17
ExampleColocalization,1,24,1777974568.076081,3178061,worker_0,W006,CalculateMath,pattern_group,running,50.0,1,2
ExampleColocalization,1,24,1777974568.1313102,3178061,worker_0,W006,CalculateMath,pattern_group,running,100.0,2,2
ExampleColocalization,1,24,1777974568.1313965,3178061,worker_0,W006,CalculateMath,step_completed,success,100.0,17,17
ExampleColocalization,1,24,1777974568.1315806,3178061,worker_0,W006,pipeline,axis_completed,success,100.0,17,17
ExampleColocalization,1,24,1777974568.1316059,3178061,worker_0,W007,pipeline,axis_started,started,0.0,0,17
ExampleColocalization,1,24,1777974568.1316278,3178061,worker_0,W007,CorrectIlluminationCalculate,step_started,started,0.0,0,17
ExampleColocalization,1,24,1777974568.2886634,3178061,worker_0,W007,CorrectIlluminationCalculate,pattern_group,running,100.0,1,1
ExampleColocalization,1,24,1777974568.2887268,3178061,worker_0,W007,CorrectIlluminationCalculate,step_completed,success,5.88235294117647,1,17
ExampleColocalization,1,24,1777974568.2887433,3178061,worker_0,W007,CorrectIlluminationCalculate,step_started,started,5.88235294117647,1,17
ExampleColocalization,1,24,1777974568.4346063,3178061,worker_0,W007,CorrectIlluminationCalculate,pattern_group,running,100.0,1,1
ExampleColocalization,1,24,1777974568.4346645,3178061,worker_0,W007,CorrectIlluminationCalculate,step_completed,success,11.76470588235294,2,17
ExampleColocalization,1,24,1777974568.4346824,3178061,worker_0,W007,Align,step_started,started,11.76470588235294,2,17
ExampleColocalization,1,24,1777974568.7822378,3178061,worker_0,W007,Align,pattern_group,running,100.0,1,1
ExampleColocalization,1,24,1777974568.7822988,3178061,worker_0,W007,Align,step_completed,success,17.647058823529413,3,17
ExampleColocalization,1,24,1777974568.7823153,3178061,worker_0,W007,MeasureColocalization,step_started,started,17.647058823529413,3,17
ExampleColocalization,1,24,1777974569.0109968,3178061,worker_0,W007,MeasureColocalization,pattern_group,running,100.0,1,1
ExampleColocalization,1,24,1777974569.0110662,3178061,worker_0,W007,MeasureColocalization,step_completed,success,23.52941176470588,4,17
ExampleColocalization,1,24,1777974569.011088,3178061,worker_0,W007,IdentifyPrimaryObjects,step_started,started,23.52941176470588,4,17
ExampleColocalization,1,24,1777974569.4638865,3178061,worker_0,W007,IdentifyPrimaryObjects,pattern_group,running,100.0,1,1
ExampleColocalization,1,24,1777974569.4639504,3178061,worker_0,W007,IdentifyPrimaryObjects,step_completed,success,29.411764705882355,5,17
ExampleColocalization,1,24,1777974569.4639673,3178061,worker_0,W007,IdentifyPrimaryObjects,step_started,started,29.411764705882355,5,17
ExampleColocalization,1,24,1777974569.9344344,3178061,worker_0,W007,IdentifyPrimaryObjects,pattern_group,running,100.0,1,1
ExampleColocalization,1,24,1777974569.9345324,3178061,worker_0,W007,IdentifyPrimaryObjects,step_completed,success,35.294117647058826,6,17
ExampleColocalization,1,24,1777974569.934552,3178061,worker_0,W007,RelateObjects,step_started,started,35.294117647058826,6,17
ExampleColocalization,1,24,1777974569.9845207,3178061,worker_0,W007,RelateObjects,pattern_group,running,100.0,1,1
ExampleColocalization,1,24,1777974569.9845762,3178061,worker_0,W007,RelateObjects,step_completed,success,41.17647058823529,7,17
ExampleColocalization,1,24,1777974569.9845955,3178061,worker_0,W007,ExpandOrShrinkObjects,step_started,started,41.17647058823529,7,17
ExampleColocalization,1,24,1777974570.0002422,3178061,worker_0,W007,ExpandOrShrinkObjects,pattern_group,running,100.0,1,1
ExampleColocalization,1,24,1777974570.0003066,3178061,worker_0,W007,ExpandOrShrinkObjects,step_completed,success,47.05882352941176,8,17
ExampleColocalization,1,24,1777974570.0003235,3178061,worker_0,W007,ExpandOrShrinkObjects,step_started,started,47.05882352941176,8,17
ExampleColocalization,1,24,1777974570.0171883,3178061,worker_0,W007,ExpandOrShrinkObjects,pattern_group,running,100.0,1,1
ExampleColocalization,1,24,1777974570.0172741,3178061,worker_0,W007,ExpandOrShrinkObjects,step_completed,success,52.94117647058824,9,17
ExampleColocalization,1,24,1777974570.017292,3178061,worker_0,W007,ExpandOrShrinkObjects,step_started,started,52.94117647058824,9,17
ExampleColocalization,1,24,1777974570.0425212,3178061,worker_0,W007,ExpandOrShrinkObjects,pattern_group,running,100.0,1,1
ExampleColocalization,1,24,1777974570.0425942,3178061,worker_0,W007,ExpandOrShrinkObjects,step_completed,success,58.82352941176471,10,17
ExampleColocalization,1,24,1777974570.0426126,3178061,worker_0,W007,ExpandOrShrinkObjects,step_started,started,58.82352941176471,10,17
ExampleColocalization,1,24,1777974570.0687168,3178061,worker_0,W007,ExpandOrShrinkObjects,pattern_group,running,100.0,1,1
ExampleColocalization,1,24,1777974570.0687747,3178061,worker_0,W007,ExpandOrShrinkObjects,step_completed,success,64.70588235294117,11,17
ExampleColocalization,1,24,1777974570.0687916,3178061,worker_0,W007,RelateObjects,step_started,started,64.70588235294117,11,17
ExampleColocalization,1,24,1777974570.116395,3178061,worker_0,W007,RelateObjects,pattern_group,running,100.0,1,1
ExampleColocalization,1,24,1777974570.1164858,3178061,worker_0,W007,RelateObjects,step_completed,success,70.58823529411765,12,17
ExampleColocalization,1,24,1777974570.1165032,3178061,worker_0,W007,ClassifyObjects,step_started,started,70.58823529411765,12,17
ExampleColocalization,1,24,1777974570.1727986,3178061,worker_0,W007,ClassifyObjects,pattern_group,running,100.0,1,1
ExampleColocalization,1,24,1777974570.172857,3178061,worker_0,W007,ClassifyObjects,step_completed,success,76.47058823529412,13,17
ExampleColocalization,1,24,1777974570.1728737,3178061,worker_0,W007,FilterObjects,step_started,started,76.47058823529412,13,17
ExampleColocalization,1,24,1777974570.2429748,3178061,worker_0,W007,FilterObjects,pattern_group,running,100.0,1,1
ExampleColocalization,1,24,1777974570.2430358,3178061,worker_0,W007,FilterObjects,step_completed,success,82.35294117647058,14,17
ExampleColocalization,1,24,1777974570.2430537,3178061,worker_0,W007,MaskObjects,step_started,started,82.35294117647058,14,17
ExampleColocalization,1,24,1777974570.2788372,3178061,worker_0,W007,MaskObjects,pattern_group,running,100.0,1,1
ExampleColocalization,1,24,1777974570.2788928,3178061,worker_0,W007,MaskObjects,step_completed,success,88.23529411764706,15,17
ExampleColocalization,1,24,1777974570.278909,3178061,worker_0,W007,MeasureImageAreaOccupied,step_started,started,88.23529411764706,15,17
ExampleColocalization,1,24,1777974570.3046398,3178061,worker_0,W007,MeasureImageAreaOccupied,pattern_group,running,100.0,1,1
ExampleColocalization,1,24,1777974570.3046982,3178061,worker_0,W007,MeasureImageAreaOccupied,step_completed,success,94.11764705882352,16,17
ExampleColocalization,1,24,1777974570.3047142,3178061,worker_0,W007,CalculateMath,step_started,started,94.11764705882352,16,17
ExampleColocalization,1,24,1777974570.362377,3178061,worker_0,W007,CalculateMath,pattern_group,running,50.0,1,2
ExampleColocalization,1,24,1777974570.4185965,3178061,worker_0,W007,CalculateMath,pattern_group,running,100.0,2,2
ExampleColocalization,1,24,1777974570.4186828,3178061,worker_0,W007,CalculateMath,step_completed,success,100.0,17,17
ExampleColocalization,1,24,1777974570.4188664,3178061,worker_0,W007,pipeline,axis_completed,success,100.0,17,17
ExampleColocalization,1,24,1777974570.41889,3178061,worker_0,W008,pipeline,axis_started,started,0.0,0,17
ExampleColocalization,1,24,1777974570.418911,3178061,worker_0,W008,CorrectIlluminationCalculate,step_started,started,0.0,0,17
ExampleColocalization,1,24,1777974570.5705957,3178061,worker_0,W008,CorrectIlluminationCalculate,pattern_group,running,100.0,1,1
ExampleColocalization,1,24,1777974570.570664,3178061,worker_0,W008,CorrectIlluminationCalculate,step_completed,success,5.88235294117647,1,17
ExampleColocalization,1,24,1777974570.5706813,3178061,worker_0,W008,CorrectIlluminationCalculate,step_started,started,5.88235294117647,1,17
ExampleColocalization,1,24,1777974570.71943,3178061,worker_0,W008,CorrectIlluminationCalculate,pattern_group,running,100.0,1,1
ExampleColocalization,1,24,1777974570.7194877,3178061,worker_0,W008,CorrectIlluminationCalculate,step_completed,success,11.76470588235294,2,17
ExampleColocalization,1,24,1777974570.7195039,3178061,worker_0,W008,Align,step_started,started,11.76470588235294,2,17
ExampleColocalization,1,24,1777974571.1028798,3178061,worker_0,W008,Align,pattern_group,running,100.0,1,1
ExampleColocalization,1,24,1777974571.1029422,3178061,worker_0,W008,Align,step_completed,success,17.647058823529413,3,17
ExampleColocalization,1,24,1777974571.1029594,3178061,worker_0,W008,MeasureColocalization,step_started,started,17.647058823529413,3,17
ExampleColocalization,1,24,1777974571.3258626,3178061,worker_0,W008,MeasureColocalization,pattern_group,running,100.0,1,1
ExampleColocalization,1,24,1777974571.3259242,3178061,worker_0,W008,MeasureColocalization,step_completed,success,23.52941176470588,4,17
ExampleColocalization,1,24,1777974571.3259404,3178061,worker_0,W008,IdentifyPrimaryObjects,step_started,started,23.52941176470588,4,17
ExampleColocalization,1,24,1777974571.777799,3178061,worker_0,W008,IdentifyPrimaryObjects,pattern_group,running,100.0,1,1
ExampleColocalization,1,24,1777974571.7778537,3178061,worker_0,W008,IdentifyPrimaryObjects,step_completed,success,29.411764705882355,5,17
ExampleColocalization,1,24,1777974571.7778704,3178061,worker_0,W008,IdentifyPrimaryObjects,step_started,started,29.411764705882355,5,17
ExampleColocalization,1,24,1777974572.2641394,3178061,worker_0,W008,IdentifyPrimaryObjects,pattern_group,running,100.0,1,1
ExampleColocalization,1,24,1777974572.2642307,3178061,worker_0,W008,IdentifyPrimaryObjects,step_completed,success,35.294117647058826,6,17
ExampleColocalization,1,24,1777974572.264249,3178061,worker_0,W008,RelateObjects,step_started,started,35.294117647058826,6,17
ExampleColocalization,1,24,1777974572.3172948,3178061,worker_0,W008,RelateObjects,pattern_group,running,100.0,1,1
ExampleColocalization,1,24,1777974572.3174143,3178061,worker_0,W008,RelateObjects,step_completed,success,41.17647058823529,7,17
ExampleColocalization,1,24,1777974572.3174398,3178061,worker_0,W008,ExpandOrShrinkObjects,step_started,started,41.17647058823529,7,17
ExampleColocalization,1,24,1777974572.3339417,3178061,worker_0,W008,ExpandOrShrinkObjects,pattern_group,running,100.0,1,1
ExampleColocalization,1,24,1777974572.334042,3178061,worker_0,W008,ExpandOrShrinkObjects,step_completed,success,47.05882352941176,8,17
ExampleColocalization,1,24,1777974572.3340602,3178061,worker_0,W008,ExpandOrShrinkObjects,step_started,started,47.05882352941176,8,17
ExampleColocalization,1,24,1777974572.3500323,3178061,worker_0,W008,ExpandOrShrinkObjects,pattern_group,running,100.0,1,1
ExampleColocalization,1,24,1777974572.3500912,3178061,worker_0,W008,ExpandOrShrinkObjects,step_completed,success,52.94117647058824,9,17
ExampleColocalization,1,24,1777974572.3501081,3178061,worker_0,W008,ExpandOrShrinkObjects,step_started,started,52.94117647058824,9,17
ExampleColocalization,1,24,1777974572.377931,3178061,worker_0,W008,ExpandOrShrinkObjects,pattern_group,running,100.0,1,1
ExampleColocalization,1,24,1777974572.3779902,3178061,worker_0,W008,ExpandOrShrinkObjects,step_completed,success,58.82352941176471,10,17
ExampleColocalization,1,24,1777974572.3780077,3178061,worker_0,W008,ExpandOrShrinkObjects,step_started,started,58.82352941176471,10,17
ExampleColocalization,1,24,1777974572.4054625,3178061,worker_0,W008,ExpandOrShrinkObjects,pattern_group,running,100.0,1,1
ExampleColocalization,1,24,1777974572.405533,3178061,worker_0,W008,ExpandOrShrinkObjects,step_completed,success,64.70588235294117,11,17
ExampleColocalization,1,24,1777974572.4055543,3178061,worker_0,W008,RelateObjects,step_started,started,64.70588235294117,11,17
ExampleColocalization,1,24,1777974572.4648705,3178061,worker_0,W008,RelateObjects,pattern_group,running,100.0,1,1
ExampleColocalization,1,24,1777974572.4649422,3178061,worker_0,W008,RelateObjects,step_completed,success,70.58823529411765,12,17
ExampleColocalization,1,24,1777974572.4649625,3178061,worker_0,W008,ClassifyObjects,step_started,started,70.58823529411765,12,17
ExampleColocalization,1,24,1777974572.5197165,3178061,worker_0,W008,ClassifyObjects,pattern_group,running,100.0,1,1
ExampleColocalization,1,24,1777974572.5198195,3178061,worker_0,W008,ClassifyObjects,step_completed,success,76.47058823529412,13,17
ExampleColocalization,1,24,1777974572.5198371,3178061,worker_0,W008,FilterObjects,step_started,started,76.47058823529412,13,17
ExampleColocalization,1,24,1777974572.5870903,3178061,worker_0,W008,FilterObjects,pattern_group,running,100.0,1,1
ExampleColocalization,1,24,1777974572.5871437,3178061,worker_0,W008,FilterObjects,step_completed,success,82.35294117647058,14,17
ExampleColocalization,1,24,1777974572.5871603,3178061,worker_0,W008,MaskObjects,step_started,started,82.35294117647058,14,17
ExampleColocalization,1,24,1777974572.627196,3178061,worker_0,W008,MaskObjects,pattern_group,running,100.0,1,1
ExampleColocalization,1,24,1777974572.6272583,3178061,worker_0,W008,MaskObjects,step_completed,success,88.23529411764706,15,17
ExampleColocalization,1,24,1777974572.627275,3178061,worker_0,W008,MeasureImageAreaOccupied,step_started,started,88.23529411764706,15,17
ExampleColocalization,1,24,1777974572.653862,3178061,worker_0,W008,MeasureImageAreaOccupied,pattern_group,running,100.0,1,1
ExampleColocalization,1,24,1777974572.6539166,3178061,worker_0,W008,MeasureImageAreaOccupied,step_completed,success,94.11764705882352,16,17
ExampleColocalization,1,24,1777974572.6539366,3178061,worker_0,W008,CalculateMath,step_started,started,94.11764705882352,16,17
ExampleColocalization,1,24,1777974572.7111998,3178061,worker_0,W008,CalculateMath,pattern_group,running,50.0,1,2
ExampleColocalization,1,24,1777974572.7675881,3178061,worker_0,W008,CalculateMath,pattern_group,running,100.0,2,2
ExampleColocalization,1,24,1777974572.7676754,3178061,worker_0,W008,CalculateMath,step_completed,success,100.0,17,17
ExampleColocalization,1,24,1777974572.7678697,3178061,worker_0,W008,pipeline,axis_completed,success,100.0,17,17
ExampleColocalization,1,24,1777974572.7678938,3178061,worker_0,W009,pipeline,axis_started,started,0.0,0,17
ExampleColocalization,1,24,1777974572.7679136,3178061,worker_0,W009,CorrectIlluminationCalculate,step_started,started,0.0,0,17
ExampleColocalization,1,24,1777974572.9170408,3178061,worker_0,W009,CorrectIlluminationCalculate,pattern_group,running,100.0,1,1
ExampleColocalization,1,24,1777974572.9171205,3178061,worker_0,W009,CorrectIlluminationCalculate,step_completed,success,5.88235294117647,1,17
ExampleColocalization,1,24,1777974572.9171376,3178061,worker_0,W009,CorrectIlluminationCalculate,step_started,started,5.88235294117647,1,17
ExampleColocalization,1,24,1777974573.057679,3178061,worker_0,W009,CorrectIlluminationCalculate,pattern_group,running,100.0,1,1
ExampleColocalization,1,24,1777974573.0577972,3178061,worker_0,W009,CorrectIlluminationCalculate,step_completed,success,11.76470588235294,2,17
ExampleColocalization,1,24,1777974573.0578253,3178061,worker_0,W009,Align,step_started,started,11.76470588235294,2,17
ExampleColocalization,1,24,1777974573.4200385,3178061,worker_0,W009,Align,pattern_group,running,100.0,1,1
ExampleColocalization,1,24,1777974573.4201581,3178061,worker_0,W009,Align,step_completed,success,17.647058823529413,3,17
ExampleColocalization,1,24,1777974573.4201791,3178061,worker_0,W009,MeasureColocalization,step_started,started,17.647058823529413,3,17
ExampleColocalization,1,24,1777974573.6404335,3178061,worker_0,W009,MeasureColocalization,pattern_group,running,100.0,1,1
ExampleColocalization,1,24,1777974573.6404977,3178061,worker_0,W009,MeasureColocalization,step_completed,success,23.52941176470588,4,17
ExampleColocalization,1,24,1777974573.6405149,3178061,worker_0,W009,IdentifyPrimaryObjects,step_started,started,23.52941176470588,4,17
ExampleColocalization,1,24,1777974574.0716596,3178061,worker_0,W009,IdentifyPrimaryObjects,pattern_group,running,100.0,1,1
ExampleColocalization,1,24,1777974574.071715,3178061,worker_0,W009,IdentifyPrimaryObjects,step_completed,success,29.411764705882355,5,17
ExampleColocalization,1,24,1777974574.071731,3178061,worker_0,W009,IdentifyPrimaryObjects,step_started,started,29.411764705882355,5,17
ExampleColocalization,1,24,1777974574.54203,3178061,worker_0,W009,IdentifyPrimaryObjects,pattern_group,running,100.0,1,1
ExampleColocalization,1,24,1777974574.54209,3178061,worker_0,W009,IdentifyPrimaryObjects,step_completed,success,35.294117647058826,6,17
ExampleColocalization,1,24,1777974574.5421083,3178061,worker_0,W009,RelateObjects,step_started,started,35.294117647058826,6,17
ExampleColocalization,1,24,1777974574.5926769,3178061,worker_0,W009,RelateObjects,pattern_group,running,100.0,1,1
ExampleColocalization,1,24,1777974574.5927677,3178061,worker_0,W009,RelateObjects,step_completed,success,41.17647058823529,7,17
ExampleColocalization,1,24,1777974574.5927918,3178061,worker_0,W009,ExpandOrShrinkObjects,step_started,started,41.17647058823529,7,17
ExampleColocalization,1,24,1777974574.6062276,3178061,worker_0,W009,ExpandOrShrinkObjects,pattern_group,running,100.0,1,1
ExampleColocalization,1,24,1777974574.6062891,3178061,worker_0,W009,ExpandOrShrinkObjects,step_completed,success,47.05882352941176,8,17
ExampleColocalization,1,24,1777974574.6063056,3178061,worker_0,W009,ExpandOrShrinkObjects,step_started,started,47.05882352941176,8,17
ExampleColocalization,1,24,1777974574.6239247,3178061,worker_0,W009,ExpandOrShrinkObjects,pattern_group,running,100.0,1,1
ExampleColocalization,1,24,1777974574.6239886,3178061,worker_0,W009,ExpandOrShrinkObjects,step_completed,success,52.94117647058824,9,17
ExampleColocalization,1,24,1777974574.624005,3178061,worker_0,W009,ExpandOrShrinkObjects,step_started,started,52.94117647058824,9,17
ExampleColocalization,1,24,1777974574.6495051,3178061,worker_0,W009,ExpandOrShrinkObjects,pattern_group,running,100.0,1,1
ExampleColocalization,1,24,1777974574.6495652,3178061,worker_0,W009,ExpandOrShrinkObjects,step_completed,success,58.82352941176471,10,17
ExampleColocalization,1,24,1777974574.6495812,3178061,worker_0,W009,ExpandOrShrinkObjects,step_started,started,58.82352941176471,10,17
ExampleColocalization,1,24,1777974574.6757045,3178061,worker_0,W009,ExpandOrShrinkObjects,pattern_group,running,100.0,1,1
ExampleColocalization,1,24,1777974574.6757615,3178061,worker_0,W009,ExpandOrShrinkObjects,step_completed,success,64.70588235294117,11,17
ExampleColocalization,1,24,1777974574.6757782,3178061,worker_0,W009,RelateObjects,step_started,started,64.70588235294117,11,17
ExampleColocalization,1,24,1777974574.726474,3178061,worker_0,W009,RelateObjects,pattern_group,running,100.0,1,1
ExampleColocalization,1,24,1777974574.7265272,3178061,worker_0,W009,RelateObjects,step_completed,success,70.58823529411765,12,17
ExampleColocalization,1,24,1777974574.7265432,3178061,worker_0,W009,ClassifyObjects,step_started,started,70.58823529411765,12,17
ExampleColocalization,1,24,1777974574.7837772,3178061,worker_0,W009,ClassifyObjects,pattern_group,running,100.0,1,1
ExampleColocalization,1,24,1777974574.7838328,3178061,worker_0,W009,ClassifyObjects,step_completed,success,76.47058823529412,13,17
ExampleColocalization,1,24,1777974574.7838488,3178061,worker_0,W009,FilterObjects,step_started,started,76.47058823529412,13,17
ExampleColocalization,1,24,1777974574.8565857,3178061,worker_0,W009,FilterObjects,pattern_group,running,100.0,1,1
ExampleColocalization,1,24,1777974574.8566825,3178061,worker_0,W009,FilterObjects,step_completed,success,82.35294117647058,14,17
ExampleColocalization,1,24,1777974574.8567028,3178061,worker_0,W009,MaskObjects,step_started,started,82.35294117647058,14,17
ExampleColocalization,1,24,1777974574.8903768,3178061,worker_0,W009,MaskObjects,pattern_group,running,100.0,1,1
ExampleColocalization,1,24,1777974574.8904755,3178061,worker_0,W009,MaskObjects,step_completed,success,88.23529411764706,15,17
ExampleColocalization,1,24,1777974574.8904955,3178061,worker_0,W009,MeasureImageAreaOccupied,step_started,started,88.23529411764706,15,17
ExampleColocalization,1,24,1777974574.9169443,3178061,worker_0,W009,MeasureImageAreaOccupied,pattern_group,running,100.0,1,1
ExampleColocalization,1,24,1777974574.9170063,3178061,worker_0,W009,MeasureImageAreaOccupied,step_completed,success,94.11764705882352,16,17
ExampleColocalization,1,24,1777974574.9170225,3178061,worker_0,W009,CalculateMath,step_started,started,94.11764705882352,16,17
ExampleColocalization,1,24,1777974574.9739954,3178061,worker_0,W009,CalculateMath,pattern_group,running,50.0,1,2
ExampleColocalization,1,24,1777974575.0323145,3178061,worker_0,W009,CalculateMath,pattern_group,running,100.0,2,2
ExampleColocalization,1,24,1777974575.0323908,3178061,worker_0,W009,CalculateMath,step_completed,success,100.0,17,17
ExampleColocalization,1,24,1777974575.032556,3178061,worker_0,W009,pipeline,axis_completed,success,100.0,17,17
ExampleColocalization,1,24,1777974575.0325775,3178061,worker_0,W010,pipeline,axis_started,started,0.0,0,17
ExampleColocalization,1,24,1777974575.032596,3178061,worker_0,W010,CorrectIlluminationCalculate,step_started,started,0.0,0,17
ExampleColocalization,1,24,1777974575.1876807,3178061,worker_0,W010,CorrectIlluminationCalculate,pattern_group,running,100.0,1,1
ExampleColocalization,1,24,1777974575.1877792,3178061,worker_0,W010,CorrectIlluminationCalculate,step_completed,success,5.88235294117647,1,17
ExampleColocalization,1,24,1777974575.1877975,3178061,worker_0,W010,CorrectIlluminationCalculate,step_started,started,5.88235294117647,1,17
ExampleColocalization,1,24,1777974575.3377223,3178061,worker_0,W010,CorrectIlluminationCalculate,pattern_group,running,100.0,1,1
ExampleColocalization,1,24,1777974575.3377771,3178061,worker_0,W010,CorrectIlluminationCalculate,step_completed,success,11.76470588235294,2,17
ExampleColocalization,1,24,1777974575.3377938,3178061,worker_0,W010,Align,step_started,started,11.76470588235294,2,17
ExampleColocalization,1,24,1777974575.7019303,3178061,worker_0,W010,Align,pattern_group,running,100.0,1,1
ExampleColocalization,1,24,1777974575.7019877,3178061,worker_0,W010,Align,step_completed,success,17.647058823529413,3,17
ExampleColocalization,1,24,1777974575.702004,3178061,worker_0,W010,MeasureColocalization,step_started,started,17.647058823529413,3,17
ExampleColocalization,1,24,1777974575.9201558,3178061,worker_0,W010,MeasureColocalization,pattern_group,running,100.0,1,1
ExampleColocalization,1,24,1777974575.9202192,3178061,worker_0,W010,MeasureColocalization,step_completed,success,23.52941176470588,4,17
ExampleColocalization,1,24,1777974575.9202356,3178061,worker_0,W010,IdentifyPrimaryObjects,step_started,started,23.52941176470588,4,17
ExampleColocalization,1,24,1777974576.3661647,3178061,worker_0,W010,IdentifyPrimaryObjects,pattern_group,running,100.0,1,1
ExampleColocalization,1,24,1777974576.3662224,3178061,worker_0,W010,IdentifyPrimaryObjects,step_completed,success,29.411764705882355,5,17
ExampleColocalization,1,24,1777974576.3662388,3178061,worker_0,W010,IdentifyPrimaryObjects,step_started,started,29.411764705882355,5,17
ExampleColocalization,1,24,1777974576.8199553,3178061,worker_0,W010,IdentifyPrimaryObjects,pattern_group,running,100.0,1,1
ExampleColocalization,1,24,1777974576.8200157,3178061,worker_0,W010,IdentifyPrimaryObjects,step_completed,success,35.294117647058826,6,17
ExampleColocalization,1,24,1777974576.8200324,3178061,worker_0,W010,RelateObjects,step_started,started,35.294117647058826,6,17
ExampleColocalization,1,24,1777974576.8697507,3178061,worker_0,W010,RelateObjects,pattern_group,running,100.0,1,1
ExampleColocalization,1,24,1777974576.8698044,3178061,worker_0,W010,RelateObjects,step_completed,success,41.17647058823529,7,17
ExampleColocalization,1,24,1777974576.8698208,3178061,worker_0,W010,ExpandOrShrinkObjects,step_started,started,41.17647058823529,7,17
ExampleColocalization,1,24,1777974576.8854923,3178061,worker_0,W010,ExpandOrShrinkObjects,pattern_group,running,100.0,1,1
ExampleColocalization,1,24,1777974576.8855922,3178061,worker_0,W010,ExpandOrShrinkObjects,step_completed,success,47.05882352941176,8,17
ExampleColocalization,1,24,1777974576.8856122,3178061,worker_0,W010,ExpandOrShrinkObjects,step_started,started,47.05882352941176,8,17
ExampleColocalization,1,24,1777974576.9041266,3178061,worker_0,W010,ExpandOrShrinkObjects,pattern_group,running,100.0,1,1
ExampleColocalization,1,24,1777974576.9042237,3178061,worker_0,W010,ExpandOrShrinkObjects,step_completed,success,52.94117647058824,9,17
ExampleColocalization,1,24,1777974576.9042435,3178061,worker_0,W010,ExpandOrShrinkObjects,step_started,started,52.94117647058824,9,17
ExampleColocalization,1,24,1777974576.930341,3178061,worker_0,W010,ExpandOrShrinkObjects,pattern_group,running,100.0,1,1
ExampleColocalization,1,24,1777974576.9304647,3178061,worker_0,W010,ExpandOrShrinkObjects,step_completed,success,58.82352941176471,10,17
ExampleColocalization,1,24,1777974576.9304879,3178061,worker_0,W010,ExpandOrShrinkObjects,step_started,started,58.82352941176471,10,17
ExampleColocalization,1,24,1777974576.9591894,3178061,worker_0,W010,ExpandOrShrinkObjects,pattern_group,running,100.0,1,1
ExampleColocalization,1,24,1777974576.9592466,3178061,worker_0,W010,ExpandOrShrinkObjects,step_completed,success,64.70588235294117,11,17
ExampleColocalization,1,24,1777974576.9592636,3178061,worker_0,W010,RelateObjects,step_started,started,64.70588235294117,11,17
ExampleColocalization,1,24,1777974577.0062375,3178061,worker_0,W010,RelateObjects,pattern_group,running,100.0,1,1
ExampleColocalization,1,24,1777974577.006318,3178061,worker_0,W010,RelateObjects,step_completed,success,70.58823529411765,12,17
ExampleColocalization,1,24,1777974577.006337,3178061,worker_0,W010,ClassifyObjects,step_started,started,70.58823529411765,12,17
ExampleColocalization,1,24,1777974577.064294,3178061,worker_0,W010,ClassifyObjects,pattern_group,running,100.0,1,1
ExampleColocalization,1,24,1777974577.064371,3178061,worker_0,W010,ClassifyObjects,step_completed,success,76.47058823529412,13,17
ExampleColocalization,1,24,1777974577.064393,3178061,worker_0,W010,FilterObjects,step_started,started,76.47058823529412,13,17
ExampleColocalization,1,24,1777974577.1371284,3178061,worker_0,W010,FilterObjects,pattern_group,running,100.0,1,1
ExampleColocalization,1,24,1777974577.1371815,3178061,worker_0,W010,FilterObjects,step_completed,success,82.35294117647058,14,17
ExampleColocalization,1,24,1777974577.137198,3178061,worker_0,W010,MaskObjects,step_started,started,82.35294117647058,14,17
ExampleColocalization,1,24,1777974577.173676,3178061,worker_0,W010,MaskObjects,pattern_group,running,100.0,1,1
ExampleColocalization,1,24,1777974577.173729,3178061,worker_0,W010,MaskObjects,step_completed,success,88.23529411764706,15,17
ExampleColocalization,1,24,1777974577.1737447,3178061,worker_0,W010,MeasureImageAreaOccupied,step_started,started,88.23529411764706,15,17
ExampleColocalization,1,24,1777974577.2005115,3178061,worker_0,W010,MeasureImageAreaOccupied,pattern_group,running,100.0,1,1
ExampleColocalization,1,24,1777974577.2005672,3178061,worker_0,W010,MeasureImageAreaOccupied,step_completed,success,94.11764705882352,16,17
ExampleColocalization,1,24,1777974577.2005832,3178061,worker_0,W010,CalculateMath,step_started,started,94.11764705882352,16,17
ExampleColocalization,1,24,1777974577.2579694,3178061,worker_0,W010,CalculateMath,pattern_group,running,50.0,1,2
ExampleColocalization,1,24,1777974577.3179896,3178061,worker_0,W010,CalculateMath,pattern_group,running,100.0,2,2
ExampleColocalization,1,24,1777974577.3180392,3178061,worker_0,W010,CalculateMath,step_completed,success,100.0,17,17
ExampleColocalization,1,24,1777974577.3181791,3178061,worker_0,W010,pipeline,axis_completed,success,100.0,17,17
ExampleColocalization,1,24,1777974577.3182,3178061,worker_0,W011,pipeline,axis_started,started,0.0,0,17
ExampleColocalization,1,24,1777974577.3182173,3178061,worker_0,W011,CorrectIlluminationCalculate,step_started,started,0.0,0,17
ExampleColocalization,1,24,1777974577.4761724,3178061,worker_0,W011,CorrectIlluminationCalculate,pattern_group,running,100.0,1,1
ExampleColocalization,1,24,1777974577.4762282,3178061,worker_0,W011,CorrectIlluminationCalculate,step_completed,success,5.88235294117647,1,17
ExampleColocalization,1,24,1777974577.4762442,3178061,worker_0,W011,CorrectIlluminationCalculate,step_started,started,5.88235294117647,1,17
ExampleColocalization,1,24,1777974577.6162322,3178061,worker_0,W011,CorrectIlluminationCalculate,pattern_group,running,100.0,1,1
ExampleColocalization,1,24,1777974577.6162884,3178061,worker_0,W011,CorrectIlluminationCalculate,step_completed,success,11.76470588235294,2,17
ExampleColocalization,1,24,1777974577.6163044,3178061,worker_0,W011,Align,step_started,started,11.76470588235294,2,17
ExampleColocalization,1,24,1777974577.969239,3178061,worker_0,W011,Align,pattern_group,running,100.0,1,1
ExampleColocalization,1,24,1777974577.969293,3178061,worker_0,W011,Align,step_completed,success,17.647058823529413,3,17
ExampleColocalization,1,24,1777974577.9693086,3178061,worker_0,W011,MeasureColocalization,step_started,started,17.647058823529413,3,17
ExampleColocalization,1,24,1777974578.1890893,3178061,worker_0,W011,MeasureColocalization,pattern_group,running,100.0,1,1
ExampleColocalization,1,24,1777974578.1891534,3178061,worker_0,W011,MeasureColocalization,step_completed,success,23.52941176470588,4,17
ExampleColocalization,1,24,1777974578.1891704,3178061,worker_0,W011,IdentifyPrimaryObjects,step_started,started,23.52941176470588,4,17
ExampleColocalization,1,24,1777974578.626641,3178061,worker_0,W011,IdentifyPrimaryObjects,pattern_group,running,100.0,1,1
ExampleColocalization,1,24,1777974578.6267076,3178061,worker_0,W011,IdentifyPrimaryObjects,step_completed,success,29.411764705882355,5,17
ExampleColocalization,1,24,1777974578.6267242,3178061,worker_0,W011,IdentifyPrimaryObjects,step_started,started,29.411764705882355,5,17
ExampleColocalization,1,24,1777974579.111179,3178061,worker_0,W011,IdentifyPrimaryObjects,pattern_group,running,100.0,1,1
ExampleColocalization,1,24,1777974579.1112545,3178061,worker_0,W011,IdentifyPrimaryObjects,step_completed,success,35.294117647058826,6,17
ExampleColocalization,1,24,1777974579.111273,3178061,worker_0,W011,RelateObjects,step_started,started,35.294117647058826,6,17
ExampleColocalization,1,24,1777974579.165851,3178061,worker_0,W011,RelateObjects,pattern_group,running,100.0,1,1
ExampleColocalization,1,24,1777974579.165923,3178061,worker_0,W011,RelateObjects,step_completed,success,41.17647058823529,7,17
ExampleColocalization,1,24,1777974579.1659458,3178061,worker_0,W011,ExpandOrShrinkObjects,step_started,started,41.17647058823529,7,17
ExampleColocalization,1,24,1777974579.1819756,3178061,worker_0,W011,ExpandOrShrinkObjects,pattern_group,running,100.0,1,1
ExampleColocalization,1,24,1777974579.182062,3178061,worker_0,W011,ExpandOrShrinkObjects,step_completed,success,47.05882352941176,8,17
ExampleColocalization,1,24,1777974579.1820831,3178061,worker_0,W011,ExpandOrShrinkObjects,step_started,started,47.05882352941176,8,17
ExampleColocalization,1,24,1777974579.1958363,3178061,worker_0,W011,ExpandOrShrinkObjects,pattern_group,running,100.0,1,1
ExampleColocalization,1,24,1777974579.195898,3178061,worker_0,W011,ExpandOrShrinkObjects,step_completed,success,52.94117647058824,9,17
ExampleColocalization,1,24,1777974579.1959147,3178061,worker_0,W011,ExpandOrShrinkObjects,step_started,started,52.94117647058824,9,17
ExampleColocalization,1,24,1777974579.2222955,3178061,worker_0,W011,ExpandOrShrinkObjects,pattern_group,running,100.0,1,1
ExampleColocalization,1,24,1777974579.2223606,3178061,worker_0,W011,ExpandOrShrinkObjects,step_completed,success,58.82352941176471,10,17
ExampleColocalization,1,24,1777974579.2223778,3178061,worker_0,W011,ExpandOrShrinkObjects,step_started,started,58.82352941176471,10,17
ExampleColocalization,1,24,1777974579.2485564,3178061,worker_0,W011,ExpandOrShrinkObjects,pattern_group,running,100.0,1,1
ExampleColocalization,1,24,1777974579.2486486,3178061,worker_0,W011,ExpandOrShrinkObjects,step_completed,success,64.70588235294117,11,17
ExampleColocalization,1,24,1777974579.2486696,3178061,worker_0,W011,RelateObjects,step_started,started,64.70588235294117,11,17
ExampleColocalization,1,24,1777974579.298453,3178061,worker_0,W011,RelateObjects,pattern_group,running,100.0,1,1
ExampleColocalization,1,24,1777974579.2985592,3178061,worker_0,W011,RelateObjects,step_completed,success,70.58823529411765,12,17
ExampleColocalization,1,24,1777974579.2985818,3178061,worker_0,W011,ClassifyObjects,step_started,started,70.58823529411765,12,17
ExampleColocalization,1,24,1777974579.3570862,3178061,worker_0,W011,ClassifyObjects,pattern_group,running,100.0,1,1
ExampleColocalization,1,24,1777974579.3571393,3178061,worker_0,W011,ClassifyObjects,step_completed,success,76.47058823529412,13,17
ExampleColocalization,1,24,1777974579.3571556,3178061,worker_0,W011,FilterObjects,step_started,started,76.47058823529412,13,17
ExampleColocalization,1,24,1777974579.432403,3178061,worker_0,W011,FilterObjects,pattern_group,running,100.0,1,1
ExampleColocalization,1,24,1777974579.4324718,3178061,worker_0,W011,FilterObjects,step_completed,success,82.35294117647058,14,17
ExampleColocalization,1,24,1777974579.4324942,3178061,worker_0,W011,MaskObjects,step_started,started,82.35294117647058,14,17
ExampleColocalization,1,24,1777974579.4688966,3178061,worker_0,W011,MaskObjects,pattern_group,running,100.0,1,1
ExampleColocalization,1,24,1777974579.4689505,3178061,worker_0,W011,MaskObjects,step_completed,success,88.23529411764706,15,17
ExampleColocalization,1,24,1777974579.4689667,3178061,worker_0,W011,MeasureImageAreaOccupied,step_started,started,88.23529411764706,15,17
ExampleColocalization,1,24,1777974579.498321,3178061,worker_0,W011,MeasureImageAreaOccupied,pattern_group,running,100.0,1,1
ExampleColocalization,1,24,1777974579.4984097,3178061,worker_0,W011,MeasureImageAreaOccupied,step_completed,success,94.11764705882352,16,17
ExampleColocalization,1,24,1777974579.4984317,3178061,worker_0,W011,CalculateMath,step_started,started,94.11764705882352,16,17
ExampleColocalization,1,24,1777974579.5525298,3178061,worker_0,W011,CalculateMath,pattern_group,running,50.0,1,2
ExampleColocalization,1,24,1777974579.6078787,3178061,worker_0,W011,CalculateMath,pattern_group,running,100.0,2,2
ExampleColocalization,1,24,1777974579.6079369,3178061,worker_0,W011,CalculateMath,step_completed,success,100.0,17,17
ExampleColocalization,1,24,1777974579.608079,3178061,worker_0,W011,pipeline,axis_completed,success,100.0,17,17
ExampleColocalization,1,24,1777974579.6081007,3178061,worker_0,W012,pipeline,axis_started,started,0.0,0,17
ExampleColocalization,1,24,1777974579.6081183,3178061,worker_0,W012,CorrectIlluminationCalculate,step_started,started,0.0,0,17
ExampleColocalization,1,24,1777974579.759613,3178061,worker_0,W012,CorrectIlluminationCalculate,pattern_group,running,100.0,1,1
ExampleColocalization,1,24,1777974579.7597058,3178061,worker_0,W012,CorrectIlluminationCalculate,step_completed,success,5.88235294117647,1,17
ExampleColocalization,1,24,1777974579.759723,3178061,worker_0,W012,CorrectIlluminationCalculate,step_started,started,5.88235294117647,1,17
ExampleColocalization,1,24,1777974579.9088738,3178061,worker_0,W012,CorrectIlluminationCalculate,pattern_group,running,100.0,1,1
ExampleColocalization,1,24,1777974579.908936,3178061,worker_0,W012,CorrectIlluminationCalculate,step_completed,success,11.76470588235294,2,17
ExampleColocalization,1,24,1777974579.9089522,3178061,worker_0,W012,Align,step_started,started,11.76470588235294,2,17
ExampleColocalization,1,24,1777974580.2805536,3178061,worker_0,W012,Align,pattern_group,running,100.0,1,1
ExampleColocalization,1,24,1777974580.2806523,3178061,worker_0,W012,Align,step_completed,success,17.647058823529413,3,17
ExampleColocalization,1,24,1777974580.2806711,3178061,worker_0,W012,MeasureColocalization,step_started,started,17.647058823529413,3,17
ExampleColocalization,1,24,1777974580.5083897,3178061,worker_0,W012,MeasureColocalization,pattern_group,running,100.0,1,1
ExampleColocalization,1,24,1777974580.5084484,3178061,worker_0,W012,MeasureColocalization,step_completed,success,23.52941176470588,4,17
ExampleColocalization,1,24,1777974580.508465,3178061,worker_0,W012,IdentifyPrimaryObjects,step_started,started,23.52941176470588,4,17
ExampleColocalization,1,24,1777974580.955026,3178061,worker_0,W012,IdentifyPrimaryObjects,pattern_group,running,100.0,1,1
ExampleColocalization,1,24,1777974580.9550805,3178061,worker_0,W012,IdentifyPrimaryObjects,step_completed,success,29.411764705882355,5,17
ExampleColocalization,1,24,1777974580.9550972,3178061,worker_0,W012,IdentifyPrimaryObjects,step_started,started,29.411764705882355,5,17
ExampleColocalization,1,24,1777974581.4529843,3178061,worker_0,W012,IdentifyPrimaryObjects,pattern_group,running,100.0,1,1
ExampleColocalization,1,24,1777974581.4530644,3178061,worker_0,W012,IdentifyPrimaryObjects,step_completed,success,35.294117647058826,6,17
ExampleColocalization,1,24,1777974581.4530861,3178061,worker_0,W012,RelateObjects,step_started,started,35.294117647058826,6,17
ExampleColocalization,1,24,1777974581.5016558,3178061,worker_0,W012,RelateObjects,pattern_group,running,100.0,1,1
ExampleColocalization,1,24,1777974581.501721,3178061,worker_0,W012,RelateObjects,step_completed,success,41.17647058823529,7,17
ExampleColocalization,1,24,1777974581.501738,3178061,worker_0,W012,ExpandOrShrinkObjects,step_started,started,41.17647058823529,7,17
ExampleColocalization,1,24,1777974581.5158813,3178061,worker_0,W012,ExpandOrShrinkObjects,pattern_group,running,100.0,1,1
ExampleColocalization,1,24,1777974581.515961,3178061,worker_0,W012,ExpandOrShrinkObjects,step_completed,success,47.05882352941176,8,17
ExampleColocalization,1,24,1777974581.5159798,3178061,worker_0,W012,ExpandOrShrinkObjects,step_started,started,47.05882352941176,8,17
ExampleColocalization,1,24,1777974581.5316677,3178061,worker_0,W012,ExpandOrShrinkObjects,pattern_group,running,100.0,1,1
ExampleColocalization,1,24,1777974581.5317373,3178061,worker_0,W012,ExpandOrShrinkObjects,step_completed,success,52.94117647058824,9,17
ExampleColocalization,1,24,1777974581.5317543,3178061,worker_0,W012,ExpandOrShrinkObjects,step_started,started,52.94117647058824,9,17
ExampleColocalization,1,24,1777974581.5562124,3178061,worker_0,W012,ExpandOrShrinkObjects,pattern_group,running,100.0,1,1
ExampleColocalization,1,24,1777974581.5562754,3178061,worker_0,W012,ExpandOrShrinkObjects,step_completed,success,58.82352941176471,10,17
ExampleColocalization,1,24,1777974581.5562925,3178061,worker_0,W012,ExpandOrShrinkObjects,step_started,started,58.82352941176471,10,17
ExampleColocalization,1,24,1777974581.582017,3178061,worker_0,W012,ExpandOrShrinkObjects,pattern_group,running,100.0,1,1
ExampleColocalization,1,24,1777974581.5820804,3178061,worker_0,W012,ExpandOrShrinkObjects,step_completed,success,64.70588235294117,11,17
ExampleColocalization,1,24,1777974581.5820968,3178061,worker_0,W012,RelateObjects,step_started,started,64.70588235294117,11,17
ExampleColocalization,1,24,1777974581.634087,3178061,worker_0,W012,RelateObjects,pattern_group,running,100.0,1,1
ExampleColocalization,1,24,1777974581.6341388,3178061,worker_0,W012,RelateObjects,step_completed,success,70.58823529411765,12,17
ExampleColocalization,1,24,1777974581.634155,3178061,worker_0,W012,ClassifyObjects,step_started,started,70.58823529411765,12,17
ExampleColocalization,1,24,1777974581.6871648,3178061,worker_0,W012,ClassifyObjects,pattern_group,running,100.0,1,1
ExampleColocalization,1,24,1777974581.6872184,3178061,worker_0,W012,ClassifyObjects,step_completed,success,76.47058823529412,13,17
ExampleColocalization,1,24,1777974581.6872344,3178061,worker_0,W012,FilterObjects,step_started,started,76.47058823529412,13,17
ExampleColocalization,1,24,1777974581.7590256,3178061,worker_0,W012,FilterObjects,pattern_group,running,100.0,1,1
ExampleColocalization,1,24,1777974581.7590792,3178061,worker_0,W012,FilterObjects,step_completed,success,82.35294117647058,14,17
ExampleColocalization,1,24,1777974581.759096,3178061,worker_0,W012,MaskObjects,step_started,started,82.35294117647058,14,17
ExampleColocalization,1,24,1777974581.7920256,3178061,worker_0,W012,MaskObjects,pattern_group,running,100.0,1,1
ExampleColocalization,1,24,1777974581.7920842,3178061,worker_0,W012,MaskObjects,step_completed,success,88.23529411764706,15,17
ExampleColocalization,1,24,1777974581.7921004,3178061,worker_0,W012,MeasureImageAreaOccupied,step_started,started,88.23529411764706,15,17
ExampleColocalization,1,24,1777974581.8184268,3178061,worker_0,W012,MeasureImageAreaOccupied,pattern_group,running,100.0,1,1
ExampleColocalization,1,24,1777974581.8184857,3178061,worker_0,W012,MeasureImageAreaOccupied,step_completed,success,94.11764705882352,16,17
ExampleColocalization,1,24,1777974581.818502,3178061,worker_0,W012,CalculateMath,step_started,started,94.11764705882352,16,17
ExampleColocalization,1,24,1777974581.8730345,3178061,worker_0,W012,CalculateMath,pattern_group,running,50.0,1,2
ExampleColocalization,1,24,1777974581.9273624,3178061,worker_0,W012,CalculateMath,pattern_group,running,100.0,2,2
ExampleColocalization,1,24,1777974581.9274144,3178061,worker_0,W012,CalculateMath,step_completed,success,100.0,17,17
ExampleColocalization,1,24,1777974581.927556,3178061,worker_0,W012,pipeline,axis_completed,success,100.0,17,17
ExampleColocalization,1,24,1777974581.927577,3178061,worker_0,W013,pipeline,axis_started,started,0.0,0,17
ExampleColocalization,1,24,1777974581.927594,3178061,worker_0,W013,CorrectIlluminationCalculate,step_started,started,0.0,0,17
ExampleColocalization,1,24,1777974582.0810564,3178061,worker_0,W013,CorrectIlluminationCalculate,pattern_group,running,100.0,1,1
ExampleColocalization,1,24,1777974582.0811203,3178061,worker_0,W013,CorrectIlluminationCalculate,step_completed,success,5.88235294117647,1,17
ExampleColocalization,1,24,1777974582.0811377,3178061,worker_0,W013,CorrectIlluminationCalculate,step_started,started,5.88235294117647,1,17
ExampleColocalization,1,24,1777974582.2279146,3178061,worker_0,W013,CorrectIlluminationCalculate,pattern_group,running,100.0,1,1
ExampleColocalization,1,24,1777974582.227987,3178061,worker_0,W013,CorrectIlluminationCalculate,step_completed,success,11.76470588235294,2,17
ExampleColocalization,1,24,1777974582.228004,3178061,worker_0,W013,Align,step_started,started,11.76470588235294,2,17
ExampleColocalization,1,24,1777974582.5868948,3178061,worker_0,W013,Align,pattern_group,running,100.0,1,1
ExampleColocalization,1,24,1777974582.586953,3178061,worker_0,W013,Align,step_completed,success,17.647058823529413,3,17
ExampleColocalization,1,24,1777974582.5869694,3178061,worker_0,W013,MeasureColocalization,step_started,started,17.647058823529413,3,17
ExampleColocalization,1,24,1777974582.8036613,3178061,worker_0,W013,MeasureColocalization,pattern_group,running,100.0,1,1
ExampleColocalization,1,24,1777974582.8037221,3178061,worker_0,W013,MeasureColocalization,step_completed,success,23.52941176470588,4,17
ExampleColocalization,1,24,1777974582.8037386,3178061,worker_0,W013,IdentifyPrimaryObjects,step_started,started,23.52941176470588,4,17
ExampleColocalization,1,24,1777974583.2291892,3178061,worker_0,W013,IdentifyPrimaryObjects,pattern_group,running,100.0,1,1
ExampleColocalization,1,24,1777974583.2292452,3178061,worker_0,W013,IdentifyPrimaryObjects,step_completed,success,29.411764705882355,5,17
ExampleColocalization,1,24,1777974583.2292624,3178061,worker_0,W013,IdentifyPrimaryObjects,step_started,started,29.411764705882355,5,17
ExampleColocalization,1,24,1777974583.7011704,3178061,worker_0,W013,IdentifyPrimaryObjects,pattern_group,running,100.0,1,1
ExampleColocalization,1,24,1777974583.701243,3178061,worker_0,W013,IdentifyPrimaryObjects,step_completed,success,35.294117647058826,6,17
ExampleColocalization,1,24,1777974583.7012613,3178061,worker_0,W013,RelateObjects,step_started,started,35.294117647058826,6,17
ExampleColocalization,1,24,1777974583.749501,3178061,worker_0,W013,RelateObjects,pattern_group,running,100.0,1,1
ExampleColocalization,1,24,1777974583.749555,3178061,worker_0,W013,RelateObjects,step_completed,success,41.17647058823529,7,17
ExampleColocalization,1,24,1777974583.7495718,3178061,worker_0,W013,ExpandOrShrinkObjects,step_started,started,41.17647058823529,7,17
ExampleColocalization,1,24,1777974583.7637954,3178061,worker_0,W013,ExpandOrShrinkObjects,pattern_group,running,100.0,1,1
ExampleColocalization,1,24,1777974583.7638545,3178061,worker_0,W013,ExpandOrShrinkObjects,step_completed,success,47.05882352941176,8,17
ExampleColocalization,1,24,1777974583.7638712,3178061,worker_0,W013,ExpandOrShrinkObjects,step_started,started,47.05882352941176,8,17
ExampleColocalization,1,24,1777974583.7816315,3178061,worker_0,W013,ExpandOrShrinkObjects,pattern_group,running,100.0,1,1
ExampleColocalization,1,24,1777974583.7816932,3178061,worker_0,W013,ExpandOrShrinkObjects,step_completed,success,52.94117647058824,9,17
ExampleColocalization,1,24,1777974583.7817097,3178061,worker_0,W013,ExpandOrShrinkObjects,step_started,started,52.94117647058824,9,17
ExampleColocalization,1,24,1777974583.8076763,3178061,worker_0,W013,ExpandOrShrinkObjects,pattern_group,running,100.0,1,1
ExampleColocalization,1,24,1777974583.8077364,3178061,worker_0,W013,ExpandOrShrinkObjects,step_completed,success,58.82352941176471,10,17
ExampleColocalization,1,24,1777974583.8077536,3178061,worker_0,W013,ExpandOrShrinkObjects,step_started,started,58.82352941176471,10,17
ExampleColocalization,1,24,1777974583.8359811,3178061,worker_0,W013,ExpandOrShrinkObjects,pattern_group,running,100.0,1,1
ExampleColocalization,1,24,1777974583.8360872,3178061,worker_0,W013,ExpandOrShrinkObjects,step_completed,success,64.70588235294117,11,17
ExampleColocalization,1,24,1777974583.8361104,3178061,worker_0,W013,RelateObjects,step_started,started,64.70588235294117,11,17
ExampleColocalization,1,24,1777974583.8873472,3178061,worker_0,W013,RelateObjects,pattern_group,running,100.0,1,1
ExampleColocalization,1,24,1777974583.8874114,3178061,worker_0,W013,RelateObjects,step_completed,success,70.58823529411765,12,17
ExampleColocalization,1,24,1777974583.8874283,3178061,worker_0,W013,ClassifyObjects,step_started,started,70.58823529411765,12,17
ExampleColocalization,1,24,1777974583.941263,3178061,worker_0,W013,ClassifyObjects,pattern_group,running,100.0,1,1
ExampleColocalization,1,24,1777974583.9413574,3178061,worker_0,W013,ClassifyObjects,step_completed,success,76.47058823529412,13,17
ExampleColocalization,1,24,1777974583.941376,3178061,worker_0,W013,FilterObjects,step_started,started,76.47058823529412,13,17
ExampleColocalization,1,24,1777974584.0158603,3178061,worker_0,W013,FilterObjects,pattern_group,running,100.0,1,1
ExampleColocalization,1,24,1777974584.0159142,3178061,worker_0,W013,FilterObjects,step_completed,success,82.35294117647058,14,17
ExampleColocalization,1,24,1777974584.015931,3178061,worker_0,W013,MaskObjects,step_started,started,82.35294117647058,14,17
ExampleColocalization,1,24,1777974584.0514839,3178061,worker_0,W013,MaskObjects,pattern_group,running,100.0,1,1
ExampleColocalization,1,24,1777974584.05154,3178061,worker_0,W013,MaskObjects,step_completed,success,88.23529411764706,15,17
ExampleColocalization,1,24,1777974584.0515559,3178061,worker_0,W013,MeasureImageAreaOccupied,step_started,started,88.23529411764706,15,17
ExampleColocalization,1,24,1777974584.0765963,3178061,worker_0,W013,MeasureImageAreaOccupied,pattern_group,running,100.0,1,1
ExampleColocalization,1,24,1777974584.0766597,3178061,worker_0,W013,MeasureImageAreaOccupied,step_completed,success,94.11764705882352,16,17
ExampleColocalization,1,24,1777974584.076677,3178061,worker_0,W013,CalculateMath,step_started,started,94.11764705882352,16,17
ExampleColocalization,1,24,1777974584.1372964,3178061,worker_0,W013,CalculateMath,pattern_group,running,50.0,1,2
ExampleColocalization,1,24,1777974584.1982627,3178061,worker_0,W013,CalculateMath,pattern_group,running,100.0,2,2
ExampleColocalization,1,24,1777974584.1983583,3178061,worker_0,W013,CalculateMath,step_completed,success,100.0,17,17
ExampleColocalization,1,24,1777974584.1985571,3178061,worker_0,W013,pipeline,axis_completed,success,100.0,17,17
ExampleColocalization,1,24,1777974584.1985838,3178061,worker_0,W014,pipeline,axis_started,started,0.0,0,17
ExampleColocalization,1,24,1777974584.198606,3178061,worker_0,W014,CorrectIlluminationCalculate,step_started,started,0.0,0,17
ExampleColocalization,1,24,1777974584.3581502,3178061,worker_0,W014,CorrectIlluminationCalculate,pattern_group,running,100.0,1,1
ExampleColocalization,1,24,1777974584.3582067,3178061,worker_0,W014,CorrectIlluminationCalculate,step_completed,success,5.88235294117647,1,17
ExampleColocalization,1,24,1777974584.358223,3178061,worker_0,W014,CorrectIlluminationCalculate,step_started,started,5.88235294117647,1,17
ExampleColocalization,1,24,1777974584.508671,3178061,worker_0,W014,CorrectIlluminationCalculate,pattern_group,running,100.0,1,1
ExampleColocalization,1,24,1777974584.5087373,3178061,worker_0,W014,CorrectIlluminationCalculate,step_completed,success,11.76470588235294,2,17
ExampleColocalization,1,24,1777974584.5087533,3178061,worker_0,W014,Align,step_started,started,11.76470588235294,2,17
ExampleColocalization,1,24,1777974584.8729606,3178061,worker_0,W014,Align,pattern_group,running,100.0,1,1
ExampleColocalization,1,24,1777974584.873093,3178061,worker_0,W014,Align,step_completed,success,17.647058823529413,3,17
ExampleColocalization,1,24,1777974584.8731163,3178061,worker_0,W014,MeasureColocalization,step_started,started,17.647058823529413,3,17
ExampleColocalization,1,24,1777974585.0809145,3178061,worker_0,W014,MeasureColocalization,pattern_group,running,100.0,1,1
ExampleColocalization,1,24,1777974585.0809755,3178061,worker_0,W014,MeasureColocalization,step_completed,success,23.52941176470588,4,17
ExampleColocalization,1,24,1777974585.0809915,3178061,worker_0,W014,IdentifyPrimaryObjects,step_started,started,23.52941176470588,4,17
ExampleColocalization,1,24,1777974585.5177143,3178061,worker_0,W014,IdentifyPrimaryObjects,pattern_group,running,100.0,1,1
ExampleColocalization,1,24,1777974585.5177822,3178061,worker_0,W014,IdentifyPrimaryObjects,step_completed,success,29.411764705882355,5,17
ExampleColocalization,1,24,1777974585.5177994,3178061,worker_0,W014,IdentifyPrimaryObjects,step_started,started,29.411764705882355,5,17
ExampleColocalization,1,24,1777974585.983689,3178061,worker_0,W014,IdentifyPrimaryObjects,pattern_group,running,100.0,1,1
ExampleColocalization,1,24,1777974585.983746,3178061,worker_0,W014,IdentifyPrimaryObjects,step_completed,success,35.294117647058826,6,17
ExampleColocalization,1,24,1777974585.9837627,3178061,worker_0,W014,RelateObjects,step_started,started,35.294117647058826,6,17
ExampleColocalization,1,24,1777974586.034157,3178061,worker_0,W014,RelateObjects,pattern_group,running,100.0,1,1
ExampleColocalization,1,24,1777974586.034216,3178061,worker_0,W014,RelateObjects,step_completed,success,41.17647058823529,7,17
ExampleColocalization,1,24,1777974586.034234,3178061,worker_0,W014,ExpandOrShrinkObjects,step_started,started,41.17647058823529,7,17
ExampleColocalization,1,24,1777974586.0513759,3178061,worker_0,W014,ExpandOrShrinkObjects,pattern_group,running,100.0,1,1
ExampleColocalization,1,24,1777974586.0514357,3178061,worker_0,W014,ExpandOrShrinkObjects,step_completed,success,47.05882352941176,8,17
ExampleColocalization,1,24,1777974586.0514526,3178061,worker_0,W014,ExpandOrShrinkObjects,step_started,started,47.05882352941176,8,17
ExampleColocalization,1,24,1777974586.0648031,3178061,worker_0,W014,ExpandOrShrinkObjects,pattern_group,running,100.0,1,1
ExampleColocalization,1,24,1777974586.0648625,3178061,worker_0,W014,ExpandOrShrinkObjects,step_completed,success,52.94117647058824,9,17
ExampleColocalization,1,24,1777974586.0648787,3178061,worker_0,W014,ExpandOrShrinkObjects,step_started,started,52.94117647058824,9,17
ExampleColocalization,1,24,1777974586.0933828,3178061,worker_0,W014,ExpandOrShrinkObjects,pattern_group,running,100.0,1,1
ExampleColocalization,1,24,1777974586.0934575,3178061,worker_0,W014,ExpandOrShrinkObjects,step_completed,success,58.82352941176471,10,17
ExampleColocalization,1,24,1777974586.0934803,3178061,worker_0,W014,ExpandOrShrinkObjects,step_started,started,58.82352941176471,10,17
ExampleColocalization,1,24,1777974586.1198354,3178061,worker_0,W014,ExpandOrShrinkObjects,pattern_group,running,100.0,1,1
ExampleColocalization,1,24,1777974586.119901,3178061,worker_0,W014,ExpandOrShrinkObjects,step_completed,success,64.70588235294117,11,17
ExampleColocalization,1,24,1777974586.119918,3178061,worker_0,W014,RelateObjects,step_started,started,64.70588235294117,11,17
ExampleColocalization,1,24,1777974586.1694121,3178061,worker_0,W014,RelateObjects,pattern_group,running,100.0,1,1
ExampleColocalization,1,24,1777974586.1695054,3178061,worker_0,W014,RelateObjects,step_completed,success,70.58823529411765,12,17
ExampleColocalization,1,24,1777974586.169524,3178061,worker_0,W014,ClassifyObjects,step_started,started,70.58823529411765,12,17
ExampleColocalization,1,24,1777974586.225701,3178061,worker_0,W014,ClassifyObjects,pattern_group,running,100.0,1,1
ExampleColocalization,1,24,1777974586.225755,3178061,worker_0,W014,ClassifyObjects,step_completed,success,76.47058823529412,13,17
ExampleColocalization,1,24,1777974586.2257714,3178061,worker_0,W014,FilterObjects,step_started,started,76.47058823529412,13,17
ExampleColocalization,1,24,1777974586.2997575,3178061,worker_0,W014,FilterObjects,pattern_group,running,100.0,1,1
ExampleColocalization,1,24,1777974586.2998161,3178061,worker_0,W014,FilterObjects,step_completed,success,82.35294117647058,14,17
ExampleColocalization,1,24,1777974586.299833,3178061,worker_0,W014,MaskObjects,step_started,started,82.35294117647058,14,17
ExampleColocalization,1,24,1777974586.335164,3178061,worker_0,W014,MaskObjects,pattern_group,running,100.0,1,1
ExampleColocalization,1,24,1777974586.3352623,3178061,worker_0,W014,MaskObjects,step_completed,success,88.23529411764706,15,17
ExampleColocalization,1,24,1777974586.3352804,3178061,worker_0,W014,MeasureImageAreaOccupied,step_started,started,88.23529411764706,15,17
ExampleColocalization,1,24,1777974586.3613076,3178061,worker_0,W014,MeasureImageAreaOccupied,pattern_group,running,100.0,1,1
ExampleColocalization,1,24,1777974586.361375,3178061,worker_0,W014,MeasureImageAreaOccupied,step_completed,success,94.11764705882352,16,17
ExampleColocalization,1,24,1777974586.361392,3178061,worker_0,W014,CalculateMath,step_started,started,94.11764705882352,16,17
ExampleColocalization,1,24,1777974586.418801,3178061,worker_0,W014,CalculateMath,pattern_group,running,50.0,1,2
ExampleColocalization,1,24,1777974586.4746065,3178061,worker_0,W014,CalculateMath,pattern_group,running,100.0,2,2
ExampleColocalization,1,24,1777974586.4746704,3178061,worker_0,W014,CalculateMath,step_completed,success,100.0,17,17
ExampleColocalization,1,24,1777974586.4748201,3178061,worker_0,W014,pipeline,axis_completed,success,100.0,17,17
ExampleColocalization,1,24,1777974586.4748418,3178061,worker_0,W015,pipeline,axis_started,started,0.0,0,17
ExampleColocalization,1,24,1777974586.4748597,3178061,worker_0,W015,CorrectIlluminationCalculate,step_started,started,0.0,0,17
ExampleColocalization,1,24,1777974586.6307008,3178061,worker_0,W015,CorrectIlluminationCalculate,pattern_group,running,100.0,1,1
ExampleColocalization,1,24,1777974586.6307554,3178061,worker_0,W015,CorrectIlluminationCalculate,step_completed,success,5.88235294117647,1,17
ExampleColocalization,1,24,1777974586.630771,3178061,worker_0,W015,CorrectIlluminationCalculate,step_started,started,5.88235294117647,1,17
ExampleColocalization,1,24,1777974586.7789192,3178061,worker_0,W015,CorrectIlluminationCalculate,pattern_group,running,100.0,1,1
ExampleColocalization,1,24,1777974586.7789824,3178061,worker_0,W015,CorrectIlluminationCalculate,step_completed,success,11.76470588235294,2,17
ExampleColocalization,1,24,1777974586.7789993,3178061,worker_0,W015,Align,step_started,started,11.76470588235294,2,17
ExampleColocalization,1,24,1777974587.1396925,3178061,worker_0,W015,Align,pattern_group,running,100.0,1,1
ExampleColocalization,1,24,1777974587.139756,3178061,worker_0,W015,Align,step_completed,success,17.647058823529413,3,17
ExampleColocalization,1,24,1777974587.1397727,3178061,worker_0,W015,MeasureColocalization,step_started,started,17.647058823529413,3,17
ExampleColocalization,1,24,1777974587.3693986,3178061,worker_0,W015,MeasureColocalization,pattern_group,running,100.0,1,1
ExampleColocalization,1,24,1777974587.3694937,3178061,worker_0,W015,MeasureColocalization,step_completed,success,23.52941176470588,4,17
ExampleColocalization,1,24,1777974587.3695164,3178061,worker_0,W015,IdentifyPrimaryObjects,step_started,started,23.52941176470588,4,17
ExampleColocalization,1,24,1777974587.8078732,3178061,worker_0,W015,IdentifyPrimaryObjects,pattern_group,running,100.0,1,1
ExampleColocalization,1,24,1777974587.8079364,3178061,worker_0,W015,IdentifyPrimaryObjects,step_completed,success,29.411764705882355,5,17
ExampleColocalization,1,24,1777974587.807954,3178061,worker_0,W015,IdentifyPrimaryObjects,step_started,started,29.411764705882355,5,17
ExampleColocalization,1,24,1777974588.2907817,3178061,worker_0,W015,IdentifyPrimaryObjects,pattern_group,running,100.0,1,1
ExampleColocalization,1,24,1777974588.2908523,3178061,worker_0,W015,IdentifyPrimaryObjects,step_completed,success,35.294117647058826,6,17
ExampleColocalization,1,24,1777974588.2908733,3178061,worker_0,W015,RelateObjects,step_started,started,35.294117647058826,6,17
ExampleColocalization,1,24,1777974588.3443098,3178061,worker_0,W015,RelateObjects,pattern_group,running,100.0,1,1
ExampleColocalization,1,24,1777974588.3443716,3178061,worker_0,W015,RelateObjects,step_completed,success,41.17647058823529,7,17
ExampleColocalization,1,24,1777974588.3443875,3178061,worker_0,W015,ExpandOrShrinkObjects,step_started,started,41.17647058823529,7,17
ExampleColocalization,1,24,1777974588.3577118,3178061,worker_0,W015,ExpandOrShrinkObjects,pattern_group,running,100.0,1,1
ExampleColocalization,1,24,1777974588.3577719,3178061,worker_0,W015,ExpandOrShrinkObjects,step_completed,success,47.05882352941176,8,17
ExampleColocalization,1,24,1777974588.357788,3178061,worker_0,W015,ExpandOrShrinkObjects,step_started,started,47.05882352941176,8,17
ExampleColocalization,1,24,1777974588.3753374,3178061,worker_0,W015,ExpandOrShrinkObjects,pattern_group,running,100.0,1,1
ExampleColocalization,1,24,1777974588.3754184,3178061,worker_0,W015,ExpandOrShrinkObjects,step_completed,success,52.94117647058824,9,17
ExampleColocalization,1,24,1777974588.3754385,3178061,worker_0,W015,ExpandOrShrinkObjects,step_started,started,52.94117647058824,9,17
ExampleColocalization,1,24,1777974588.40223,3178061,worker_0,W015,ExpandOrShrinkObjects,pattern_group,running,100.0,1,1
ExampleColocalization,1,24,1777974588.4022894,3178061,worker_0,W015,ExpandOrShrinkObjects,step_completed,success,58.82352941176471,10,17
ExampleColocalization,1,24,1777974588.4023063,3178061,worker_0,W015,ExpandOrShrinkObjects,step_started,started,58.82352941176471,10,17
ExampleColocalization,1,24,1777974588.432496,3178061,worker_0,W015,ExpandOrShrinkObjects,pattern_group,running,100.0,1,1
ExampleColocalization,1,24,1777974588.4325783,3178061,worker_0,W015,ExpandOrShrinkObjects,step_completed,success,64.70588235294117,11,17
ExampleColocalization,1,24,1777974588.4325962,3178061,worker_0,W015,RelateObjects,step_started,started,64.70588235294117,11,17
ExampleColocalization,1,24,1777974588.481544,3178061,worker_0,W015,RelateObjects,pattern_group,running,100.0,1,1
ExampleColocalization,1,24,1777974588.481597,3178061,worker_0,W015,RelateObjects,step_completed,success,70.58823529411765,12,17
ExampleColocalization,1,24,1777974588.4816127,3178061,worker_0,W015,ClassifyObjects,step_started,started,70.58823529411765,12,17
ExampleColocalization,1,24,1777974588.5368724,3178061,worker_0,W015,ClassifyObjects,pattern_group,running,100.0,1,1
ExampleColocalization,1,24,1777974588.5369275,3178061,worker_0,W015,ClassifyObjects,step_completed,success,76.47058823529412,13,17
ExampleColocalization,1,24,1777974588.5369437,3178061,worker_0,W015,FilterObjects,step_started,started,76.47058823529412,13,17
ExampleColocalization,1,24,1777974588.6068635,3178061,worker_0,W015,FilterObjects,pattern_group,running,100.0,1,1
ExampleColocalization,1,24,1777974588.60693,3178061,worker_0,W015,FilterObjects,step_completed,success,82.35294117647058,14,17
ExampleColocalization,1,24,1777974588.6069465,3178061,worker_0,W015,MaskObjects,step_started,started,82.35294117647058,14,17
ExampleColocalization,1,24,1777974588.6426198,3178061,worker_0,W015,MaskObjects,pattern_group,running,100.0,1,1
ExampleColocalization,1,24,1777974588.6426947,3178061,worker_0,W015,MaskObjects,step_completed,success,88.23529411764706,15,17
ExampleColocalization,1,24,1777974588.642715,3178061,worker_0,W015,MeasureImageAreaOccupied,step_started,started,88.23529411764706,15,17
ExampleColocalization,1,24,1777974588.6708603,3178061,worker_0,W015,MeasureImageAreaOccupied,pattern_group,running,100.0,1,1
ExampleColocalization,1,24,1777974588.6709187,3178061,worker_0,W015,MeasureImageAreaOccupied,step_completed,success,94.11764705882352,16,17
ExampleColocalization,1,24,1777974588.6709352,3178061,worker_0,W015,CalculateMath,step_started,started,94.11764705882352,16,17
ExampleColocalization,1,24,1777974588.7266312,3178061,worker_0,W015,CalculateMath,pattern_group,running,50.0,1,2
ExampleColocalization,1,24,1777974588.7865608,3178061,worker_0,W015,CalculateMath,pattern_group,running,100.0,2,2
ExampleColocalization,1,24,1777974588.786631,3178061,worker_0,W015,CalculateMath,step_completed,success,100.0,17,17
ExampleColocalization,1,24,1777974588.78681,3178061,worker_0,W015,pipeline,axis_completed,success,100.0,17,17
ExampleColocalization,1,24,1777974588.7868354,3178061,worker_0,W016,pipeline,axis_started,started,0.0,0,17
ExampleColocalization,1,24,1777974588.7868571,3178061,worker_0,W016,CorrectIlluminationCalculate,step_started,started,0.0,0,17
ExampleColocalization,1,24,1777974588.9420595,3178061,worker_0,W016,CorrectIlluminationCalculate,pattern_group,running,100.0,1,1
ExampleColocalization,1,24,1777974588.9421175,3178061,worker_0,W016,CorrectIlluminationCalculate,step_completed,success,5.88235294117647,1,17
ExampleColocalization,1,24,1777974588.9421332,3178061,worker_0,W016,CorrectIlluminationCalculate,step_started,started,5.88235294117647,1,17
ExampleColocalization,1,24,1777974589.107278,3178061,worker_0,W016,CorrectIlluminationCalculate,pattern_group,running,100.0,1,1
ExampleColocalization,1,24,1777974589.1073654,3178061,worker_0,W016,CorrectIlluminationCalculate,step_completed,success,11.76470588235294,2,17
ExampleColocalization,1,24,1777974589.107388,3178061,worker_0,W016,Align,step_started,started,11.76470588235294,2,17
ExampleColocalization,1,24,1777974589.4755547,3178061,worker_0,W016,Align,pattern_group,running,100.0,1,1
ExampleColocalization,1,24,1777974589.4756129,3178061,worker_0,W016,Align,step_completed,success,17.647058823529413,3,17
ExampleColocalization,1,24,1777974589.475632,3178061,worker_0,W016,MeasureColocalization,step_started,started,17.647058823529413,3,17
ExampleColocalization,1,24,1777974589.6983023,3178061,worker_0,W016,MeasureColocalization,pattern_group,running,100.0,1,1
ExampleColocalization,1,24,1777974589.6983705,3178061,worker_0,W016,MeasureColocalization,step_completed,success,23.52941176470588,4,17
ExampleColocalization,1,24,1777974589.6983871,3178061,worker_0,W016,IdentifyPrimaryObjects,step_started,started,23.52941176470588,4,17
ExampleColocalization,1,24,1777974590.1509442,3178061,worker_0,W016,IdentifyPrimaryObjects,pattern_group,running,100.0,1,1
ExampleColocalization,1,24,1777974590.151028,3178061,worker_0,W016,IdentifyPrimaryObjects,step_completed,success,29.411764705882355,5,17
ExampleColocalization,1,24,1777974590.1510475,3178061,worker_0,W016,IdentifyPrimaryObjects,step_started,started,29.411764705882355,5,17
ExampleColocalization,1,24,1777974590.6293786,3178061,worker_0,W016,IdentifyPrimaryObjects,pattern_group,running,100.0,1,1
ExampleColocalization,1,24,1777974590.629442,3178061,worker_0,W016,IdentifyPrimaryObjects,step_completed,success,35.294117647058826,6,17
ExampleColocalization,1,24,1777974590.6294618,3178061,worker_0,W016,RelateObjects,step_started,started,35.294117647058826,6,17
ExampleColocalization,1,24,1777974590.6762323,3178061,worker_0,W016,RelateObjects,pattern_group,running,100.0,1,1
ExampleColocalization,1,24,1777974590.676287,3178061,worker_0,W016,RelateObjects,step_completed,success,41.17647058823529,7,17
ExampleColocalization,1,24,1777974590.676304,3178061,worker_0,W016,ExpandOrShrinkObjects,step_started,started,41.17647058823529,7,17
ExampleColocalization,1,24,1777974590.6919875,3178061,worker_0,W016,ExpandOrShrinkObjects,pattern_group,running,100.0,1,1
ExampleColocalization,1,24,1777974590.6920536,3178061,worker_0,W016,ExpandOrShrinkObjects,step_completed,success,47.05882352941176,8,17
ExampleColocalization,1,24,1777974590.6920705,3178061,worker_0,W016,ExpandOrShrinkObjects,step_started,started,47.05882352941176,8,17
ExampleColocalization,1,24,1777974590.706292,3178061,worker_0,W016,ExpandOrShrinkObjects,pattern_group,running,100.0,1,1
ExampleColocalization,1,24,1777974590.706355,3178061,worker_0,W016,ExpandOrShrinkObjects,step_completed,success,52.94117647058824,9,17
ExampleColocalization,1,24,1777974590.706372,3178061,worker_0,W016,ExpandOrShrinkObjects,step_started,started,52.94117647058824,9,17
ExampleColocalization,1,24,1777974590.7313468,3178061,worker_0,W016,ExpandOrShrinkObjects,pattern_group,running,100.0,1,1
ExampleColocalization,1,24,1777974590.7314134,3178061,worker_0,W016,ExpandOrShrinkObjects,step_completed,success,58.82352941176471,10,17
ExampleColocalization,1,24,1777974590.7314298,3178061,worker_0,W016,ExpandOrShrinkObjects,step_started,started,58.82352941176471,10,17
ExampleColocalization,1,24,1777974590.7549036,3178061,worker_0,W016,ExpandOrShrinkObjects,pattern_group,running,100.0,1,1
ExampleColocalization,1,24,1777974590.7550056,3178061,worker_0,W016,ExpandOrShrinkObjects,step_completed,success,64.70588235294117,11,17
ExampleColocalization,1,24,1777974590.7550259,3178061,worker_0,W016,RelateObjects,step_started,started,64.70588235294117,11,17
ExampleColocalization,1,24,1777974590.807168,3178061,worker_0,W016,RelateObjects,pattern_group,running,100.0,1,1
ExampleColocalization,1,24,1777974590.8072298,3178061,worker_0,W016,RelateObjects,step_completed,success,70.58823529411765,12,17
ExampleColocalization,1,24,1777974590.8072476,3178061,worker_0,W016,ClassifyObjects,step_started,started,70.58823529411765,12,17
ExampleColocalization,1,24,1777974590.8641677,3178061,worker_0,W016,ClassifyObjects,pattern_group,running,100.0,1,1
ExampleColocalization,1,24,1777974590.8642256,3178061,worker_0,W016,ClassifyObjects,step_completed,success,76.47058823529412,13,17
ExampleColocalization,1,24,1777974590.8642423,3178061,worker_0,W016,FilterObjects,step_started,started,76.47058823529412,13,17
ExampleColocalization,1,24,1777974590.9346383,3178061,worker_0,W016,FilterObjects,pattern_group,running,100.0,1,1
ExampleColocalization,1,24,1777974590.9346938,3178061,worker_0,W016,FilterObjects,step_completed,success,82.35294117647058,14,17
ExampleColocalization,1,24,1777974590.9347105,3178061,worker_0,W016,MaskObjects,step_started,started,82.35294117647058,14,17
ExampleColocalization,1,24,1777974590.9696124,3178061,worker_0,W016,MaskObjects,pattern_group,running,100.0,1,1
ExampleColocalization,1,24,1777974590.9696681,3178061,worker_0,W016,MaskObjects,step_completed,success,88.23529411764706,15,17
ExampleColocalization,1,24,1777974590.9696867,3178061,worker_0,W016,MeasureImageAreaOccupied,step_started,started,88.23529411764706,15,17
ExampleColocalization,1,24,1777974590.993832,3178061,worker_0,W016,MeasureImageAreaOccupied,pattern_group,running,100.0,1,1
ExampleColocalization,1,24,1777974590.9939048,3178061,worker_0,W016,MeasureImageAreaOccupied,step_completed,success,94.11764705882352,16,17
ExampleColocalization,1,24,1777974590.9939222,3178061,worker_0,W016,CalculateMath,step_started,started,94.11764705882352,16,17
ExampleColocalization,1,24,1777974591.0494025,3178061,worker_0,W016,CalculateMath,pattern_group,running,50.0,1,2
ExampleColocalization,1,24,1777974591.1045263,3178061,worker_0,W016,CalculateMath,pattern_group,running,100.0,2,2
ExampleColocalization,1,24,1777974591.1045785,3178061,worker_0,W016,CalculateMath,step_completed,success,100.0,17,17
ExampleColocalization,1,24,1777974591.104718,3178061,worker_0,W016,pipeline,axis_completed,success,100.0,17,17
ExampleColocalization,1,24,1777974591.1047394,3178061,worker_0,W017,pipeline,axis_started,started,0.0,0,17
ExampleColocalization,1,24,1777974591.104766,3178061,worker_0,W017,CorrectIlluminationCalculate,step_started,started,0.0,0,17
ExampleColocalization,1,24,1777974591.2617364,3178061,worker_0,W017,CorrectIlluminationCalculate,pattern_group,running,100.0,1,1
ExampleColocalization,1,24,1777974591.261797,3178061,worker_0,W017,CorrectIlluminationCalculate,step_completed,success,5.88235294117647,1,17
ExampleColocalization,1,24,1777974591.261813,3178061,worker_0,W017,CorrectIlluminationCalculate,step_started,started,5.88235294117647,1,17
ExampleColocalization,1,24,1777974591.4113188,3178061,worker_0,W017,CorrectIlluminationCalculate,pattern_group,running,100.0,1,1
ExampleColocalization,1,24,1777974591.4113858,3178061,worker_0,W017,CorrectIlluminationCalculate,step_completed,success,11.76470588235294,2,17
ExampleColocalization,1,24,1777974591.4114022,3178061,worker_0,W017,Align,step_started,started,11.76470588235294,2,17
ExampleColocalization,1,24,1777974591.7702672,3178061,worker_0,W017,Align,pattern_group,running,100.0,1,1
ExampleColocalization,1,24,1777974591.7703269,3178061,worker_0,W017,Align,step_completed,success,17.647058823529413,3,17
ExampleColocalization,1,24,1777974591.770343,3178061,worker_0,W017,MeasureColocalization,step_started,started,17.647058823529413,3,17
ExampleColocalization,1,24,1777974592.0081346,3178061,worker_0,W017,MeasureColocalization,pattern_group,running,100.0,1,1
ExampleColocalization,1,24,1777974592.0082548,3178061,worker_0,W017,MeasureColocalization,step_completed,success,23.52941176470588,4,17
ExampleColocalization,1,24,1777974592.0082798,3178061,worker_0,W017,IdentifyPrimaryObjects,step_started,started,23.52941176470588,4,17
ExampleColocalization,1,24,1777974592.4763815,3178061,worker_0,W017,IdentifyPrimaryObjects,pattern_group,running,100.0,1,1
ExampleColocalization,1,24,1777974592.4764378,3178061,worker_0,W017,IdentifyPrimaryObjects,step_completed,success,29.411764705882355,5,17
ExampleColocalization,1,24,1777974592.4764545,3178061,worker_0,W017,IdentifyPrimaryObjects,step_started,started,29.411764705882355,5,17
ExampleColocalization,1,24,1777974592.9422212,3178061,worker_0,W017,IdentifyPrimaryObjects,pattern_group,running,100.0,1,1
ExampleColocalization,1,24,1777974592.9422953,3178061,worker_0,W017,IdentifyPrimaryObjects,step_completed,success,35.294117647058826,6,17
ExampleColocalization,1,24,1777974592.9423172,3178061,worker_0,W017,RelateObjects,step_started,started,35.294117647058826,6,17
ExampleColocalization,1,24,1777974592.9921453,3178061,worker_0,W017,RelateObjects,pattern_group,running,100.0,1,1
ExampleColocalization,1,24,1777974592.9922197,3178061,worker_0,W017,RelateObjects,step_completed,success,41.17647058823529,7,17
ExampleColocalization,1,24,1777974592.9922435,3178061,worker_0,W017,ExpandOrShrinkObjects,step_started,started,41.17647058823529,7,17
ExampleColocalization,1,24,1777974593.0094945,3178061,worker_0,W017,ExpandOrShrinkObjects,pattern_group,running,100.0,1,1
ExampleColocalization,1,24,1777974593.0095603,3178061,worker_0,W017,ExpandOrShrinkObjects,step_completed,success,47.05882352941176,8,17
ExampleColocalization,1,24,1777974593.0095775,3178061,worker_0,W017,ExpandOrShrinkObjects,step_started,started,47.05882352941176,8,17
ExampleColocalization,1,24,1777974593.0271451,3178061,worker_0,W017,ExpandOrShrinkObjects,pattern_group,running,100.0,1,1
ExampleColocalization,1,24,1777974593.0272481,3178061,worker_0,W017,ExpandOrShrinkObjects,step_completed,success,52.94117647058824,9,17
ExampleColocalization,1,24,1777974593.0272691,3178061,worker_0,W017,ExpandOrShrinkObjects,step_started,started,52.94117647058824,9,17
ExampleColocalization,1,24,1777974593.0526962,3178061,worker_0,W017,ExpandOrShrinkObjects,pattern_group,running,100.0,1,1
ExampleColocalization,1,24,1777974593.0527995,3178061,worker_0,W017,ExpandOrShrinkObjects,step_completed,success,58.82352941176471,10,17
ExampleColocalization,1,24,1777974593.05282,3178061,worker_0,W017,ExpandOrShrinkObjects,step_started,started,58.82352941176471,10,17
ExampleColocalization,1,24,1777974593.07837,3178061,worker_0,W017,ExpandOrShrinkObjects,pattern_group,running,100.0,1,1
ExampleColocalization,1,24,1777974593.0784633,3178061,worker_0,W017,ExpandOrShrinkObjects,step_completed,success,64.70588235294117,11,17
ExampleColocalization,1,24,1777974593.0784812,3178061,worker_0,W017,RelateObjects,step_started,started,64.70588235294117,11,17
ExampleColocalization,1,24,1777974593.1295757,3178061,worker_0,W017,RelateObjects,pattern_group,running,100.0,1,1
ExampleColocalization,1,24,1777974593.1296396,3178061,worker_0,W017,RelateObjects,step_completed,success,70.58823529411765,12,17
ExampleColocalization,1,24,1777974593.1296566,3178061,worker_0,W017,ClassifyObjects,step_started,started,70.58823529411765,12,17
ExampleColocalization,1,24,1777974593.1837585,3178061,worker_0,W017,ClassifyObjects,pattern_group,running,100.0,1,1
ExampleColocalization,1,24,1777974593.1838205,3178061,worker_0,W017,ClassifyObjects,step_completed,success,76.47058823529412,13,17
ExampleColocalization,1,24,1777974593.183837,3178061,worker_0,W017,FilterObjects,step_started,started,76.47058823529412,13,17
ExampleColocalization,1,24,1777974593.2570922,3178061,worker_0,W017,FilterObjects,pattern_group,running,100.0,1,1
ExampleColocalization,1,24,1777974593.2571774,3178061,worker_0,W017,FilterObjects,step_completed,success,82.35294117647058,14,17
ExampleColocalization,1,24,1777974593.2572055,3178061,worker_0,W017,MaskObjects,step_started,started,82.35294117647058,14,17
ExampleColocalization,1,24,1777974593.2942572,3178061,worker_0,W017,MaskObjects,pattern_group,running,100.0,1,1
ExampleColocalization,1,24,1777974593.2943296,3178061,worker_0,W017,MaskObjects,step_completed,success,88.23529411764706,15,17
ExampleColocalization,1,24,1777974593.2943614,3178061,worker_0,W017,MeasureImageAreaOccupied,step_started,started,88.23529411764706,15,17
ExampleColocalization,1,24,1777974593.3230743,3178061,worker_0,W017,MeasureImageAreaOccupied,pattern_group,running,100.0,1,1
ExampleColocalization,1,24,1777974593.3231752,3178061,worker_0,W017,MeasureImageAreaOccupied,step_completed,success,94.11764705882352,16,17
ExampleColocalization,1,24,1777974593.3231947,3178061,worker_0,W017,CalculateMath,step_started,started,94.11764705882352,16,17
ExampleColocalization,1,24,1777974593.3788927,3178061,worker_0,W017,CalculateMath,pattern_group,running,50.0,1,2
ExampleColocalization,1,24,1777974593.4351537,3178061,worker_0,W017,CalculateMath,pattern_group,running,100.0,2,2
ExampleColocalization,1,24,1777974593.4352102,3178061,worker_0,W017,CalculateMath,step_completed,success,100.0,17,17
ExampleColocalization,1,24,1777974593.4353564,3178061,worker_0,W017,pipeline,axis_completed,success,100.0,17,17
ExampleColocalization,1,24,1777974593.4353771,3178061,worker_0,W018,pipeline,axis_started,started,0.0,0,17
ExampleColocalization,1,24,1777974593.435394,3178061,worker_0,W018,CorrectIlluminationCalculate,step_started,started,0.0,0,17
ExampleColocalization,1,24,1777974593.5894053,3178061,worker_0,W018,CorrectIlluminationCalculate,pattern_group,running,100.0,1,1
ExampleColocalization,1,24,1777974593.58947,3178061,worker_0,W018,CorrectIlluminationCalculate,step_completed,success,5.88235294117647,1,17
ExampleColocalization,1,24,1777974593.5894892,3178061,worker_0,W018,CorrectIlluminationCalculate,step_started,started,5.88235294117647,1,17
ExampleColocalization,1,24,1777974593.7375176,3178061,worker_0,W018,CorrectIlluminationCalculate,pattern_group,running,100.0,1,1
ExampleColocalization,1,24,1777974593.7375739,3178061,worker_0,W018,CorrectIlluminationCalculate,step_completed,success,11.76470588235294,2,17
ExampleColocalization,1,24,1777974593.7375903,3178061,worker_0,W018,Align,step_started,started,11.76470588235294,2,17
ExampleColocalization,1,24,1777974594.0960257,3178061,worker_0,W018,Align,pattern_group,running,100.0,1,1
ExampleColocalization,1,24,1777974594.0960858,3178061,worker_0,W018,Align,step_completed,success,17.647058823529413,3,17
ExampleColocalization,1,24,1777974594.096102,3178061,worker_0,W018,MeasureColocalization,step_started,started,17.647058823529413,3,17
ExampleColocalization,1,24,1777974594.321848,3178061,worker_0,W018,MeasureColocalization,pattern_group,running,100.0,1,1
ExampleColocalization,1,24,1777974594.3219218,3178061,worker_0,W018,MeasureColocalization,step_completed,success,23.52941176470588,4,17
ExampleColocalization,1,24,1777974594.3219392,3178061,worker_0,W018,IdentifyPrimaryObjects,step_started,started,23.52941176470588,4,17
ExampleColocalization,1,24,1777974594.7542036,3178061,worker_0,W018,IdentifyPrimaryObjects,pattern_group,running,100.0,1,1
ExampleColocalization,1,24,1777974594.7542615,3178061,worker_0,W018,IdentifyPrimaryObjects,step_completed,success,29.411764705882355,5,17
ExampleColocalization,1,24,1777974594.7542784,3178061,worker_0,W018,IdentifyPrimaryObjects,step_started,started,29.411764705882355,5,17
ExampleColocalization,1,24,1777974595.235377,3178061,worker_0,W018,IdentifyPrimaryObjects,pattern_group,running,100.0,1,1
ExampleColocalization,1,24,1777974595.235432,3178061,worker_0,W018,IdentifyPrimaryObjects,step_completed,success,35.294117647058826,6,17
ExampleColocalization,1,24,1777974595.2354488,3178061,worker_0,W018,RelateObjects,step_started,started,35.294117647058826,6,17
ExampleColocalization,1,24,1777974595.2859027,3178061,worker_0,W018,RelateObjects,pattern_group,running,100.0,1,1
ExampleColocalization,1,24,1777974595.2859821,3178061,worker_0,W018,RelateObjects,step_completed,success,41.17647058823529,7,17
ExampleColocalization,1,24,1777974595.2859998,3178061,worker_0,W018,ExpandOrShrinkObjects,step_started,started,41.17647058823529,7,17
ExampleColocalization,1,24,1777974595.3031993,3178061,worker_0,W018,ExpandOrShrinkObjects,pattern_group,running,100.0,1,1
ExampleColocalization,1,24,1777974595.303281,3178061,worker_0,W018,ExpandOrShrinkObjects,step_completed,success,47.05882352941176,8,17
ExampleColocalization,1,24,1777974595.3032992,3178061,worker_0,W018,ExpandOrShrinkObjects,step_started,started,47.05882352941176,8,17
ExampleColocalization,1,24,1777974595.32044,3178061,worker_0,W018,ExpandOrShrinkObjects,pattern_group,running,100.0,1,1
ExampleColocalization,1,24,1777974595.3204985,3178061,worker_0,W018,ExpandOrShrinkObjects,step_completed,success,52.94117647058824,9,17
ExampleColocalization,1,24,1777974595.3205147,3178061,worker_0,W018,ExpandOrShrinkObjects,step_started,started,52.94117647058824,9,17
ExampleColocalization,1,24,1777974595.3445175,3178061,worker_0,W018,ExpandOrShrinkObjects,pattern_group,running,100.0,1,1
ExampleColocalization,1,24,1777974595.3445837,3178061,worker_0,W018,ExpandOrShrinkObjects,step_completed,success,58.82352941176471,10,17
ExampleColocalization,1,24,1777974595.3446012,3178061,worker_0,W018,ExpandOrShrinkObjects,step_started,started,58.82352941176471,10,17
ExampleColocalization,1,24,1777974595.368917,3178061,worker_0,W018,ExpandOrShrinkObjects,pattern_group,running,100.0,1,1
ExampleColocalization,1,24,1777974595.3690012,3178061,worker_0,W018,ExpandOrShrinkObjects,step_completed,success,64.70588235294117,11,17
ExampleColocalization,1,24,1777974595.3690195,3178061,worker_0,W018,RelateObjects,step_started,started,64.70588235294117,11,17
ExampleColocalization,1,24,1777974595.4219472,3178061,worker_0,W018,RelateObjects,pattern_group,running,100.0,1,1
ExampleColocalization,1,24,1777974595.4220054,3178061,worker_0,W018,RelateObjects,step_completed,success,70.58823529411765,12,17
ExampleColocalization,1,24,1777974595.4220214,3178061,worker_0,W018,ClassifyObjects,step_started,started,70.58823529411765,12,17
ExampleColocalization,1,24,1777974595.4760554,3178061,worker_0,W018,ClassifyObjects,pattern_group,running,100.0,1,1
ExampleColocalization,1,24,1777974595.4761317,3178061,worker_0,W018,ClassifyObjects,step_completed,success,76.47058823529412,13,17
ExampleColocalization,1,24,1777974595.476157,3178061,worker_0,W018,FilterObjects,step_started,started,76.47058823529412,13,17
ExampleColocalization,1,24,1777974595.5495024,3178061,worker_0,W018,FilterObjects,pattern_group,running,100.0,1,1
ExampleColocalization,1,24,1777974595.5495582,3178061,worker_0,W018,FilterObjects,step_completed,success,82.35294117647058,14,17
ExampleColocalization,1,24,1777974595.549579,3178061,worker_0,W018,MaskObjects,step_started,started,82.35294117647058,14,17
ExampleColocalization,1,24,1777974595.5842676,3178061,worker_0,W018,MaskObjects,pattern_group,running,100.0,1,1
ExampleColocalization,1,24,1777974595.5843256,3178061,worker_0,W018,MaskObjects,step_completed,success,88.23529411764706,15,17
ExampleColocalization,1,24,1777974595.5843422,3178061,worker_0,W018,MeasureImageAreaOccupied,step_started,started,88.23529411764706,15,17
ExampleColocalization,1,24,1777974595.6102593,3178061,worker_0,W018,MeasureImageAreaOccupied,pattern_group,running,100.0,1,1
ExampleColocalization,1,24,1777974595.6103575,3178061,worker_0,W018,MeasureImageAreaOccupied,step_completed,success,94.11764705882352,16,17
ExampleColocalization,1,24,1777974595.6103773,3178061,worker_0,W018,CalculateMath,step_started,started,94.11764705882352,16,17
ExampleColocalization,1,24,1777974595.6665118,3178061,worker_0,W018,CalculateMath,pattern_group,running,50.0,1,2
ExampleColocalization,1,24,1777974595.7235563,3178061,worker_0,W018,CalculateMath,pattern_group,running,100.0,2,2
ExampleColocalization,1,24,1777974595.7236185,3178061,worker_0,W018,CalculateMath,step_completed,success,100.0,17,17
ExampleColocalization,1,24,1777974595.7237632,3178061,worker_0,W018,pipeline,axis_completed,success,100.0,17,17
ExampleColocalization,1,24,1777974595.7237873,3178061,worker_0,W019,pipeline,axis_started,started,0.0,0,17
ExampleColocalization,1,24,1777974595.723805,3178061,worker_0,W019,CorrectIlluminationCalculate,step_started,started,0.0,0,17
ExampleColocalization,1,24,1777974595.8798769,3178061,worker_0,W019,CorrectIlluminationCalculate,pattern_group,running,100.0,1,1
ExampleColocalization,1,24,1777974595.8799462,3178061,worker_0,W019,CorrectIlluminationCalculate,step_completed,success,5.88235294117647,1,17
ExampleColocalization,1,24,1777974595.879963,3178061,worker_0,W019,CorrectIlluminationCalculate,step_started,started,5.88235294117647,1,17
ExampleColocalization,1,24,1777974596.0301642,3178061,worker_0,W019,CorrectIlluminationCalculate,pattern_group,running,100.0,1,1
ExampleColocalization,1,24,1777974596.030252,3178061,worker_0,W019,CorrectIlluminationCalculate,step_completed,success,11.76470588235294,2,17
ExampleColocalization,1,24,1777974596.0302699,3178061,worker_0,W019,Align,step_started,started,11.76470588235294,2,17
ExampleColocalization,1,24,1777974596.3914263,3178061,worker_0,W019,Align,pattern_group,running,100.0,1,1
ExampleColocalization,1,24,1777974596.3915281,3178061,worker_0,W019,Align,step_completed,success,17.647058823529413,3,17
ExampleColocalization,1,24,1777974596.3915489,3178061,worker_0,W019,MeasureColocalization,step_started,started,17.647058823529413,3,17
ExampleColocalization,1,24,1777974596.6163452,3178061,worker_0,W019,MeasureColocalization,pattern_group,running,100.0,1,1
ExampleColocalization,1,24,1777974596.6164212,3178061,worker_0,W019,MeasureColocalization,step_completed,success,23.52941176470588,4,17
ExampleColocalization,1,24,1777974596.6164389,3178061,worker_0,W019,IdentifyPrimaryObjects,step_started,started,23.52941176470588,4,17
ExampleColocalization,1,24,1777974597.0465336,3178061,worker_0,W019,IdentifyPrimaryObjects,pattern_group,running,100.0,1,1
ExampleColocalization,1,24,1777974597.0466065,3178061,worker_0,W019,IdentifyPrimaryObjects,step_completed,success,29.411764705882355,5,17
ExampleColocalization,1,24,1777974597.0466244,3178061,worker_0,W019,IdentifyPrimaryObjects,step_started,started,29.411764705882355,5,17
ExampleColocalization,1,24,1777974597.5249329,3178061,worker_0,W019,IdentifyPrimaryObjects,pattern_group,running,100.0,1,1
ExampleColocalization,1,24,1777974597.5249925,3178061,worker_0,W019,IdentifyPrimaryObjects,step_completed,success,35.294117647058826,6,17
ExampleColocalization,1,24,1777974597.525021,3178061,worker_0,W019,RelateObjects,step_started,started,35.294117647058826,6,17
ExampleColocalization,1,24,1777974597.5726645,3178061,worker_0,W019,RelateObjects,pattern_group,running,100.0,1,1
ExampleColocalization,1,24,1777974597.57273,3178061,worker_0,W019,RelateObjects,step_completed,success,41.17647058823529,7,17
ExampleColocalization,1,24,1777974597.572747,3178061,worker_0,W019,ExpandOrShrinkObjects,step_started,started,41.17647058823529,7,17
ExampleColocalization,1,24,1777974597.5897076,3178061,worker_0,W019,ExpandOrShrinkObjects,pattern_group,running,100.0,1,1
ExampleColocalization,1,24,1777974597.5897772,3178061,worker_0,W019,ExpandOrShrinkObjects,step_completed,success,47.05882352941176,8,17
ExampleColocalization,1,24,1777974597.589795,3178061,worker_0,W019,ExpandOrShrinkObjects,step_started,started,47.05882352941176,8,17
ExampleColocalization,1,24,1777974597.6068616,3178061,worker_0,W019,ExpandOrShrinkObjects,pattern_group,running,100.0,1,1
ExampleColocalization,1,24,1777974597.6069353,3178061,worker_0,W019,ExpandOrShrinkObjects,step_completed,success,52.94117647058824,9,17
ExampleColocalization,1,24,1777974597.6069524,3178061,worker_0,W019,ExpandOrShrinkObjects,step_started,started,52.94117647058824,9,17
ExampleColocalization,1,24,1777974597.6292782,3178061,worker_0,W019,ExpandOrShrinkObjects,pattern_group,running,100.0,1,1
ExampleColocalization,1,24,1777974597.6293387,3178061,worker_0,W019,ExpandOrShrinkObjects,step_completed,success,58.82352941176471,10,17
ExampleColocalization,1,24,1777974597.6293638,3178061,worker_0,W019,ExpandOrShrinkObjects,step_started,started,58.82352941176471,10,17
ExampleColocalization,1,24,1777974597.6560624,3178061,worker_0,W019,ExpandOrShrinkObjects,pattern_group,running,100.0,1,1
ExampleColocalization,1,24,1777974597.6561263,3178061,worker_0,W019,ExpandOrShrinkObjects,step_completed,success,64.70588235294117,11,17
ExampleColocalization,1,24,1777974597.6561434,3178061,worker_0,W019,RelateObjects,step_started,started,64.70588235294117,11,17
ExampleColocalization,1,24,1777974597.7055945,3178061,worker_0,W019,RelateObjects,pattern_group,running,100.0,1,1
ExampleColocalization,1,24,1777974597.7056823,3178061,worker_0,W019,RelateObjects,step_completed,success,70.58823529411765,12,17
ExampleColocalization,1,24,1777974597.7057009,3178061,worker_0,W019,ClassifyObjects,step_started,started,70.58823529411765,12,17
ExampleColocalization,1,24,1777974597.7597423,3178061,worker_0,W019,ClassifyObjects,pattern_group,running,100.0,1,1
ExampleColocalization,1,24,1777974597.759799,3178061,worker_0,W019,ClassifyObjects,step_completed,success,76.47058823529412,13,17
ExampleColocalization,1,24,1777974597.7598162,3178061,worker_0,W019,FilterObjects,step_started,started,76.47058823529412,13,17
ExampleColocalization,1,24,1777974597.8300939,3178061,worker_0,W019,FilterObjects,pattern_group,running,100.0,1,1
ExampleColocalization,1,24,1777974597.8301823,3178061,worker_0,W019,FilterObjects,step_completed,success,82.35294117647058,14,17
ExampleColocalization,1,24,1777974597.830206,3178061,worker_0,W019,MaskObjects,step_started,started,82.35294117647058,14,17
ExampleColocalization,1,24,1777974597.8671033,3178061,worker_0,W019,MaskObjects,pattern_group,running,100.0,1,1
ExampleColocalization,1,24,1777974597.8672154,3178061,worker_0,W019,MaskObjects,step_completed,success,88.23529411764706,15,17
ExampleColocalization,1,24,1777974597.8672423,3178061,worker_0,W019,MeasureImageAreaOccupied,step_started,started,88.23529411764706,15,17
ExampleColocalization,1,24,1777974597.8937209,3178061,worker_0,W019,MeasureImageAreaOccupied,pattern_group,running,100.0,1,1
ExampleColocalization,1,24,1777974597.8937852,3178061,worker_0,W019,MeasureImageAreaOccupied,step_completed,success,94.11764705882352,16,17
ExampleColocalization,1,24,1777974597.8938024,3178061,worker_0,W019,CalculateMath,step_started,started,94.11764705882352,16,17
ExampleColocalization,1,24,1777974597.9489515,3178061,worker_0,W019,CalculateMath,pattern_group,running,50.0,1,2
ExampleColocalization,1,24,1777974598.0028212,3178061,worker_0,W019,CalculateMath,pattern_group,running,100.0,2,2
ExampleColocalization,1,24,1777974598.0028737,3178061,worker_0,W019,CalculateMath,step_completed,success,100.0,17,17
ExampleColocalization,1,24,1777974598.0030165,3178061,worker_0,W019,pipeline,axis_completed,success,100.0,17,17
ExampleColocalization,1,24,1777974598.0030372,3178061,worker_0,W020,pipeline,axis_started,started,0.0,0,17
ExampleColocalization,1,24,1777974598.0030541,3178061,worker_0,W020,CorrectIlluminationCalculate,step_started,started,0.0,0,17
ExampleColocalization,1,24,1777974598.1536143,3178061,worker_0,W020,CorrectIlluminationCalculate,pattern_group,running,100.0,1,1
ExampleColocalization,1,24,1777974598.1536689,3178061,worker_0,W020,CorrectIlluminationCalculate,step_completed,success,5.88235294117647,1,17
ExampleColocalization,1,24,1777974598.1536849,3178061,worker_0,W020,CorrectIlluminationCalculate,step_started,started,5.88235294117647,1,17
ExampleColocalization,1,24,1777974598.3014455,3178061,worker_0,W020,CorrectIlluminationCalculate,pattern_group,running,100.0,1,1
ExampleColocalization,1,24,1777974598.3015049,3178061,worker_0,W020,CorrectIlluminationCalculate,step_completed,success,11.76470588235294,2,17
ExampleColocalization,1,24,1777974598.301521,3178061,worker_0,W020,Align,step_started,started,11.76470588235294,2,17
ExampleColocalization,1,24,1777974598.6610484,3178061,worker_0,W020,Align,pattern_group,running,100.0,1,1
ExampleColocalization,1,24,1777974598.6611083,3178061,worker_0,W020,Align,step_completed,success,17.647058823529413,3,17
ExampleColocalization,1,24,1777974598.661128,3178061,worker_0,W020,MeasureColocalization,step_started,started,17.647058823529413,3,17
ExampleColocalization,1,24,1777974598.8831294,3178061,worker_0,W020,MeasureColocalization,pattern_group,running,100.0,1,1
ExampleColocalization,1,24,1777974598.883186,3178061,worker_0,W020,MeasureColocalization,step_completed,success,23.52941176470588,4,17
ExampleColocalization,1,24,1777974598.8832026,3178061,worker_0,W020,IdentifyPrimaryObjects,step_started,started,23.52941176470588,4,17
ExampleColocalization,1,24,1777974599.3418143,3178061,worker_0,W020,IdentifyPrimaryObjects,pattern_group,running,100.0,1,1
ExampleColocalization,1,24,1777974599.341869,3178061,worker_0,W020,IdentifyPrimaryObjects,step_completed,success,29.411764705882355,5,17
ExampleColocalization,1,24,1777974599.3418858,3178061,worker_0,W020,IdentifyPrimaryObjects,step_started,started,29.411764705882355,5,17
ExampleColocalization,1,24,1777974599.8104875,3178061,worker_0,W020,IdentifyPrimaryObjects,pattern_group,running,100.0,1,1
ExampleColocalization,1,24,1777974599.8105445,3178061,worker_0,W020,IdentifyPrimaryObjects,step_completed,success,35.294117647058826,6,17
ExampleColocalization,1,24,1777974599.810561,3178061,worker_0,W020,RelateObjects,step_started,started,35.294117647058826,6,17
ExampleColocalization,1,24,1777974599.861005,3178061,worker_0,W020,RelateObjects,pattern_group,running,100.0,1,1
ExampleColocalization,1,24,1777974599.8610928,3178061,worker_0,W020,RelateObjects,step_completed,success,41.17647058823529,7,17
ExampleColocalization,1,24,1777974599.8611114,3178061,worker_0,W020,ExpandOrShrinkObjects,step_started,started,41.17647058823529,7,17
ExampleColocalization,1,24,1777974599.8764617,3178061,worker_0,W020,ExpandOrShrinkObjects,pattern_group,running,100.0,1,1
ExampleColocalization,1,24,1777974599.8765197,3178061,worker_0,W020,ExpandOrShrinkObjects,step_completed,success,47.05882352941176,8,17
ExampleColocalization,1,24,1777974599.8765361,3178061,worker_0,W020,ExpandOrShrinkObjects,step_started,started,47.05882352941176,8,17
ExampleColocalization,1,24,1777974599.8900683,3178061,worker_0,W020,ExpandOrShrinkObjects,pattern_group,running,100.0,1,1
ExampleColocalization,1,24,1777974599.8901281,3178061,worker_0,W020,ExpandOrShrinkObjects,step_completed,success,52.94117647058824,9,17
ExampleColocalization,1,24,1777974599.890144,3178061,worker_0,W020,ExpandOrShrinkObjects,step_started,started,52.94117647058824,9,17
ExampleColocalization,1,24,1777974599.9192412,3178061,worker_0,W020,ExpandOrShrinkObjects,pattern_group,running,100.0,1,1
ExampleColocalization,1,24,1777974599.9193091,3178061,worker_0,W020,ExpandOrShrinkObjects,step_completed,success,58.82352941176471,10,17
ExampleColocalization,1,24,1777974599.9193265,3178061,worker_0,W020,ExpandOrShrinkObjects,step_started,started,58.82352941176471,10,17
ExampleColocalization,1,24,1777974599.946339,3178061,worker_0,W020,ExpandOrShrinkObjects,pattern_group,running,100.0,1,1
ExampleColocalization,1,24,1777974599.9464157,3178061,worker_0,W020,ExpandOrShrinkObjects,step_completed,success,64.70588235294117,11,17
ExampleColocalization,1,24,1777974599.9464335,3178061,worker_0,W020,RelateObjects,step_started,started,64.70588235294117,11,17
ExampleColocalization,1,24,1777974599.9945998,3178061,worker_0,W020,RelateObjects,pattern_group,running,100.0,1,1
ExampleColocalization,1,24,1777974599.9946911,3178061,worker_0,W020,RelateObjects,step_completed,success,70.58823529411765,12,17
ExampleColocalization,1,24,1777974599.9947126,3178061,worker_0,W020,ClassifyObjects,step_started,started,70.58823529411765,12,17
ExampleColocalization,1,24,1777974600.0512226,3178061,worker_0,W020,ClassifyObjects,pattern_group,running,100.0,1,1
ExampleColocalization,1,24,1777974600.0512767,3178061,worker_0,W020,ClassifyObjects,step_completed,success,76.47058823529412,13,17
ExampleColocalization,1,24,1777974600.0512927,3178061,worker_0,W020,FilterObjects,step_started,started,76.47058823529412,13,17
ExampleColocalization,1,24,1777974600.119804,3178061,worker_0,W020,FilterObjects,pattern_group,running,100.0,1,1
ExampleColocalization,1,24,1777974600.1198988,3178061,worker_0,W020,FilterObjects,step_completed,success,82.35294117647058,14,17
ExampleColocalization,1,24,1777974600.1199195,3178061,worker_0,W020,MaskObjects,step_started,started,82.35294117647058,14,17
ExampleColocalization,1,24,1777974600.1571622,3178061,worker_0,W020,MaskObjects,pattern_group,running,100.0,1,1
ExampleColocalization,1,24,1777974600.1572406,3178061,worker_0,W020,MaskObjects,step_completed,success,88.23529411764706,15,17
ExampleColocalization,1,24,1777974600.1572592,3178061,worker_0,W020,MeasureImageAreaOccupied,step_started,started,88.23529411764706,15,17
ExampleColocalization,1,24,1777974600.1834478,3178061,worker_0,W020,MeasureImageAreaOccupied,pattern_group,running,100.0,1,1
ExampleColocalization,1,24,1777974600.1835065,3178061,worker_0,W020,MeasureImageAreaOccupied,step_completed,success,94.11764705882352,16,17
ExampleColocalization,1,24,1777974600.1835232,3178061,worker_0,W020,CalculateMath,step_started,started,94.11764705882352,16,17
ExampleColocalization,1,24,1777974600.2397594,3178061,worker_0,W020,CalculateMath,pattern_group,running,50.0,1,2
ExampleColocalization,1,24,1777974600.295972,3178061,worker_0,W020,CalculateMath,pattern_group,running,100.0,2,2
ExampleColocalization,1,24,1777974600.296025,3178061,worker_0,W020,CalculateMath,step_completed,success,100.0,17,17
ExampleColocalization,1,24,1777974600.2961648,3178061,worker_0,W020,pipeline,axis_completed,success,100.0,17,17
ExampleColocalization,1,24,1777974600.2961855,3178061,worker_0,W021,pipeline,axis_started,started,0.0,0,17
ExampleColocalization,1,24,1777974600.2962034,3178061,worker_0,W021,CorrectIlluminationCalculate,step_started,started,0.0,0,17
ExampleColocalization,1,24,1777974600.452024,3178061,worker_0,W021,CorrectIlluminationCalculate,pattern_group,running,100.0,1,1
ExampleColocalization,1,24,1777974600.452081,3178061,worker_0,W021,CorrectIlluminationCalculate,step_completed,success,5.88235294117647,1,17
ExampleColocalization,1,24,1777974600.452097,3178061,worker_0,W021,CorrectIlluminationCalculate,step_started,started,5.88235294117647,1,17
ExampleColocalization,1,24,1777974600.5896401,3178061,worker_0,W021,CorrectIlluminationCalculate,pattern_group,running,100.0,1,1
ExampleColocalization,1,24,1777974600.5897355,3178061,worker_0,W021,CorrectIlluminationCalculate,step_completed,success,11.76470588235294,2,17
ExampleColocalization,1,24,1777974600.5897546,3178061,worker_0,W021,Align,step_started,started,11.76470588235294,2,17
ExampleColocalization,1,24,1777974600.960588,3178061,worker_0,W021,Align,pattern_group,running,100.0,1,1
ExampleColocalization,1,24,1777974600.9606829,3178061,worker_0,W021,Align,step_completed,success,17.647058823529413,3,17
ExampleColocalization,1,24,1777974600.9607012,3178061,worker_0,W021,MeasureColocalization,step_started,started,17.647058823529413,3,17
ExampleColocalization,1,24,1777974601.1853406,3178061,worker_0,W021,MeasureColocalization,pattern_group,running,100.0,1,1
ExampleColocalization,1,24,1777974601.185406,3178061,worker_0,W021,MeasureColocalization,step_completed,success,23.52941176470588,4,17
ExampleColocalization,1,24,1777974601.1854224,3178061,worker_0,W021,IdentifyPrimaryObjects,step_started,started,23.52941176470588,4,17
ExampleColocalization,1,24,1777974601.6273003,3178061,worker_0,W021,IdentifyPrimaryObjects,pattern_group,running,100.0,1,1
ExampleColocalization,1,24,1777974601.6273718,3178061,worker_0,W021,IdentifyPrimaryObjects,step_completed,success,29.411764705882355,5,17
ExampleColocalization,1,24,1777974601.62739,3178061,worker_0,W021,IdentifyPrimaryObjects,step_started,started,29.411764705882355,5,17
ExampleColocalization,1,24,1777974602.0987842,3178061,worker_0,W021,IdentifyPrimaryObjects,pattern_group,running,100.0,1,1
ExampleColocalization,1,24,1777974602.098849,3178061,worker_0,W021,IdentifyPrimaryObjects,step_completed,success,35.294117647058826,6,17
ExampleColocalization,1,24,1777974602.0988672,3178061,worker_0,W021,RelateObjects,step_started,started,35.294117647058826,6,17
ExampleColocalization,1,24,1777974602.146927,3178061,worker_0,W021,RelateObjects,pattern_group,running,100.0,1,1
ExampleColocalization,1,24,1777974602.1469796,3178061,worker_0,W021,RelateObjects,step_completed,success,41.17647058823529,7,17
ExampleColocalization,1,24,1777974602.1469955,3178061,worker_0,W021,ExpandOrShrinkObjects,step_started,started,41.17647058823529,7,17
ExampleColocalization,1,24,1777974602.1635478,3178061,worker_0,W021,ExpandOrShrinkObjects,pattern_group,running,100.0,1,1
ExampleColocalization,1,24,1777974602.1636126,3178061,worker_0,W021,ExpandOrShrinkObjects,step_completed,success,47.05882352941176,8,17
ExampleColocalization,1,24,1777974602.16363,3178061,worker_0,W021,ExpandOrShrinkObjects,step_started,started,47.05882352941176,8,17
ExampleColocalization,1,24,1777974602.1779797,3178061,worker_0,W021,ExpandOrShrinkObjects,pattern_group,running,100.0,1,1
ExampleColocalization,1,24,1777974602.1780355,3178061,worker_0,W021,ExpandOrShrinkObjects,step_completed,success,52.94117647058824,9,17
ExampleColocalization,1,24,1777974602.1780512,3178061,worker_0,W021,ExpandOrShrinkObjects,step_started,started,52.94117647058824,9,17
ExampleColocalization,1,24,1777974602.203964,3178061,worker_0,W021,ExpandOrShrinkObjects,pattern_group,running,100.0,1,1
ExampleColocalization,1,24,1777974602.2040217,3178061,worker_0,W021,ExpandOrShrinkObjects,step_completed,success,58.82352941176471,10,17
ExampleColocalization,1,24,1777974602.2040389,3178061,worker_0,W021,ExpandOrShrinkObjects,step_started,started,58.82352941176471,10,17
ExampleColocalization,1,24,1777974602.2313843,3178061,worker_0,W021,ExpandOrShrinkObjects,pattern_group,running,100.0,1,1
ExampleColocalization,1,24,1777974602.231442,3178061,worker_0,W021,ExpandOrShrinkObjects,step_completed,success,64.70588235294117,11,17
ExampleColocalization,1,24,1777974602.2314582,3178061,worker_0,W021,RelateObjects,step_started,started,64.70588235294117,11,17
ExampleColocalization,1,24,1777974602.279453,3178061,worker_0,W021,RelateObjects,pattern_group,running,100.0,1,1
ExampleColocalization,1,24,1777974602.2795053,3178061,worker_0,W021,RelateObjects,step_completed,success,70.58823529411765,12,17
ExampleColocalization,1,24,1777974602.279525,3178061,worker_0,W021,ClassifyObjects,step_started,started,70.58823529411765,12,17
ExampleColocalization,1,24,1777974602.3331518,3178061,worker_0,W021,ClassifyObjects,pattern_group,running,100.0,1,1
ExampleColocalization,1,24,1777974602.3332236,3178061,worker_0,W021,ClassifyObjects,step_completed,success,76.47058823529412,13,17
ExampleColocalization,1,24,1777974602.3332407,3178061,worker_0,W021,FilterObjects,step_started,started,76.47058823529412,13,17
ExampleColocalization,1,24,1777974602.4058003,3178061,worker_0,W021,FilterObjects,pattern_group,running,100.0,1,1
ExampleColocalization,1,24,1777974602.4058552,3178061,worker_0,W021,FilterObjects,step_completed,success,82.35294117647058,14,17
ExampleColocalization,1,24,1777974602.4058716,3178061,worker_0,W021,MaskObjects,step_started,started,82.35294117647058,14,17
ExampleColocalization,1,24,1777974602.440366,3178061,worker_0,W021,MaskObjects,pattern_group,running,100.0,1,1
ExampleColocalization,1,24,1777974602.4404216,3178061,worker_0,W021,MaskObjects,step_completed,success,88.23529411764706,15,17
ExampleColocalization,1,24,1777974602.4404397,3178061,worker_0,W021,MeasureImageAreaOccupied,step_started,started,88.23529411764706,15,17
ExampleColocalization,1,24,1777974602.465207,3178061,worker_0,W021,MeasureImageAreaOccupied,pattern_group,running,100.0,1,1
ExampleColocalization,1,24,1777974602.465287,3178061,worker_0,W021,MeasureImageAreaOccupied,step_completed,success,94.11764705882352,16,17
ExampleColocalization,1,24,1777974602.4653044,3178061,worker_0,W021,CalculateMath,step_started,started,94.11764705882352,16,17
ExampleColocalization,1,24,1777974602.5196974,3178061,worker_0,W021,CalculateMath,pattern_group,running,50.0,1,2
ExampleColocalization,1,24,1777974602.5726516,3178061,worker_0,W021,CalculateMath,pattern_group,running,100.0,2,2
ExampleColocalization,1,24,1777974602.5727038,3178061,worker_0,W021,CalculateMath,step_completed,success,100.0,17,17
ExampleColocalization,1,24,1777974602.572844,3178061,worker_0,W021,pipeline,axis_completed,success,100.0,17,17
ExampleColocalization,1,24,1777974602.5728657,3178061,worker_0,W022,pipeline,axis_started,started,0.0,0,17
ExampleColocalization,1,24,1777974602.5728831,3178061,worker_0,W022,CorrectIlluminationCalculate,step_started,started,0.0,0,17
ExampleColocalization,1,24,1777974602.7276106,3178061,worker_0,W022,CorrectIlluminationCalculate,pattern_group,running,100.0,1,1
ExampleColocalization,1,24,1777974602.7276714,3178061,worker_0,W022,CorrectIlluminationCalculate,step_completed,success,5.88235294117647,1,17
ExampleColocalization,1,24,1777974602.727687,3178061,worker_0,W022,CorrectIlluminationCalculate,step_started,started,5.88235294117647,1,17
ExampleColocalization,1,24,1777974602.874571,3178061,worker_0,W022,CorrectIlluminationCalculate,pattern_group,running,100.0,1,1
ExampleColocalization,1,24,1777974602.8746266,3178061,worker_0,W022,CorrectIlluminationCalculate,step_completed,success,11.76470588235294,2,17
ExampleColocalization,1,24,1777974602.8746426,3178061,worker_0,W022,Align,step_started,started,11.76470588235294,2,17
ExampleColocalization,1,24,1777974603.2281349,3178061,worker_0,W022,Align,pattern_group,running,100.0,1,1
ExampleColocalization,1,24,1777974603.228231,3178061,worker_0,W022,Align,step_completed,success,17.647058823529413,3,17
ExampleColocalization,1,24,1777974603.2282493,3178061,worker_0,W022,MeasureColocalization,step_started,started,17.647058823529413,3,17
ExampleColocalization,1,24,1777974603.4479828,3178061,worker_0,W022,MeasureColocalization,pattern_group,running,100.0,1,1
ExampleColocalization,1,24,1777974603.4480493,3178061,worker_0,W022,MeasureColocalization,step_completed,success,23.52941176470588,4,17
ExampleColocalization,1,24,1777974603.4480665,3178061,worker_0,W022,IdentifyPrimaryObjects,step_started,started,23.52941176470588,4,17
ExampleColocalization,1,24,1777974603.8722372,3178061,worker_0,W022,IdentifyPrimaryObjects,pattern_group,running,100.0,1,1
ExampleColocalization,1,24,1777974603.87229,3178061,worker_0,W022,IdentifyPrimaryObjects,step_completed,success,29.411764705882355,5,17
ExampleColocalization,1,24,1777974603.872307,3178061,worker_0,W022,IdentifyPrimaryObjects,step_started,started,29.411764705882355,5,17
ExampleColocalization,1,24,1777974604.3575993,3178061,worker_0,W022,IdentifyPrimaryObjects,pattern_group,running,100.0,1,1
ExampleColocalization,1,24,1777974604.357664,3178061,worker_0,W022,IdentifyPrimaryObjects,step_completed,success,35.294117647058826,6,17
ExampleColocalization,1,24,1777974604.3576925,3178061,worker_0,W022,RelateObjects,step_started,started,35.294117647058826,6,17
ExampleColocalization,1,24,1777974604.4079473,3178061,worker_0,W022,RelateObjects,pattern_group,running,100.0,1,1
ExampleColocalization,1,24,1777974604.4080448,3178061,worker_0,W022,RelateObjects,step_completed,success,41.17647058823529,7,17
ExampleColocalization,1,24,1777974604.4080646,3178061,worker_0,W022,ExpandOrShrinkObjects,step_started,started,41.17647058823529,7,17
ExampleColocalization,1,24,1777974604.4264112,3178061,worker_0,W022,ExpandOrShrinkObjects,pattern_group,running,100.0,1,1
ExampleColocalization,1,24,1777974604.4265077,3178061,worker_0,W022,ExpandOrShrinkObjects,step_completed,success,47.05882352941176,8,17
ExampleColocalization,1,24,1777974604.4265282,3178061,worker_0,W022,ExpandOrShrinkObjects,step_started,started,47.05882352941176,8,17
ExampleColocalization,1,24,1777974604.4422393,3178061,worker_0,W022,ExpandOrShrinkObjects,pattern_group,running,100.0,1,1
ExampleColocalization,1,24,1777974604.442297,3178061,worker_0,W022,ExpandOrShrinkObjects,step_completed,success,52.94117647058824,9,17
ExampleColocalization,1,24,1777974604.4423141,3178061,worker_0,W022,ExpandOrShrinkObjects,step_started,started,52.94117647058824,9,17
ExampleColocalization,1,24,1777974604.4689813,3178061,worker_0,W022,ExpandOrShrinkObjects,pattern_group,running,100.0,1,1
ExampleColocalization,1,24,1777974604.4690511,3178061,worker_0,W022,ExpandOrShrinkObjects,step_completed,success,58.82352941176471,10,17
ExampleColocalization,1,24,1777974604.4690726,3178061,worker_0,W022,ExpandOrShrinkObjects,step_started,started,58.82352941176471,10,17
ExampleColocalization,1,24,1777974604.4981642,3178061,worker_0,W022,ExpandOrShrinkObjects,pattern_group,running,100.0,1,1
ExampleColocalization,1,24,1777974604.4982543,3178061,worker_0,W022,ExpandOrShrinkObjects,step_completed,success,64.70588235294117,11,17
ExampleColocalization,1,24,1777974604.498275,3178061,worker_0,W022,RelateObjects,step_started,started,64.70588235294117,11,17
ExampleColocalization,1,24,1777974604.551696,3178061,worker_0,W022,RelateObjects,pattern_group,running,100.0,1,1
ExampleColocalization,1,24,1777974604.5517578,3178061,worker_0,W022,RelateObjects,step_completed,success,70.58823529411765,12,17
ExampleColocalization,1,24,1777974604.551775,3178061,worker_0,W022,ClassifyObjects,step_started,started,70.58823529411765,12,17
ExampleColocalization,1,24,1777974604.6049078,3178061,worker_0,W022,ClassifyObjects,pattern_group,running,100.0,1,1
ExampleColocalization,1,24,1777974604.604976,3178061,worker_0,W022,ClassifyObjects,step_completed,success,76.47058823529412,13,17
ExampleColocalization,1,24,1777974604.6049943,3178061,worker_0,W022,FilterObjects,step_started,started,76.47058823529412,13,17
ExampleColocalization,1,24,1777974604.6765566,3178061,worker_0,W022,FilterObjects,pattern_group,running,100.0,1,1
ExampleColocalization,1,24,1777974604.6766133,3178061,worker_0,W022,FilterObjects,step_completed,success,82.35294117647058,14,17
ExampleColocalization,1,24,1777974604.6766298,3178061,worker_0,W022,MaskObjects,step_started,started,82.35294117647058,14,17
ExampleColocalization,1,24,1777974604.7149847,3178061,worker_0,W022,MaskObjects,pattern_group,running,100.0,1,1
ExampleColocalization,1,24,1777974604.7150512,3178061,worker_0,W022,MaskObjects,step_completed,success,88.23529411764706,15,17
ExampleColocalization,1,24,1777974604.7150679,3178061,worker_0,W022,MeasureImageAreaOccupied,step_started,started,88.23529411764706,15,17
ExampleColocalization,1,24,1777974604.7428432,3178061,worker_0,W022,MeasureImageAreaOccupied,pattern_group,running,100.0,1,1
ExampleColocalization,1,24,1777974604.7428975,3178061,worker_0,W022,MeasureImageAreaOccupied,step_completed,success,94.11764705882352,16,17
ExampleColocalization,1,24,1777974604.7429135,3178061,worker_0,W022,CalculateMath,step_started,started,94.11764705882352,16,17
ExampleColocalization,1,24,1777974604.8036025,3178061,worker_0,W022,CalculateMath,pattern_group,running,50.0,1,2
ExampleColocalization,1,24,1777974604.8575413,3178061,worker_0,W022,CalculateMath,pattern_group,running,100.0,2,2
ExampleColocalization,1,24,1777974604.8575935,3178061,worker_0,W022,CalculateMath,step_completed,success,100.0,17,17
ExampleColocalization,1,24,1777974604.857735,3178061,worker_0,W022,pipeline,axis_completed,success,100.0,17,17
ExampleColocalization,1,24,1777974604.8577569,3178061,worker_0,W023,pipeline,axis_started,started,0.0,0,17
ExampleColocalization,1,24,1777974604.857774,3178061,worker_0,W023,CorrectIlluminationCalculate,step_started,started,0.0,0,17
ExampleColocalization,1,24,1777974605.0131423,3178061,worker_0,W023,CorrectIlluminationCalculate,pattern_group,running,100.0,1,1
ExampleColocalization,1,24,1777974605.0132043,3178061,worker_0,W023,CorrectIlluminationCalculate,step_completed,success,5.88235294117647,1,17
ExampleColocalization,1,24,1777974605.0132227,3178061,worker_0,W023,CorrectIlluminationCalculate,step_started,started,5.88235294117647,1,17
ExampleColocalization,1,24,1777974605.16357,3178061,worker_0,W023,CorrectIlluminationCalculate,pattern_group,running,100.0,1,1
ExampleColocalization,1,24,1777974605.1636302,3178061,worker_0,W023,CorrectIlluminationCalculate,step_completed,success,11.76470588235294,2,17
ExampleColocalization,1,24,1777974605.1636462,3178061,worker_0,W023,Align,step_started,started,11.76470588235294,2,17
ExampleColocalization,1,24,1777974605.5307143,3178061,worker_0,W023,Align,pattern_group,running,100.0,1,1
ExampleColocalization,1,24,1777974605.5307734,3178061,worker_0,W023,Align,step_completed,success,17.647058823529413,3,17
ExampleColocalization,1,24,1777974605.5307903,3178061,worker_0,W023,MeasureColocalization,step_started,started,17.647058823529413,3,17
ExampleColocalization,1,24,1777974605.749688,3178061,worker_0,W023,MeasureColocalization,pattern_group,running,100.0,1,1
ExampleColocalization,1,24,1777974605.7497492,3178061,worker_0,W023,MeasureColocalization,step_completed,success,23.52941176470588,4,17
ExampleColocalization,1,24,1777974605.7497659,3178061,worker_0,W023,IdentifyPrimaryObjects,step_started,started,23.52941176470588,4,17
ExampleColocalization,1,24,1777974606.1708689,3178061,worker_0,W023,IdentifyPrimaryObjects,pattern_group,running,100.0,1,1
ExampleColocalization,1,24,1777974606.1709242,3178061,worker_0,W023,IdentifyPrimaryObjects,step_completed,success,29.411764705882355,5,17
ExampleColocalization,1,24,1777974606.1709416,3178061,worker_0,W023,IdentifyPrimaryObjects,step_started,started,29.411764705882355,5,17
ExampleColocalization,1,24,1777974606.6456413,3178061,worker_0,W023,IdentifyPrimaryObjects,pattern_group,running,100.0,1,1
ExampleColocalization,1,24,1777974606.645738,3178061,worker_0,W023,IdentifyPrimaryObjects,step_completed,success,35.294117647058826,6,17
ExampleColocalization,1,24,1777974606.6457596,3178061,worker_0,W023,RelateObjects,step_started,started,35.294117647058826,6,17
ExampleColocalization,1,24,1777974606.6941571,3178061,worker_0,W023,RelateObjects,pattern_group,running,100.0,1,1
ExampleColocalization,1,24,1777974606.6942105,3178061,worker_0,W023,RelateObjects,step_completed,success,41.17647058823529,7,17
ExampleColocalization,1,24,1777974606.694227,3178061,worker_0,W023,ExpandOrShrinkObjects,step_started,started,41.17647058823529,7,17
ExampleColocalization,1,24,1777974606.7100737,3178061,worker_0,W023,ExpandOrShrinkObjects,pattern_group,running,100.0,1,1
ExampleColocalization,1,24,1777974606.7101364,3178061,worker_0,W023,ExpandOrShrinkObjects,step_completed,success,47.05882352941176,8,17
ExampleColocalization,1,24,1777974606.710153,3178061,worker_0,W023,ExpandOrShrinkObjects,step_started,started,47.05882352941176,8,17
ExampleColocalization,1,24,1777974606.7270155,3178061,worker_0,W023,ExpandOrShrinkObjects,pattern_group,running,100.0,1,1
ExampleColocalization,1,24,1777974606.7270815,3178061,worker_0,W023,ExpandOrShrinkObjects,step_completed,success,52.94117647058824,9,17
ExampleColocalization,1,24,1777974606.7270975,3178061,worker_0,W023,ExpandOrShrinkObjects,step_started,started,52.94117647058824,9,17
ExampleColocalization,1,24,1777974606.7524002,3178061,worker_0,W023,ExpandOrShrinkObjects,pattern_group,running,100.0,1,1
ExampleColocalization,1,24,1777974606.7524705,3178061,worker_0,W023,ExpandOrShrinkObjects,step_completed,success,58.82352941176471,10,17
ExampleColocalization,1,24,1777974606.752488,3178061,worker_0,W023,ExpandOrShrinkObjects,step_started,started,58.82352941176471,10,17
ExampleColocalization,1,24,1777974606.779127,3178061,worker_0,W023,ExpandOrShrinkObjects,pattern_group,running,100.0,1,1
ExampleColocalization,1,24,1777974606.7792003,3178061,worker_0,W023,ExpandOrShrinkObjects,step_completed,success,64.70588235294117,11,17
ExampleColocalization,1,24,1777974606.779218,3178061,worker_0,W023,RelateObjects,step_started,started,64.70588235294117,11,17
ExampleColocalization,1,24,1777974606.8367252,3178061,worker_0,W023,RelateObjects,pattern_group,running,100.0,1,1
ExampleColocalization,1,24,1777974606.8368115,3178061,worker_0,W023,RelateObjects,step_completed,success,70.58823529411765,12,17
ExampleColocalization,1,24,1777974606.83683,3178061,worker_0,W023,ClassifyObjects,step_started,started,70.58823529411765,12,17
ExampleColocalization,1,24,1777974606.8914852,3178061,worker_0,W023,ClassifyObjects,pattern_group,running,100.0,1,1
ExampleColocalization,1,24,1777974606.8915398,3178061,worker_0,W023,ClassifyObjects,step_completed,success,76.47058823529412,13,17
ExampleColocalization,1,24,1777974606.8915555,3178061,worker_0,W023,FilterObjects,step_started,started,76.47058823529412,13,17
ExampleColocalization,1,24,1777974606.9638882,3178061,worker_0,W023,FilterObjects,pattern_group,running,100.0,1,1
ExampleColocalization,1,24,1777974606.9639447,3178061,worker_0,W023,FilterObjects,step_completed,success,82.35294117647058,14,17
ExampleColocalization,1,24,1777974606.963963,3178061,worker_0,W023,MaskObjects,step_started,started,82.35294117647058,14,17
ExampleColocalization,1,24,1777974607.0032187,3178061,worker_0,W023,MaskObjects,pattern_group,running,100.0,1,1
ExampleColocalization,1,24,1777974607.0032923,3178061,worker_0,W023,MaskObjects,step_completed,success,88.23529411764706,15,17
ExampleColocalization,1,24,1777974607.00331,3178061,worker_0,W023,MeasureImageAreaOccupied,step_started,started,88.23529411764706,15,17
ExampleColocalization,1,24,1777974607.0300806,3178061,worker_0,W023,MeasureImageAreaOccupied,pattern_group,running,100.0,1,1
ExampleColocalization,1,24,1777974607.030137,3178061,worker_0,W023,MeasureImageAreaOccupied,step_completed,success,94.11764705882352,16,17
ExampleColocalization,1,24,1777974607.030153,3178061,worker_0,W023,CalculateMath,step_started,started,94.11764705882352,16,17
ExampleColocalization,1,24,1777974607.0851347,3178061,worker_0,W023,CalculateMath,pattern_group,running,50.0,1,2
ExampleColocalization,1,24,1777974607.1426494,3178061,worker_0,W023,CalculateMath,pattern_group,running,100.0,2,2
ExampleColocalization,1,24,1777974607.1427207,3178061,worker_0,W023,CalculateMath,step_completed,success,100.0,17,17
ExampleColocalization,1,24,1777974607.1428893,3178061,worker_0,W023,pipeline,axis_completed,success,100.0,17,17
ExampleColocalization,1,24,1777974607.1429126,3178061,worker_0,W024,pipeline,axis_started,started,0.0,0,17
ExampleColocalization,1,24,1777974607.1429315,3178061,worker_0,W024,CorrectIlluminationCalculate,step_started,started,0.0,0,17
ExampleColocalization,1,24,1777974607.299546,3178061,worker_0,W024,CorrectIlluminationCalculate,pattern_group,running,100.0,1,1
ExampleColocalization,1,24,1777974607.2996073,3178061,worker_0,W024,CorrectIlluminationCalculate,step_completed,success,5.88235294117647,1,17
ExampleColocalization,1,24,1777974607.299624,3178061,worker_0,W024,CorrectIlluminationCalculate,step_started,started,5.88235294117647,1,17
ExampleColocalization,1,24,1777974607.4485343,3178061,worker_0,W024,CorrectIlluminationCalculate,pattern_group,running,100.0,1,1
ExampleColocalization,1,24,1777974607.4486005,3178061,worker_0,W024,CorrectIlluminationCalculate,step_completed,success,11.76470588235294,2,17
ExampleColocalization,1,24,1777974607.4486172,3178061,worker_0,W024,Align,step_started,started,11.76470588235294,2,17
ExampleColocalization,1,24,1777974607.8105392,3178061,worker_0,W024,Align,pattern_group,running,100.0,1,1
ExampleColocalization,1,24,1777974607.810624,3178061,worker_0,W024,Align,step_completed,success,17.647058823529413,3,17
ExampleColocalization,1,24,1777974607.8106432,3178061,worker_0,W024,MeasureColocalization,step_started,started,17.647058823529413,3,17
ExampleColocalization,1,24,1777974608.0210643,3178061,worker_0,W024,MeasureColocalization,pattern_group,running,100.0,1,1
ExampleColocalization,1,24,1777974608.0211291,3178061,worker_0,W024,MeasureColocalization,step_completed,success,23.52941176470588,4,17
ExampleColocalization,1,24,1777974608.0211458,3178061,worker_0,W024,IdentifyPrimaryObjects,step_started,started,23.52941176470588,4,17
ExampleColocalization,1,24,1777974608.4290614,3178061,worker_0,W024,IdentifyPrimaryObjects,pattern_group,running,100.0,1,1
ExampleColocalization,1,24,1777974608.4291174,3178061,worker_0,W024,IdentifyPrimaryObjects,step_completed,success,29.411764705882355,5,17
ExampleColocalization,1,24,1777974608.4291346,3178061,worker_0,W024,IdentifyPrimaryObjects,step_started,started,29.411764705882355,5,17
ExampleColocalization,1,24,1777974608.910112,3178061,worker_0,W024,IdentifyPrimaryObjects,pattern_group,running,100.0,1,1
ExampleColocalization,1,24,1777974608.9102023,3178061,worker_0,W024,IdentifyPrimaryObjects,step_completed,success,35.294117647058826,6,17
ExampleColocalization,1,24,1777974608.9102228,3178061,worker_0,W024,RelateObjects,step_started,started,35.294117647058826,6,17
ExampleColocalization,1,24,1777974608.9618347,3178061,worker_0,W024,RelateObjects,pattern_group,running,100.0,1,1
ExampleColocalization,1,24,1777974608.9618928,3178061,worker_0,W024,RelateObjects,step_completed,success,41.17647058823529,7,17
ExampleColocalization,1,24,1777974608.9619095,3178061,worker_0,W024,ExpandOrShrinkObjects,step_started,started,41.17647058823529,7,17
ExampleColocalization,1,24,1777974608.9793935,3178061,worker_0,W024,ExpandOrShrinkObjects,pattern_group,running,100.0,1,1
ExampleColocalization,1,24,1777974608.9794745,3178061,worker_0,W024,ExpandOrShrinkObjects,step_completed,success,47.05882352941176,8,17
ExampleColocalization,1,24,1777974608.979493,3178061,worker_0,W024,ExpandOrShrinkObjects,step_started,started,47.05882352941176,8,17
ExampleColocalization,1,24,1777974608.9994338,3178061,worker_0,W024,ExpandOrShrinkObjects,pattern_group,running,100.0,1,1
ExampleColocalization,1,24,1777974608.9995065,3178061,worker_0,W024,ExpandOrShrinkObjects,step_completed,success,52.94117647058824,9,17
ExampleColocalization,1,24,1777974608.9995239,3178061,worker_0,W024,ExpandOrShrinkObjects,step_started,started,52.94117647058824,9,17
ExampleColocalization,1,24,1777974609.0290475,3178061,worker_0,W024,ExpandOrShrinkObjects,pattern_group,running,100.0,1,1
ExampleColocalization,1,24,1777974609.029126,3178061,worker_0,W024,ExpandOrShrinkObjects,step_completed,success,58.82352941176471,10,17
ExampleColocalization,1,24,1777974609.029147,3178061,worker_0,W024,ExpandOrShrinkObjects,step_started,started,58.82352941176471,10,17
ExampleColocalization,1,24,1777974609.063548,3178061,worker_0,W024,ExpandOrShrinkObjects,pattern_group,running,100.0,1,1
ExampleColocalization,1,24,1777974609.0636108,3178061,worker_0,W024,ExpandOrShrinkObjects,step_completed,success,64.70588235294117,11,17
ExampleColocalization,1,24,1777974609.0636277,3178061,worker_0,W024,RelateObjects,step_started,started,64.70588235294117,11,17
ExampleColocalization,1,24,1777974609.118326,3178061,worker_0,W024,RelateObjects,pattern_group,running,100.0,1,1
ExampleColocalization,1,24,1777974609.1184022,3178061,worker_0,W024,RelateObjects,step_completed,success,70.58823529411765,12,17
ExampleColocalization,1,24,1777974609.1184235,3178061,worker_0,W024,ClassifyObjects,step_started,started,70.58823529411765,12,17
ExampleColocalization,1,24,1777974609.1750267,3178061,worker_0,W024,ClassifyObjects,pattern_group,running,100.0,1,1
ExampleColocalization,1,24,1777974609.1751018,3178061,worker_0,W024,ClassifyObjects,step_completed,success,76.47058823529412,13,17
ExampleColocalization,1,24,1777974609.1751223,3178061,worker_0,W024,FilterObjects,step_started,started,76.47058823529412,13,17
ExampleColocalization,1,24,1777974609.253216,3178061,worker_0,W024,FilterObjects,pattern_group,running,100.0,1,1
ExampleColocalization,1,24,1777974609.2532732,3178061,worker_0,W024,FilterObjects,step_completed,success,82.35294117647058,14,17
ExampleColocalization,1,24,1777974609.25329,3178061,worker_0,W024,MaskObjects,step_started,started,82.35294117647058,14,17
ExampleColocalization,1,24,1777974609.2944496,3178061,worker_0,W024,MaskObjects,pattern_group,running,100.0,1,1
ExampleColocalization,1,24,1777974609.2945204,3178061,worker_0,W024,MaskObjects,step_completed,success,88.23529411764706,15,17
ExampleColocalization,1,24,1777974609.29454,3178061,worker_0,W024,MeasureImageAreaOccupied,step_started,started,88.23529411764706,15,17
ExampleColocalization,1,24,1777974609.3201685,3178061,worker_0,W024,MeasureImageAreaOccupied,pattern_group,running,100.0,1,1
ExampleColocalization,1,24,1777974609.3202384,3178061,worker_0,W024,MeasureImageAreaOccupied,step_completed,success,94.11764705882352,16,17
ExampleColocalization,1,24,1777974609.3202596,3178061,worker_0,W024,CalculateMath,step_started,started,94.11764705882352,16,17
ExampleColocalization,1,24,1777974609.3802128,3178061,worker_0,W024,CalculateMath,pattern_group,running,50.0,1,2
ExampleColocalization,1,24,1777974609.438076,3178061,worker_0,W024,CalculateMath,pattern_group,running,100.0,2,2
ExampleColocalization,1,24,1777974609.4381485,3178061,worker_0,W024,CalculateMath,step_completed,success,100.0,17,17
ExampleColocalization,1,24,1777974609.4383295,3178061,worker_0,W024,pipeline,axis_completed,success,100.0,17,17
