case_name,worker_count,well_count,timestamp,pid,worker_slot,axis_id,step_name,phase,status,percent,completed,total
ExampleColocalization,2,24,1777974610.7242987,3177381,,W001,compilation,compile,running,4.166666666666666,1,24
ExampleColocalization,2,24,1777974611.1028926,3177381,,W002,compilation,compile,running,8.333333333333332,2,24
ExampleColocalization,2,24,1777974611.5112283,3177381,,W003,compilation,compile,running,12.5,3,24
ExampleColocalization,2,24,1777974611.8972862,3177381,,W004,compilation,compile,running,16.666666666666664,4,24
ExampleColocalization,2,24,1777974612.2760258,3177381,,W005,compilation,compile,running,20.833333333333336,5,24
ExampleColocalization,2,24,1777974612.6622007,3177381,,W006,compilation,compile,running,25.0,6,24
ExampleColocalization,2,24,1777974613.0644684,3177381,,W007,compilation,compile,running,29.166666666666668,7,24
ExampleColocalization,2,24,1777974613.6324062,3177381,,W008,compilation,compile,running,33.33333333333333,8,24
ExampleColocalization,2,24,1777974614.014862,3177381,,W009,compilation,compile,running,37.5,9,24
ExampleColocalization,2,24,1777974614.3914301,3177381,,W010,compilation,compile,running,41.66666666666667,10,24
ExampleColocalization,2,24,1777974614.7976637,3177381,,W011,compilation,compile,running,45.83333333333333,11,24
ExampleColocalization,2,24,1777974615.169837,3177381,,W012,compilation,compile,running,50.0,12,24
ExampleColocalization,2,24,1777974615.5469847,3177381,,W013,compilation,compile,running,54.166666666666664,13,24
ExampleColocalization,2,24,1777974616.1034613,3177381,,W014,compilation,compile,running,58.333333333333336,14,24
ExampleColocalization,2,24,1777974616.504791,3177381,,W015,compilation,compile,running,62.5,15,24
ExampleColocalization,2,24,1777974616.881374,3177381,,W016,compilation,compile,running,66.66666666666666,16,24
ExampleColocalization,2,24,1777974617.2583764,3177381,,W017,compilation,compile,running,70.83333333333334,17,24
ExampleColocalization,2,24,1777974617.6647317,3177381,,W018,compilation,compile,running,75.0,18,24
ExampleColocalization,2,24,1777974618.0564513,3177381,,W019,compilation,compile,running,79.16666666666666,19,24
ExampleColocalization,2,24,1777974618.4612005,3177381,,W020,compilation,compile,running,83.33333333333334,20,24
ExampleColocalization,2,24,1777974618.872538,3177381,,W021,compilation,compile,running,87.5,21,24
ExampleColocalization,2,24,1777974619.5294013,3177381,,W022,compilation,compile,running,91.66666666666666,22,24
ExampleColocalization,2,24,1777974619.956947,3177381,,W023,compilation,compile,running,95.83333333333334,23,24
ExampleColocalization,2,24,1777974620.385897,3177381,,W024,compilation,compile,running,100.0,24,24
ExampleColocalization,2,24,1777974620.4923475,3180354,worker_0,W001,pipeline,axis_started,started,0.0,0,17
ExampleColocalization,2,24,1777974620.4928613,3180354,worker_0,W001,CorrectIlluminationCalculate,step_started,started,0.0,0,17
ExampleColocalization,2,24,1777974620.513305,3180355,worker_1,W002,pipeline,axis_started,started,0.0,0,17
ExampleColocalization,2,24,1777974620.5137382,3180355,worker_1,W002,CorrectIlluminationCalculate,step_started,started,0.0,0,17
ExampleColocalization,2,24,1777974620.7173944,3180354,worker_0,W001,CorrectIlluminationCalculate,pattern_group,running,100.0,1,1
ExampleColocalization,2,24,1777974620.71753,3180354,worker_0,W001,CorrectIlluminationCalculate,step_completed,success,5.88235294117647,1,17
ExampleColocalization,2,24,1777974620.7175524,3180354,worker_0,W001,CorrectIlluminationCalculate,step_started,started,5.88235294117647,1,17
ExampleColocalization,2,24,1777974620.743377,3180355,worker_1,W002,CorrectIlluminationCalculate,pattern_group,running,100.0,1,1
ExampleColocalization,2,24,1777974620.7435338,3180355,worker_1,W002,CorrectIlluminationCalculate,step_completed,success,5.88235294117647,1,17
ExampleColocalization,2,24,1777974620.7435584,3180355,worker_1,W002,CorrectIlluminationCalculate,step_started,started,5.88235294117647,1,17
ExampleColocalization,2,24,1777974620.8926635,3180354,worker_0,W001,CorrectIlluminationCalculate,pattern_group,running,100.0,1,1
ExampleColocalization,2,24,1777974620.8928626,3180354,worker_0,W001,CorrectIlluminationCalculate,step_completed,success,11.76470588235294,2,17
ExampleColocalization,2,24,1777974620.8928995,3180354,worker_0,W001,Align,step_started,started,11.76470588235294,2,17
ExampleColocalization,2,24,1777974620.911961,3180355,worker_1,W002,CorrectIlluminationCalculate,pattern_group,running,100.0,1,1
ExampleColocalization,2,24,1777974620.912022,3180355,worker_1,W002,CorrectIlluminationCalculate,step_completed,success,11.76470588235294,2,17
ExampleColocalization,2,24,1777974620.9120388,3180355,worker_1,W002,Align,step_started,started,11.76470588235294,2,17
ExampleColocalization,2,24,1777974621.3156393,3180355,worker_1,W002,Align,pattern_group,running,100.0,1,1
ExampleColocalization,2,24,1777974621.3157423,3180355,worker_1,W002,Align,step_completed,success,17.647058823529413,3,17
ExampleColocalization,2,24,1777974621.3157625,3180355,worker_1,W002,MeasureColocalization,step_started,started,17.647058823529413,3,17
ExampleColocalization,2,24,1777974621.3331468,3180354,worker_0,W001,Align,pattern_group,running,100.0,1,1
ExampleColocalization,2,24,1777974621.3332465,3180354,worker_0,W001,Align,step_completed,success,17.647058823529413,3,17
ExampleColocalization,2,24,1777974621.33327,3180354,worker_0,W001,MeasureColocalization,step_started,started,17.647058823529413,3,17
ExampleColocalization,2,24,1777974621.601408,3180355,worker_1,W002,MeasureColocalization,pattern_group,running,100.0,1,1
ExampleColocalization,2,24,1777974621.6014674,3180355,worker_1,W002,MeasureColocalization,step_completed,success,23.52941176470588,4,17
ExampleColocalization,2,24,1777974621.6014853,3180355,worker_1,W002,IdentifyPrimaryObjects,step_started,started,23.52941176470588,4,17
ExampleColocalization,2,24,1777974621.609549,3180354,worker_0,W001,MeasureColocalization,pattern_group,running,100.0,1,1
ExampleColocalization,2,24,1777974621.6096473,3180354,worker_0,W001,MeasureColocalization,step_completed,success,23.52941176470588,4,17
ExampleColocalization,2,24,1777974621.6096675,3180354,worker_0,W001,IdentifyPrimaryObjects,step_started,started,23.52941176470588,4,17
ExampleColocalization,2,24,1777974622.1823106,3180355,worker_1,W002,IdentifyPrimaryObjects,pattern_group,running,100.0,1,1
ExampleColocalization,2,24,1777974622.1824052,3180355,worker_1,W002,IdentifyPrimaryObjects,step_completed,success,29.411764705882355,5,17
ExampleColocalization,2,24,1777974622.182424,3180355,worker_1,W002,IdentifyPrimaryObjects,step_started,started,29.411764705882355,5,17
ExampleColocalization,2,24,1777974622.1874473,3180354,worker_0,W001,IdentifyPrimaryObjects,pattern_group,running,100.0,1,1
ExampleColocalization,2,24,1777974622.1875288,3180354,worker_0,W001,IdentifyPrimaryObjects,step_completed,success,29.411764705882355,5,17
ExampleColocalization,2,24,1777974622.1875482,3180354,worker_0,W001,IdentifyPrimaryObjects,step_started,started,29.411764705882355,5,17
ExampleColocalization,2,24,1777974622.7506826,3180354,worker_0,W001,IdentifyPrimaryObjects,pattern_group,running,100.0,1,1
ExampleColocalization,2,24,1777974622.75077,3180354,worker_0,W001,IdentifyPrimaryObjects,step_completed,success,35.294117647058826,6,17
ExampleColocalization,2,24,1777974622.750793,3180354,worker_0,W001,RelateObjects,step_started,started,35.294117647058826,6,17
ExampleColocalization,2,24,1777974622.7538834,3180355,worker_1,W002,IdentifyPrimaryObjects,pattern_group,running,100.0,1,1
ExampleColocalization,2,24,1777974622.7539592,3180355,worker_1,W002,IdentifyPrimaryObjects,step_completed,success,35.294117647058826,6,17
ExampleColocalization,2,24,1777974622.7539806,3180355,worker_1,W002,RelateObjects,step_started,started,35.294117647058826,6,17
ExampleColocalization,2,24,1777974622.818905,3180354,worker_0,W001,RelateObjects,pattern_group,running,100.0,1,1
ExampleColocalization,2,24,1777974622.818982,3180354,worker_0,W001,RelateObjects,step_completed,success,41.17647058823529,7,17
ExampleColocalization,2,24,1777974622.819,3180354,worker_0,W001,ExpandOrShrinkObjects,step_started,started,41.17647058823529,7,17
ExampleColocalization,2,24,1777974622.827182,3180355,worker_1,W002,RelateObjects,pattern_group,running,100.0,1,1
ExampleColocalization,2,24,1777974622.8272443,3180355,worker_1,W002,RelateObjects,step_completed,success,41.17647058823529,7,17
ExampleColocalization,2,24,1777974622.8272622,3180355,worker_1,W002,ExpandOrShrinkObjects,step_started,started,41.17647058823529,7,17
ExampleColocalization,2,24,1777974622.8341432,3180354,worker_0,W001,ExpandOrShrinkObjects,pattern_group,running,100.0,1,1
ExampleColocalization,2,24,1777974622.834289,3180354,worker_0,W001,ExpandOrShrinkObjects,step_completed,success,47.05882352941176,8,17
ExampleColocalization,2,24,1777974622.8343158,3180354,worker_0,W001,ExpandOrShrinkObjects,step_started,started,47.05882352941176,8,17
ExampleColocalization,2,24,1777974622.846821,3180355,worker_1,W002,ExpandOrShrinkObjects,pattern_group,running,100.0,1,1
ExampleColocalization,2,24,1777974622.8469086,3180355,worker_1,W002,ExpandOrShrinkObjects,step_completed,success,47.05882352941176,8,17
ExampleColocalization,2,24,1777974622.84693,3180355,worker_1,W002,ExpandOrShrinkObjects,step_started,started,47.05882352941176,8,17
ExampleColocalization,2,24,1777974622.8579004,3180354,worker_0,W001,ExpandOrShrinkObjects,pattern_group,running,100.0,1,1
ExampleColocalization,2,24,1777974622.8579838,3180354,worker_0,W001,ExpandOrShrinkObjects,step_completed,success,52.94117647058824,9,17
ExampleColocalization,2,24,1777974622.8580031,3180354,worker_0,W001,ExpandOrShrinkObjects,step_started,started,52.94117647058824,9,17
ExampleColocalization,2,24,1777974622.8694744,3180355,worker_1,W002,ExpandOrShrinkObjects,pattern_group,running,100.0,1,1
ExampleColocalization,2,24,1777974622.8695915,3180355,worker_1,W002,ExpandOrShrinkObjects,step_completed,success,52.94117647058824,9,17
ExampleColocalization,2,24,1777974622.8696144,3180355,worker_1,W002,ExpandOrShrinkObjects,step_started,started,52.94117647058824,9,17
ExampleColocalization,2,24,1777974622.8923988,3180354,worker_0,W001,ExpandOrShrinkObjects,pattern_group,running,100.0,1,1
ExampleColocalization,2,24,1777974622.8924625,3180354,worker_0,W001,ExpandOrShrinkObjects,step_completed,success,58.82352941176471,10,17
ExampleColocalization,2,24,1777974622.892481,3180354,worker_0,W001,ExpandOrShrinkObjects,step_started,started,58.82352941176471,10,17
ExampleColocalization,2,24,1777974622.9030414,3180355,worker_1,W002,ExpandOrShrinkObjects,pattern_group,running,100.0,1,1
ExampleColocalization,2,24,1777974622.9031453,3180355,worker_1,W002,ExpandOrShrinkObjects,step_completed,success,58.82352941176471,10,17
ExampleColocalization,2,24,1777974622.9031677,3180355,worker_1,W002,ExpandOrShrinkObjects,step_started,started,58.82352941176471,10,17
ExampleColocalization,2,24,1777974622.9286187,3180354,worker_0,W001,ExpandOrShrinkObjects,pattern_group,running,100.0,1,1
ExampleColocalization,2,24,1777974622.9287264,3180354,worker_0,W001,ExpandOrShrinkObjects,step_completed,success,64.70588235294117,11,17
ExampleColocalization,2,24,1777974622.9287484,3180354,worker_0,W001,RelateObjects,step_started,started,64.70588235294117,11,17
ExampleColocalization,2,24,1777974622.9398317,3180355,worker_1,W002,ExpandOrShrinkObjects,pattern_group,running,100.0,1,1
ExampleColocalization,2,24,1777974622.9399095,3180355,worker_1,W002,ExpandOrShrinkObjects,step_completed,success,64.70588235294117,11,17
ExampleColocalization,2,24,1777974622.9399314,3180355,worker_1,W002,RelateObjects,step_started,started,64.70588235294117,11,17
ExampleColocalization,2,24,1777974622.9918876,3180354,worker_0,W001,RelateObjects,pattern_group,running,100.0,1,1
ExampleColocalization,2,24,1777974622.9919488,3180354,worker_0,W001,RelateObjects,step_completed,success,70.58823529411765,12,17
ExampleColocalization,2,24,1777974622.9919667,3180354,worker_0,W001,ClassifyObjects,step_started,started,70.58823529411765,12,17
ExampleColocalization,2,24,1777974623.0036283,3180355,worker_1,W002,RelateObjects,pattern_group,running,100.0,1,1
ExampleColocalization,2,24,1777974623.003682,3180355,worker_1,W002,RelateObjects,step_completed,success,70.58823529411765,12,17
ExampleColocalization,2,24,1777974623.0036993,3180355,worker_1,W002,ClassifyObjects,step_started,started,70.58823529411765,12,17
ExampleColocalization,2,24,1777974623.052588,3180354,worker_0,W001,ClassifyObjects,pattern_group,running,100.0,1,1
ExampleColocalization,2,24,1777974623.0526438,3180354,worker_0,W001,ClassifyObjects,step_completed,success,76.47058823529412,13,17
ExampleColocalization,2,24,1777974623.052661,3180354,worker_0,W001,FilterObjects,step_started,started,76.47058823529412,13,17
ExampleColocalization,2,24,1777974623.0628886,3180355,worker_1,W002,ClassifyObjects,pattern_group,running,100.0,1,1
ExampleColocalization,2,24,1777974623.0629566,3180355,worker_1,W002,ClassifyObjects,step_completed,success,76.47058823529412,13,17
ExampleColocalization,2,24,1777974623.0629783,3180355,worker_1,W002,FilterObjects,step_started,started,76.47058823529412,13,17
ExampleColocalization,2,24,1777974623.1334438,3180354,worker_0,W001,FilterObjects,pattern_group,running,100.0,1,1
ExampleColocalization,2,24,1777974623.1335454,3180354,worker_0,W001,FilterObjects,step_completed,success,82.35294117647058,14,17
ExampleColocalization,2,24,1777974623.1335664,3180354,worker_0,W001,MaskObjects,step_started,started,82.35294117647058,14,17
ExampleColocalization,2,24,1777974623.1611602,3180355,worker_1,W002,FilterObjects,pattern_group,running,100.0,1,1
ExampleColocalization,2,24,1777974623.161241,3180355,worker_1,W002,FilterObjects,step_completed,success,82.35294117647058,14,17
ExampleColocalization,2,24,1777974623.161263,3180355,worker_1,W002,MaskObjects,step_started,started,82.35294117647058,14,17
ExampleColocalization,2,24,1777974623.1730945,3180354,worker_0,W001,MaskObjects,pattern_group,running,100.0,1,1
ExampleColocalization,2,24,1777974623.17315,3180354,worker_0,W001,MaskObjects,step_completed,success,88.23529411764706,15,17
ExampleColocalization,2,24,1777974623.1731677,3180354,worker_0,W001,MeasureImageAreaOccupied,step_started,started,88.23529411764706,15,17
ExampleColocalization,2,24,1777974623.2002943,3180354,worker_0,W001,MeasureImageAreaOccupied,pattern_group,running,100.0,1,1
ExampleColocalization,2,24,1777974623.2003696,3180354,worker_0,W001,MeasureImageAreaOccupied,step_completed,success,94.11764705882352,16,17
ExampleColocalization,2,24,1777974623.2003891,3180354,worker_0,W001,CalculateMath,step_started,started,94.11764705882352,16,17
ExampleColocalization,2,24,1777974623.2038739,3180355,worker_1,W002,MaskObjects,pattern_group,running,100.0,1,1
ExampleColocalization,2,24,1777974623.2039678,3180355,worker_1,W002,MaskObjects,step_completed,success,88.23529411764706,15,17
ExampleColocalization,2,24,1777974623.2039914,3180355,worker_1,W002,MeasureImageAreaOccupied,step_started,started,88.23529411764706,15,17
ExampleColocalization,2,24,1777974623.238895,3180355,worker_1,W002,MeasureImageAreaOccupied,pattern_group,running,100.0,1,1
ExampleColocalization,2,24,1777974623.2389607,3180355,worker_1,W002,MeasureImageAreaOccupied,step_completed,success,94.11764705882352,16,17
ExampleColocalization,2,24,1777974623.2389832,3180355,worker_1,W002,CalculateMath,step_started,started,94.11764705882352,16,17
ExampleColocalization,2,24,1777974623.2588167,3180354,worker_0,W001,CalculateMath,pattern_group,running,50.0,1,2
ExampleColocalization,2,24,1777974623.2953868,3180355,worker_1,W002,CalculateMath,pattern_group,running,50.0,1,2
ExampleColocalization,2,24,1777974623.3143048,3180354,worker_0,W001,CalculateMath,pattern_group,running,100.0,2,2
ExampleColocalization,2,24,1777974623.3143656,3180354,worker_0,W001,CalculateMath,step_completed,success,100.0,17,17
ExampleColocalization,2,24,1777974623.3145967,3180354,worker_0,W001,pipeline,axis_completed,success,100.0,17,17
ExampleColocalization,2,24,1777974623.3146214,3180354,worker_0,W003,pipeline,axis_started,started,0.0,0,17
ExampleColocalization,2,24,1777974623.3146403,3180354,worker_0,W003,CorrectIlluminationCalculate,step_started,started,0.0,0,17
ExampleColocalization,2,24,1777974623.3487906,3180355,worker_1,W002,CalculateMath,pattern_group,running,100.0,2,2
ExampleColocalization,2,24,1777974623.3488488,3180355,worker_1,W002,CalculateMath,step_completed,success,100.0,17,17
ExampleColocalization,2,24,1777974623.3490758,3180355,worker_1,W002,pipeline,axis_completed,success,100.0,17,17
ExampleColocalization,2,24,1777974623.3490992,3180355,worker_1,W004,pipeline,axis_started,started,0.0,0,17
ExampleColocalization,2,24,1777974623.349119,3180355,worker_1,W004,CorrectIlluminationCalculate,step_started,started,0.0,0,17
ExampleColocalization,2,24,1777974623.461096,3180354,worker_0,W003,CorrectIlluminationCalculate,pattern_group,running,100.0,1,1
ExampleColocalization,2,24,1777974623.4611845,3180354,worker_0,W003,CorrectIlluminationCalculate,step_completed,success,5.88235294117647,1,17
ExampleColocalization,2,24,1777974623.4612045,3180354,worker_0,W003,CorrectIlluminationCalculate,step_started,started,5.88235294117647,1,17
ExampleColocalization,2,24,1777974623.4935753,3180355,worker_1,W004,CorrectIlluminationCalculate,pattern_group,running,100.0,1,1
ExampleColocalization,2,24,1777974623.4936392,3180355,worker_1,W004,CorrectIlluminationCalculate,step_completed,success,5.88235294117647,1,17
ExampleColocalization,2,24,1777974623.4936569,3180355,worker_1,W004,CorrectIlluminationCalculate,step_started,started,5.88235294117647,1,17
ExampleColocalization,2,24,1777974623.6141324,3180354,worker_0,W003,CorrectIlluminationCalculate,pattern_group,running,100.0,1,1
ExampleColocalization,2,24,1777974623.614278,3180354,worker_0,W003,CorrectIlluminationCalculate,step_completed,success,11.76470588235294,2,17
ExampleColocalization,2,24,1777974623.6143072,3180354,worker_0,W003,Align,step_started,started,11.76470588235294,2,17
ExampleColocalization,2,24,1777974623.642751,3180355,worker_1,W004,CorrectIlluminationCalculate,pattern_group,running,100.0,1,1
ExampleColocalization,2,24,1777974623.6428127,3180355,worker_1,W004,CorrectIlluminationCalculate,step_completed,success,11.76470588235294,2,17
ExampleColocalization,2,24,1777974623.6428306,3180355,worker_1,W004,Align,step_started,started,11.76470588235294,2,17
ExampleColocalization,2,24,1777974624.0090547,3180354,worker_0,W003,Align,pattern_group,running,100.0,1,1
ExampleColocalization,2,24,1777974624.00911,3180354,worker_0,W003,Align,step_completed,success,17.647058823529413,3,17
ExampleColocalization,2,24,1777974624.0091274,3180354,worker_0,W003,MeasureColocalization,step_started,started,17.647058823529413,3,17
ExampleColocalization,2,24,1777974624.0362606,3180355,worker_1,W004,Align,pattern_group,running,100.0,1,1
ExampleColocalization,2,24,1777974624.0363562,3180355,worker_1,W004,Align,step_completed,success,17.647058823529413,3,17
ExampleColocalization,2,24,1777974624.036376,3180355,worker_1,W004,MeasureColocalization,step_started,started,17.647058823529413,3,17
ExampleColocalization,2,24,1777974624.2877564,3180354,worker_0,W003,MeasureColocalization,pattern_group,running,100.0,1,1
ExampleColocalization,2,24,1777974624.287872,3180354,worker_0,W003,MeasureColocalization,step_completed,success,23.52941176470588,4,17
ExampleColocalization,2,24,1777974624.2878933,3180354,worker_0,W003,IdentifyPrimaryObjects,step_started,started,23.52941176470588,4,17
ExampleColocalization,2,24,1777974624.3147893,3180355,worker_1,W004,MeasureColocalization,pattern_group,running,100.0,1,1
ExampleColocalization,2,24,1777974624.3149014,3180355,worker_1,W004,MeasureColocalization,step_completed,success,23.52941176470588,4,17
ExampleColocalization,2,24,1777974624.3149261,3180355,worker_1,W004,IdentifyPrimaryObjects,step_started,started,23.52941176470588,4,17
ExampleColocalization,2,24,1777974624.7780368,3180354,worker_0,W003,IdentifyPrimaryObjects,pattern_group,running,100.0,1,1
ExampleColocalization,2,24,1777974624.7780993,3180354,worker_0,W003,IdentifyPrimaryObjects,step_completed,success,29.411764705882355,5,17
ExampleColocalization,2,24,1777974624.7781165,3180354,worker_0,W003,IdentifyPrimaryObjects,step_started,started,29.411764705882355,5,17
ExampleColocalization,2,24,1777974624.8326359,3180355,worker_1,W004,IdentifyPrimaryObjects,pattern_group,running,100.0,1,1
ExampleColocalization,2,24,1777974624.8326974,3180355,worker_1,W004,IdentifyPrimaryObjects,step_completed,success,29.411764705882355,5,17
ExampleColocalization,2,24,1777974624.8327157,3180355,worker_1,W004,IdentifyPrimaryObjects,step_started,started,29.411764705882355,5,17
ExampleColocalization,2,24,1777974625.3496377,3180354,worker_0,W003,IdentifyPrimaryObjects,pattern_group,running,100.0,1,1
ExampleColocalization,2,24,1777974625.3497267,3180354,worker_0,W003,IdentifyPrimaryObjects,step_completed,success,35.294117647058826,6,17
ExampleColocalization,2,24,1777974625.3497472,3180354,worker_0,W003,RelateObjects,step_started,started,35.294117647058826,6,17
ExampleColocalization,2,24,1777974625.3998463,3180355,worker_1,W004,IdentifyPrimaryObjects,pattern_group,running,100.0,1,1
ExampleColocalization,2,24,1777974625.3999157,3180355,worker_1,W004,IdentifyPrimaryObjects,step_completed,success,35.294117647058826,6,17
ExampleColocalization,2,24,1777974625.3999364,3180355,worker_1,W004,RelateObjects,step_started,started,35.294117647058826,6,17
ExampleColocalization,2,24,1777974625.4032512,3180354,worker_0,W003,RelateObjects,pattern_group,running,100.0,1,1
ExampleColocalization,2,24,1777974625.4033093,3180354,worker_0,W003,RelateObjects,step_completed,success,41.17647058823529,7,17
ExampleColocalization,2,24,1777974625.4033282,3180354,worker_0,W003,ExpandOrShrinkObjects,step_started,started,41.17647058823529,7,17
ExampleColocalization,2,24,1777974625.42265,3180354,worker_0,W003,ExpandOrShrinkObjects,pattern_group,running,100.0,1,1
ExampleColocalization,2,24,1777974625.4227319,3180354,worker_0,W003,ExpandOrShrinkObjects,step_completed,success,47.05882352941176,8,17
ExampleColocalization,2,24,1777974625.422751,3180354,worker_0,W003,ExpandOrShrinkObjects,step_started,started,47.05882352941176,8,17
ExampleColocalization,2,24,1777974625.4394097,3180354,worker_0,W003,ExpandOrShrinkObjects,pattern_group,running,100.0,1,1
ExampleColocalization,2,24,1777974625.4395301,3180354,worker_0,W003,ExpandOrShrinkObjects,step_completed,success,52.94117647058824,9,17
ExampleColocalization,2,24,1777974625.4395516,3180354,worker_0,W003,ExpandOrShrinkObjects,step_started,started,52.94117647058824,9,17
ExampleColocalization,2,24,1777974625.4595647,3180355,worker_1,W004,RelateObjects,pattern_group,running,100.0,1,1
ExampleColocalization,2,24,1777974625.459684,3180355,worker_1,W004,RelateObjects,step_completed,success,41.17647058823529,7,17
ExampleColocalization,2,24,1777974625.4597082,3180355,worker_1,W004,ExpandOrShrinkObjects,step_started,started,41.17647058823529,7,17
ExampleColocalization,2,24,1777974625.4693875,3180354,worker_0,W003,ExpandOrShrinkObjects,pattern_group,running,100.0,1,1
ExampleColocalization,2,24,1777974625.4694614,3180354,worker_0,W003,ExpandOrShrinkObjects,step_completed,success,58.82352941176471,10,17
ExampleColocalization,2,24,1777974625.4694808,3180354,worker_0,W003,ExpandOrShrinkObjects,step_started,started,58.82352941176471,10,17
ExampleColocalization,2,24,1777974625.4799855,3180355,worker_1,W004,ExpandOrShrinkObjects,pattern_group,running,100.0,1,1
ExampleColocalization,2,24,1777974625.4800518,3180355,worker_1,W004,ExpandOrShrinkObjects,step_completed,success,47.05882352941176,8,17
ExampleColocalization,2,24,1777974625.4800696,3180355,worker_1,W004,ExpandOrShrinkObjects,step_started,started,47.05882352941176,8,17
ExampleColocalization,2,24,1777974625.5019283,3180354,worker_0,W003,ExpandOrShrinkObjects,pattern_group,running,100.0,1,1
ExampleColocalization,2,24,1777974625.502001,3180354,worker_0,W003,ExpandOrShrinkObjects,step_completed,success,64.70588235294117,11,17
ExampleColocalization,2,24,1777974625.50202,3180354,worker_0,W003,RelateObjects,step_started,started,64.70588235294117,11,17
ExampleColocalization,2,24,1777974625.5020182,3180355,worker_1,W004,ExpandOrShrinkObjects,pattern_group,running,100.0,1,1
ExampleColocalization,2,24,1777974625.5020895,3180355,worker_1,W004,ExpandOrShrinkObjects,step_completed,success,52.94117647058824,9,17
ExampleColocalization,2,24,1777974625.502108,3180355,worker_1,W004,ExpandOrShrinkObjects,step_started,started,52.94117647058824,9,17
ExampleColocalization,2,24,1777974625.5347693,3180355,worker_1,W004,ExpandOrShrinkObjects,pattern_group,running,100.0,1,1
ExampleColocalization,2,24,1777974625.5348659,3180355,worker_1,W004,ExpandOrShrinkObjects,step_completed,success,58.82352941176471,10,17
ExampleColocalization,2,24,1777974625.5348861,3180355,worker_1,W004,ExpandOrShrinkObjects,step_started,started,58.82352941176471,10,17
ExampleColocalization,2,24,1777974625.5565093,3180354,worker_0,W003,RelateObjects,pattern_group,running,100.0,1,1
ExampleColocalization,2,24,1777974625.556569,3180354,worker_0,W003,RelateObjects,step_completed,success,70.58823529411765,12,17
ExampleColocalization,2,24,1777974625.5565865,3180354,worker_0,W003,ClassifyObjects,step_started,started,70.58823529411765,12,17
ExampleColocalization,2,24,1777974625.563239,3180355,worker_1,W004,ExpandOrShrinkObjects,pattern_group,running,100.0,1,1
ExampleColocalization,2,24,1777974625.563331,3180355,worker_1,W004,ExpandOrShrinkObjects,step_completed,success,64.70588235294117,11,17
ExampleColocalization,2,24,1777974625.563362,3180355,worker_1,W004,RelateObjects,step_started,started,64.70588235294117,11,17
ExampleColocalization,2,24,1777974625.6162348,3180354,worker_0,W003,ClassifyObjects,pattern_group,running,100.0,1,1
ExampleColocalization,2,24,1777974625.6162963,3180354,worker_0,W003,ClassifyObjects,step_completed,success,76.47058823529412,13,17
ExampleColocalization,2,24,1777974625.6163142,3180354,worker_0,W003,FilterObjects,step_started,started,76.47058823529412,13,17
ExampleColocalization,2,24,1777974625.6179256,3180355,worker_1,W004,RelateObjects,pattern_group,running,100.0,1,1
ExampleColocalization,2,24,1777974625.6180215,3180355,worker_1,W004,RelateObjects,step_completed,success,70.58823529411765,12,17
ExampleColocalization,2,24,1777974625.618045,3180355,worker_1,W004,ClassifyObjects,step_started,started,70.58823529411765,12,17
ExampleColocalization,2,24,1777974625.6711807,3180355,worker_1,W004,ClassifyObjects,pattern_group,running,100.0,1,1
ExampleColocalization,2,24,1777974625.6712432,3180355,worker_1,W004,ClassifyObjects,step_completed,success,76.47058823529412,13,17
ExampleColocalization,2,24,1777974625.671262,3180355,worker_1,W004,FilterObjects,step_started,started,76.47058823529412,13,17
ExampleColocalization,2,24,1777974625.685412,3180354,worker_0,W003,FilterObjects,pattern_group,running,100.0,1,1
ExampleColocalization,2,24,1777974625.6854649,3180354,worker_0,W003,FilterObjects,step_completed,success,82.35294117647058,14,17
ExampleColocalization,2,24,1777974625.685482,3180354,worker_0,W003,MaskObjects,step_started,started,82.35294117647058,14,17
ExampleColocalization,2,24,1777974625.727333,3180354,worker_0,W003,MaskObjects,pattern_group,running,100.0,1,1
ExampleColocalization,2,24,1777974625.7273984,3180354,worker_0,W003,MaskObjects,step_completed,success,88.23529411764706,15,17
ExampleColocalization,2,24,1777974625.727416,3180354,worker_0,W003,MeasureImageAreaOccupied,step_started,started,88.23529411764706,15,17
ExampleColocalization,2,24,1777974625.745977,3180355,worker_1,W004,FilterObjects,pattern_group,running,100.0,1,1
ExampleColocalization,2,24,1777974625.746042,3180355,worker_1,W004,FilterObjects,step_completed,success,82.35294117647058,14,17
ExampleColocalization,2,24,1777974625.7460618,3180355,worker_1,W004,MaskObjects,step_started,started,82.35294117647058,14,17
ExampleColocalization,2,24,1777974625.7619567,3180354,worker_0,W003,MeasureImageAreaOccupied,pattern_group,running,100.0,1,1
ExampleColocalization,2,24,1777974625.7620378,3180354,worker_0,W003,MeasureImageAreaOccupied,step_completed,success,94.11764705882352,16,17
ExampleColocalization,2,24,1777974625.7620575,3180354,worker_0,W003,CalculateMath,step_started,started,94.11764705882352,16,17
ExampleColocalization,2,24,1777974625.7862034,3180355,worker_1,W004,MaskObjects,pattern_group,running,100.0,1,1
ExampleColocalization,2,24,1777974625.786272,3180355,worker_1,W004,MaskObjects,step_completed,success,88.23529411764706,15,17
ExampleColocalization,2,24,1777974625.7862895,3180355,worker_1,W004,MeasureImageAreaOccupied,step_started,started,88.23529411764706,15,17
ExampleColocalization,2,24,1777974625.8185697,3180355,worker_1,W004,MeasureImageAreaOccupied,pattern_group,running,100.0,1,1
ExampleColocalization,2,24,1777974625.8186417,3180355,worker_1,W004,MeasureImageAreaOccupied,step_completed,success,94.11764705882352,16,17
ExampleColocalization,2,24,1777974625.81866,3180355,worker_1,W004,CalculateMath,step_started,started,94.11764705882352,16,17
ExampleColocalization,2,24,1777974625.8221939,3180354,worker_0,W003,CalculateMath,pattern_group,running,50.0,1,2
ExampleColocalization,2,24,1777974625.877642,3180355,worker_1,W004,CalculateMath,pattern_group,running,50.0,1,2
ExampleColocalization,2,24,1777974625.8782506,3180354,worker_0,W003,CalculateMath,pattern_group,running,100.0,2,2
ExampleColocalization,2,24,1777974625.8783104,3180354,worker_0,W003,CalculateMath,step_completed,success,100.0,17,17
ExampleColocalization,2,24,1777974625.8784838,3180354,worker_0,W003,pipeline,axis_completed,success,100.0,17,17
ExampleColocalization,2,24,1777974625.8785064,3180354,worker_0,W005,pipeline,axis_started,started,0.0,0,17
ExampleColocalization,2,24,1777974625.8785238,3180354,worker_0,W005,CorrectIlluminationCalculate,step_started,started,0.0,0,17
ExampleColocalization,2,24,1777974625.9381268,3180355,worker_1,W004,CalculateMath,pattern_group,running,100.0,2,2
ExampleColocalization,2,24,1777974625.9382126,3180355,worker_1,W004,CalculateMath,step_completed,success,100.0,17,17
ExampleColocalization,2,24,1777974625.9384034,3180355,worker_1,W004,pipeline,axis_completed,success,100.0,17,17
ExampleColocalization,2,24,1777974625.938426,3180355,worker_1,W006,pipeline,axis_started,started,0.0,0,17
ExampleColocalization,2,24,1777974625.938445,3180355,worker_1,W006,CorrectIlluminationCalculate,step_started,started,0.0,0,17
ExampleColocalization,2,24,1777974626.0331638,3180354,worker_0,W005,CorrectIlluminationCalculate,pattern_group,running,100.0,1,1
ExampleColocalization,2,24,1777974626.0332224,3180354,worker_0,W005,CorrectIlluminationCalculate,step_completed,success,5.88235294117647,1,17
ExampleColocalization,2,24,1777974626.0332398,3180354,worker_0,W005,CorrectIlluminationCalculate,step_started,started,5.88235294117647,1,17
ExampleColocalization,2,24,1777974626.0974464,3180355,worker_1,W006,CorrectIlluminationCalculate,pattern_group,running,100.0,1,1
ExampleColocalization,2,24,1777974626.0975223,3180355,worker_1,W006,CorrectIlluminationCalculate,step_completed,success,5.88235294117647,1,17
ExampleColocalization,2,24,1777974626.0975406,3180355,worker_1,W006,CorrectIlluminationCalculate,step_started,started,5.88235294117647,1,17
ExampleColocalization,2,24,1777974626.1817255,3180354,worker_0,W005,CorrectIlluminationCalculate,pattern_group,running,100.0,1,1
ExampleColocalization,2,24,1777974626.1817808,3180354,worker_0,W005,CorrectIlluminationCalculate,step_completed,success,11.76470588235294,2,17
ExampleColocalization,2,24,1777974626.181798,3180354,worker_0,W005,Align,step_started,started,11.76470588235294,2,17
ExampleColocalization,2,24,1777974626.257857,3180355,worker_1,W006,CorrectIlluminationCalculate,pattern_group,running,100.0,1,1
ExampleColocalization,2,24,1777974626.2579343,3180355,worker_1,W006,CorrectIlluminationCalculate,step_completed,success,11.76470588235294,2,17
ExampleColocalization,2,24,1777974626.257952,3180355,worker_1,W006,Align,step_started,started,11.76470588235294,2,17
ExampleColocalization,2,24,1777974626.566194,3180354,worker_0,W005,Align,pattern_group,running,100.0,1,1
ExampleColocalization,2,24,1777974626.5662572,3180354,worker_0,W005,Align,step_completed,success,17.647058823529413,3,17
ExampleColocalization,2,24,1777974626.5662768,3180354,worker_0,W005,MeasureColocalization,step_started,started,17.647058823529413,3,17
ExampleColocalization,2,24,1777974626.6732013,3180355,worker_1,W006,Align,pattern_group,running,100.0,1,1
ExampleColocalization,2,24,1777974626.6733205,3180355,worker_1,W006,Align,step_completed,success,17.647058823529413,3,17
ExampleColocalization,2,24,1777974626.6733456,3180355,worker_1,W006,MeasureColocalization,step_started,started,17.647058823529413,3,17
ExampleColocalization,2,24,1777974626.814184,3180354,worker_0,W005,MeasureColocalization,pattern_group,running,100.0,1,1
ExampleColocalization,2,24,1777974626.8143067,3180354,worker_0,W005,MeasureColocalization,step_completed,success,23.52941176470588,4,17
ExampleColocalization,2,24,1777974626.81433,3180354,worker_0,W005,IdentifyPrimaryObjects,step_started,started,23.52941176470588,4,17
ExampleColocalization,2,24,1777974626.9493082,3180355,worker_1,W006,MeasureColocalization,pattern_group,running,100.0,1,1
ExampleColocalization,2,24,1777974626.9493842,3180355,worker_1,W006,MeasureColocalization,step_completed,success,23.52941176470588,4,17
ExampleColocalization,2,24,1777974626.949403,3180355,worker_1,W006,IdentifyPrimaryObjects,step_started,started,23.52941176470588,4,17
ExampleColocalization,2,24,1777974627.3274548,3180354,worker_0,W005,IdentifyPrimaryObjects,pattern_group,running,100.0,1,1
ExampleColocalization,2,24,1777974627.327515,3180354,worker_0,W005,IdentifyPrimaryObjects,step_completed,success,29.411764705882355,5,17
ExampleColocalization,2,24,1777974627.3275328,3180354,worker_0,W005,IdentifyPrimaryObjects,step_started,started,29.411764705882355,5,17
ExampleColocalization,2,24,1777974627.4868937,3180355,worker_1,W006,IdentifyPrimaryObjects,pattern_group,running,100.0,1,1
ExampleColocalization,2,24,1777974627.486975,3180355,worker_1,W006,IdentifyPrimaryObjects,step_completed,success,29.411764705882355,5,17
ExampleColocalization,2,24,1777974627.4869947,3180355,worker_1,W006,IdentifyPrimaryObjects,step_started,started,29.411764705882355,5,17
ExampleColocalization,2,24,1777974627.8757205,3180354,worker_0,W005,IdentifyPrimaryObjects,pattern_group,running,100.0,1,1
ExampleColocalization,2,24,1777974627.8758016,3180354,worker_0,W005,IdentifyPrimaryObjects,step_completed,success,35.294117647058826,6,17
ExampleColocalization,2,24,1777974627.8758214,3180354,worker_0,W005,RelateObjects,step_started,started,35.294117647058826,6,17
ExampleColocalization,2,24,1777974627.9314778,3180354,worker_0,W005,RelateObjects,pattern_group,running,100.0,1,1
ExampleColocalization,2,24,1777974627.931538,3180354,worker_0,W005,RelateObjects,step_completed,success,41.17647058823529,7,17
ExampleColocalization,2,24,1777974627.931556,3180354,worker_0,W005,ExpandOrShrinkObjects,step_started,started,41.17647058823529,7,17
ExampleColocalization,2,24,1777974627.9505796,3180354,worker_0,W005,ExpandOrShrinkObjects,pattern_group,running,100.0,1,1
ExampleColocalization,2,24,1777974627.9506469,3180354,worker_0,W005,ExpandOrShrinkObjects,step_completed,success,47.05882352941176,8,17
ExampleColocalization,2,24,1777974627.9506652,3180354,worker_0,W005,ExpandOrShrinkObjects,step_started,started,47.05882352941176,8,17
ExampleColocalization,2,24,1777974627.9691367,3180354,worker_0,W005,ExpandOrShrinkObjects,pattern_group,running,100.0,1,1
ExampleColocalization,2,24,1777974627.9692104,3180354,worker_0,W005,ExpandOrShrinkObjects,step_completed,success,52.94117647058824,9,17
ExampleColocalization,2,24,1777974627.9692295,3180354,worker_0,W005,ExpandOrShrinkObjects,step_started,started,52.94117647058824,9,17
ExampleColocalization,2,24,1777974627.9980664,3180354,worker_0,W005,ExpandOrShrinkObjects,pattern_group,running,100.0,1,1
ExampleColocalization,2,24,1777974627.9981732,3180354,worker_0,W005,ExpandOrShrinkObjects,step_completed,success,58.82352941176471,10,17
ExampleColocalization,2,24,1777974627.9981937,3180354,worker_0,W005,ExpandOrShrinkObjects,step_started,started,58.82352941176471,10,17
ExampleColocalization,2,24,1777974628.029755,3180354,worker_0,W005,ExpandOrShrinkObjects,pattern_group,running,100.0,1,1
ExampleColocalization,2,24,1777974628.0298514,3180354,worker_0,W005,ExpandOrShrinkObjects,step_completed,success,64.70588235294117,11,17
ExampleColocalization,2,24,1777974628.0298703,3180354,worker_0,W005,RelateObjects,step_started,started,64.70588235294117,11,17
ExampleColocalization,2,24,1777974628.0343711,3180355,worker_1,W006,IdentifyPrimaryObjects,pattern_group,running,100.0,1,1
ExampleColocalization,2,24,1777974628.0344644,3180355,worker_1,W006,IdentifyPrimaryObjects,step_completed,success,35.294117647058826,6,17
ExampleColocalization,2,24,1777974628.0344863,3180355,worker_1,W006,RelateObjects,step_started,started,35.294117647058826,6,17
ExampleColocalization,2,24,1777974628.0839324,3180354,worker_0,W005,RelateObjects,pattern_group,running,100.0,1,1
ExampleColocalization,2,24,1777974628.0839863,3180354,worker_0,W005,RelateObjects,step_completed,success,70.58823529411765,12,17
ExampleColocalization,2,24,1777974628.0840046,3180354,worker_0,W005,ClassifyObjects,step_started,started,70.58823529411765,12,17
ExampleColocalization,2,24,1777974628.0904286,3180355,worker_1,W006,RelateObjects,pattern_group,running,100.0,1,1
ExampleColocalization,2,24,1777974628.0905187,3180355,worker_1,W006,RelateObjects,step_completed,success,41.17647058823529,7,17
ExampleColocalization,2,24,1777974628.090541,3180355,worker_1,W006,ExpandOrShrinkObjects,step_started,started,41.17647058823529,7,17
ExampleColocalization,2,24,1777974628.1089504,3180355,worker_1,W006,ExpandOrShrinkObjects,pattern_group,running,100.0,1,1
ExampleColocalization,2,24,1777974628.1090543,3180355,worker_1,W006,ExpandOrShrinkObjects,step_completed,success,47.05882352941176,8,17
ExampleColocalization,2,24,1777974628.1090758,3180355,worker_1,W006,ExpandOrShrinkObjects,step_started,started,47.05882352941176,8,17
ExampleColocalization,2,24,1777974628.1279655,3180355,worker_1,W006,ExpandOrShrinkObjects,pattern_group,running,100.0,1,1
ExampleColocalization,2,24,1777974628.128035,3180355,worker_1,W006,ExpandOrShrinkObjects,step_completed,success,52.94117647058824,9,17
ExampleColocalization,2,24,1777974628.128053,3180355,worker_1,W006,ExpandOrShrinkObjects,step_started,started,52.94117647058824,9,17
ExampleColocalization,2,24,1777974628.1410654,3180354,worker_0,W005,ClassifyObjects,pattern_group,running,100.0,1,1
ExampleColocalization,2,24,1777974628.141175,3180354,worker_0,W005,ClassifyObjects,step_completed,success,76.47058823529412,13,17
ExampleColocalization,2,24,1777974628.141197,3180354,worker_0,W005,FilterObjects,step_started,started,76.47058823529412,13,17
ExampleColocalization,2,24,1777974628.1571655,3180355,worker_1,W006,ExpandOrShrinkObjects,pattern_group,running,100.0,1,1
ExampleColocalization,2,24,1777974628.1572597,3180355,worker_1,W006,ExpandOrShrinkObjects,step_completed,success,58.82352941176471,10,17
ExampleColocalization,2,24,1777974628.1572814,3180355,worker_1,W006,ExpandOrShrinkObjects,step_started,started,58.82352941176471,10,17
ExampleColocalization,2,24,1777974628.182611,3180355,worker_1,W006,ExpandOrShrinkObjects,pattern_group,running,100.0,1,1
ExampleColocalization,2,24,1777974628.1826675,3180355,worker_1,W006,ExpandOrShrinkObjects,step_completed,success,64.70588235294117,11,17
ExampleColocalization,2,24,1777974628.1826851,3180355,worker_1,W006,RelateObjects,step_started,started,64.70588235294117,11,17
ExampleColocalization,2,24,1777974628.2182589,3180354,worker_0,W005,FilterObjects,pattern_group,running,100.0,1,1
ExampleColocalization,2,24,1777974628.2183697,3180354,worker_0,W005,FilterObjects,step_completed,success,82.35294117647058,14,17
ExampleColocalization,2,24,1777974628.2183971,3180354,worker_0,W005,MaskObjects,step_started,started,82.35294117647058,14,17
ExampleColocalization,2,24,1777974628.2379053,3180355,worker_1,W006,RelateObjects,pattern_group,running,100.0,1,1
ExampleColocalization,2,24,1777974628.23804,3180355,worker_1,W006,RelateObjects,step_completed,success,70.58823529411765,12,17
ExampleColocalization,2,24,1777974628.2380645,3180355,worker_1,W006,ClassifyObjects,step_started,started,70.58823529411765,12,17
ExampleColocalization,2,24,1777974628.2556946,3180354,worker_0,W005,MaskObjects,pattern_group,running,100.0,1,1
ExampleColocalization,2,24,1777974628.2557893,3180354,worker_0,W005,MaskObjects,step_completed,success,88.23529411764706,15,17
ExampleColocalization,2,24,1777974628.2558105,3180354,worker_0,W005,MeasureImageAreaOccupied,step_started,started,88.23529411764706,15,17
ExampleColocalization,2,24,1777974628.2831185,3180354,worker_0,W005,MeasureImageAreaOccupied,pattern_group,running,100.0,1,1
ExampleColocalization,2,24,1777974628.283189,3180354,worker_0,W005,MeasureImageAreaOccupied,step_completed,success,94.11764705882352,16,17
ExampleColocalization,2,24,1777974628.2832074,3180354,worker_0,W005,CalculateMath,step_started,started,94.11764705882352,16,17
ExampleColocalization,2,24,1777974628.297586,3180355,worker_1,W006,ClassifyObjects,pattern_group,running,100.0,1,1
ExampleColocalization,2,24,1777974628.297663,3180355,worker_1,W006,ClassifyObjects,step_completed,success,76.47058823529412,13,17
ExampleColocalization,2,24,1777974628.2976825,3180355,worker_1,W006,FilterObjects,step_started,started,76.47058823529412,13,17
ExampleColocalization,2,24,1777974628.341335,3180354,worker_0,W005,CalculateMath,pattern_group,running,50.0,1,2
ExampleColocalization,2,24,1777974628.376396,3180355,worker_1,W006,FilterObjects,pattern_group,running,100.0,1,1
ExampleColocalization,2,24,1777974628.3764687,3180355,worker_1,W006,FilterObjects,step_completed,success,82.35294117647058,14,17
ExampleColocalization,2,24,1777974628.376488,3180355,worker_1,W006,MaskObjects,step_started,started,82.35294117647058,14,17
ExampleColocalization,2,24,1777974628.400206,3180354,worker_0,W005,CalculateMath,pattern_group,running,100.0,2,2
ExampleColocalization,2,24,1777974628.4002695,3180354,worker_0,W005,CalculateMath,step_completed,success,100.0,17,17
ExampleColocalization,2,24,1777974628.4004424,3180354,worker_0,W005,pipeline,axis_completed,success,100.0,17,17
ExampleColocalization,2,24,1777974628.4004655,3180354,worker_0,W007,pipeline,axis_started,started,0.0,0,17
ExampleColocalization,2,24,1777974628.400484,3180354,worker_0,W007,CorrectIlluminationCalculate,step_started,started,0.0,0,17
ExampleColocalization,2,24,1777974628.4129357,3180355,worker_1,W006,MaskObjects,pattern_group,running,100.0,1,1
ExampleColocalization,2,24,1777974628.4129963,3180355,worker_1,W006,MaskObjects,step_completed,success,88.23529411764706,15,17
ExampleColocalization,2,24,1777974628.413014,3180355,worker_1,W006,MeasureImageAreaOccupied,step_started,started,88.23529411764706,15,17
ExampleColocalization,2,24,1777974628.441524,3180355,worker_1,W006,MeasureImageAreaOccupied,pattern_group,running,100.0,1,1
ExampleColocalization,2,24,1777974628.4415824,3180355,worker_1,W006,MeasureImageAreaOccupied,step_completed,success,94.11764705882352,16,17
ExampleColocalization,2,24,1777974628.4416,3180355,worker_1,W006,CalculateMath,step_started,started,94.11764705882352,16,17
ExampleColocalization,2,24,1777974628.4989593,3180355,worker_1,W006,CalculateMath,pattern_group,running,50.0,1,2
ExampleColocalization,2,24,1777974628.5620418,3180355,worker_1,W006,CalculateMath,pattern_group,running,100.0,2,2
ExampleColocalization,2,24,1777974628.5621057,3180355,worker_1,W006,CalculateMath,step_completed,success,100.0,17,17
ExampleColocalization,2,24,1777974628.562262,3180355,worker_1,W006,pipeline,axis_completed,success,100.0,17,17
ExampleColocalization,2,24,1777974628.562285,3180355,worker_1,W008,pipeline,axis_started,started,0.0,0,17
ExampleColocalization,2,24,1777974628.5623028,3180355,worker_1,W008,CorrectIlluminationCalculate,step_started,started,0.0,0,17
ExampleColocalization,2,24,1777974628.5637982,3180354,worker_0,W007,CorrectIlluminationCalculate,pattern_group,running,100.0,1,1
ExampleColocalization,2,24,1777974628.563865,3180354,worker_0,W007,CorrectIlluminationCalculate,step_completed,success,5.88235294117647,1,17
ExampleColocalization,2,24,1777974628.5638828,3180354,worker_0,W007,CorrectIlluminationCalculate,step_started,started,5.88235294117647,1,17
ExampleColocalization,2,24,1777974628.728291,3180354,worker_0,W007,CorrectIlluminationCalculate,pattern_group,running,100.0,1,1
ExampleColocalization,2,24,1777974628.728375,3180354,worker_0,W007,CorrectIlluminationCalculate,step_completed,success,11.76470588235294,2,17
ExampleColocalization,2,24,1777974628.7283943,3180354,worker_0,W007,Align,step_started,started,11.76470588235294,2,17
ExampleColocalization,2,24,1777974628.7294595,3180355,worker_1,W008,CorrectIlluminationCalculate,pattern_group,running,100.0,1,1
ExampleColocalization,2,24,1777974628.7295287,3180355,worker_1,W008,CorrectIlluminationCalculate,step_completed,success,5.88235294117647,1,17
ExampleColocalization,2,24,1777974628.7295518,3180355,worker_1,W008,CorrectIlluminationCalculate,step_started,started,5.88235294117647,1,17
ExampleColocalization,2,24,1777974628.8876145,3180355,worker_1,W008,CorrectIlluminationCalculate,pattern_group,running,100.0,1,1
ExampleColocalization,2,24,1777974628.8877492,3180355,worker_1,W008,CorrectIlluminationCalculate,step_completed,success,11.76470588235294,2,17
ExampleColocalization,2,24,1777974628.8877747,3180355,worker_1,W008,Align,step_started,started,11.76470588235294,2,17
ExampleColocalization,2,24,1777974629.1385329,3180354,worker_0,W007,Align,pattern_group,running,100.0,1,1
ExampleColocalization,2,24,1777974629.1385918,3180354,worker_0,W007,Align,step_completed,success,17.647058823529413,3,17
ExampleColocalization,2,24,1777974629.1386106,3180354,worker_0,W007,MeasureColocalization,step_started,started,17.647058823529413,3,17
ExampleColocalization,2,24,1777974629.3392928,3180355,worker_1,W008,Align,pattern_group,running,100.0,1,1
ExampleColocalization,2,24,1777974629.3393693,3180355,worker_1,W008,Align,step_completed,success,17.647058823529413,3,17
ExampleColocalization,2,24,1777974629.3393931,3180355,worker_1,W008,MeasureColocalization,step_started,started,17.647058823529413,3,17
ExampleColocalization,2,24,1777974629.3825195,3180354,worker_0,W007,MeasureColocalization,pattern_group,running,100.0,1,1
ExampleColocalization,2,24,1777974629.3825877,3180354,worker_0,W007,MeasureColocalization,step_completed,success,23.52941176470588,4,17
ExampleColocalization,2,24,1777974629.3826063,3180354,worker_0,W007,IdentifyPrimaryObjects,step_started,started,23.52941176470588,4,17
ExampleColocalization,2,24,1777974629.6031792,3180355,worker_1,W008,MeasureColocalization,pattern_group,running,100.0,1,1
ExampleColocalization,2,24,1777974629.6032658,3180355,worker_1,W008,MeasureColocalization,step_completed,success,23.52941176470588,4,17
ExampleColocalization,2,24,1777974629.6032906,3180355,worker_1,W008,IdentifyPrimaryObjects,step_started,started,23.52941176470588,4,17
ExampleColocalization,2,24,1777974629.9219809,3180354,worker_0,W007,IdentifyPrimaryObjects,pattern_group,running,100.0,1,1
ExampleColocalization,2,24,1777974629.922144,3180354,worker_0,W007,IdentifyPrimaryObjects,step_completed,success,29.411764705882355,5,17
ExampleColocalization,2,24,1777974629.922169,3180354,worker_0,W007,IdentifyPrimaryObjects,step_started,started,29.411764705882355,5,17
ExampleColocalization,2,24,1777974630.10915,3180355,worker_1,W008,IdentifyPrimaryObjects,pattern_group,running,100.0,1,1
ExampleColocalization,2,24,1777974630.1092112,3180355,worker_1,W008,IdentifyPrimaryObjects,step_completed,success,29.411764705882355,5,17
ExampleColocalization,2,24,1777974630.1092288,3180355,worker_1,W008,IdentifyPrimaryObjects,step_started,started,29.411764705882355,5,17
ExampleColocalization,2,24,1777974630.4889495,3180354,worker_0,W007,IdentifyPrimaryObjects,pattern_group,running,100.0,1,1
ExampleColocalization,2,24,1777974630.4890122,3180354,worker_0,W007,IdentifyPrimaryObjects,step_completed,success,35.294117647058826,6,17
ExampleColocalization,2,24,1777974630.4890304,3180354,worker_0,W007,RelateObjects,step_started,started,35.294117647058826,6,17
ExampleColocalization,2,24,1777974630.5549765,3180354,worker_0,W007,RelateObjects,pattern_group,running,100.0,1,1
ExampleColocalization,2,24,1777974630.555077,3180354,worker_0,W007,RelateObjects,step_completed,success,41.17647058823529,7,17
ExampleColocalization,2,24,1777974630.5551057,3180354,worker_0,W007,ExpandOrShrinkObjects,step_started,started,41.17647058823529,7,17
ExampleColocalization,2,24,1777974630.5751734,3180354,worker_0,W007,ExpandOrShrinkObjects,pattern_group,running,100.0,1,1
ExampleColocalization,2,24,1777974630.5752373,3180354,worker_0,W007,ExpandOrShrinkObjects,step_completed,success,47.05882352941176,8,17
ExampleColocalization,2,24,1777974630.5752559,3180354,worker_0,W007,ExpandOrShrinkObjects,step_started,started,47.05882352941176,8,17
ExampleColocalization,2,24,1777974630.5907066,3180354,worker_0,W007,ExpandOrShrinkObjects,pattern_group,running,100.0,1,1
ExampleColocalization,2,24,1777974630.590764,3180354,worker_0,W007,ExpandOrShrinkObjects,step_completed,success,52.94117647058824,9,17
ExampleColocalization,2,24,1777974630.5907822,3180354,worker_0,W007,ExpandOrShrinkObjects,step_started,started,52.94117647058824,9,17
ExampleColocalization,2,24,1777974630.6255817,3180354,worker_0,W007,ExpandOrShrinkObjects,pattern_group,running,100.0,1,1
ExampleColocalization,2,24,1777974630.6256452,3180354,worker_0,W007,ExpandOrShrinkObjects,step_completed,success,58.82352941176471,10,17
ExampleColocalization,2,24,1777974630.6256635,3180354,worker_0,W007,ExpandOrShrinkObjects,step_started,started,58.82352941176471,10,17
ExampleColocalization,2,24,1777974630.6437242,3180355,worker_1,W008,IdentifyPrimaryObjects,pattern_group,running,100.0,1,1
ExampleColocalization,2,24,1777974630.6438267,3180355,worker_1,W008,IdentifyPrimaryObjects,step_completed,success,35.294117647058826,6,17
ExampleColocalization,2,24,1777974630.6438494,3180355,worker_1,W008,RelateObjects,step_started,started,35.294117647058826,6,17
ExampleColocalization,2,24,1777974630.6568046,3180354,worker_0,W007,ExpandOrShrinkObjects,pattern_group,running,100.0,1,1
ExampleColocalization,2,24,1777974630.6568696,3180354,worker_0,W007,ExpandOrShrinkObjects,step_completed,success,64.70588235294117,11,17
ExampleColocalization,2,24,1777974630.656888,3180354,worker_0,W007,RelateObjects,step_started,started,64.70588235294117,11,17
ExampleColocalization,2,24,1777974630.7005172,3180355,worker_1,W008,RelateObjects,pattern_group,running,100.0,1,1
ExampleColocalization,2,24,1777974630.7005825,3180355,worker_1,W008,RelateObjects,step_completed,success,41.17647058823529,7,17
ExampleColocalization,2,24,1777974630.7006004,3180355,worker_1,W008,ExpandOrShrinkObjects,step_started,started,41.17647058823529,7,17
ExampleColocalization,2,24,1777974630.7127526,3180354,worker_0,W007,RelateObjects,pattern_group,running,100.0,1,1
ExampleColocalization,2,24,1777974630.7128522,3180354,worker_0,W007,RelateObjects,step_completed,success,70.58823529411765,12,17
ExampleColocalization,2,24,1777974630.7128851,3180354,worker_0,W007,ClassifyObjects,step_started,started,70.58823529411765,12,17
ExampleColocalization,2,24,1777974630.7147765,3180355,worker_1,W008,ExpandOrShrinkObjects,pattern_group,running,100.0,1,1
ExampleColocalization,2,24,1777974630.7148554,3180355,worker_1,W008,ExpandOrShrinkObjects,step_completed,success,47.05882352941176,8,17
ExampleColocalization,2,24,1777974630.714874,3180355,worker_1,W008,ExpandOrShrinkObjects,step_started,started,47.05882352941176,8,17
ExampleColocalization,2,24,1777974630.7324157,3180355,worker_1,W008,ExpandOrShrinkObjects,pattern_group,running,100.0,1,1
ExampleColocalization,2,24,1777974630.7324867,3180355,worker_1,W008,ExpandOrShrinkObjects,step_completed,success,52.94117647058824,9,17
ExampleColocalization,2,24,1777974630.7325053,3180355,worker_1,W008,ExpandOrShrinkObjects,step_started,started,52.94117647058824,9,17
ExampleColocalization,2,24,1777974630.7548356,3180355,worker_1,W008,ExpandOrShrinkObjects,pattern_group,running,100.0,1,1
ExampleColocalization,2,24,1777974630.7549083,3180355,worker_1,W008,ExpandOrShrinkObjects,step_completed,success,58.82352941176471,10,17
ExampleColocalization,2,24,1777974630.754927,3180355,worker_1,W008,ExpandOrShrinkObjects,step_started,started,58.82352941176471,10,17
ExampleColocalization,2,24,1777974630.767845,3180354,worker_0,W007,ClassifyObjects,pattern_group,running,100.0,1,1
ExampleColocalization,2,24,1777974630.767907,3180354,worker_0,W007,ClassifyObjects,step_completed,success,76.47058823529412,13,17
ExampleColocalization,2,24,1777974630.7679248,3180354,worker_0,W007,FilterObjects,step_started,started,76.47058823529412,13,17
ExampleColocalization,2,24,1777974630.7829854,3180355,worker_1,W008,ExpandOrShrinkObjects,pattern_group,running,100.0,1,1
ExampleColocalization,2,24,1777974630.7830446,3180355,worker_1,W008,ExpandOrShrinkObjects,step_completed,success,64.70588235294117,11,17
ExampleColocalization,2,24,1777974630.783062,3180355,worker_1,W008,RelateObjects,step_started,started,64.70588235294117,11,17
ExampleColocalization,2,24,1777974630.8376796,3180355,worker_1,W008,RelateObjects,pattern_group,running,100.0,1,1
ExampleColocalization,2,24,1777974630.8378174,3180355,worker_1,W008,RelateObjects,step_completed,success,70.58823529411765,12,17
ExampleColocalization,2,24,1777974630.8378394,3180355,worker_1,W008,ClassifyObjects,step_started,started,70.58823529411765,12,17
ExampleColocalization,2,24,1777974630.8445363,3180354,worker_0,W007,FilterObjects,pattern_group,running,100.0,1,1
ExampleColocalization,2,24,1777974630.8446095,3180354,worker_0,W007,FilterObjects,step_completed,success,82.35294117647058,14,17
ExampleColocalization,2,24,1777974630.8446276,3180354,worker_0,W007,MaskObjects,step_started,started,82.35294117647058,14,17
ExampleColocalization,2,24,1777974630.880034,3180354,worker_0,W007,MaskObjects,pattern_group,running,100.0,1,1
ExampleColocalization,2,24,1777974630.8800886,3180354,worker_0,W007,MaskObjects,step_completed,success,88.23529411764706,15,17
ExampleColocalization,2,24,1777974630.8801057,3180354,worker_0,W007,MeasureImageAreaOccupied,step_started,started,88.23529411764706,15,17
ExampleColocalization,2,24,1777974630.8987453,3180355,worker_1,W008,ClassifyObjects,pattern_group,running,100.0,1,1
ExampleColocalization,2,24,1777974630.8988256,3180355,worker_1,W008,ClassifyObjects,step_completed,success,76.47058823529412,13,17
ExampleColocalization,2,24,1777974630.8988469,3180355,worker_1,W008,FilterObjects,step_started,started,76.47058823529412,13,17
ExampleColocalization,2,24,1777974630.9052796,3180354,worker_0,W007,MeasureImageAreaOccupied,pattern_group,running,100.0,1,1
ExampleColocalization,2,24,1777974630.9053438,3180354,worker_0,W007,MeasureImageAreaOccupied,step_completed,success,94.11764705882352,16,17
ExampleColocalization,2,24,1777974630.905373,3180354,worker_0,W007,CalculateMath,step_started,started,94.11764705882352,16,17
ExampleColocalization,2,24,1777974630.9608185,3180354,worker_0,W007,CalculateMath,pattern_group,running,50.0,1,2
ExampleColocalization,2,24,1777974630.9752827,3180355,worker_1,W008,FilterObjects,pattern_group,running,100.0,1,1
ExampleColocalization,2,24,1777974630.9753447,3180355,worker_1,W008,FilterObjects,step_completed,success,82.35294117647058,14,17
ExampleColocalization,2,24,1777974630.975373,3180355,worker_1,W008,MaskObjects,step_started,started,82.35294117647058,14,17
ExampleColocalization,2,24,1777974631.0113633,3180355,worker_1,W008,MaskObjects,pattern_group,running,100.0,1,1
ExampleColocalization,2,24,1777974631.011421,3180355,worker_1,W008,MaskObjects,step_completed,success,88.23529411764706,15,17
ExampleColocalization,2,24,1777974631.011439,3180355,worker_1,W008,MeasureImageAreaOccupied,step_started,started,88.23529411764706,15,17
ExampleColocalization,2,24,1777974631.0203016,3180354,worker_0,W007,CalculateMath,pattern_group,running,100.0,2,2
ExampleColocalization,2,24,1777974631.0204124,3180354,worker_0,W007,CalculateMath,step_completed,success,100.0,17,17
ExampleColocalization,2,24,1777974631.0206213,3180354,worker_0,W007,pipeline,axis_completed,success,100.0,17,17
ExampleColocalization,2,24,1777974631.020648,3180354,worker_0,W009,pipeline,axis_started,started,0.0,0,17
ExampleColocalization,2,24,1777974631.020669,3180354,worker_0,W009,CorrectIlluminationCalculate,step_started,started,0.0,0,17
ExampleColocalization,2,24,1777974631.0397403,3180355,worker_1,W008,MeasureImageAreaOccupied,pattern_group,running,100.0,1,1
ExampleColocalization,2,24,1777974631.0398018,3180355,worker_1,W008,MeasureImageAreaOccupied,step_completed,success,94.11764705882352,16,17
ExampleColocalization,2,24,1777974631.039821,3180355,worker_1,W008,CalculateMath,step_started,started,94.11764705882352,16,17
ExampleColocalization,2,24,1777974631.0958693,3180355,worker_1,W008,CalculateMath,pattern_group,running,50.0,1,2
ExampleColocalization,2,24,1777974631.1520805,3180355,worker_1,W008,CalculateMath,pattern_group,running,100.0,2,2
ExampleColocalization,2,24,1777974631.152134,3180355,worker_1,W008,CalculateMath,step_completed,success,100.0,17,17
ExampleColocalization,2,24,1777974631.152279,3180355,worker_1,W008,pipeline,axis_completed,success,100.0,17,17
ExampleColocalization,2,24,1777974631.1523006,3180355,worker_1,W010,pipeline,axis_started,started,0.0,0,17
ExampleColocalization,2,24,1777974631.1523175,3180355,worker_1,W010,CorrectIlluminationCalculate,step_started,started,0.0,0,17
ExampleColocalization,2,24,1777974631.1751816,3180354,worker_0,W009,CorrectIlluminationCalculate,pattern_group,running,100.0,1,1
ExampleColocalization,2,24,1777974631.1752424,3180354,worker_0,W009,CorrectIlluminationCalculate,step_completed,success,5.88235294117647,1,17
ExampleColocalization,2,24,1777974631.1752603,3180354,worker_0,W009,CorrectIlluminationCalculate,step_started,started,5.88235294117647,1,17
ExampleColocalization,2,24,1777974631.3186731,3180355,worker_1,W010,CorrectIlluminationCalculate,pattern_group,running,100.0,1,1
ExampleColocalization,2,24,1777974631.318764,3180355,worker_1,W010,CorrectIlluminationCalculate,step_completed,success,5.88235294117647,1,17
ExampleColocalization,2,24,1777974631.318784,3180355,worker_1,W010,CorrectIlluminationCalculate,step_started,started,5.88235294117647,1,17
ExampleColocalization,2,24,1777974631.3406003,3180354,worker_0,W009,CorrectIlluminationCalculate,pattern_group,running,100.0,1,1
ExampleColocalization,2,24,1777974631.3406575,3180354,worker_0,W009,CorrectIlluminationCalculate,step_completed,success,11.76470588235294,2,17
ExampleColocalization,2,24,1777974631.3406754,3180354,worker_0,W009,Align,step_started,started,11.76470588235294,2,17
ExampleColocalization,2,24,1777974631.4759698,3180355,worker_1,W010,CorrectIlluminationCalculate,pattern_group,running,100.0,1,1
ExampleColocalization,2,24,1777974631.4760766,3180355,worker_1,W010,CorrectIlluminationCalculate,step_completed,success,11.76470588235294,2,17
ExampleColocalization,2,24,1777974631.4761002,3180355,worker_1,W010,Align,step_started,started,11.76470588235294,2,17
ExampleColocalization,2,24,1777974631.734987,3180354,worker_0,W009,Align,pattern_group,running,100.0,1,1
ExampleColocalization,2,24,1777974631.7350874,3180354,worker_0,W009,Align,step_completed,success,17.647058823529413,3,17
ExampleColocalization,2,24,1777974631.7351081,3180354,worker_0,W009,MeasureColocalization,step_started,started,17.647058823529413,3,17
ExampleColocalization,2,24,1777974631.92081,3180355,worker_1,W010,Align,pattern_group,running,100.0,1,1
ExampleColocalization,2,24,1777974631.9209201,3180355,worker_1,W010,Align,step_completed,success,17.647058823529413,3,17
ExampleColocalization,2,24,1777974631.9209418,3180355,worker_1,W010,MeasureColocalization,step_started,started,17.647058823529413,3,17
ExampleColocalization,2,24,1777974631.997527,3180354,worker_0,W009,MeasureColocalization,pattern_group,running,100.0,1,1
ExampleColocalization,2,24,1777974631.99765,3180354,worker_0,W009,MeasureColocalization,step_completed,success,23.52941176470588,4,17
ExampleColocalization,2,24,1777974631.9976757,3180354,worker_0,W009,IdentifyPrimaryObjects,step_started,started,23.52941176470588,4,17
ExampleColocalization,2,24,1777974632.1861427,3180355,worker_1,W010,MeasureColocalization,pattern_group,running,100.0,1,1
ExampleColocalization,2,24,1777974632.186204,3180355,worker_1,W010,MeasureColocalization,step_completed,success,23.52941176470588,4,17
ExampleColocalization,2,24,1777974632.1862216,3180355,worker_1,W010,IdentifyPrimaryObjects,step_started,started,23.52941176470588,4,17
ExampleColocalization,2,24,1777974632.5252976,3180354,worker_0,W009,IdentifyPrimaryObjects,pattern_group,running,100.0,1,1
ExampleColocalization,2,24,1777974632.5253623,3180354,worker_0,W009,IdentifyPrimaryObjects,step_completed,success,29.411764705882355,5,17
ExampleColocalization,2,24,1777974632.5253828,3180354,worker_0,W009,IdentifyPrimaryObjects,step_started,started,29.411764705882355,5,17
ExampleColocalization,2,24,1777974632.6761014,3180355,worker_1,W010,IdentifyPrimaryObjects,pattern_group,running,100.0,1,1
ExampleColocalization,2,24,1777974632.6761568,3180355,worker_1,W010,IdentifyPrimaryObjects,step_completed,success,29.411764705882355,5,17
ExampleColocalization,2,24,1777974632.6761744,3180355,worker_1,W010,IdentifyPrimaryObjects,step_started,started,29.411764705882355,5,17
ExampleColocalization,2,24,1777974633.0577104,3180354,worker_0,W009,IdentifyPrimaryObjects,pattern_group,running,100.0,1,1
ExampleColocalization,2,24,1777974633.057821,3180354,worker_0,W009,IdentifyPrimaryObjects,step_completed,success,35.294117647058826,6,17
ExampleColocalization,2,24,1777974633.0578442,3180354,worker_0,W009,RelateObjects,step_started,started,35.294117647058826,6,17
ExampleColocalization,2,24,1777974633.1172395,3180354,worker_0,W009,RelateObjects,pattern_group,running,100.0,1,1
ExampleColocalization,2,24,1777974633.1173,3180354,worker_0,W009,RelateObjects,step_completed,success,41.17647058823529,7,17
ExampleColocalization,2,24,1777974633.1173186,3180354,worker_0,W009,ExpandOrShrinkObjects,step_started,started,41.17647058823529,7,17
ExampleColocalization,2,24,1777974633.1327934,3180354,worker_0,W009,ExpandOrShrinkObjects,pattern_group,running,100.0,1,1
ExampleColocalization,2,24,1777974633.1329072,3180354,worker_0,W009,ExpandOrShrinkObjects,step_completed,success,47.05882352941176,8,17
ExampleColocalization,2,24,1777974633.1329324,3180354,worker_0,W009,ExpandOrShrinkObjects,step_started,started,47.05882352941176,8,17
ExampleColocalization,2,24,1777974633.153043,3180354,worker_0,W009,ExpandOrShrinkObjects,pattern_group,running,100.0,1,1
ExampleColocalization,2,24,1777974633.1531613,3180354,worker_0,W009,ExpandOrShrinkObjects,step_completed,success,52.94117647058824,9,17
ExampleColocalization,2,24,1777974633.153188,3180354,worker_0,W009,ExpandOrShrinkObjects,step_started,started,52.94117647058824,9,17
ExampleColocalization,2,24,1777974633.1825068,3180354,worker_0,W009,ExpandOrShrinkObjects,pattern_group,running,100.0,1,1
ExampleColocalization,2,24,1777974633.1825986,3180354,worker_0,W009,ExpandOrShrinkObjects,step_completed,success,58.82352941176471,10,17
ExampleColocalization,2,24,1777974633.1826184,3180354,worker_0,W009,ExpandOrShrinkObjects,step_started,started,58.82352941176471,10,17
ExampleColocalization,2,24,1777974633.2178416,3180354,worker_0,W009,ExpandOrShrinkObjects,pattern_group,running,100.0,1,1
ExampleColocalization,2,24,1777974633.2179353,3180354,worker_0,W009,ExpandOrShrinkObjects,step_completed,success,64.70588235294117,11,17
ExampleColocalization,2,24,1777974633.2179558,3180354,worker_0,W009,RelateObjects,step_started,started,64.70588235294117,11,17
ExampleColocalization,2,24,1777974633.2265096,3180355,worker_1,W010,IdentifyPrimaryObjects,pattern_group,running,100.0,1,1
ExampleColocalization,2,24,1777974633.2265763,3180355,worker_1,W010,IdentifyPrimaryObjects,step_completed,success,35.294117647058826,6,17
ExampleColocalization,2,24,1777974633.226595,3180355,worker_1,W010,RelateObjects,step_started,started,35.294117647058826,6,17
ExampleColocalization,2,24,1777974633.2759976,3180354,worker_0,W009,RelateObjects,pattern_group,running,100.0,1,1
ExampleColocalization,2,24,1777974633.2760568,3180354,worker_0,W009,RelateObjects,step_completed,success,70.58823529411765,12,17
ExampleColocalization,2,24,1777974633.2760744,3180354,worker_0,W009,ClassifyObjects,step_started,started,70.58823529411765,12,17
ExampleColocalization,2,24,1777974633.2826705,3180355,worker_1,W010,RelateObjects,pattern_group,running,100.0,1,1
ExampleColocalization,2,24,1777974633.2827246,3180355,worker_1,W010,RelateObjects,step_completed,success,41.17647058823529,7,17
ExampleColocalization,2,24,1777974633.2827418,3180355,worker_1,W010,ExpandOrShrinkObjects,step_started,started,41.17647058823529,7,17
ExampleColocalization,2,24,1777974633.3012042,3180355,worker_1,W010,ExpandOrShrinkObjects,pattern_group,running,100.0,1,1
ExampleColocalization,2,24,1777974633.3012867,3180355,worker_1,W010,ExpandOrShrinkObjects,step_completed,success,47.05882352941176,8,17
ExampleColocalization,2,24,1777974633.301311,3180355,worker_1,W010,ExpandOrShrinkObjects,step_started,started,47.05882352941176,8,17
ExampleColocalization,2,24,1777974633.3209062,3180355,worker_1,W010,ExpandOrShrinkObjects,pattern_group,running,100.0,1,1
ExampleColocalization,2,24,1777974633.3209713,3180355,worker_1,W010,ExpandOrShrinkObjects,step_completed,success,52.94117647058824,9,17
ExampleColocalization,2,24,1777974633.3209896,3180355,worker_1,W010,ExpandOrShrinkObjects,step_started,started,52.94117647058824,9,17
ExampleColocalization,2,24,1777974633.3372922,3180354,worker_0,W009,ClassifyObjects,pattern_group,running,100.0,1,1
ExampleColocalization,2,24,1777974633.3374078,3180354,worker_0,W009,ClassifyObjects,step_completed,success,76.47058823529412,13,17
ExampleColocalization,2,24,1777974633.3374312,3180354,worker_0,W009,FilterObjects,step_started,started,76.47058823529412,13,17
ExampleColocalization,2,24,1777974633.347274,3180355,worker_1,W010,ExpandOrShrinkObjects,pattern_group,running,100.0,1,1
ExampleColocalization,2,24,1777974633.3473415,3180355,worker_1,W010,ExpandOrShrinkObjects,step_completed,success,58.82352941176471,10,17
ExampleColocalization,2,24,1777974633.3473663,3180355,worker_1,W010,ExpandOrShrinkObjects,step_started,started,58.82352941176471,10,17
ExampleColocalization,2,24,1777974633.376299,3180355,worker_1,W010,ExpandOrShrinkObjects,pattern_group,running,100.0,1,1
ExampleColocalization,2,24,1777974633.376378,3180355,worker_1,W010,ExpandOrShrinkObjects,step_completed,success,64.70588235294117,11,17
ExampleColocalization,2,24,1777974633.3763971,3180355,worker_1,W010,RelateObjects,step_started,started,64.70588235294117,11,17
ExampleColocalization,2,24,1777974633.4187794,3180354,worker_0,W009,FilterObjects,pattern_group,running,100.0,1,1
ExampleColocalization,2,24,1777974633.4188414,3180354,worker_0,W009,FilterObjects,step_completed,success,82.35294117647058,14,17
ExampleColocalization,2,24,1777974633.4188585,3180354,worker_0,W009,MaskObjects,step_started,started,82.35294117647058,14,17
ExampleColocalization,2,24,1777974633.432232,3180355,worker_1,W010,RelateObjects,pattern_group,running,100.0,1,1
ExampleColocalization,2,24,1777974633.4322906,3180355,worker_1,W010,RelateObjects,step_completed,success,70.58823529411765,12,17
ExampleColocalization,2,24,1777974633.4323092,3180355,worker_1,W010,ClassifyObjects,step_started,started,70.58823529411765,12,17
ExampleColocalization,2,24,1777974633.4592118,3180354,worker_0,W009,MaskObjects,pattern_group,running,100.0,1,1
ExampleColocalization,2,24,1777974633.4592838,3180354,worker_0,W009,MaskObjects,step_completed,success,88.23529411764706,15,17
ExampleColocalization,2,24,1777974633.459302,3180354,worker_0,W009,MeasureImageAreaOccupied,step_started,started,88.23529411764706,15,17
ExampleColocalization,2,24,1777974633.4832795,3180354,worker_0,W009,MeasureImageAreaOccupied,pattern_group,running,100.0,1,1
ExampleColocalization,2,24,1777974633.483336,3180354,worker_0,W009,MeasureImageAreaOccupied,step_completed,success,94.11764705882352,16,17
ExampleColocalization,2,24,1777974633.4833615,3180354,worker_0,W009,CalculateMath,step_started,started,94.11764705882352,16,17
ExampleColocalization,2,24,1777974633.491273,3180355,worker_1,W010,ClassifyObjects,pattern_group,running,100.0,1,1
ExampleColocalization,2,24,1777974633.4913685,3180355,worker_1,W010,ClassifyObjects,step_completed,success,76.47058823529412,13,17
ExampleColocalization,2,24,1777974633.4913895,3180355,worker_1,W010,FilterObjects,step_started,started,76.47058823529412,13,17
ExampleColocalization,2,24,1777974633.5421517,3180354,worker_0,W009,CalculateMath,pattern_group,running,50.0,1,2
ExampleColocalization,2,24,1777974633.566975,3180355,worker_1,W010,FilterObjects,pattern_group,running,100.0,1,1
ExampleColocalization,2,24,1777974633.56704,3180355,worker_1,W010,FilterObjects,step_completed,success,82.35294117647058,14,17
ExampleColocalization,2,24,1777974633.5670578,3180355,worker_1,W010,MaskObjects,step_started,started,82.35294117647058,14,17
ExampleColocalization,2,24,1777974633.6006503,3180355,worker_1,W010,MaskObjects,pattern_group,running,100.0,1,1
ExampleColocalization,2,24,1777974633.6007173,3180355,worker_1,W010,MaskObjects,step_completed,success,88.23529411764706,15,17
ExampleColocalization,2,24,1777974633.6007357,3180355,worker_1,W010,MeasureImageAreaOccupied,step_started,started,88.23529411764706,15,17
ExampleColocalization,2,24,1777974633.5992582,3180354,worker_0,W009,CalculateMath,pattern_group,running,100.0,2,2
ExampleColocalization,2,24,1777974633.5993223,3180354,worker_0,W009,CalculateMath,step_completed,success,100.0,17,17
ExampleColocalization,2,24,1777974633.599491,3180354,worker_0,W009,pipeline,axis_completed,success,100.0,17,17
ExampleColocalization,2,24,1777974633.599514,3180354,worker_0,W011,pipeline,axis_started,started,0.0,0,17
ExampleColocalization,2,24,1777974633.5995321,3180354,worker_0,W011,CorrectIlluminationCalculate,step_started,started,0.0,0,17
ExampleColocalization,2,24,1777974633.6262872,3180355,worker_1,W010,MeasureImageAreaOccupied,pattern_group,running,100.0,1,1
ExampleColocalization,2,24,1777974633.6263547,3180355,worker_1,W010,MeasureImageAreaOccupied,step_completed,success,94.11764705882352,16,17
ExampleColocalization,2,24,1777974633.6263726,3180355,worker_1,W010,CalculateMath,step_started,started,94.11764705882352,16,17
ExampleColocalization,2,24,1777974633.6832826,3180355,worker_1,W010,CalculateMath,pattern_group,running,50.0,1,2
ExampleColocalization,2,24,1777974633.7418509,3180355,worker_1,W010,CalculateMath,pattern_group,running,100.0,2,2
ExampleColocalization,2,24,1777974633.7419333,3180355,worker_1,W010,CalculateMath,step_completed,success,100.0,17,17
ExampleColocalization,2,24,1777974633.742117,3180355,worker_1,W010,pipeline,axis_completed,success,100.0,17,17
ExampleColocalization,2,24,1777974633.7421427,3180355,worker_1,W012,pipeline,axis_started,started,0.0,0,17
ExampleColocalization,2,24,1777974633.742163,3180355,worker_1,W012,CorrectIlluminationCalculate,step_started,started,0.0,0,17
ExampleColocalization,2,24,1777974633.7567723,3180354,worker_0,W011,CorrectIlluminationCalculate,pattern_group,running,100.0,1,1
ExampleColocalization,2,24,1777974633.756873,3180354,worker_0,W011,CorrectIlluminationCalculate,step_completed,success,5.88235294117647,1,17
ExampleColocalization,2,24,1777974633.7568932,3180354,worker_0,W011,CorrectIlluminationCalculate,step_started,started,5.88235294117647,1,17
ExampleColocalization,2,24,1777974633.9171307,3180355,worker_1,W012,CorrectIlluminationCalculate,pattern_group,running,100.0,1,1
ExampleColocalization,2,24,1777974633.917191,3180355,worker_1,W012,CorrectIlluminationCalculate,step_completed,success,5.88235294117647,1,17
ExampleColocalization,2,24,1777974633.9172084,3180355,worker_1,W012,CorrectIlluminationCalculate,step_started,started,5.88235294117647,1,17
ExampleColocalization,2,24,1777974633.917635,3180354,worker_0,W011,CorrectIlluminationCalculate,pattern_group,running,100.0,1,1
ExampleColocalization,2,24,1777974633.9176888,3180354,worker_0,W011,CorrectIlluminationCalculate,step_completed,success,11.76470588235294,2,17
ExampleColocalization,2,24,1777974633.917706,3180354,worker_0,W011,Align,step_started,started,11.76470588235294,2,17
ExampleColocalization,2,24,1777974634.075021,3180355,worker_1,W012,CorrectIlluminationCalculate,pattern_group,running,100.0,1,1
ExampleColocalization,2,24,1777974634.0750792,3180355,worker_1,W012,CorrectIlluminationCalculate,step_completed,success,11.76470588235294,2,17
ExampleColocalization,2,24,1777974634.0750961,3180355,worker_1,W012,Align,step_started,started,11.76470588235294,2,17
ExampleColocalization,2,24,1777974634.318946,3180354,worker_0,W011,Align,pattern_group,running,100.0,1,1
ExampleColocalization,2,24,1777974634.319072,3180354,worker_0,W011,Align,step_completed,success,17.647058823529413,3,17
ExampleColocalization,2,24,1777974634.3190951,3180354,worker_0,W011,MeasureColocalization,step_started,started,17.647058823529413,3,17
ExampleColocalization,2,24,1777974634.468569,3180355,worker_1,W012,Align,pattern_group,running,100.0,1,1
ExampleColocalization,2,24,1777974634.468677,3180355,worker_1,W012,Align,step_completed,success,17.647058823529413,3,17
ExampleColocalization,2,24,1777974634.4687,3180355,worker_1,W012,MeasureColocalization,step_started,started,17.647058823529413,3,17
ExampleColocalization,2,24,1777974634.5791156,3180354,worker_0,W011,MeasureColocalization,pattern_group,running,100.0,1,1
ExampleColocalization,2,24,1777974634.5791786,3180354,worker_0,W011,MeasureColocalization,step_completed,success,23.52941176470588,4,17
ExampleColocalization,2,24,1777974634.5791974,3180354,worker_0,W011,IdentifyPrimaryObjects,step_started,started,23.52941176470588,4,17
ExampleColocalization,2,24,1777974634.730596,3180355,worker_1,W012,MeasureColocalization,pattern_group,running,100.0,1,1
ExampleColocalization,2,24,1777974634.7306573,3180355,worker_1,W012,MeasureColocalization,step_completed,success,23.52941176470588,4,17
ExampleColocalization,2,24,1777974634.7306752,3180355,worker_1,W012,IdentifyPrimaryObjects,step_started,started,23.52941176470588,4,17
ExampleColocalization,2,24,1777974635.110585,3180354,worker_0,W011,IdentifyPrimaryObjects,pattern_group,running,100.0,1,1
ExampleColocalization,2,24,1777974635.1106489,3180354,worker_0,W011,IdentifyPrimaryObjects,step_completed,success,29.411764705882355,5,17
ExampleColocalization,2,24,1777974635.1106663,3180354,worker_0,W011,IdentifyPrimaryObjects,step_started,started,29.411764705882355,5,17
ExampleColocalization,2,24,1777974635.2468398,3180355,worker_1,W012,IdentifyPrimaryObjects,pattern_group,running,100.0,1,1
ExampleColocalization,2,24,1777974635.2469547,3180355,worker_1,W012,IdentifyPrimaryObjects,step_completed,success,29.411764705882355,5,17
ExampleColocalization,2,24,1777974635.2469757,3180355,worker_1,W012,IdentifyPrimaryObjects,step_started,started,29.411764705882355,5,17
ExampleColocalization,2,24,1777974635.6637483,3180354,worker_0,W011,IdentifyPrimaryObjects,pattern_group,running,100.0,1,1
ExampleColocalization,2,24,1777974635.6638036,3180354,worker_0,W011,IdentifyPrimaryObjects,step_completed,success,35.294117647058826,6,17
ExampleColocalization,2,24,1777974635.6638207,3180354,worker_0,W011,RelateObjects,step_started,started,35.294117647058826,6,17
ExampleColocalization,2,24,1777974635.723663,3180354,worker_0,W011,RelateObjects,pattern_group,running,100.0,1,1
ExampleColocalization,2,24,1777974635.7237344,3180354,worker_0,W011,RelateObjects,step_completed,success,41.17647058823529,7,17
ExampleColocalization,2,24,1777974635.7237535,3180354,worker_0,W011,ExpandOrShrinkObjects,step_started,started,41.17647058823529,7,17
ExampleColocalization,2,24,1777974635.7433755,3180354,worker_0,W011,ExpandOrShrinkObjects,pattern_group,running,100.0,1,1
ExampleColocalization,2,24,1777974635.7434518,3180354,worker_0,W011,ExpandOrShrinkObjects,step_completed,success,47.05882352941176,8,17
ExampleColocalization,2,24,1777974635.7434695,3180354,worker_0,W011,ExpandOrShrinkObjects,step_started,started,47.05882352941176,8,17
ExampleColocalization,2,24,1777974635.7593737,3180354,worker_0,W011,ExpandOrShrinkObjects,pattern_group,running,100.0,1,1
ExampleColocalization,2,24,1777974635.7594337,3180354,worker_0,W011,ExpandOrShrinkObjects,step_completed,success,52.94117647058824,9,17
ExampleColocalization,2,24,1777974635.7594514,3180354,worker_0,W011,ExpandOrShrinkObjects,step_started,started,52.94117647058824,9,17
ExampleColocalization,2,24,1777974635.7892509,3180354,worker_0,W011,ExpandOrShrinkObjects,pattern_group,running,100.0,1,1
ExampleColocalization,2,24,1777974635.7893267,3180354,worker_0,W011,ExpandOrShrinkObjects,step_completed,success,58.82352941176471,10,17
ExampleColocalization,2,24,1777974635.7893565,3180354,worker_0,W011,ExpandOrShrinkObjects,step_started,started,58.82352941176471,10,17
ExampleColocalization,2,24,1777974635.7901223,3180355,worker_1,W012,IdentifyPrimaryObjects,pattern_group,running,100.0,1,1
ExampleColocalization,2,24,1777974635.7901828,3180355,worker_1,W012,IdentifyPrimaryObjects,step_completed,success,35.294117647058826,6,17
ExampleColocalization,2,24,1777974635.7902005,3180355,worker_1,W012,RelateObjects,step_started,started,35.294117647058826,6,17
ExampleColocalization,2,24,1777974635.8214474,3180354,worker_0,W011,ExpandOrShrinkObjects,pattern_group,running,100.0,1,1
ExampleColocalization,2,24,1777974635.8215477,3180354,worker_0,W011,ExpandOrShrinkObjects,step_completed,success,64.70588235294117,11,17
ExampleColocalization,2,24,1777974635.8215704,3180354,worker_0,W011,RelateObjects,step_started,started,64.70588235294117,11,17
ExampleColocalization,2,24,1777974635.853529,3180355,worker_1,W012,RelateObjects,pattern_group,running,100.0,1,1
ExampleColocalization,2,24,1777974635.853595,3180355,worker_1,W012,RelateObjects,step_completed,success,41.17647058823529,7,17
ExampleColocalization,2,24,1777974635.8536127,3180355,worker_1,W012,ExpandOrShrinkObjects,step_started,started,41.17647058823529,7,17
ExampleColocalization,2,24,1777974635.8680317,3180355,worker_1,W012,ExpandOrShrinkObjects,pattern_group,running,100.0,1,1
ExampleColocalization,2,24,1777974635.8680913,3180355,worker_1,W012,ExpandOrShrinkObjects,step_completed,success,47.05882352941176,8,17
ExampleColocalization,2,24,1777974635.8681095,3180355,worker_1,W012,ExpandOrShrinkObjects,step_started,started,47.05882352941176,8,17
ExampleColocalization,2,24,1777974635.8779454,3180354,worker_0,W011,RelateObjects,pattern_group,running,100.0,1,1
ExampleColocalization,2,24,1777974635.8780382,3180354,worker_0,W011,RelateObjects,step_completed,success,70.58823529411765,12,17
ExampleColocalization,2,24,1777974635.8780596,3180354,worker_0,W011,ClassifyObjects,step_started,started,70.58823529411765,12,17
ExampleColocalization,2,24,1777974635.8861198,3180355,worker_1,W012,ExpandOrShrinkObjects,pattern_group,running,100.0,1,1
ExampleColocalization,2,24,1777974635.8861861,3180355,worker_1,W012,ExpandOrShrinkObjects,step_completed,success,52.94117647058824,9,17
ExampleColocalization,2,24,1777974635.8862045,3180355,worker_1,W012,ExpandOrShrinkObjects,step_started,started,52.94117647058824,9,17
ExampleColocalization,2,24,1777974635.9133902,3180355,worker_1,W012,ExpandOrShrinkObjects,pattern_group,running,100.0,1,1
ExampleColocalization,2,24,1777974635.91345,3180355,worker_1,W012,ExpandOrShrinkObjects,step_completed,success,58.82352941176471,10,17
ExampleColocalization,2,24,1777974635.9134674,3180355,worker_1,W012,ExpandOrShrinkObjects,step_started,started,58.82352941176471,10,17
ExampleColocalization,2,24,1777974635.9390714,3180354,worker_0,W011,ClassifyObjects,pattern_group,running,100.0,1,1
ExampleColocalization,2,24,1777974635.9392178,3180354,worker_0,W011,ClassifyObjects,step_completed,success,76.47058823529412,13,17
ExampleColocalization,2,24,1777974635.939246,3180354,worker_0,W011,FilterObjects,step_started,started,76.47058823529412,13,17
ExampleColocalization,2,24,1777974635.9451747,3180355,worker_1,W012,ExpandOrShrinkObjects,pattern_group,running,100.0,1,1
ExampleColocalization,2,24,1777974635.945244,3180355,worker_1,W012,ExpandOrShrinkObjects,step_completed,success,64.70588235294117,11,17
ExampleColocalization,2,24,1777974635.9452617,3180355,worker_1,W012,RelateObjects,step_started,started,64.70588235294117,11,17
ExampleColocalization,2,24,1777974635.9974563,3180355,worker_1,W012,RelateObjects,pattern_group,running,100.0,1,1
ExampleColocalization,2,24,1777974635.997518,3180355,worker_1,W012,RelateObjects,step_completed,success,70.58823529411765,12,17
ExampleColocalization,2,24,1777974635.9975367,3180355,worker_1,W012,ClassifyObjects,step_started,started,70.58823529411765,12,17
ExampleColocalization,2,24,1777974636.0237012,3180354,worker_0,W011,FilterObjects,pattern_group,running,100.0,1,1
ExampleColocalization,2,24,1777974636.0237703,3180354,worker_0,W011,FilterObjects,step_completed,success,82.35294117647058,14,17
ExampleColocalization,2,24,1777974636.0237885,3180354,worker_0,W011,MaskObjects,step_started,started,82.35294117647058,14,17
ExampleColocalization,2,24,1777974636.0557318,3180355,worker_1,W012,ClassifyObjects,pattern_group,running,100.0,1,1
ExampleColocalization,2,24,1777974636.0558097,3180355,worker_1,W012,ClassifyObjects,step_completed,success,76.47058823529412,13,17
ExampleColocalization,2,24,1777974636.05583,3180355,worker_1,W012,FilterObjects,step_started,started,76.47058823529412,13,17
ExampleColocalization,2,24,1777974636.0588098,3180354,worker_0,W011,MaskObjects,pattern_group,running,100.0,1,1
ExampleColocalization,2,24,1777974636.0588784,3180354,worker_0,W011,MaskObjects,step_completed,success,88.23529411764706,15,17
ExampleColocalization,2,24,1777974636.0588958,3180354,worker_0,W011,MeasureImageAreaOccupied,step_started,started,88.23529411764706,15,17
ExampleColocalization,2,24,1777974636.0836287,3180354,worker_0,W011,MeasureImageAreaOccupied,pattern_group,running,100.0,1,1
ExampleColocalization,2,24,1777974636.0837088,3180354,worker_0,W011,MeasureImageAreaOccupied,step_completed,success,94.11764705882352,16,17
ExampleColocalization,2,24,1777974636.083727,3180354,worker_0,W011,CalculateMath,step_started,started,94.11764705882352,16,17
ExampleColocalization,2,24,1777974636.130903,3180355,worker_1,W012,FilterObjects,pattern_group,running,100.0,1,1
ExampleColocalization,2,24,1777974636.130956,3180355,worker_1,W012,FilterObjects,step_completed,success,82.35294117647058,14,17
ExampleColocalization,2,24,1777974636.1309726,3180355,worker_1,W012,MaskObjects,step_started,started,82.35294117647058,14,17
ExampleColocalization,2,24,1777974636.1455646,3180354,worker_0,W011,CalculateMath,pattern_group,running,50.0,1,2
ExampleColocalization,2,24,1777974636.166525,3180355,worker_1,W012,MaskObjects,pattern_group,running,100.0,1,1
ExampleColocalization,2,24,1777974636.1665828,3180355,worker_1,W012,MaskObjects,step_completed,success,88.23529411764706,15,17
ExampleColocalization,2,24,1777974636.1666,3180355,worker_1,W012,MeasureImageAreaOccupied,step_started,started,88.23529411764706,15,17
ExampleColocalization,2,24,1777974636.1950166,3180355,worker_1,W012,MeasureImageAreaOccupied,pattern_group,running,100.0,1,1
ExampleColocalization,2,24,1777974636.1951122,3180355,worker_1,W012,MeasureImageAreaOccupied,step_completed,success,94.11764705882352,16,17
ExampleColocalization,2,24,1777974636.195132,3180355,worker_1,W012,CalculateMath,step_started,started,94.11764705882352,16,17
ExampleColocalization,2,24,1777974636.207358,3180354,worker_0,W011,CalculateMath,pattern_group,running,100.0,2,2
ExampleColocalization,2,24,1777974636.2074165,3180354,worker_0,W011,CalculateMath,step_completed,success,100.0,17,17
ExampleColocalization,2,24,1777974636.207559,3180354,worker_0,W011,pipeline,axis_completed,success,100.0,17,17
ExampleColocalization,2,24,1777974636.207581,3180354,worker_0,W013,pipeline,axis_started,started,0.0,0,17
ExampleColocalization,2,24,1777974636.2075984,3180354,worker_0,W013,CorrectIlluminationCalculate,step_started,started,0.0,0,17
ExampleColocalization,2,24,1777974636.2504127,3180355,worker_1,W012,CalculateMath,pattern_group,running,50.0,1,2
ExampleColocalization,2,24,1777974636.3051167,3180355,worker_1,W012,CalculateMath,pattern_group,running,100.0,2,2
ExampleColocalization,2,24,1777974636.3051746,3180355,worker_1,W012,CalculateMath,step_completed,success,100.0,17,17
ExampleColocalization,2,24,1777974636.305322,3180355,worker_1,W012,pipeline,axis_completed,success,100.0,17,17
ExampleColocalization,2,24,1777974636.3053446,3180355,worker_1,W014,pipeline,axis_started,started,0.0,0,17
ExampleColocalization,2,24,1777974636.3053684,3180355,worker_1,W014,CorrectIlluminationCalculate,step_started,started,0.0,0,17
ExampleColocalization,2,24,1777974636.3783886,3180354,worker_0,W013,CorrectIlluminationCalculate,pattern_group,running,100.0,1,1
ExampleColocalization,2,24,1777974636.3784947,3180354,worker_0,W013,CorrectIlluminationCalculate,step_completed,success,5.88235294117647,1,17
ExampleColocalization,2,24,1777974636.3785203,3180354,worker_0,W013,CorrectIlluminationCalculate,step_started,started,5.88235294117647,1,17
ExampleColocalization,2,24,1777974636.4641156,3180355,worker_1,W014,CorrectIlluminationCalculate,pattern_group,running,100.0,1,1
ExampleColocalization,2,24,1777974636.4641788,3180355,worker_1,W014,CorrectIlluminationCalculate,step_completed,success,5.88235294117647,1,17
ExampleColocalization,2,24,1777974636.4641957,3180355,worker_1,W014,CorrectIlluminationCalculate,step_started,started,5.88235294117647,1,17
ExampleColocalization,2,24,1777974636.5388412,3180354,worker_0,W013,CorrectIlluminationCalculate,pattern_group,running,100.0,1,1
ExampleColocalization,2,24,1777974636.5389483,3180354,worker_0,W013,CorrectIlluminationCalculate,step_completed,success,11.76470588235294,2,17
ExampleColocalization,2,24,1777974636.5389733,3180354,worker_0,W013,Align,step_started,started,11.76470588235294,2,17
ExampleColocalization,2,24,1777974636.613972,3180355,worker_1,W014,CorrectIlluminationCalculate,pattern_group,running,100.0,1,1
ExampleColocalization,2,24,1777974636.6140282,3180355,worker_1,W014,CorrectIlluminationCalculate,step_completed,success,11.76470588235294,2,17
ExampleColocalization,2,24,1777974636.6140447,3180355,worker_1,W014,Align,step_started,started,11.76470588235294,2,17
ExampleColocalization,2,24,1777974636.9337075,3180354,worker_0,W013,Align,pattern_group,running,100.0,1,1
ExampleColocalization,2,24,1777974636.9337769,3180354,worker_0,W013,Align,step_completed,success,17.647058823529413,3,17
ExampleColocalization,2,24,1777974636.933795,3180354,worker_0,W013,MeasureColocalization,step_started,started,17.647058823529413,3,17
ExampleColocalization,2,24,1777974637.000738,3180355,worker_1,W014,Align,pattern_group,running,100.0,1,1
ExampleColocalization,2,24,1777974637.0008492,3180355,worker_1,W014,Align,step_completed,success,17.647058823529413,3,17
ExampleColocalization,2,24,1777974637.0008752,3180355,worker_1,W014,MeasureColocalization,step_started,started,17.647058823529413,3,17
ExampleColocalization,2,24,1777974637.202154,3180354,worker_0,W013,MeasureColocalization,pattern_group,running,100.0,1,1
ExampleColocalization,2,24,1777974637.2022345,3180354,worker_0,W013,MeasureColocalization,step_completed,success,23.52941176470588,4,17
ExampleColocalization,2,24,1777974637.202254,3180354,worker_0,W013,IdentifyPrimaryObjects,step_started,started,23.52941176470588,4,17
ExampleColocalization,2,24,1777974637.270567,3180355,worker_1,W014,MeasureColocalization,pattern_group,running,100.0,1,1
ExampleColocalization,2,24,1777974637.2706294,3180355,worker_1,W014,MeasureColocalization,step_completed,success,23.52941176470588,4,17
ExampleColocalization,2,24,1777974637.2706475,3180355,worker_1,W014,IdentifyPrimaryObjects,step_started,started,23.52941176470588,4,17
ExampleColocalization,2,24,1777974637.7203705,3180354,worker_0,W013,IdentifyPrimaryObjects,pattern_group,running,100.0,1,1
ExampleColocalization,2,24,1777974637.72043,3180354,worker_0,W013,IdentifyPrimaryObjects,step_completed,success,29.411764705882355,5,17
ExampleColocalization,2,24,1777974637.7204473,3180354,worker_0,W013,IdentifyPrimaryObjects,step_started,started,29.411764705882355,5,17
ExampleColocalization,2,24,1777974637.7771018,3180355,worker_1,W014,IdentifyPrimaryObjects,pattern_group,running,100.0,1,1
ExampleColocalization,2,24,1777974637.7771597,3180355,worker_1,W014,IdentifyPrimaryObjects,step_completed,success,29.411764705882355,5,17
ExampleColocalization,2,24,1777974637.7771769,3180355,worker_1,W014,IdentifyPrimaryObjects,step_started,started,29.411764705882355,5,17
ExampleColocalization,2,24,1777974638.250571,3180354,worker_0,W013,IdentifyPrimaryObjects,pattern_group,running,100.0,1,1
ExampleColocalization,2,24,1777974638.2506382,3180354,worker_0,W013,IdentifyPrimaryObjects,step_completed,success,35.294117647058826,6,17
ExampleColocalization,2,24,1777974638.2506564,3180354,worker_0,W013,RelateObjects,step_started,started,35.294117647058826,6,17
ExampleColocalization,2,24,1777974638.3041747,3180354,worker_0,W013,RelateObjects,pattern_group,running,100.0,1,1
ExampleColocalization,2,24,1777974638.3042321,3180354,worker_0,W013,RelateObjects,step_completed,success,41.17647058823529,7,17
ExampleColocalization,2,24,1777974638.30425,3180354,worker_0,W013,ExpandOrShrinkObjects,step_started,started,41.17647058823529,7,17
ExampleColocalization,2,24,1777974638.3263597,3180354,worker_0,W013,ExpandOrShrinkObjects,pattern_group,running,100.0,1,1
ExampleColocalization,2,24,1777974638.3264298,3180354,worker_0,W013,ExpandOrShrinkObjects,step_completed,success,47.05882352941176,8,17
ExampleColocalization,2,24,1777974638.3264482,3180354,worker_0,W013,ExpandOrShrinkObjects,step_started,started,47.05882352941176,8,17
ExampleColocalization,2,24,1777974638.3279042,3180355,worker_1,W014,IdentifyPrimaryObjects,pattern_group,running,100.0,1,1
ExampleColocalization,2,24,1777974638.3280022,3180355,worker_1,W014,IdentifyPrimaryObjects,step_completed,success,35.294117647058826,6,17
ExampleColocalization,2,24,1777974638.3280263,3180355,worker_1,W014,RelateObjects,step_started,started,35.294117647058826,6,17
ExampleColocalization,2,24,1777974638.3461683,3180354,worker_0,W013,ExpandOrShrinkObjects,pattern_group,running,100.0,1,1
ExampleColocalization,2,24,1777974638.3462408,3180354,worker_0,W013,ExpandOrShrinkObjects,step_completed,success,52.94117647058824,9,17
ExampleColocalization,2,24,1777974638.3462584,3180354,worker_0,W013,ExpandOrShrinkObjects,step_started,started,52.94117647058824,9,17
ExampleColocalization,2,24,1777974638.3753338,3180354,worker_0,W013,ExpandOrShrinkObjects,pattern_group,running,100.0,1,1
ExampleColocalization,2,24,1777974638.3754814,3180354,worker_0,W013,ExpandOrShrinkObjects,step_completed,success,58.82352941176471,10,17
ExampleColocalization,2,24,1777974638.3755045,3180354,worker_0,W013,ExpandOrShrinkObjects,step_started,started,58.82352941176471,10,17
ExampleColocalization,2,24,1777974638.3910391,3180355,worker_1,W014,RelateObjects,pattern_group,running,100.0,1,1
ExampleColocalization,2,24,1777974638.391151,3180355,worker_1,W014,RelateObjects,step_completed,success,41.17647058823529,7,17
ExampleColocalization,2,24,1777974638.391171,3180355,worker_1,W014,ExpandOrShrinkObjects,step_started,started,41.17647058823529,7,17
ExampleColocalization,2,24,1777974638.4069834,3180354,worker_0,W013,ExpandOrShrinkObjects,pattern_group,running,100.0,1,1
ExampleColocalization,2,24,1777974638.40706,3180354,worker_0,W013,ExpandOrShrinkObjects,step_completed,success,64.70588235294117,11,17
ExampleColocalization,2,24,1777974638.4070778,3180354,worker_0,W013,RelateObjects,step_started,started,64.70588235294117,11,17
ExampleColocalization,2,24,1777974638.4113777,3180355,worker_1,W014,ExpandOrShrinkObjects,pattern_group,running,100.0,1,1
ExampleColocalization,2,24,1777974638.4114823,3180355,worker_1,W014,ExpandOrShrinkObjects,step_completed,success,47.05882352941176,8,17
ExampleColocalization,2,24,1777974638.4115057,3180355,worker_1,W014,ExpandOrShrinkObjects,step_started,started,47.05882352941176,8,17
ExampleColocalization,2,24,1777974638.4334993,3180355,worker_1,W014,ExpandOrShrinkObjects,pattern_group,running,100.0,1,1
ExampleColocalization,2,24,1777974638.4335845,3180355,worker_1,W014,ExpandOrShrinkObjects,step_completed,success,52.94117647058824,9,17
ExampleColocalization,2,24,1777974638.4336088,3180355,worker_1,W014,ExpandOrShrinkObjects,step_started,started,52.94117647058824,9,17
ExampleColocalization,2,24,1777974638.463732,3180355,worker_1,W014,ExpandOrShrinkObjects,pattern_group,running,100.0,1,1
ExampleColocalization,2,24,1777974638.4638083,3180355,worker_1,W014,ExpandOrShrinkObjects,step_completed,success,58.82352941176471,10,17
ExampleColocalization,2,24,1777974638.4638307,3180355,worker_1,W014,ExpandOrShrinkObjects,step_started,started,58.82352941176471,10,17
ExampleColocalization,2,24,1777974638.4652383,3180354,worker_0,W013,RelateObjects,pattern_group,running,100.0,1,1
ExampleColocalization,2,24,1777974638.4653044,3180354,worker_0,W013,RelateObjects,step_completed,success,70.58823529411765,12,17
ExampleColocalization,2,24,1777974638.4653223,3180354,worker_0,W013,ClassifyObjects,step_started,started,70.58823529411765,12,17
ExampleColocalization,2,24,1777974638.497694,3180355,worker_1,W014,ExpandOrShrinkObjects,pattern_group,running,100.0,1,1
ExampleColocalization,2,24,1777974638.4977708,3180355,worker_1,W014,ExpandOrShrinkObjects,step_completed,success,64.70588235294117,11,17
ExampleColocalization,2,24,1777974638.4977942,3180355,worker_1,W014,RelateObjects,step_started,started,64.70588235294117,11,17
ExampleColocalization,2,24,1777974638.524329,3180354,worker_0,W013,ClassifyObjects,pattern_group,running,100.0,1,1
ExampleColocalization,2,24,1777974638.5244071,3180354,worker_0,W013,ClassifyObjects,step_completed,success,76.47058823529412,13,17
ExampleColocalization,2,24,1777974638.524426,3180354,worker_0,W013,FilterObjects,step_started,started,76.47058823529412,13,17
ExampleColocalization,2,24,1777974638.5531015,3180355,worker_1,W014,RelateObjects,pattern_group,running,100.0,1,1
ExampleColocalization,2,24,1777974638.5531588,3180355,worker_1,W014,RelateObjects,step_completed,success,70.58823529411765,12,17
ExampleColocalization,2,24,1777974638.5531752,3180355,worker_1,W014,ClassifyObjects,step_started,started,70.58823529411765,12,17
ExampleColocalization,2,24,1777974638.599237,3180354,worker_0,W013,FilterObjects,pattern_group,running,100.0,1,1
ExampleColocalization,2,24,1777974638.5992963,3180354,worker_0,W013,FilterObjects,step_completed,success,82.35294117647058,14,17
ExampleColocalization,2,24,1777974638.5993133,3180354,worker_0,W013,MaskObjects,step_started,started,82.35294117647058,14,17
ExampleColocalization,2,24,1777974638.6109424,3180355,worker_1,W014,ClassifyObjects,pattern_group,running,100.0,1,1
ExampleColocalization,2,24,1777974638.6110597,3180355,worker_1,W014,ClassifyObjects,step_completed,success,76.47058823529412,13,17
ExampleColocalization,2,24,1777974638.6110904,3180355,worker_1,W014,FilterObjects,step_started,started,76.47058823529412,13,17
ExampleColocalization,2,24,1777974638.634709,3180354,worker_0,W013,MaskObjects,pattern_group,running,100.0,1,1
ExampleColocalization,2,24,1777974638.6348119,3180354,worker_0,W013,MaskObjects,step_completed,success,88.23529411764706,15,17
ExampleColocalization,2,24,1777974638.6348357,3180354,worker_0,W013,MeasureImageAreaOccupied,step_started,started,88.23529411764706,15,17
ExampleColocalization,2,24,1777974638.666757,3180354,worker_0,W013,MeasureImageAreaOccupied,pattern_group,running,100.0,1,1
ExampleColocalization,2,24,1777974638.6668258,3180354,worker_0,W013,MeasureImageAreaOccupied,step_completed,success,94.11764705882352,16,17
ExampleColocalization,2,24,1777974638.6668434,3180354,worker_0,W013,CalculateMath,step_started,started,94.11764705882352,16,17
ExampleColocalization,2,24,1777974638.6919262,3180355,worker_1,W014,FilterObjects,pattern_group,running,100.0,1,1
ExampleColocalization,2,24,1777974638.6919978,3180355,worker_1,W014,FilterObjects,step_completed,success,82.35294117647058,14,17
ExampleColocalization,2,24,1777974638.6920161,3180355,worker_1,W014,MaskObjects,step_started,started,82.35294117647058,14,17
ExampleColocalization,2,24,1777974638.726604,3180355,worker_1,W014,MaskObjects,pattern_group,running,100.0,1,1
ExampleColocalization,2,24,1777974638.7266626,3180355,worker_1,W014,MaskObjects,step_completed,success,88.23529411764706,15,17
ExampleColocalization,2,24,1777974638.72668,3180355,worker_1,W014,MeasureImageAreaOccupied,step_started,started,88.23529411764706,15,17
ExampleColocalization,2,24,1777974638.7275941,3180354,worker_0,W013,CalculateMath,pattern_group,running,50.0,1,2
ExampleColocalization,2,24,1777974638.7540095,3180355,worker_1,W014,MeasureImageAreaOccupied,pattern_group,running,100.0,1,1
ExampleColocalization,2,24,1777974638.7540658,3180355,worker_1,W014,MeasureImageAreaOccupied,step_completed,success,94.11764705882352,16,17
ExampleColocalization,2,24,1777974638.754083,3180355,worker_1,W014,CalculateMath,step_started,started,94.11764705882352,16,17
ExampleColocalization,2,24,1777974638.788887,3180354,worker_0,W013,CalculateMath,pattern_group,running,100.0,2,2
ExampleColocalization,2,24,1777974638.788945,3180354,worker_0,W013,CalculateMath,step_completed,success,100.0,17,17
ExampleColocalization,2,24,1777974638.7890975,3180354,worker_0,W013,pipeline,axis_completed,success,100.0,17,17
ExampleColocalization,2,24,1777974638.7891195,3180354,worker_0,W015,pipeline,axis_started,started,0.0,0,17
ExampleColocalization,2,24,1777974638.7891366,3180354,worker_0,W015,CorrectIlluminationCalculate,step_started,started,0.0,0,17
ExampleColocalization,2,24,1777974638.8100426,3180355,worker_1,W014,CalculateMath,pattern_group,running,50.0,1,2
ExampleColocalization,2,24,1777974638.8738666,3180355,worker_1,W014,CalculateMath,pattern_group,running,100.0,2,2
ExampleColocalization,2,24,1777974638.8739536,3180355,worker_1,W014,CalculateMath,step_completed,success,100.0,17,17
ExampleColocalization,2,24,1777974638.874148,3180355,worker_1,W014,pipeline,axis_completed,success,100.0,17,17
ExampleColocalization,2,24,1777974638.8741767,3180355,worker_1,W016,pipeline,axis_started,started,0.0,0,17
ExampleColocalization,2,24,1777974638.8741987,3180355,worker_1,W016,CorrectIlluminationCalculate,step_started,started,0.0,0,17
ExampleColocalization,2,24,1777974638.95411,3180354,worker_0,W015,CorrectIlluminationCalculate,pattern_group,running,100.0,1,1
ExampleColocalization,2,24,1777974638.9541802,3180354,worker_0,W015,CorrectIlluminationCalculate,step_completed,success,5.88235294117647,1,17
ExampleColocalization,2,24,1777974638.9541984,3180354,worker_0,W015,CorrectIlluminationCalculate,step_started,started,5.88235294117647,1,17
ExampleColocalization,2,24,1777974639.0464838,3180355,worker_1,W016,CorrectIlluminationCalculate,pattern_group,running,100.0,1,1
ExampleColocalization,2,24,1777974639.0465667,3180355,worker_1,W016,CorrectIlluminationCalculate,step_completed,success,5.88235294117647,1,17
ExampleColocalization,2,24,1777974639.0465891,3180355,worker_1,W016,CorrectIlluminationCalculate,step_started,started,5.88235294117647,1,17
ExampleColocalization,2,24,1777974639.1080954,3180354,worker_0,W015,CorrectIlluminationCalculate,pattern_group,running,100.0,1,1
ExampleColocalization,2,24,1777974639.108159,3180354,worker_0,W015,CorrectIlluminationCalculate,step_completed,success,11.76470588235294,2,17
ExampleColocalization,2,24,1777974639.1081767,3180354,worker_0,W015,Align,step_started,started,11.76470588235294,2,17
ExampleColocalization,2,24,1777974639.1856034,3180355,worker_1,W016,CorrectIlluminationCalculate,pattern_group,running,100.0,1,1
ExampleColocalization,2,24,1777974639.1856604,3180355,worker_1,W016,CorrectIlluminationCalculate,step_completed,success,11.76470588235294,2,17
ExampleColocalization,2,24,1777974639.1856775,3180355,worker_1,W016,Align,step_started,started,11.76470588235294,2,17
ExampleColocalization,2,24,1777974639.4895341,3180354,worker_0,W015,Align,pattern_group,running,100.0,1,1
ExampleColocalization,2,24,1777974639.4896011,3180354,worker_0,W015,Align,step_completed,success,17.647058823529413,3,17
ExampleColocalization,2,24,1777974639.4896197,3180354,worker_0,W015,MeasureColocalization,step_started,started,17.647058823529413,3,17
ExampleColocalization,2,24,1777974639.5921361,3180355,worker_1,W016,Align,pattern_group,running,100.0,1,1
ExampleColocalization,2,24,1777974639.592241,3180355,worker_1,W016,Align,step_completed,success,17.647058823529413,3,17
ExampleColocalization,2,24,1777974639.5922627,3180355,worker_1,W016,MeasureColocalization,step_started,started,17.647058823529413,3,17
ExampleColocalization,2,24,1777974639.732144,3180354,worker_0,W015,MeasureColocalization,pattern_group,running,100.0,1,1
ExampleColocalization,2,24,1777974639.7322507,3180354,worker_0,W015,MeasureColocalization,step_completed,success,23.52941176470588,4,17
ExampleColocalization,2,24,1777974639.7322736,3180354,worker_0,W015,IdentifyPrimaryObjects,step_started,started,23.52941176470588,4,17
ExampleColocalization,2,24,1777974639.8617263,3180355,worker_1,W016,MeasureColocalization,pattern_group,running,100.0,1,1
ExampleColocalization,2,24,1777974639.8617902,3180355,worker_1,W016,MeasureColocalization,step_completed,success,23.52941176470588,4,17
ExampleColocalization,2,24,1777974639.861808,3180355,worker_1,W016,IdentifyPrimaryObjects,step_started,started,23.52941176470588,4,17
ExampleColocalization,2,24,1777974640.2484612,3180354,worker_0,W015,IdentifyPrimaryObjects,pattern_group,running,100.0,1,1
ExampleColocalization,2,24,1777974640.2485347,3180354,worker_0,W015,IdentifyPrimaryObjects,step_completed,success,29.411764705882355,5,17
ExampleColocalization,2,24,1777974640.2485535,3180354,worker_0,W015,IdentifyPrimaryObjects,step_started,started,29.411764705882355,5,17
ExampleColocalization,2,24,1777974640.3757894,3180355,worker_1,W016,IdentifyPrimaryObjects,pattern_group,running,100.0,1,1
ExampleColocalization,2,24,1777974640.3758512,3180355,worker_1,W016,IdentifyPrimaryObjects,step_completed,success,29.411764705882355,5,17
ExampleColocalization,2,24,1777974640.3758693,3180355,worker_1,W016,IdentifyPrimaryObjects,step_started,started,29.411764705882355,5,17
ExampleColocalization,2,24,1777974640.7955983,3180354,worker_0,W015,IdentifyPrimaryObjects,pattern_group,running,100.0,1,1
ExampleColocalization,2,24,1777974640.7956736,3180354,worker_0,W015,IdentifyPrimaryObjects,step_completed,success,35.294117647058826,6,17
ExampleColocalization,2,24,1777974640.7956924,3180354,worker_0,W015,RelateObjects,step_started,started,35.294117647058826,6,17
ExampleColocalization,2,24,1777974640.8538759,3180354,worker_0,W015,RelateObjects,pattern_group,running,100.0,1,1
ExampleColocalization,2,24,1777974640.853961,3180354,worker_0,W015,RelateObjects,step_completed,success,41.17647058823529,7,17
ExampleColocalization,2,24,1777974640.8539824,3180354,worker_0,W015,ExpandOrShrinkObjects,step_started,started,41.17647058823529,7,17
ExampleColocalization,2,24,1777974640.8709166,3180354,worker_0,W015,ExpandOrShrinkObjects,pattern_group,running,100.0,1,1
ExampleColocalization,2,24,1777974640.8709772,3180354,worker_0,W015,ExpandOrShrinkObjects,step_completed,success,47.05882352941176,8,17
ExampleColocalization,2,24,1777974640.870995,3180354,worker_0,W015,ExpandOrShrinkObjects,step_started,started,47.05882352941176,8,17
ExampleColocalization,2,24,1777974640.891453,3180354,worker_0,W015,ExpandOrShrinkObjects,pattern_group,running,100.0,1,1
ExampleColocalization,2,24,1777974640.8915594,3180354,worker_0,W015,ExpandOrShrinkObjects,step_completed,success,52.94117647058824,9,17
ExampleColocalization,2,24,1777974640.8915803,3180354,worker_0,W015,ExpandOrShrinkObjects,step_started,started,52.94117647058824,9,17
ExampleColocalization,2,24,1777974640.9208758,3180354,worker_0,W015,ExpandOrShrinkObjects,pattern_group,running,100.0,1,1
ExampleColocalization,2,24,1777974640.920935,3180354,worker_0,W015,ExpandOrShrinkObjects,step_completed,success,58.82352941176471,10,17
ExampleColocalization,2,24,1777974640.920953,3180354,worker_0,W015,ExpandOrShrinkObjects,step_started,started,58.82352941176471,10,17
ExampleColocalization,2,24,1777974640.9329815,3180355,worker_1,W016,IdentifyPrimaryObjects,pattern_group,running,100.0,1,1
ExampleColocalization,2,24,1777974640.9330416,3180355,worker_1,W016,IdentifyPrimaryObjects,step_completed,success,35.294117647058826,6,17
ExampleColocalization,2,24,1777974640.9330597,3180355,worker_1,W016,RelateObjects,step_started,started,35.294117647058826,6,17
ExampleColocalization,2,24,1777974640.951951,3180354,worker_0,W015,ExpandOrShrinkObjects,pattern_group,running,100.0,1,1
ExampleColocalization,2,24,1777974640.9520667,3180354,worker_0,W015,ExpandOrShrinkObjects,step_completed,success,64.70588235294117,11,17
ExampleColocalization,2,24,1777974640.9520879,3180354,worker_0,W015,RelateObjects,step_started,started,64.70588235294117,11,17
ExampleColocalization,2,24,1777974640.9882722,3180355,worker_1,W016,RelateObjects,pattern_group,running,100.0,1,1
ExampleColocalization,2,24,1777974640.9883416,3180355,worker_1,W016,RelateObjects,step_completed,success,41.17647058823529,7,17
ExampleColocalization,2,24,1777974640.9883661,3180355,worker_1,W016,ExpandOrShrinkObjects,step_started,started,41.17647058823529,7,17
ExampleColocalization,2,24,1777974641.0066247,3180355,worker_1,W016,ExpandOrShrinkObjects,pattern_group,running,100.0,1,1
ExampleColocalization,2,24,1777974641.0066614,3180354,worker_0,W015,RelateObjects,pattern_group,running,100.0,1,1
ExampleColocalization,2,24,1777974641.0066867,3180355,worker_1,W016,ExpandOrShrinkObjects,step_completed,success,47.05882352941176,8,17
ExampleColocalization,2,24,1777974641.006732,3180354,worker_0,W015,RelateObjects,step_completed,success,70.58823529411765,12,17
ExampleColocalization,2,24,1777974641.006705,3180355,worker_1,W016,ExpandOrShrinkObjects,step_started,started,47.05882352941176,8,17
ExampleColocalization,2,24,1777974641.00675,3180354,worker_0,W015,ClassifyObjects,step_started,started,70.58823529411765,12,17
ExampleColocalization,2,24,1777974641.0211759,3180355,worker_1,W016,ExpandOrShrinkObjects,pattern_group,running,100.0,1,1
ExampleColocalization,2,24,1777974641.0212748,3180355,worker_1,W016,ExpandOrShrinkObjects,step_completed,success,52.94117647058824,9,17
ExampleColocalization,2,24,1777974641.021295,3180355,worker_1,W016,ExpandOrShrinkObjects,step_started,started,52.94117647058824,9,17
ExampleColocalization,2,24,1777974641.0516946,3180355,worker_1,W016,ExpandOrShrinkObjects,pattern_group,running,100.0,1,1
ExampleColocalization,2,24,1777974641.051764,3180355,worker_1,W016,ExpandOrShrinkObjects,step_completed,success,58.82352941176471,10,17
ExampleColocalization,2,24,1777974641.0517821,3180355,worker_1,W016,ExpandOrShrinkObjects,step_started,started,58.82352941176471,10,17
ExampleColocalization,2,24,1777974641.0696003,3180354,worker_0,W015,ClassifyObjects,pattern_group,running,100.0,1,1
ExampleColocalization,2,24,1777974641.0696642,3180354,worker_0,W015,ClassifyObjects,step_completed,success,76.47058823529412,13,17
ExampleColocalization,2,24,1777974641.069682,3180354,worker_0,W015,FilterObjects,step_started,started,76.47058823529412,13,17
ExampleColocalization,2,24,1777974641.0763144,3180355,worker_1,W016,ExpandOrShrinkObjects,pattern_group,running,100.0,1,1
ExampleColocalization,2,24,1777974641.0763795,3180355,worker_1,W016,ExpandOrShrinkObjects,step_completed,success,64.70588235294117,11,17
ExampleColocalization,2,24,1777974641.0763974,3180355,worker_1,W016,RelateObjects,step_started,started,64.70588235294117,11,17
ExampleColocalization,2,24,1777974641.1321466,3180355,worker_1,W016,RelateObjects,pattern_group,running,100.0,1,1
ExampleColocalization,2,24,1777974641.1322474,3180355,worker_1,W016,RelateObjects,step_completed,success,70.58823529411765,12,17
ExampleColocalization,2,24,1777974641.1322658,3180355,worker_1,W016,ClassifyObjects,step_started,started,70.58823529411765,12,17
ExampleColocalization,2,24,1777974641.1422243,3180354,worker_0,W015,FilterObjects,pattern_group,running,100.0,1,1
ExampleColocalization,2,24,1777974641.14228,3180354,worker_0,W015,FilterObjects,step_completed,success,82.35294117647058,14,17
ExampleColocalization,2,24,1777974641.1422975,3180354,worker_0,W015,MaskObjects,step_started,started,82.35294117647058,14,17
ExampleColocalization,2,24,1777974641.180314,3180354,worker_0,W015,MaskObjects,pattern_group,running,100.0,1,1
ExampleColocalization,2,24,1777974641.180434,3180354,worker_0,W015,MaskObjects,step_completed,success,88.23529411764706,15,17
ExampleColocalization,2,24,1777974641.1804554,3180354,worker_0,W015,MeasureImageAreaOccupied,step_started,started,88.23529411764706,15,17
ExampleColocalization,2,24,1777974641.1884668,3180355,worker_1,W016,ClassifyObjects,pattern_group,running,100.0,1,1
ExampleColocalization,2,24,1777974641.1885586,3180355,worker_1,W016,ClassifyObjects,step_completed,success,76.47058823529412,13,17
ExampleColocalization,2,24,1777974641.1885793,3180355,worker_1,W016,FilterObjects,step_started,started,76.47058823529412,13,17
ExampleColocalization,2,24,1777974641.2091901,3180354,worker_0,W015,MeasureImageAreaOccupied,pattern_group,running,100.0,1,1
ExampleColocalization,2,24,1777974641.209251,3180354,worker_0,W015,MeasureImageAreaOccupied,step_completed,success,94.11764705882352,16,17
ExampleColocalization,2,24,1777974641.2092683,3180354,worker_0,W015,CalculateMath,step_started,started,94.11764705882352,16,17
ExampleColocalization,2,24,1777974641.2638009,3180355,worker_1,W016,FilterObjects,pattern_group,running,100.0,1,1
ExampleColocalization,2,24,1777974641.2638583,3180355,worker_1,W016,FilterObjects,step_completed,success,82.35294117647058,14,17
ExampleColocalization,2,24,1777974641.2638762,3180355,worker_1,W016,MaskObjects,step_started,started,82.35294117647058,14,17
ExampleColocalization,2,24,1777974641.265934,3180354,worker_0,W015,CalculateMath,pattern_group,running,50.0,1,2
ExampleColocalization,2,24,1777974641.3003607,3180355,worker_1,W016,MaskObjects,pattern_group,running,100.0,1,1
ExampleColocalization,2,24,1777974641.300432,3180355,worker_1,W016,MaskObjects,step_completed,success,88.23529411764706,15,17
ExampleColocalization,2,24,1777974641.3004498,3180355,worker_1,W016,MeasureImageAreaOccupied,step_started,started,88.23529411764706,15,17
ExampleColocalization,2,24,1777974641.3235037,3180354,worker_0,W015,CalculateMath,pattern_group,running,100.0,2,2
ExampleColocalization,2,24,1777974641.3235655,3180354,worker_0,W015,CalculateMath,step_completed,success,100.0,17,17
ExampleColocalization,2,24,1777974641.3277233,3180355,worker_1,W016,MeasureImageAreaOccupied,pattern_group,running,100.0,1,1
ExampleColocalization,2,24,1777974641.3237214,3180354,worker_0,W015,pipeline,axis_completed,success,100.0,17,17
ExampleColocalization,2,24,1777974641.3278086,3180355,worker_1,W016,MeasureImageAreaOccupied,step_completed,success,94.11764705882352,16,17
ExampleColocalization,2,24,1777974641.3237438,3180354,worker_0,W017,pipeline,axis_started,started,0.0,0,17
ExampleColocalization,2,24,1777974641.3237612,3180354,worker_0,W017,CorrectIlluminationCalculate,step_started,started,0.0,0,17
ExampleColocalization,2,24,1777974641.3278286,3180355,worker_1,W016,CalculateMath,step_started,started,94.11764705882352,16,17
ExampleColocalization,2,24,1777974641.386688,3180355,worker_1,W016,CalculateMath,pattern_group,running,50.0,1,2
ExampleColocalization,2,24,1777974641.441054,3180355,worker_1,W016,CalculateMath,pattern_group,running,100.0,2,2
ExampleColocalization,2,24,1777974641.4411137,3180355,worker_1,W016,CalculateMath,step_completed,success,100.0,17,17
ExampleColocalization,2,24,1777974641.4412682,3180355,worker_1,W016,pipeline,axis_completed,success,100.0,17,17
ExampleColocalization,2,24,1777974641.44129,3180355,worker_1,W018,pipeline,axis_started,started,0.0,0,17
ExampleColocalization,2,24,1777974641.441308,3180355,worker_1,W018,CorrectIlluminationCalculate,step_started,started,0.0,0,17
ExampleColocalization,2,24,1777974641.4765038,3180354,worker_0,W017,CorrectIlluminationCalculate,pattern_group,running,100.0,1,1
ExampleColocalization,2,24,1777974641.4765599,3180354,worker_0,W017,CorrectIlluminationCalculate,step_completed,success,5.88235294117647,1,17
ExampleColocalization,2,24,1777974641.4765773,3180354,worker_0,W017,CorrectIlluminationCalculate,step_started,started,5.88235294117647,1,17
ExampleColocalization,2,24,1777974641.6071417,3180355,worker_1,W018,CorrectIlluminationCalculate,pattern_group,running,100.0,1,1
ExampleColocalization,2,24,1777974641.607263,3180355,worker_1,W018,CorrectIlluminationCalculate,step_completed,success,5.88235294117647,1,17
ExampleColocalization,2,24,1777974641.607283,3180355,worker_1,W018,CorrectIlluminationCalculate,step_started,started,5.88235294117647,1,17
ExampleColocalization,2,24,1777974641.6343865,3180354,worker_0,W017,CorrectIlluminationCalculate,pattern_group,running,100.0,1,1
ExampleColocalization,2,24,1777974641.6344414,3180354,worker_0,W017,CorrectIlluminationCalculate,step_completed,success,11.76470588235294,2,17
ExampleColocalization,2,24,1777974641.6344583,3180354,worker_0,W017,Align,step_started,started,11.76470588235294,2,17
ExampleColocalization,2,24,1777974641.7661088,3180355,worker_1,W018,CorrectIlluminationCalculate,pattern_group,running,100.0,1,1
ExampleColocalization,2,24,1777974641.7661736,3180355,worker_1,W018,CorrectIlluminationCalculate,step_completed,success,11.76470588235294,2,17
ExampleColocalization,2,24,1777974641.766192,3180355,worker_1,W018,Align,step_started,started,11.76470588235294,2,17
ExampleColocalization,2,24,1777974642.0316422,3180354,worker_0,W017,Align,pattern_group,running,100.0,1,1
ExampleColocalization,2,24,1777974642.0317185,3180354,worker_0,W017,Align,step_completed,success,17.647058823529413,3,17
ExampleColocalization,2,24,1777974642.0317395,3180354,worker_0,W017,MeasureColocalization,step_started,started,17.647058823529413,3,17
ExampleColocalization,2,24,1777974642.1567097,3180355,worker_1,W018,Align,pattern_group,running,100.0,1,1
ExampleColocalization,2,24,1777974642.1567786,3180355,worker_1,W018,Align,step_completed,success,17.647058823529413,3,17
ExampleColocalization,2,24,1777974642.1567972,3180355,worker_1,W018,MeasureColocalization,step_started,started,17.647058823529413,3,17
ExampleColocalization,2,24,1777974642.2938027,3180354,worker_0,W017,MeasureColocalization,pattern_group,running,100.0,1,1
ExampleColocalization,2,24,1777974642.2938914,3180354,worker_0,W017,MeasureColocalization,step_completed,success,23.52941176470588,4,17
ExampleColocalization,2,24,1777974642.293911,3180354,worker_0,W017,IdentifyPrimaryObjects,step_started,started,23.52941176470588,4,17
ExampleColocalization,2,24,1777974642.44192,3180355,worker_1,W018,MeasureColocalization,pattern_group,running,100.0,1,1
ExampleColocalization,2,24,1777974642.4419823,3180355,worker_1,W018,MeasureColocalization,step_completed,success,23.52941176470588,4,17
ExampleColocalization,2,24,1777974642.4419997,3180355,worker_1,W018,IdentifyPrimaryObjects,step_started,started,23.52941176470588,4,17
ExampleColocalization,2,24,1777974642.8148522,3180354,worker_0,W017,IdentifyPrimaryObjects,pattern_group,running,100.0,1,1
ExampleColocalization,2,24,1777974642.8149168,3180354,worker_0,W017,IdentifyPrimaryObjects,step_completed,success,29.411764705882355,5,17
ExampleColocalization,2,24,1777974642.8149343,3180354,worker_0,W017,IdentifyPrimaryObjects,step_started,started,29.411764705882355,5,17
ExampleColocalization,2,24,1777974642.9508674,3180355,worker_1,W018,IdentifyPrimaryObjects,pattern_group,running,100.0,1,1
ExampleColocalization,2,24,1777974642.9509392,3180355,worker_1,W018,IdentifyPrimaryObjects,step_completed,success,29.411764705882355,5,17
ExampleColocalization,2,24,1777974642.950959,3180355,worker_1,W018,IdentifyPrimaryObjects,step_started,started,29.411764705882355,5,17
ExampleColocalization,2,24,1777974643.3489032,3180354,worker_0,W017,IdentifyPrimaryObjects,pattern_group,running,100.0,1,1
ExampleColocalization,2,24,1777974643.3490167,3180354,worker_0,W017,IdentifyPrimaryObjects,step_completed,success,35.294117647058826,6,17
ExampleColocalization,2,24,1777974643.34904,3180354,worker_0,W017,RelateObjects,step_started,started,35.294117647058826,6,17
ExampleColocalization,2,24,1777974643.4047678,3180354,worker_0,W017,RelateObjects,pattern_group,running,100.0,1,1
ExampleColocalization,2,24,1777974643.4048402,3180354,worker_0,W017,RelateObjects,step_completed,success,41.17647058823529,7,17
ExampleColocalization,2,24,1777974643.4048588,3180354,worker_0,W017,ExpandOrShrinkObjects,step_started,started,41.17647058823529,7,17
ExampleColocalization,2,24,1777974643.4196658,3180354,worker_0,W017,ExpandOrShrinkObjects,pattern_group,running,100.0,1,1
ExampleColocalization,2,24,1777974643.4197266,3180354,worker_0,W017,ExpandOrShrinkObjects,step_completed,success,47.05882352941176,8,17
ExampleColocalization,2,24,1777974643.4197447,3180354,worker_0,W017,ExpandOrShrinkObjects,step_started,started,47.05882352941176,8,17
ExampleColocalization,2,24,1777974643.4380283,3180354,worker_0,W017,ExpandOrShrinkObjects,pattern_group,running,100.0,1,1
ExampleColocalization,2,24,1777974643.4381027,3180354,worker_0,W017,ExpandOrShrinkObjects,step_completed,success,52.94117647058824,9,17
ExampleColocalization,2,24,1777974643.4381204,3180354,worker_0,W017,ExpandOrShrinkObjects,step_started,started,52.94117647058824,9,17
ExampleColocalization,2,24,1777974643.4672031,3180354,worker_0,W017,ExpandOrShrinkObjects,pattern_group,running,100.0,1,1
ExampleColocalization,2,24,1777974643.467267,3180354,worker_0,W017,ExpandOrShrinkObjects,step_completed,success,58.82352941176471,10,17
ExampleColocalization,2,24,1777974643.4672852,3180354,worker_0,W017,ExpandOrShrinkObjects,step_started,started,58.82352941176471,10,17
ExampleColocalization,2,24,1777974643.4971502,3180354,worker_0,W017,ExpandOrShrinkObjects,pattern_group,running,100.0,1,1
ExampleColocalization,2,24,1777974643.4972172,3180354,worker_0,W017,ExpandOrShrinkObjects,step_completed,success,64.70588235294117,11,17
ExampleColocalization,2,24,1777974643.497236,3180354,worker_0,W017,RelateObjects,step_started,started,64.70588235294117,11,17
ExampleColocalization,2,24,1777974643.5188816,3180355,worker_1,W018,IdentifyPrimaryObjects,pattern_group,running,100.0,1,1
ExampleColocalization,2,24,1777974643.518942,3180355,worker_1,W018,IdentifyPrimaryObjects,step_completed,success,35.294117647058826,6,17
ExampleColocalization,2,24,1777974643.5189598,3180355,worker_1,W018,RelateObjects,step_started,started,35.294117647058826,6,17
ExampleColocalization,2,24,1777974643.5562713,3180354,worker_0,W017,RelateObjects,pattern_group,running,100.0,1,1
ExampleColocalization,2,24,1777974643.55634,3180354,worker_0,W017,RelateObjects,step_completed,success,70.58823529411765,12,17
ExampleColocalization,2,24,1777974643.5563657,3180354,worker_0,W017,ClassifyObjects,step_started,started,70.58823529411765,12,17
ExampleColocalization,2,24,1777974643.5716164,3180355,worker_1,W018,RelateObjects,pattern_group,running,100.0,1,1
ExampleColocalization,2,24,1777974643.5716727,3180355,worker_1,W018,RelateObjects,step_completed,success,41.17647058823529,7,17
ExampleColocalization,2,24,1777974643.5716913,3180355,worker_1,W018,ExpandOrShrinkObjects,step_started,started,41.17647058823529,7,17
ExampleColocalization,2,24,1777974643.58853,3180355,worker_1,W018,ExpandOrShrinkObjects,pattern_group,running,100.0,1,1
ExampleColocalization,2,24,1777974643.5886316,3180355,worker_1,W018,ExpandOrShrinkObjects,step_completed,success,47.05882352941176,8,17
ExampleColocalization,2,24,1777974643.5886533,3180355,worker_1,W018,ExpandOrShrinkObjects,step_started,started,47.05882352941176,8,17
ExampleColocalization,2,24,1777974643.6070282,3180355,worker_1,W018,ExpandOrShrinkObjects,pattern_group,running,100.0,1,1
ExampleColocalization,2,24,1777974643.6070955,3180355,worker_1,W018,ExpandOrShrinkObjects,step_completed,success,52.94117647058824,9,17
ExampleColocalization,2,24,1777974643.6071143,3180355,worker_1,W018,ExpandOrShrinkObjects,step_started,started,52.94117647058824,9,17
ExampleColocalization,2,24,1777974643.6156917,3180354,worker_0,W017,ClassifyObjects,pattern_group,running,100.0,1,1
ExampleColocalization,2,24,1777974643.6157486,3180354,worker_0,W017,ClassifyObjects,step_completed,success,76.47058823529412,13,17
ExampleColocalization,2,24,1777974643.6157665,3180354,worker_0,W017,FilterObjects,step_started,started,76.47058823529412,13,17
ExampleColocalization,2,24,1777974643.6323302,3180355,worker_1,W018,ExpandOrShrinkObjects,pattern_group,running,100.0,1,1
ExampleColocalization,2,24,1777974643.632403,3180355,worker_1,W018,ExpandOrShrinkObjects,step_completed,success,58.82352941176471,10,17
ExampleColocalization,2,24,1777974643.6324203,3180355,worker_1,W018,ExpandOrShrinkObjects,step_started,started,58.82352941176471,10,17
ExampleColocalization,2,24,1777974643.6613367,3180355,worker_1,W018,ExpandOrShrinkObjects,pattern_group,running,100.0,1,1
ExampleColocalization,2,24,1777974643.661408,3180355,worker_1,W018,ExpandOrShrinkObjects,step_completed,success,64.70588235294117,11,17
ExampleColocalization,2,24,1777974643.6614254,3180355,worker_1,W018,RelateObjects,step_started,started,64.70588235294117,11,17
ExampleColocalization,2,24,1777974643.6957362,3180354,worker_0,W017,FilterObjects,pattern_group,running,100.0,1,1
ExampleColocalization,2,24,1777974643.695831,3180354,worker_0,W017,FilterObjects,step_completed,success,82.35294117647058,14,17
ExampleColocalization,2,24,1777974643.6958518,3180354,worker_0,W017,MaskObjects,step_started,started,82.35294117647058,14,17
ExampleColocalization,2,24,1777974643.7165453,3180355,worker_1,W018,RelateObjects,pattern_group,running,100.0,1,1
ExampleColocalization,2,24,1777974643.7166145,3180355,worker_1,W018,RelateObjects,step_completed,success,70.58823529411765,12,17
ExampleColocalization,2,24,1777974643.7166333,3180355,worker_1,W018,ClassifyObjects,step_started,started,70.58823529411765,12,17
ExampleColocalization,2,24,1777974643.734927,3180354,worker_0,W017,MaskObjects,pattern_group,running,100.0,1,1
ExampleColocalization,2,24,1777974643.734993,3180354,worker_0,W017,MaskObjects,step_completed,success,88.23529411764706,15,17
ExampleColocalization,2,24,1777974643.7350113,3180354,worker_0,W017,MeasureImageAreaOccupied,step_started,started,88.23529411764706,15,17
ExampleColocalization,2,24,1777974643.7638083,3180354,worker_0,W017,MeasureImageAreaOccupied,pattern_group,running,100.0,1,1
ExampleColocalization,2,24,1777974643.763866,3180354,worker_0,W017,MeasureImageAreaOccupied,step_completed,success,94.11764705882352,16,17
ExampleColocalization,2,24,1777974643.7638836,3180354,worker_0,W017,CalculateMath,step_started,started,94.11764705882352,16,17
ExampleColocalization,2,24,1777974643.7726665,3180355,worker_1,W018,ClassifyObjects,pattern_group,running,100.0,1,1
ExampleColocalization,2,24,1777974643.7727208,3180355,worker_1,W018,ClassifyObjects,step_completed,success,76.47058823529412,13,17
ExampleColocalization,2,24,1777974643.772738,3180355,worker_1,W018,FilterObjects,step_started,started,76.47058823529412,13,17
ExampleColocalization,2,24,1777974643.8201077,3180354,worker_0,W017,CalculateMath,pattern_group,running,50.0,1,2
ExampleColocalization,2,24,1777974643.846243,3180355,worker_1,W018,FilterObjects,pattern_group,running,100.0,1,1
ExampleColocalization,2,24,1777974643.846345,3180355,worker_1,W018,FilterObjects,step_completed,success,82.35294117647058,14,17
ExampleColocalization,2,24,1777974643.8463724,3180355,worker_1,W018,MaskObjects,step_started,started,82.35294117647058,14,17
ExampleColocalization,2,24,1777974643.8749897,3180354,worker_0,W017,CalculateMath,pattern_group,running,100.0,2,2
ExampleColocalization,2,24,1777974643.8750663,3180354,worker_0,W017,CalculateMath,step_completed,success,100.0,17,17
ExampleColocalization,2,24,1777974643.8752546,3180354,worker_0,W017,pipeline,axis_completed,success,100.0,17,17
ExampleColocalization,2,24,1777974643.875279,3180354,worker_0,W019,pipeline,axis_started,started,0.0,0,17
ExampleColocalization,2,24,1777974643.875301,3180354,worker_0,W019,CorrectIlluminationCalculate,step_started,started,0.0,0,17
ExampleColocalization,2,24,1777974643.8814452,3180355,worker_1,W018,MaskObjects,pattern_group,running,100.0,1,1
ExampleColocalization,2,24,1777974643.881516,3180355,worker_1,W018,MaskObjects,step_completed,success,88.23529411764706,15,17
ExampleColocalization,2,24,1777974643.8815348,3180355,worker_1,W018,MeasureImageAreaOccupied,step_started,started,88.23529411764706,15,17
ExampleColocalization,2,24,1777974643.9092734,3180355,worker_1,W018,MeasureImageAreaOccupied,pattern_group,running,100.0,1,1
ExampleColocalization,2,24,1777974643.909331,3180355,worker_1,W018,MeasureImageAreaOccupied,step_completed,success,94.11764705882352,16,17
ExampleColocalization,2,24,1777974643.9093583,3180355,worker_1,W018,CalculateMath,step_started,started,94.11764705882352,16,17
ExampleColocalization,2,24,1777974643.9632773,3180355,worker_1,W018,CalculateMath,pattern_group,running,50.0,1,2
ExampleColocalization,2,24,1777974644.0205653,3180355,worker_1,W018,CalculateMath,pattern_group,running,100.0,2,2
ExampleColocalization,2,24,1777974644.0206823,3180355,worker_1,W018,CalculateMath,step_completed,success,100.0,17,17
ExampleColocalization,2,24,1777974644.020905,3180355,worker_1,W018,pipeline,axis_completed,success,100.0,17,17
ExampleColocalization,2,24,1777974644.0209315,3180355,worker_1,W020,pipeline,axis_started,started,0.0,0,17
ExampleColocalization,2,24,1777974644.020953,3180355,worker_1,W020,CorrectIlluminationCalculate,step_started,started,0.0,0,17
ExampleColocalization,2,24,1777974644.037539,3180354,worker_0,W019,CorrectIlluminationCalculate,pattern_group,running,100.0,1,1
ExampleColocalization,2,24,1777974644.0376003,3180354,worker_0,W019,CorrectIlluminationCalculate,step_completed,success,5.88235294117647,1,17
ExampleColocalization,2,24,1777974644.0376177,3180354,worker_0,W019,CorrectIlluminationCalculate,step_started,started,5.88235294117647,1,17
ExampleColocalization,2,24,1777974644.1975646,3180354,worker_0,W019,CorrectIlluminationCalculate,pattern_group,running,100.0,1,1
ExampleColocalization,2,24,1777974644.1976724,3180354,worker_0,W019,CorrectIlluminationCalculate,step_completed,success,11.76470588235294,2,17
ExampleColocalization,2,24,1777974644.1976943,3180354,worker_0,W019,Align,step_started,started,11.76470588235294,2,17
ExampleColocalization,2,24,1777974644.2004318,3180355,worker_1,W020,CorrectIlluminationCalculate,pattern_group,running,100.0,1,1
ExampleColocalization,2,24,1777974644.200496,3180355,worker_1,W020,CorrectIlluminationCalculate,step_completed,success,5.88235294117647,1,17
ExampleColocalization,2,24,1777974644.2005136,3180355,worker_1,W020,CorrectIlluminationCalculate,step_started,started,5.88235294117647,1,17
ExampleColocalization,2,24,1777974644.370229,3180355,worker_1,W020,CorrectIlluminationCalculate,pattern_group,running,100.0,1,1
ExampleColocalization,2,24,1777974644.3703077,3180355,worker_1,W020,CorrectIlluminationCalculate,step_completed,success,11.76470588235294,2,17
ExampleColocalization,2,24,1777974644.3703268,3180355,worker_1,W020,Align,step_started,started,11.76470588235294,2,17
ExampleColocalization,2,24,1777974644.5758681,3180354,worker_0,W019,Align,pattern_group,running,100.0,1,1
ExampleColocalization,2,24,1777974644.5759711,3180354,worker_0,W019,Align,step_completed,success,17.647058823529413,3,17
ExampleColocalization,2,24,1777974644.5759952,3180354,worker_0,W019,MeasureColocalization,step_started,started,17.647058823529413,3,17
ExampleColocalization,2,24,1777974644.7619174,3180355,worker_1,W020,Align,pattern_group,running,100.0,1,1
ExampleColocalization,2,24,1777974644.7619998,3180355,worker_1,W020,Align,step_completed,success,17.647058823529413,3,17
ExampleColocalization,2,24,1777974644.76202,3180355,worker_1,W020,MeasureColocalization,step_started,started,17.647058823529413,3,17
ExampleColocalization,2,24,1777974644.8406816,3180354,worker_0,W019,MeasureColocalization,pattern_group,running,100.0,1,1
ExampleColocalization,2,24,1777974644.8407896,3180354,worker_0,W019,MeasureColocalization,step_completed,success,23.52941176470588,4,17
ExampleColocalization,2,24,1777974644.8408117,3180354,worker_0,W019,IdentifyPrimaryObjects,step_started,started,23.52941176470588,4,17
ExampleColocalization,2,24,1777974645.0298002,3180355,worker_1,W020,MeasureColocalization,pattern_group,running,100.0,1,1
ExampleColocalization,2,24,1777974645.02994,3180355,worker_1,W020,MeasureColocalization,step_completed,success,23.52941176470588,4,17
ExampleColocalization,2,24,1777974645.0299625,3180355,worker_1,W020,IdentifyPrimaryObjects,step_started,started,23.52941176470588,4,17
ExampleColocalization,2,24,1777974645.3529239,3180354,worker_0,W019,IdentifyPrimaryObjects,pattern_group,running,100.0,1,1
ExampleColocalization,2,24,1777974645.3530521,3180354,worker_0,W019,IdentifyPrimaryObjects,step_completed,success,29.411764705882355,5,17
ExampleColocalization,2,24,1777974645.353079,3180354,worker_0,W019,IdentifyPrimaryObjects,step_started,started,29.411764705882355,5,17
ExampleColocalization,2,24,1777974645.5559263,3180355,worker_1,W020,IdentifyPrimaryObjects,pattern_group,running,100.0,1,1
ExampleColocalization,2,24,1777974645.5559819,3180355,worker_1,W020,IdentifyPrimaryObjects,step_completed,success,29.411764705882355,5,17
ExampleColocalization,2,24,1777974645.5559998,3180355,worker_1,W020,IdentifyPrimaryObjects,step_started,started,29.411764705882355,5,17
ExampleColocalization,2,24,1777974645.894822,3180354,worker_0,W019,IdentifyPrimaryObjects,pattern_group,running,100.0,1,1
ExampleColocalization,2,24,1777974645.8949156,3180354,worker_0,W019,IdentifyPrimaryObjects,step_completed,success,35.294117647058826,6,17
ExampleColocalization,2,24,1777974645.8949356,3180354,worker_0,W019,RelateObjects,step_started,started,35.294117647058826,6,17
ExampleColocalization,2,24,1777974645.9538262,3180354,worker_0,W019,RelateObjects,pattern_group,running,100.0,1,1
ExampleColocalization,2,24,1777974645.953888,3180354,worker_0,W019,RelateObjects,step_completed,success,41.17647058823529,7,17
ExampleColocalization,2,24,1777974645.953906,3180354,worker_0,W019,ExpandOrShrinkObjects,step_started,started,41.17647058823529,7,17
ExampleColocalization,2,24,1777974645.969234,3180354,worker_0,W019,ExpandOrShrinkObjects,pattern_group,running,100.0,1,1
ExampleColocalization,2,24,1777974645.9693053,3180354,worker_0,W019,ExpandOrShrinkObjects,step_completed,success,47.05882352941176,8,17
ExampleColocalization,2,24,1777974645.969324,3180354,worker_0,W019,ExpandOrShrinkObjects,step_started,started,47.05882352941176,8,17
ExampleColocalization,2,24,1777974645.9906332,3180354,worker_0,W019,ExpandOrShrinkObjects,pattern_group,running,100.0,1,1
ExampleColocalization,2,24,1777974645.9907196,3180354,worker_0,W019,ExpandOrShrinkObjects,step_completed,success,52.94117647058824,9,17
ExampleColocalization,2,24,1777974645.9907455,3180354,worker_0,W019,ExpandOrShrinkObjects,step_started,started,52.94117647058824,9,17
ExampleColocalization,2,24,1777974646.022662,3180354,worker_0,W019,ExpandOrShrinkObjects,pattern_group,running,100.0,1,1
ExampleColocalization,2,24,1777974646.0227184,3180354,worker_0,W019,ExpandOrShrinkObjects,step_completed,success,58.82352941176471,10,17
ExampleColocalization,2,24,1777974646.0227356,3180354,worker_0,W019,ExpandOrShrinkObjects,step_started,started,58.82352941176471,10,17
ExampleColocalization,2,24,1777974646.056786,3180354,worker_0,W019,ExpandOrShrinkObjects,pattern_group,running,100.0,1,1
ExampleColocalization,2,24,1777974646.056885,3180354,worker_0,W019,ExpandOrShrinkObjects,step_completed,success,64.70588235294117,11,17
ExampleColocalization,2,24,1777974646.0569036,3180354,worker_0,W019,RelateObjects,step_started,started,64.70588235294117,11,17
ExampleColocalization,2,24,1777974646.114797,3180354,worker_0,W019,RelateObjects,pattern_group,running,100.0,1,1
ExampleColocalization,2,24,1777974646.11485,3180354,worker_0,W019,RelateObjects,step_completed,success,70.58823529411765,12,17
ExampleColocalization,2,24,1777974646.1148682,3180354,worker_0,W019,ClassifyObjects,step_started,started,70.58823529411765,12,17
ExampleColocalization,2,24,1777974646.1289475,3180355,worker_1,W020,IdentifyPrimaryObjects,pattern_group,running,100.0,1,1
ExampleColocalization,2,24,1777974646.1290119,3180355,worker_1,W020,IdentifyPrimaryObjects,step_completed,success,35.294117647058826,6,17
ExampleColocalization,2,24,1777974646.1290312,3180355,worker_1,W020,RelateObjects,step_started,started,35.294117647058826,6,17
ExampleColocalization,2,24,1777974646.1803029,3180354,worker_0,W019,ClassifyObjects,pattern_group,running,100.0,1,1
ExampleColocalization,2,24,1777974646.1804328,3180354,worker_0,W019,ClassifyObjects,step_completed,success,76.47058823529412,13,17
ExampleColocalization,2,24,1777974646.1804633,3180354,worker_0,W019,FilterObjects,step_started,started,76.47058823529412,13,17
ExampleColocalization,2,24,1777974646.1957943,3180355,worker_1,W020,RelateObjects,pattern_group,running,100.0,1,1
ExampleColocalization,2,24,1777974646.1958752,3180355,worker_1,W020,RelateObjects,step_completed,success,41.17647058823529,7,17
ExampleColocalization,2,24,1777974646.1958995,3180355,worker_1,W020,ExpandOrShrinkObjects,step_started,started,41.17647058823529,7,17
ExampleColocalization,2,24,1777974646.2175186,3180355,worker_1,W020,ExpandOrShrinkObjects,pattern_group,running,100.0,1,1
ExampleColocalization,2,24,1777974646.2176044,3180355,worker_1,W020,ExpandOrShrinkObjects,step_completed,success,47.05882352941176,8,17
ExampleColocalization,2,24,1777974646.2176287,3180355,worker_1,W020,ExpandOrShrinkObjects,step_started,started,47.05882352941176,8,17
ExampleColocalization,2,24,1777974646.2376924,3180355,worker_1,W020,ExpandOrShrinkObjects,pattern_group,running,100.0,1,1
ExampleColocalization,2,24,1777974646.2378206,3180355,worker_1,W020,ExpandOrShrinkObjects,step_completed,success,52.94117647058824,9,17
ExampleColocalization,2,24,1777974646.237848,3180355,worker_1,W020,ExpandOrShrinkObjects,step_started,started,52.94117647058824,9,17
ExampleColocalization,2,24,1777974646.2706318,3180355,worker_1,W020,ExpandOrShrinkObjects,pattern_group,running,100.0,1,1
ExampleColocalization,2,24,1777974646.2707067,3180355,worker_1,W020,ExpandOrShrinkObjects,step_completed,success,58.82352941176471,10,17
ExampleColocalization,2,24,1777974646.2707262,3180355,worker_1,W020,ExpandOrShrinkObjects,step_started,started,58.82352941176471,10,17
ExampleColocalization,2,24,1777974646.280071,3180354,worker_0,W019,FilterObjects,pattern_group,running,100.0,1,1
ExampleColocalization,2,24,1777974646.280183,3180354,worker_0,W019,FilterObjects,step_completed,success,82.35294117647058,14,17
ExampleColocalization,2,24,1777974646.2802055,3180354,worker_0,W019,MaskObjects,step_started,started,82.35294117647058,14,17
ExampleColocalization,2,24,1777974646.3190596,3180355,worker_1,W020,ExpandOrShrinkObjects,pattern_group,running,100.0,1,1
ExampleColocalization,2,24,1777974646.3192036,3180355,worker_1,W020,ExpandOrShrinkObjects,step_completed,success,64.70588235294117,11,17
ExampleColocalization,2,24,1777974646.319229,3180355,worker_1,W020,RelateObjects,step_started,started,64.70588235294117,11,17
ExampleColocalization,2,24,1777974646.3401902,3180354,worker_0,W019,MaskObjects,pattern_group,running,100.0,1,1
ExampleColocalization,2,24,1777974646.3402655,3180354,worker_0,W019,MaskObjects,step_completed,success,88.23529411764706,15,17
ExampleColocalization,2,24,1777974646.3402846,3180354,worker_0,W019,MeasureImageAreaOccupied,step_started,started,88.23529411764706,15,17
ExampleColocalization,2,24,1777974646.3712866,3180354,worker_0,W019,MeasureImageAreaOccupied,pattern_group,running,100.0,1,1
ExampleColocalization,2,24,1777974646.3713856,3180354,worker_0,W019,MeasureImageAreaOccupied,step_completed,success,94.11764705882352,16,17
ExampleColocalization,2,24,1777974646.371406,3180354,worker_0,W019,CalculateMath,step_started,started,94.11764705882352,16,17
ExampleColocalization,2,24,1777974646.3896656,3180355,worker_1,W020,RelateObjects,pattern_group,running,100.0,1,1
ExampleColocalization,2,24,1777974646.3897288,3180355,worker_1,W020,RelateObjects,step_completed,success,70.58823529411765,12,17
ExampleColocalization,2,24,1777974646.3897464,3180355,worker_1,W020,ClassifyObjects,step_started,started,70.58823529411765,12,17
ExampleColocalization,2,24,1777974646.4277356,3180354,worker_0,W019,CalculateMath,pattern_group,running,50.0,1,2
ExampleColocalization,2,24,1777974646.449508,3180355,worker_1,W020,ClassifyObjects,pattern_group,running,100.0,1,1
ExampleColocalization,2,24,1777974646.4495704,3180355,worker_1,W020,ClassifyObjects,step_completed,success,76.47058823529412,13,17
ExampleColocalization,2,24,1777974646.449588,3180355,worker_1,W020,FilterObjects,step_started,started,76.47058823529412,13,17
ExampleColocalization,2,24,1777974646.4827,3180354,worker_0,W019,CalculateMath,pattern_group,running,100.0,2,2
ExampleColocalization,2,24,1777974646.4827857,3180354,worker_0,W019,CalculateMath,step_completed,success,100.0,17,17
ExampleColocalization,2,24,1777974646.4829907,3180354,worker_0,W019,pipeline,axis_completed,success,100.0,17,17
ExampleColocalization,2,24,1777974646.483019,3180354,worker_0,W021,pipeline,axis_started,started,0.0,0,17
ExampleColocalization,2,24,1777974646.4830406,3180354,worker_0,W021,CorrectIlluminationCalculate,step_started,started,0.0,0,17
ExampleColocalization,2,24,1777974646.5225723,3180355,worker_1,W020,FilterObjects,pattern_group,running,100.0,1,1
ExampleColocalization,2,24,1777974646.522674,3180355,worker_1,W020,FilterObjects,step_completed,success,82.35294117647058,14,17
ExampleColocalization,2,24,1777974646.5226934,3180355,worker_1,W020,MaskObjects,step_started,started,82.35294117647058,14,17
ExampleColocalization,2,24,1777974646.5593626,3180355,worker_1,W020,MaskObjects,pattern_group,running,100.0,1,1
ExampleColocalization,2,24,1777974646.5594206,3180355,worker_1,W020,MaskObjects,step_completed,success,88.23529411764706,15,17
ExampleColocalization,2,24,1777974646.559438,3180355,worker_1,W020,MeasureImageAreaOccupied,step_started,started,88.23529411764706,15,17
ExampleColocalization,2,24,1777974646.583535,3180355,worker_1,W020,MeasureImageAreaOccupied,pattern_group,running,100.0,1,1
ExampleColocalization,2,24,1777974646.5836592,3180355,worker_1,W020,MeasureImageAreaOccupied,step_completed,success,94.11764705882352,16,17
ExampleColocalization,2,24,1777974646.5836825,3180355,worker_1,W020,CalculateMath,step_started,started,94.11764705882352,16,17
ExampleColocalization,2,24,1777974646.6392648,3180354,worker_0,W021,CorrectIlluminationCalculate,pattern_group,running,100.0,1,1
ExampleColocalization,2,24,1777974646.6393273,3180354,worker_0,W021,CorrectIlluminationCalculate,step_completed,success,5.88235294117647,1,17
ExampleColocalization,2,24,1777974646.639345,3180354,worker_0,W021,CorrectIlluminationCalculate,step_started,started,5.88235294117647,1,17
ExampleColocalization,2,24,1777974646.645816,3180355,worker_1,W020,CalculateMath,pattern_group,running,50.0,1,2
ExampleColocalization,2,24,1777974646.7010753,3180355,worker_1,W020,CalculateMath,pattern_group,running,100.0,2,2
ExampleColocalization,2,24,1777974646.7011282,3180355,worker_1,W020,CalculateMath,step_completed,success,100.0,17,17
ExampleColocalization,2,24,1777974646.7012708,3180355,worker_1,W020,pipeline,axis_completed,success,100.0,17,17
ExampleColocalization,2,24,1777974646.701292,3180355,worker_1,W022,pipeline,axis_started,started,0.0,0,17
ExampleColocalization,2,24,1777974646.7013087,3180355,worker_1,W022,CorrectIlluminationCalculate,step_started,started,0.0,0,17
ExampleColocalization,2,24,1777974646.783728,3180354,worker_0,W021,CorrectIlluminationCalculate,pattern_group,running,100.0,1,1
ExampleColocalization,2,24,1777974646.7838347,3180354,worker_0,W021,CorrectIlluminationCalculate,step_completed,success,11.76470588235294,2,17
ExampleColocalization,2,24,1777974646.7838552,3180354,worker_0,W021,Align,step_started,started,11.76470588235294,2,17
ExampleColocalization,2,24,1777974646.8673334,3180355,worker_1,W022,CorrectIlluminationCalculate,pattern_group,running,100.0,1,1
ExampleColocalization,2,24,1777974646.8674076,3180355,worker_1,W022,CorrectIlluminationCalculate,step_completed,success,5.88235294117647,1,17
ExampleColocalization,2,24,1777974646.8674254,3180355,worker_1,W022,CorrectIlluminationCalculate,step_started,started,5.88235294117647,1,17
ExampleColocalization,2,24,1777974647.0271263,3180355,worker_1,W022,CorrectIlluminationCalculate,pattern_group,running,100.0,1,1
ExampleColocalization,2,24,1777974647.0271864,3180355,worker_1,W022,CorrectIlluminationCalculate,step_completed,success,11.76470588235294,2,17
ExampleColocalization,2,24,1777974647.0272033,3180355,worker_1,W022,Align,step_started,started,11.76470588235294,2,17
ExampleColocalization,2,24,1777974647.1719842,3180354,worker_0,W021,Align,pattern_group,running,100.0,1,1
ExampleColocalization,2,24,1777974647.1720457,3180354,worker_0,W021,Align,step_completed,success,17.647058823529413,3,17
ExampleColocalization,2,24,1777974647.172064,3180354,worker_0,W021,MeasureColocalization,step_started,started,17.647058823529413,3,17
ExampleColocalization,2,24,1777974647.42629,3180354,worker_0,W021,MeasureColocalization,pattern_group,running,100.0,1,1
ExampleColocalization,2,24,1777974647.4264112,3180354,worker_0,W021,MeasureColocalization,step_completed,success,23.52941176470588,4,17
ExampleColocalization,2,24,1777974647.4264336,3180354,worker_0,W021,IdentifyPrimaryObjects,step_started,started,23.52941176470588,4,17
ExampleColocalization,2,24,1777974647.4368796,3180355,worker_1,W022,Align,pattern_group,running,100.0,1,1
ExampleColocalization,2,24,1777974647.4369628,3180355,worker_1,W022,Align,step_completed,success,17.647058823529413,3,17
ExampleColocalization,2,24,1777974647.4369833,3180355,worker_1,W022,MeasureColocalization,step_started,started,17.647058823529413,3,17
ExampleColocalization,2,24,1777974647.689699,3180355,worker_1,W022,MeasureColocalization,pattern_group,running,100.0,1,1
ExampleColocalization,2,24,1777974647.6897619,3180355,worker_1,W022,MeasureColocalization,step_completed,success,23.52941176470588,4,17
ExampleColocalization,2,24,1777974647.6897793,3180355,worker_1,W022,IdentifyPrimaryObjects,step_started,started,23.52941176470588,4,17
ExampleColocalization,2,24,1777974647.9524767,3180354,worker_0,W021,IdentifyPrimaryObjects,pattern_group,running,100.0,1,1
ExampleColocalization,2,24,1777974647.9525595,3180354,worker_0,W021,IdentifyPrimaryObjects,step_completed,success,29.411764705882355,5,17
ExampleColocalization,2,24,1777974647.9525785,3180354,worker_0,W021,IdentifyPrimaryObjects,step_started,started,29.411764705882355,5,17
ExampleColocalization,2,24,1777974648.2030034,3180355,worker_1,W022,IdentifyPrimaryObjects,pattern_group,running,100.0,1,1
ExampleColocalization,2,24,1777974648.203068,3180355,worker_1,W022,IdentifyPrimaryObjects,step_completed,success,29.411764705882355,5,17
ExampleColocalization,2,24,1777974648.2030866,3180355,worker_1,W022,IdentifyPrimaryObjects,step_started,started,29.411764705882355,5,17
ExampleColocalization,2,24,1777974648.5000505,3180354,worker_0,W021,IdentifyPrimaryObjects,pattern_group,running,100.0,1,1
ExampleColocalization,2,24,1777974648.5001175,3180354,worker_0,W021,IdentifyPrimaryObjects,step_completed,success,35.294117647058826,6,17
ExampleColocalization,2,24,1777974648.5001361,3180354,worker_0,W021,RelateObjects,step_started,started,35.294117647058826,6,17
ExampleColocalization,2,24,1777974648.5543776,3180354,worker_0,W021,RelateObjects,pattern_group,running,100.0,1,1
ExampleColocalization,2,24,1777974648.5544615,3180354,worker_0,W021,RelateObjects,step_completed,success,41.17647058823529,7,17
ExampleColocalization,2,24,1777974648.5544813,3180354,worker_0,W021,ExpandOrShrinkObjects,step_started,started,41.17647058823529,7,17
ExampleColocalization,2,24,1777974648.5729957,3180354,worker_0,W021,ExpandOrShrinkObjects,pattern_group,running,100.0,1,1
ExampleColocalization,2,24,1777974648.57308,3180354,worker_0,W021,ExpandOrShrinkObjects,step_completed,success,47.05882352941176,8,17
ExampleColocalization,2,24,1777974648.5731,3180354,worker_0,W021,ExpandOrShrinkObjects,step_started,started,47.05882352941176,8,17
ExampleColocalization,2,24,1777974648.5907755,3180354,worker_0,W021,ExpandOrShrinkObjects,pattern_group,running,100.0,1,1
ExampleColocalization,2,24,1777974648.5908513,3180354,worker_0,W021,ExpandOrShrinkObjects,step_completed,success,52.94117647058824,9,17
ExampleColocalization,2,24,1777974648.5908709,3180354,worker_0,W021,ExpandOrShrinkObjects,step_started,started,52.94117647058824,9,17
ExampleColocalization,2,24,1777974648.6205099,3180354,worker_0,W021,ExpandOrShrinkObjects,pattern_group,running,100.0,1,1
ExampleColocalization,2,24,1777974648.6205983,3180354,worker_0,W021,ExpandOrShrinkObjects,step_completed,success,58.82352941176471,10,17
ExampleColocalization,2,24,1777974648.6206188,3180354,worker_0,W021,ExpandOrShrinkObjects,step_started,started,58.82352941176471,10,17
ExampleColocalization,2,24,1777974648.650723,3180354,worker_0,W021,ExpandOrShrinkObjects,pattern_group,running,100.0,1,1
ExampleColocalization,2,24,1777974648.6508288,3180354,worker_0,W021,ExpandOrShrinkObjects,step_completed,success,64.70588235294117,11,17
ExampleColocalization,2,24,1777974648.6508503,3180354,worker_0,W021,RelateObjects,step_started,started,64.70588235294117,11,17
ExampleColocalization,2,24,1777974648.7059486,3180354,worker_0,W021,RelateObjects,pattern_group,running,100.0,1,1
ExampleColocalization,2,24,1777974648.7060242,3180354,worker_0,W021,RelateObjects,step_completed,success,70.58823529411765,12,17
ExampleColocalization,2,24,1777974648.7060435,3180354,worker_0,W021,ClassifyObjects,step_started,started,70.58823529411765,12,17
ExampleColocalization,2,24,1777974648.7617316,3180354,worker_0,W021,ClassifyObjects,pattern_group,running,100.0,1,1
ExampleColocalization,2,24,1777974648.7618108,3180354,worker_0,W021,ClassifyObjects,step_completed,success,76.47058823529412,13,17
ExampleColocalization,2,24,1777974648.7618303,3180354,worker_0,W021,FilterObjects,step_started,started,76.47058823529412,13,17
ExampleColocalization,2,24,1777974648.7666202,3180355,worker_1,W022,IdentifyPrimaryObjects,pattern_group,running,100.0,1,1
ExampleColocalization,2,24,1777974648.7666767,3180355,worker_1,W022,IdentifyPrimaryObjects,step_completed,success,35.294117647058826,6,17
ExampleColocalization,2,24,1777974648.7666945,3180355,worker_1,W022,RelateObjects,step_started,started,35.294117647058826,6,17
ExampleColocalization,2,24,1777974648.8229156,3180355,worker_1,W022,RelateObjects,pattern_group,running,100.0,1,1
ExampleColocalization,2,24,1777974648.823051,3180355,worker_1,W022,RelateObjects,step_completed,success,41.17647058823529,7,17
ExampleColocalization,2,24,1777974648.823075,3180355,worker_1,W022,ExpandOrShrinkObjects,step_started,started,41.17647058823529,7,17
ExampleColocalization,2,24,1777974648.8363922,3180354,worker_0,W021,FilterObjects,pattern_group,running,100.0,1,1
ExampleColocalization,2,24,1777974648.8364723,3180354,worker_0,W021,FilterObjects,step_completed,success,82.35294117647058,14,17
ExampleColocalization,2,24,1777974648.8364935,3180354,worker_0,W021,MaskObjects,step_started,started,82.35294117647058,14,17
ExampleColocalization,2,24,1777974648.843214,3180355,worker_1,W022,ExpandOrShrinkObjects,pattern_group,running,100.0,1,1
ExampleColocalization,2,24,1777974648.8433042,3180355,worker_1,W022,ExpandOrShrinkObjects,step_completed,success,47.05882352941176,8,17
ExampleColocalization,2,24,1777974648.8433244,3180355,worker_1,W022,ExpandOrShrinkObjects,step_started,started,47.05882352941176,8,17
ExampleColocalization,2,24,1777974648.8635874,3180355,worker_1,W022,ExpandOrShrinkObjects,pattern_group,running,100.0,1,1
ExampleColocalization,2,24,1777974648.863675,3180355,worker_1,W022,ExpandOrShrinkObjects,step_completed,success,52.94117647058824,9,17
ExampleColocalization,2,24,1777974648.8636956,3180355,worker_1,W022,ExpandOrShrinkObjects,step_started,started,52.94117647058824,9,17
ExampleColocalization,2,24,1777974648.8758235,3180354,worker_0,W021,MaskObjects,pattern_group,running,100.0,1,1
ExampleColocalization,2,24,1777974648.8759098,3180354,worker_0,W021,MaskObjects,step_completed,success,88.23529411764706,15,17
ExampleColocalization,2,24,1777974648.8759294,3180354,worker_0,W021,MeasureImageAreaOccupied,step_started,started,88.23529411764706,15,17
ExampleColocalization,2,24,1777974648.8947566,3180355,worker_1,W022,ExpandOrShrinkObjects,pattern_group,running,100.0,1,1
ExampleColocalization,2,24,1777974648.8948495,3180355,worker_1,W022,ExpandOrShrinkObjects,step_completed,success,58.82352941176471,10,17
ExampleColocalization,2,24,1777974648.8948781,3180355,worker_1,W022,ExpandOrShrinkObjects,step_started,started,58.82352941176471,10,17
ExampleColocalization,2,24,1777974648.9090252,3180354,worker_0,W021,MeasureImageAreaOccupied,pattern_group,running,100.0,1,1
ExampleColocalization,2,24,1777974648.9091234,3180354,worker_0,W021,MeasureImageAreaOccupied,step_completed,success,94.11764705882352,16,17
ExampleColocalization,2,24,1777974648.909145,3180354,worker_0,W021,CalculateMath,step_started,started,94.11764705882352,16,17
ExampleColocalization,2,24,1777974648.9266646,3180355,worker_1,W022,ExpandOrShrinkObjects,pattern_group,running,100.0,1,1
ExampleColocalization,2,24,1777974648.9267225,3180355,worker_1,W022,ExpandOrShrinkObjects,step_completed,success,64.70588235294117,11,17
ExampleColocalization,2,24,1777974648.926741,3180355,worker_1,W022,RelateObjects,step_started,started,64.70588235294117,11,17
ExampleColocalization,2,24,1777974648.9688892,3180354,worker_0,W021,CalculateMath,pattern_group,running,50.0,1,2
ExampleColocalization,2,24,1777974648.983947,3180355,worker_1,W022,RelateObjects,pattern_group,running,100.0,1,1
ExampleColocalization,2,24,1777974648.9840417,3180355,worker_1,W022,RelateObjects,step_completed,success,70.58823529411765,12,17
ExampleColocalization,2,24,1777974648.984063,3180355,worker_1,W022,ClassifyObjects,step_started,started,70.58823529411765,12,17
ExampleColocalization,2,24,1777974649.0329008,3180354,worker_0,W021,CalculateMath,pattern_group,running,100.0,2,2
ExampleColocalization,2,24,1777974649.0329778,3180354,worker_0,W021,CalculateMath,step_completed,success,100.0,17,17
ExampleColocalization,2,24,1777974649.0331533,3180354,worker_0,W021,pipeline,axis_completed,success,100.0,17,17
ExampleColocalization,2,24,1777974649.0331779,3180354,worker_0,W023,pipeline,axis_started,started,0.0,0,17
ExampleColocalization,2,24,1777974649.0331974,3180354,worker_0,W023,CorrectIlluminationCalculate,step_started,started,0.0,0,17
ExampleColocalization,2,24,1777974649.048588,3180355,worker_1,W022,ClassifyObjects,pattern_group,running,100.0,1,1
ExampleColocalization,2,24,1777974649.0486655,3180355,worker_1,W022,ClassifyObjects,step_completed,success,76.47058823529412,13,17
ExampleColocalization,2,24,1777974649.0486844,3180355,worker_1,W022,FilterObjects,step_started,started,76.47058823529412,13,17
ExampleColocalization,2,24,1777974649.1272664,3180355,worker_1,W022,FilterObjects,pattern_group,running,100.0,1,1
ExampleColocalization,2,24,1777974649.127338,3180355,worker_1,W022,FilterObjects,step_completed,success,82.35294117647058,14,17
ExampleColocalization,2,24,1777974649.127362,3180355,worker_1,W022,MaskObjects,step_started,started,82.35294117647058,14,17
ExampleColocalization,2,24,1777974649.1668766,3180355,worker_1,W022,MaskObjects,pattern_group,running,100.0,1,1
ExampleColocalization,2,24,1777974649.1669352,3180355,worker_1,W022,MaskObjects,step_completed,success,88.23529411764706,15,17
ExampleColocalization,2,24,1777974649.1669526,3180355,worker_1,W022,MeasureImageAreaOccupied,step_started,started,88.23529411764706,15,17
ExampleColocalization,2,24,1777974649.1956708,3180355,worker_1,W022,MeasureImageAreaOccupied,pattern_group,running,100.0,1,1
ExampleColocalization,2,24,1777974649.1957517,3180355,worker_1,W022,MeasureImageAreaOccupied,step_completed,success,94.11764705882352,16,17
ExampleColocalization,2,24,1777974649.1957724,3180355,worker_1,W022,CalculateMath,step_started,started,94.11764705882352,16,17
ExampleColocalization,2,24,1777974649.2081354,3180354,worker_0,W023,CorrectIlluminationCalculate,pattern_group,running,100.0,1,1
ExampleColocalization,2,24,1777974649.2082467,3180354,worker_0,W023,CorrectIlluminationCalculate,step_completed,success,5.88235294117647,1,17
ExampleColocalization,2,24,1777974649.2082667,3180354,worker_0,W023,CorrectIlluminationCalculate,step_started,started,5.88235294117647,1,17
ExampleColocalization,2,24,1777974649.2564456,3180355,worker_1,W022,CalculateMath,pattern_group,running,50.0,1,2
ExampleColocalization,2,24,1777974649.3111084,3180355,worker_1,W022,CalculateMath,pattern_group,running,100.0,2,2
ExampleColocalization,2,24,1777974649.311184,3180355,worker_1,W022,CalculateMath,step_completed,success,100.0,17,17
ExampleColocalization,2,24,1777974649.3113625,3180355,worker_1,W022,pipeline,axis_completed,success,100.0,17,17
ExampleColocalization,2,24,1777974649.3113887,3180355,worker_1,W024,pipeline,axis_started,started,0.0,0,17
ExampleColocalization,2,24,1777974649.3114083,3180355,worker_1,W024,CorrectIlluminationCalculate,step_started,started,0.0,0,17
ExampleColocalization,2,24,1777974649.3592317,3180354,worker_0,W023,CorrectIlluminationCalculate,pattern_group,running,100.0,1,1
ExampleColocalization,2,24,1777974649.3593085,3180354,worker_0,W023,CorrectIlluminationCalculate,step_completed,success,11.76470588235294,2,17
ExampleColocalization,2,24,1777974649.3593261,3180354,worker_0,W023,Align,step_started,started,11.76470588235294,2,17
ExampleColocalization,2,24,1777974649.4809356,3180355,worker_1,W024,CorrectIlluminationCalculate,pattern_group,running,100.0,1,1
ExampleColocalization,2,24,1777974649.481036,3180355,worker_1,W024,CorrectIlluminationCalculate,step_completed,success,5.88235294117647,1,17
ExampleColocalization,2,24,1777974649.4810548,3180355,worker_1,W024,CorrectIlluminationCalculate,step_started,started,5.88235294117647,1,17
ExampleColocalization,2,24,1777974649.6440315,3180355,worker_1,W024,CorrectIlluminationCalculate,pattern_group,running,100.0,1,1
ExampleColocalization,2,24,1777974649.644102,3180355,worker_1,W024,CorrectIlluminationCalculate,step_completed,success,11.76470588235294,2,17
ExampleColocalization,2,24,1777974649.64412,3180355,worker_1,W024,Align,step_started,started,11.76470588235294,2,17
ExampleColocalization,2,24,1777974649.7550447,3180354,worker_0,W023,Align,pattern_group,running,100.0,1,1
ExampleColocalization,2,24,1777974649.7551541,3180354,worker_0,W023,Align,step_completed,success,17.647058823529413,3,17
ExampleColocalization,2,24,1777974649.7551742,3180354,worker_0,W023,MeasureColocalization,step_started,started,17.647058823529413,3,17
ExampleColocalization,2,24,1777974650.0048687,3180354,worker_0,W023,MeasureColocalization,pattern_group,running,100.0,1,1
ExampleColocalization,2,24,1777974650.0049407,3180354,worker_0,W023,MeasureColocalization,step_completed,success,23.52941176470588,4,17
ExampleColocalization,2,24,1777974650.0049603,3180354,worker_0,W023,IdentifyPrimaryObjects,step_started,started,23.52941176470588,4,17
ExampleColocalization,2,24,1777974650.0570977,3180355,worker_1,W024,Align,pattern_group,running,100.0,1,1
ExampleColocalization,2,24,1777974650.057175,3180355,worker_1,W024,Align,step_completed,success,17.647058823529413,3,17
ExampleColocalization,2,24,1777974650.0571935,3180355,worker_1,W024,MeasureColocalization,step_started,started,17.647058823529413,3,17
ExampleColocalization,2,24,1777974650.3328915,3180355,worker_1,W024,MeasureColocalization,pattern_group,running,100.0,1,1
ExampleColocalization,2,24,1777974650.332987,3180355,worker_1,W024,MeasureColocalization,step_completed,success,23.52941176470588,4,17
ExampleColocalization,2,24,1777974650.3330083,3180355,worker_1,W024,IdentifyPrimaryObjects,step_started,started,23.52941176470588,4,17
ExampleColocalization,2,24,1777974650.5187201,3180354,worker_0,W023,IdentifyPrimaryObjects,pattern_group,running,100.0,1,1
ExampleColocalization,2,24,1777974650.5187774,3180354,worker_0,W023,IdentifyPrimaryObjects,step_completed,success,29.411764705882355,5,17
ExampleColocalization,2,24,1777974650.5187948,3180354,worker_0,W023,IdentifyPrimaryObjects,step_started,started,29.411764705882355,5,17
ExampleColocalization,2,24,1777974650.8425536,3180355,worker_1,W024,IdentifyPrimaryObjects,pattern_group,running,100.0,1,1
ExampleColocalization,2,24,1777974650.842624,3180355,worker_1,W024,IdentifyPrimaryObjects,step_completed,success,29.411764705882355,5,17
ExampleColocalization,2,24,1777974650.8426416,3180355,worker_1,W024,IdentifyPrimaryObjects,step_started,started,29.411764705882355,5,17
ExampleColocalization,2,24,1777974651.0624487,3180354,worker_0,W023,IdentifyPrimaryObjects,pattern_group,running,100.0,1,1
ExampleColocalization,2,24,1777974651.0625217,3180354,worker_0,W023,IdentifyPrimaryObjects,step_completed,success,35.294117647058826,6,17
ExampleColocalization,2,24,1777974651.06254,3180354,worker_0,W023,RelateObjects,step_started,started,35.294117647058826,6,17
ExampleColocalization,2,24,1777974651.1201696,3180354,worker_0,W023,RelateObjects,pattern_group,running,100.0,1,1
ExampleColocalization,2,24,1777974651.1202726,3180354,worker_0,W023,RelateObjects,step_completed,success,41.17647058823529,7,17
ExampleColocalization,2,24,1777974651.1202943,3180354,worker_0,W023,ExpandOrShrinkObjects,step_started,started,41.17647058823529,7,17
ExampleColocalization,2,24,1777974651.1411574,3180354,worker_0,W023,ExpandOrShrinkObjects,pattern_group,running,100.0,1,1
ExampleColocalization,2,24,1777974651.1412308,3180354,worker_0,W023,ExpandOrShrinkObjects,step_completed,success,47.05882352941176,8,17
ExampleColocalization,2,24,1777974651.141252,3180354,worker_0,W023,ExpandOrShrinkObjects,step_started,started,47.05882352941176,8,17
ExampleColocalization,2,24,1777974651.1614754,3180354,worker_0,W023,ExpandOrShrinkObjects,pattern_group,running,100.0,1,1
ExampleColocalization,2,24,1777974651.1615489,3180354,worker_0,W023,ExpandOrShrinkObjects,step_completed,success,52.94117647058824,9,17
ExampleColocalization,2,24,1777974651.1615665,3180354,worker_0,W023,ExpandOrShrinkObjects,step_started,started,52.94117647058824,9,17
ExampleColocalization,2,24,1777974651.1931462,3180354,worker_0,W023,ExpandOrShrinkObjects,pattern_group,running,100.0,1,1
ExampleColocalization,2,24,1777974651.1932585,3180354,worker_0,W023,ExpandOrShrinkObjects,step_completed,success,58.82352941176471,10,17
ExampleColocalization,2,24,1777974651.1932855,3180354,worker_0,W023,ExpandOrShrinkObjects,step_started,started,58.82352941176471,10,17
ExampleColocalization,2,24,1777974651.2225833,3180354,worker_0,W023,ExpandOrShrinkObjects,pattern_group,running,100.0,1,1
ExampleColocalization,2,24,1777974651.2226436,3180354,worker_0,W023,ExpandOrShrinkObjects,step_completed,success,64.70588235294117,11,17
ExampleColocalization,2,24,1777974651.2226615,3180354,worker_0,W023,RelateObjects,step_started,started,64.70588235294117,11,17
ExampleColocalization,2,24,1777974651.2771175,3180354,worker_0,W023,RelateObjects,pattern_group,running,100.0,1,1
ExampleColocalization,2,24,1777974651.2772288,3180354,worker_0,W023,RelateObjects,step_completed,success,70.58823529411765,12,17
ExampleColocalization,2,24,1777974651.27725,3180354,worker_0,W023,ClassifyObjects,step_started,started,70.58823529411765,12,17
ExampleColocalization,2,24,1777974651.3382838,3180354,worker_0,W023,ClassifyObjects,pattern_group,running,100.0,1,1
ExampleColocalization,2,24,1777974651.3383949,3180354,worker_0,W023,ClassifyObjects,step_completed,success,76.47058823529412,13,17
ExampleColocalization,2,24,1777974651.3384178,3180354,worker_0,W023,FilterObjects,step_started,started,76.47058823529412,13,17
ExampleColocalization,2,24,1777974651.386408,3180355,worker_1,W024,IdentifyPrimaryObjects,pattern_group,running,100.0,1,1
ExampleColocalization,2,24,1777974651.3864818,3180355,worker_1,W024,IdentifyPrimaryObjects,step_completed,success,35.294117647058826,6,17
ExampleColocalization,2,24,1777974651.386506,3180355,worker_1,W024,RelateObjects,step_started,started,35.294117647058826,6,17
ExampleColocalization,2,24,1777974651.4129782,3180354,worker_0,W023,FilterObjects,pattern_group,running,100.0,1,1
ExampleColocalization,2,24,1777974651.4130368,3180354,worker_0,W023,FilterObjects,step_completed,success,82.35294117647058,14,17
ExampleColocalization,2,24,1777974651.4130538,3180354,worker_0,W023,MaskObjects,step_started,started,82.35294117647058,14,17
ExampleColocalization,2,24,1777974651.4461117,3180355,worker_1,W024,RelateObjects,pattern_group,running,100.0,1,1
ExampleColocalization,2,24,1777974651.446215,3180355,worker_1,W024,RelateObjects,step_completed,success,41.17647058823529,7,17
ExampleColocalization,2,24,1777974651.4462361,3180355,worker_1,W024,ExpandOrShrinkObjects,step_started,started,41.17647058823529,7,17
ExampleColocalization,2,24,1777974651.4509604,3180354,worker_0,W023,MaskObjects,pattern_group,running,100.0,1,1
ExampleColocalization,2,24,1777974651.451024,3180354,worker_0,W023,MaskObjects,step_completed,success,88.23529411764706,15,17
ExampleColocalization,2,24,1777974651.451042,3180354,worker_0,W023,MeasureImageAreaOccupied,step_started,started,88.23529411764706,15,17
ExampleColocalization,2,24,1777974651.4621298,3180355,worker_1,W024,ExpandOrShrinkObjects,pattern_group,running,100.0,1,1
ExampleColocalization,2,24,1777974651.4622447,3180355,worker_1,W024,ExpandOrShrinkObjects,step_completed,success,47.05882352941176,8,17
ExampleColocalization,2,24,1777974651.4622664,3180355,worker_1,W024,ExpandOrShrinkObjects,step_started,started,47.05882352941176,8,17
ExampleColocalization,2,24,1777974651.4784045,3180354,worker_0,W023,MeasureImageAreaOccupied,pattern_group,running,100.0,1,1
ExampleColocalization,2,24,1777974651.4785237,3180354,worker_0,W023,MeasureImageAreaOccupied,step_completed,success,94.11764705882352,16,17
ExampleColocalization,2,24,1777974651.4785442,3180354,worker_0,W023,CalculateMath,step_started,started,94.11764705882352,16,17
ExampleColocalization,2,24,1777974651.480427,3180355,worker_1,W024,ExpandOrShrinkObjects,pattern_group,running,100.0,1,1
ExampleColocalization,2,24,1777974651.4805572,3180355,worker_1,W024,ExpandOrShrinkObjects,step_completed,success,52.94117647058824,9,17
ExampleColocalization,2,24,1777974651.4805796,3180355,worker_1,W024,ExpandOrShrinkObjects,step_started,started,52.94117647058824,9,17
ExampleColocalization,2,24,1777974651.510148,3180355,worker_1,W024,ExpandOrShrinkObjects,pattern_group,running,100.0,1,1
ExampleColocalization,2,24,1777974651.5102184,3180355,worker_1,W024,ExpandOrShrinkObjects,step_completed,success,58.82352941176471,10,17
ExampleColocalization,2,24,1777974651.5102377,3180355,worker_1,W024,ExpandOrShrinkObjects,step_started,started,58.82352941176471,10,17
ExampleColocalization,2,24,1777974651.536564,3180354,worker_0,W023,CalculateMath,pattern_group,running,50.0,1,2
ExampleColocalization,2,24,1777974651.5367537,3180355,worker_1,W024,ExpandOrShrinkObjects,pattern_group,running,100.0,1,1
ExampleColocalization,2,24,1777974651.536821,3180355,worker_1,W024,ExpandOrShrinkObjects,step_completed,success,64.70588235294117,11,17
ExampleColocalization,2,24,1777974651.536839,3180355,worker_1,W024,RelateObjects,step_started,started,64.70588235294117,11,17
ExampleColocalization,2,24,1777974651.5910132,3180355,worker_1,W024,RelateObjects,pattern_group,running,100.0,1,1
ExampleColocalization,2,24,1777974651.591082,3180355,worker_1,W024,RelateObjects,step_completed,success,70.58823529411765,12,17
ExampleColocalization,2,24,1777974651.5911067,3180355,worker_1,W024,ClassifyObjects,step_started,started,70.58823529411765,12,17
ExampleColocalization,2,24,1777974651.5929163,3180354,worker_0,W023,CalculateMath,pattern_group,running,100.0,2,2
ExampleColocalization,2,24,1777974651.5929813,3180354,worker_0,W023,CalculateMath,step_completed,success,100.0,17,17
ExampleColocalization,2,24,1777974651.5931304,3180354,worker_0,W023,pipeline,axis_completed,success,100.0,17,17
ExampleColocalization,2,24,1777974651.6461957,3180355,worker_1,W024,ClassifyObjects,pattern_group,running,100.0,1,1
ExampleColocalization,2,24,1777974651.6462636,3180355,worker_1,W024,ClassifyObjects,step_completed,success,76.47058823529412,13,17
ExampleColocalization,2,24,1777974651.6462836,3180355,worker_1,W024,FilterObjects,step_started,started,76.47058823529412,13,17
ExampleColocalization,2,24,1777974651.7215345,3180355,worker_1,W024,FilterObjects,pattern_group,running,100.0,1,1
ExampleColocalization,2,24,1777974651.7216098,3180355,worker_1,W024,FilterObjects,step_completed,success,82.35294117647058,14,17
ExampleColocalization,2,24,1777974651.7216294,3180355,worker_1,W024,MaskObjects,step_started,started,82.35294117647058,14,17
ExampleColocalization,2,24,1777974651.7567215,3180355,worker_1,W024,MaskObjects,pattern_group,running,100.0,1,1
ExampleColocalization,2,24,1777974651.7567801,3180355,worker_1,W024,MaskObjects,step_completed,success,88.23529411764706,15,17
ExampleColocalization,2,24,1777974651.7567978,3180355,worker_1,W024,MeasureImageAreaOccupied,step_started,started,88.23529411764706,15,17
ExampleColocalization,2,24,1777974651.7810888,3180355,worker_1,W024,MeasureImageAreaOccupied,pattern_group,running,100.0,1,1
ExampleColocalization,2,24,1777974651.7811592,3180355,worker_1,W024,MeasureImageAreaOccupied,step_completed,success,94.11764705882352,16,17
ExampleColocalization,2,24,1777974651.7811825,3180355,worker_1,W024,CalculateMath,step_started,started,94.11764705882352,16,17
ExampleColocalization,2,24,1777974651.8368437,3180355,worker_1,W024,CalculateMath,pattern_group,running,50.0,1,2
ExampleColocalization,2,24,1777974651.893285,3180355,worker_1,W024,CalculateMath,pattern_group,running,100.0,2,2
ExampleColocalization,2,24,1777974651.893347,3180355,worker_1,W024,CalculateMath,step_completed,success,100.0,17,17
ExampleColocalization,2,24,1777974651.8935034,3180355,worker_1,W024,pipeline,axis_completed,success,100.0,17,17
